id_mutation,distance_transport_m,est_metro_proche,mode_arret_proche
1,39.5,0,scolaire
2,232.8,0,bus
3,79.2,0,bus
4,140.4,0,bus
5,369.8,0,lineo scolaire
6,15.0,0,lineo
7,104.8,1,metro
8,254.6,0,bus
9,199.7,0,bus
10,31.3,0,bus
11,116.8,0,bus
12,126.6,0,bus
13,111.0,0,lineo
14,115.8,0,bus lineo
15,117.1,0,scolaire
16,106.0,0,bus scolaire
17,304.1,0,lineo
18,304.1,0,lineo
19,98.3,0,bus
20,282.4,0,bus
21,181.8,0,bus
22,6.5,0,bus
23,168.6,0,lineo scolaire
24,87.7,0,bus
25,291.9,1,metro
26,17.5,0,lineo
27,192.3,0,lineo
28,122.5,0,bus
29,104.7,0,bus
30,284.9,0,lineo scolaire
31,455.2,0,lineo
32,93.7,0,bus lineo
33,34.9,0,bus
34,14.6,0,lineo
35,266.2,0,bus
36,168.7,0,bus
37,461.0,0,lineo
38,336.3,0,bus
39,334.6,0,bus
40,368.9,0,bus
41,80.1,0,bus
42,65.6,0,bus lineo
43,227.3,0,bus
44,83.0,0,bus lineo scolaire
45,181.4,0,bus lineo scolaire
46,147.9,0,bus
47,116.1,0,telepherique
48,191.6,0,lineo
49,222.9,0,bus
50,109.5,0,bus
51,254.6,0,lineo
52,181.5,0,bus
53,73.6,0,bus
54,5.8,0,bus
55,33.2,0,bus
56,250.6,0,lineo
57,269.6,0,lineo scolaire
58,39.0,0,bus
59,174.5,0,bus lineo
60,97.6,0,bus
61,250.4,0,bus
62,62.7,0,lineo
63,282.5,0,bus
64,307.4,0,lineo
65,142.6,0,bus lineo
66,137.6,0,bus
67,89.2,0,bus
68,90.0,0,bus
69,238.3,0,bus lineo
70,129.0,0,bus
71,137.5,0,bus
72,191.5,0,bus
73,33.5,0,bus
74,144.3,0,bus
75,247.6,0,bus
76,198.5,0,bus
77,15.2,0,bus
78,151.2,0,bus
79,142.5,0,bus
80,139.3,0,bus
81,117.0,0,bus lineo
82,225.8,0,bus lineo
83,81.0,0,bus
84,92.4,0,lineo
85,60.3,0,lineo scolaire
86,269.2,1,metro
87,87.3,0,bus
88,77.0,0,bus lineo
89,66.9,0,bus
90,121.0,0,bus
91,159.5,0,bus
92,252.0,0,bus
93,41.8,0,bus
94,315.8,0,bus
95,185.2,0,bus
96,299.8,0,bus
97,78.4,0,bus
98,14.5,0,bus scolaire
99,146.1,0,bus
100,125.5,0,bus
101,100.5,0,bus lineo scolaire
102,180.0,0,bus
103,39.5,0,bus
104,60.5,0,bus
105,177.7,0,bus
106,68.2,1,metro
107,101.1,0,bus
108,8.3,0,bus
109,34.5,0,tram
110,87.7,0,lineo
111,87.7,0,lineo
112,174.0,0,tram
113,28.6,0,bus
114,133.1,0,bus lineo
115,131.4,0,bus lineo
116,113.5,0,bus
117,203.3,0,bus
118,269.0,0,lineo scolaire
119,247.2,0,bus lineo
120,76.8,0,bus
121,183.1,1,metro
122,120.0,0,bus
123,252.1,0,bus lineo
124,205.2,0,bus
125,80.1,0,bus
126,134.8,0,bus
127,147.6,0,bus lineo
128,45.0,0,bus
129,195.7,0,bus
130,203.1,0,bus
131,34.5,0,tram
132,99.3,0,bus
133,145.2,0,bus
134,100.8,0,bus lineo scolaire
135,221.2,0,tram
136,38.5,0,lineo scolaire
137,156.3,0,lineo scolaire
138,106.6,0,bus
139,53.8,0,bus
140,261.8,0,bus
141,53.6,0,bus
142,46.5,0,bus
143,84.7,0,bus
144,41.0,1,metro
145,93.2,0,bus
146,43.3,0,bus
147,46.5,0,bus
148,193.6,0,bus
149,60.5,0,bus
150,176.0,0,bus
151,65.4,0,bus
152,30.9,0,bus
153,139.2,0,lineo
154,93.0,0,bus
155,225.6,0,bus lineo
156,69.2,0,bus
157,97.2,0,bus
158,158.5,0,bus
159,125.1,0,bus
160,97.2,0,bus
161,153.9,0,bus
162,131.7,0,bus
163,310.2,0,bus
164,245.9,0,bus
165,310.8,1,metro
166,190.7,0,bus lineo
167,226.1,0,bus
168,16.8,0,bus
169,276.8,0,bus
170,250.1,0,bus
171,55.6,0,bus lineo
172,22.6,0,bus
173,227.7,0,bus lineo scolaire
174,55.8,0,bus
175,116.9,0,bus
176,133.9,0,bus lineo
177,220.9,0,bus
178,91.6,0,tram
179,72.7,0,bus
180,264.5,0,bus
181,32.2,0,bus
182,267.3,0,lineo scolaire
183,32.0,0,bus
184,191.2,0,bus lineo
185,71.0,0,lineo scolaire
186,95.7,0,bus
187,115.5,0,lineo
188,99.5,0,bus
189,134.8,0,bus lineo
190,233.7,0,bus
191,26.0,0,bus
192,163.0,0,bus lineo
193,184.0,1,metro
194,289.5,0,lineo scolaire
195,22.3,0,bus
196,159.5,0,bus
197,334.8,0,bus
198,269.5,0,bus lineo scolaire
199,66.6,0,bus
200,138.8,0,bus scolaire
201,43.7,0,bus
202,49.0,0,bus
203,52.5,0,bus
204,118.1,0,bus
205,118.1,0,bus
206,320.9,0,lineo
207,353.3,0,bus
208,156.9,0,bus
209,202.3,0,bus
210,216.3,1,metro
211,91.1,0,lineo scolaire
212,84.6,0,bus
213,192.5,0,lineo scolaire
214,254.6,0,bus
215,254.6,0,bus
216,310.8,0,scolaire
217,240.7,0,lineo
218,325.4,0,bus
219,156.0,0,bus
220,156.0,0,bus
221,102.1,0,bus lineo
222,16.3,0,bus scolaire
223,151.2,0,bus
224,157.5,0,lineo scolaire
225,157.5,0,lineo scolaire
226,191.9,0,bus
227,80.1,0,bus
228,174.9,0,bus
229,149.6,0,bus
230,109.7,0,bus
231,56.0,0,lineo
232,114.8,0,lineo
233,288.3,0,bus
234,110.1,0,lineo
235,158.8,0,lineo scolaire
236,86.9,0,bus
237,240.5,0,bus
238,65.5,0,lineo scolaire
239,65.5,0,lineo scolaire
240,65.5,0,lineo scolaire
241,65.5,0,lineo scolaire
242,65.5,0,lineo scolaire
243,84.0,0,bus lineo
244,85.6,0,bus lineo
245,97.4,0,bus
246,144.8,0,bus
247,61.8,1,metro
248,91.5,0,bus
249,27.4,0,bus
250,243.3,0,bus
251,347.5,0,bus
252,204.3,0,bus lineo
253,52.4,0,bus
254,239.8,0,lineo scolaire
255,123.9,0,bus
256,43.5,0,bus
257,129.0,0,tram
258,96.7,0,bus
259,56.5,0,bus
260,97.3,0,bus
261,170.8,0,bus scolaire
262,86.8,0,bus
263,127.2,0,lineo scolaire
264,296.1,0,bus
265,25.3,0,bus
266,75.7,0,lineo
267,220.7,0,bus
268,46.5,0,bus
269,111.2,0,bus
270,107.1,0,bus
271,166.4,1,metro
272,79.2,0,bus
273,129.0,0,tram
274,109.2,0,bus
275,148.0,0,bus
276,98.5,0,bus lineo
277,103.5,0,bus
278,120.9,0,bus
279,96.8,0,bus
280,64.9,0,bus lineo
281,231.8,1,metro
282,123.8,0,bus
283,156.5,1,metro
284,77.3,0,bus
285,248.9,0,bus lineo
286,122.0,1,metro
287,263.5,0,lineo
288,117.0,1,metro
289,217.8,1,metro
290,69.3,0,scolaire
291,132.3,0,bus
292,178.8,0,bus
293,91.8,1,metro
294,233.6,0,bus
295,89.1,0,bus scolaire
296,46.8,0,bus
297,137.5,0,bus
298,197.3,0,bus
299,76.8,0,bus
300,179.7,0,bus lineo
301,54.4,0,bus
302,32.0,0,bus
303,49.6,0,lineo
304,61.4,0,bus scolaire
305,91.6,0,bus lineo
306,7.1,0,bus
307,108.7,0,bus lineo
308,129.3,0,bus
309,122.9,0,lineo
310,98.3,0,bus
311,23.1,0,lineo
312,99.5,0,lineo
313,84.5,0,bus
314,84.5,0,bus
315,136.7,0,bus lineo
316,316.5,0,bus
317,240.9,0,bus
318,15.0,0,bus
319,94.3,0,bus
320,148.6,0,bus lineo
321,118.7,0,bus
322,116.9,0,bus
323,77.9,0,bus
324,154.0,0,bus lineo
325,182.2,1,metro
326,179.7,1,metro
327,218.1,0,bus lineo
328,159.9,0,bus
329,168.9,0,bus lineo
330,53.6,0,bus
331,251.4,0,bus lineo
332,42.7,0,bus
333,189.8,0,bus lineo
334,117.8,0,bus scolaire
335,145.3,0,bus
336,122.7,0,lineo
337,256.1,0,bus lineo
338,33.3,1,metro
339,36.7,0,bus
340,116.4,0,bus
341,285.7,0,bus scolaire
342,278.7,0,bus
343,89.3,0,bus
344,207.9,0,bus
345,138.3,0,bus
346,192.4,0,bus lineo
347,103.6,0,bus
348,125.2,0,bus lineo scolaire
349,188.5,0,bus
350,127.7,0,bus scolaire
351,111.9,0,bus
352,185.0,0,bus
353,181.3,0,bus
354,167.1,0,bus
355,42.9,0,bus
356,147.5,0,bus
357,11.9,0,bus
358,400.8,0,bus
359,119.7,0,bus
360,296.8,0,bus
361,151.4,0,bus
362,151.4,0,bus
363,101.0,0,bus
364,302.3,0,lineo
365,76.2,0,bus
366,172.3,0,bus lineo scolaire
367,156.5,0,bus lineo
368,92.7,0,bus
369,143.6,0,bus
370,142.8,0,bus
371,294.2,0,bus lineo
372,82.3,0,lineo
373,239.6,1,metro
374,344.2,0,lineo
375,116.3,0,bus
376,84.7,0,bus
377,193.3,0,bus lineo
378,289.5,0,lineo scolaire
379,83.9,0,bus
380,56.3,0,bus
381,200.3,0,lineo scolaire
382,89.8,0,lineo
383,98.8,0,bus lineo
384,110.0,0,bus lineo
385,125.7,0,bus
386,61.2,1,metro
387,275.5,0,bus lineo
388,236.4,0,scolaire
389,161.3,0,bus
390,35.7,0,bus lineo
391,187.4,0,lineo scolaire
392,170.4,0,bus
393,139.0,0,bus lineo
394,33.1,0,bus
395,29.2,0,bus
396,96.8,0,bus lineo
397,187.5,0,bus lineo
398,217.8,0,bus
399,188.2,0,bus lineo
400,226.5,0,bus
401,174.5,0,bus
402,212.8,0,bus
403,90.7,0,bus
404,68.7,1,metro
405,232.0,0,bus scolaire
406,86.9,0,bus lineo
407,53.0,0,bus
408,53.0,0,bus
409,126.4,0,tram
410,106.1,0,bus
411,281.3,0,bus
412,121.4,0,bus lineo scolaire
413,412.2,0,lineo
414,196.8,0,bus
415,89.3,0,bus lineo
416,61.2,0,bus
417,67.7,0,bus
418,136.7,0,bus
419,136.7,0,bus
420,136.7,0,bus
421,122.3,0,bus
422,178.8,1,metro
423,203.5,0,bus
424,133.8,0,bus
425,22.2,0,bus
426,54.9,0,bus
427,281.6,0,bus
428,62.3,0,bus
429,172.3,0,bus
430,221.1,0,bus scolaire
431,146.5,0,lineo scolaire
432,235.8,0,bus
433,123.9,0,bus lineo
434,88.0,0,bus
435,166.4,0,lineo scolaire
436,353.8,0,bus
437,353.8,0,bus
438,353.8,0,bus
439,353.8,0,bus
440,68.1,0,bus
441,115.9,0,lineo
442,133.1,0,lineo
443,55.7,0,bus
444,231.8,1,metro
445,70.8,0,bus
446,99.1,0,bus lineo
447,29.5,0,bus
448,76.9,0,bus
449,27.6,0,bus lineo
450,45.9,0,bus lineo
451,249.4,0,lineo
452,214.6,0,bus
453,32.3,0,bus lineo
454,125.0,0,bus
455,177.6,0,bus
456,114.2,0,bus
457,432.5,0,lineo
458,300.2,0,lineo
459,110.4,0,lineo
460,142.8,0,bus
461,265.4,0,bus lineo
462,355.0,0,bus scolaire
463,46.8,0,bus
464,166.8,0,bus
465,365.8,0,bus lineo
466,600.6,0,lineo scolaire
467,84.0,0,lineo
468,32.8,0,tram
469,121.5,1,metro
470,323.6,0,bus
471,389.6,0,bus
472,141.0,0,bus scolaire
473,151.1,0,bus lineo
474,143.6,0,bus
475,83.4,0,bus
476,6.3,0,bus
477,179.9,0,bus lineo
478,218.8,0,bus
479,146.5,0,lineo scolaire
480,212.8,0,bus
481,73.5,0,bus
482,78.7,0,bus
483,233.1,0,lineo scolaire
484,86.2,0,bus
485,130.0,0,lineo
486,155.0,0,bus
487,256.5,0,bus lineo scolaire
488,100.4,0,bus
489,338.7,0,bus
490,50.1,0,bus
491,136.1,0,bus
492,76.4,0,bus
493,64.9,0,bus lineo
494,130.7,0,bus
495,18.5,0,bus
496,75.7,0,bus lineo
497,163.9,0,bus
498,213.7,0,bus lineo
499,70.8,0,bus
500,178.0,0,bus lineo
501,165.8,0,bus
502,115.8,0,bus
503,139.1,1,metro
504,139.1,1,metro
505,94.0,0,bus
506,80.0,0,bus
507,21.1,0,bus
508,321.3,0,scolaire
509,185.8,0,bus
510,25.6,0,bus
511,75.0,0,bus
512,127.7,0,bus
513,241.5,0,bus lineo
514,311.6,0,bus
515,134.0,0,bus
516,23.9,0,bus
517,111.2,0,lineo
518,100.9,0,bus
519,114.8,0,bus
520,46.8,0,bus
521,436.9,0,bus lineo
522,137.4,0,bus
523,123.2,0,tram
524,377.2,0,lineo
525,244.5,0,bus lineo scolaire
526,133.9,0,bus lineo
527,75.0,0,bus
528,59.5,0,bus
529,90.4,0,bus
530,320.9,0,lineo
531,197.6,0,bus lineo
532,55.0,0,bus
533,89.5,0,bus
534,104.4,0,bus
535,344.1,0,bus
536,73.7,0,bus
537,111.8,0,bus
538,89.2,0,lineo
539,89.2,0,lineo
540,89.2,0,lineo
541,89.2,0,lineo
542,144.4,0,bus
543,69.2,0,bus
544,98.6,0,lineo
545,53.8,0,bus
546,45.7,0,bus
547,172.8,0,bus
548,183.7,0,lineo
549,158.5,0,lineo
550,93.3,0,bus
551,160.1,0,lineo scolaire
552,155.8,0,bus scolaire
553,157.1,0,bus
554,334.6,0,bus
555,90.8,0,lineo
556,65.5,0,bus
557,250.4,0,bus
558,275.2,0,bus
559,29.2,0,bus
560,41.2,0,bus lineo
561,85.3,0,bus
562,139.6,0,bus
563,88.9,0,bus
564,137.6,0,bus lineo
565,43.7,0,bus lineo
566,43.7,0,bus lineo
567,136.2,0,bus
568,173.8,0,bus
569,258.4,0,lineo
570,3.8,0,bus
571,83.5,0,bus lineo
572,135.3,0,bus
573,98.0,0,bus
574,291.1,0,bus lineo
575,87.1,0,lineo
576,115.8,0,lineo
577,61.8,0,lineo
578,111.2,0,bus
579,456.0,0,lineo scolaire
580,133.1,0,lineo
581,29.1,0,bus lineo
582,142.1,0,bus scolaire
583,153.5,0,bus
584,94.5,0,tram
585,348.6,0,bus
586,348.6,0,bus
587,138.4,0,bus
588,28.0,0,bus
589,75.8,0,lineo
590,152.7,0,bus
591,162.7,0,bus
592,182.9,0,bus
593,119.3,1,metro
594,18.5,0,bus
595,141.8,0,bus
596,246.5,0,bus lineo scolaire
597,14.6,0,lineo
598,279.8,0,bus
599,96.9,0,bus
600,63.5,0,bus
601,112.7,0,bus
602,222.8,0,bus
603,126.5,0,bus
604,75.7,0,lineo
605,154.4,0,bus
606,104.0,0,bus
607,171.1,0,bus
608,52.2,0,bus lineo
609,92.9,0,bus
610,149.7,1,metro
611,187.2,0,bus lineo
612,89.5,0,lineo
613,230.2,0,bus
614,201.5,0,tram
615,276.6,0,bus
616,78.4,0,bus
617,226.1,0,bus
618,85.1,0,bus
619,144.0,0,bus
620,65.8,0,bus
621,111.3,0,bus
622,161.7,0,bus
623,182.0,0,bus lineo
624,240.3,0,bus
625,106.1,0,bus
626,118.6,0,bus lineo scolaire
627,149.2,0,bus
628,240.4,0,bus lineo
629,88.3,0,bus
630,50.1,0,bus
631,18.9,0,bus
632,8.7,0,bus
633,33.1,0,bus
634,23.3,0,lineo scolaire
635,172.2,0,bus
636,269.6,0,bus
637,73.8,0,bus
638,68.3,0,bus lineo
639,97.2,0,bus
640,89.2,0,lineo
641,89.2,0,lineo
642,97.2,0,bus
643,69.4,0,bus
644,194.1,0,bus lineo scolaire
645,200.4,0,lineo
646,290.6,0,scolaire
647,245.9,0,bus
648,235.9,0,bus lineo
649,98.2,0,bus
650,80.1,0,bus
651,356.5,0,bus
652,80.6,0,bus
653,115.7,0,bus
654,115.7,0,bus
655,32.9,0,bus
656,386.2,0,bus lineo scolaire
657,116.3,0,bus
658,157.0,1,metro
659,10.1,0,bus
660,32.9,0,bus
661,32.9,0,bus
662,202.2,0,lineo
663,159.9,0,bus
664,95.9,0,bus lineo
665,191.2,0,bus lineo scolaire
666,33.7,0,bus
667,121.3,0,bus lineo
668,63.7,0,bus
669,83.7,0,lineo
670,64.9,0,bus lineo
671,111.1,0,lineo scolaire
672,26.1,0,lineo
673,159.8,0,bus
674,142.8,0,bus
675,172.2,0,bus
676,161.0,0,bus
677,112.3,0,lineo
678,131.2,0,bus scolaire
679,110.3,0,bus
680,83.0,0,bus lineo
681,78.4,0,bus
682,64.9,0,bus lineo
683,178.7,0,bus
684,69.8,0,bus
685,156.5,0,bus
686,84.0,0,lineo
687,217.6,1,metro
688,208.0,0,bus lineo
689,105.5,0,lineo
690,200.0,0,bus
691,446.7,0,lineo
692,14.3,0,lineo
693,250.4,0,bus
694,215.9,0,bus lineo scolaire
695,137.0,0,bus
696,273.9,0,bus lineo
697,69.4,0,bus
698,69.4,0,bus
699,69.4,0,bus
700,242.2,0,lineo
701,46.1,0,bus
702,64.9,0,bus lineo
703,245.6,0,bus
704,184.5,0,bus
705,387.2,1,metro
706,51.3,0,bus
707,51.3,0,bus
708,206.9,0,bus
709,194.5,0,bus lineo
710,20.9,0,bus
711,144.1,0,bus
712,366.9,0,bus
713,277.9,0,bus
714,151.6,0,bus
715,201.8,0,bus
716,273.9,0,bus
717,148.0,0,bus
718,164.5,0,bus lineo
719,131.9,0,bus
720,156.5,1,metro
721,88.8,0,bus
722,19.4,0,bus
723,197.9,0,tram
724,80.9,0,bus
725,137.0,0,bus lineo scolaire
726,254.6,0,bus
727,207.0,0,lineo
728,207.0,0,lineo
729,298.9,0,bus lineo
730,97.0,0,bus
731,80.9,0,bus
732,80.9,0,bus
733,128.4,0,bus
734,227.7,0,bus
735,19.6,0,bus
736,134.6,0,bus lineo
737,111.2,0,lineo
738,91.8,0,bus
739,41.7,0,bus lineo
740,183.1,1,metro
741,188.5,0,bus
742,341.2,0,lineo scolaire
743,179.7,0,bus
744,68.1,0,bus
745,261.1,0,bus
746,147.2,0,bus
747,22.6,0,bus
748,44.3,0,bus
749,49.7,0,bus
750,49.7,0,bus
751,49.7,0,bus
752,105.6,0,lineo
753,188.0,0,telepherique
754,219.4,0,bus
755,105.2,0,lineo
756,50.6,0,bus
757,71.2,0,bus
758,127.9,0,bus
759,165.6,0,bus
760,81.4,0,bus
761,154.3,1,metro
762,190.2,0,bus
763,97.2,0,bus
764,284.9,0,lineo
765,153.4,0,bus
766,70.0,0,scolaire
767,89.2,0,lineo
768,116.4,0,bus
769,85.7,0,bus
770,89.2,0,lineo
771,102.3,0,bus
772,320.9,0,lineo
773,113.5,0,bus
774,126.4,0,bus
775,180.5,0,lineo
776,200.2,0,bus lineo
777,143.6,0,lineo
778,198.1,0,lineo
779,42.6,0,bus
780,4.8,0,bus
781,21.9,0,bus
782,116.3,0,bus
783,182.6,0,bus lineo
784,217.0,0,lineo scolaire
785,97.7,0,bus
786,94.4,0,bus
787,103.8,0,bus
788,297.1,1,metro
789,313.6,0,bus
790,66.7,0,bus
791,80.9,0,bus
792,58.7,0,lineo
793,263.9,0,bus
794,84.3,0,bus
795,209.7,0,bus
796,83.1,0,lineo scolaire
797,93.7,0,bus
798,15.0,0,bus
799,348.2,1,metro
800,56.6,0,bus
801,56.6,0,bus
802,158.9,0,bus scolaire
803,236.9,0,bus
804,4.5,0,bus
805,250.4,0,bus
806,165.6,0,bus
807,200.4,0,lineo
808,329.5,0,bus
809,147.4,1,metro
810,63.4,0,bus
811,40.5,0,lineo
812,40.5,0,lineo
813,45.0,0,bus
814,225.0,0,bus
815,205.3,0,bus
816,71.7,0,bus
817,36.0,0,bus
818,183.1,0,lineo
819,61.5,0,bus
820,257.0,0,bus lineo
821,15.1,0,bus
822,138.8,0,bus
823,152.8,0,bus
824,456.0,0,lineo scolaire
825,88.8,0,bus
826,86.7,0,bus
827,11.7,0,bus lineo scolaire
828,7.0,0,bus
829,299.1,0,bus
830,50.1,0,bus
831,75.7,0,bus
832,173.5,0,bus
833,105.6,0,bus lineo
834,202.2,0,lineo
835,166.4,0,tram
836,20.7,0,tram
837,33.3,1,metro
838,151.4,0,bus
839,172.4,0,bus
840,172.4,0,bus
841,172.4,0,bus
842,152.2,0,bus
843,545.5,0,bus
844,99.5,0,bus
845,12.3,0,tram
846,178.1,0,scolaire
847,286.0,0,lineo scolaire
848,97.6,0,bus
849,22.6,0,bus
850,175.5,0,bus
851,148.3,0,bus lineo
852,239.8,0,bus
853,195.4,0,bus lineo
854,29.5,0,bus
855,165.7,0,bus lineo
856,192.4,0,bus lineo
857,19.4,0,bus
858,165.9,0,bus
859,286.0,0,lineo scolaire
860,120.4,0,bus
861,283.6,0,lineo
862,283.6,0,lineo
863,76.1,0,bus
864,27.7,0,bus lineo scolaire
865,78.2,0,bus
866,46.3,0,bus
867,69.6,0,lineo scolaire
868,368.3,0,lineo
869,148.9,0,bus
870,189.0,0,bus
871,343.2,1,metro
872,343.2,1,metro
873,95.1,0,bus
874,167.4,0,lineo
875,217.4,0,lineo
876,171.0,0,bus lineo
877,171.0,0,bus lineo
878,93.5,0,bus
879,3.8,0,bus
880,115.9,0,lineo scolaire
881,59.2,0,lineo
882,77.6,0,bus lineo
883,59.5,0,bus
884,117.2,0,bus
885,69.6,0,bus
886,76.0,0,bus
887,90.1,0,bus
888,112.9,0,bus
889,174.1,0,bus lineo
890,121.4,1,metro
891,80.9,0,bus lineo
892,168.2,0,bus
893,214.7,1,metro
894,44.6,0,lineo scolaire
895,50.9,0,lineo
896,143.4,0,bus
897,74.9,0,tram
898,157.8,1,metro
899,319.0,0,lineo scolaire
900,107.5,0,bus
901,71.1,0,bus
902,288.1,0,bus
903,225.1,0,bus
904,172.3,0,bus lineo scolaire
905,7.4,0,bus
906,42.7,0,bus
907,67.4,0,bus
908,273.3,0,bus
909,185.5,0,lineo
910,195.9,0,bus
911,177.1,0,bus lineo
912,330.6,0,lineo
913,15.0,0,bus
914,115.0,0,bus
915,35.6,0,bus
916,190.4,0,bus
917,129.1,0,bus
918,142.3,0,bus lineo
919,8.6,0,lineo
920,36.7,0,bus
921,326.1,1,metro
922,257.0,0,bus lineo
923,87.7,0,lineo
924,100.0,0,bus
925,141.8,0,lineo scolaire
926,215.5,0,bus lineo
927,310.0,0,bus scolaire
928,129.3,0,bus lineo
929,129.3,0,bus lineo
930,81.3,0,lineo scolaire
931,81.3,0,lineo scolaire
932,81.3,0,lineo scolaire
933,69.5,0,bus
934,192.9,0,bus
935,136.5,0,bus
936,191.2,0,bus lineo
937,226.9,0,bus
938,226.9,0,bus
939,68.9,0,bus
940,68.9,0,bus
941,179.1,0,bus
942,320.9,0,lineo
943,175.5,0,bus
944,44.9,0,lineo
945,153.4,0,bus
946,114.8,0,lineo
947,71.4,0,bus
948,36.9,0,bus
949,183.7,0,lineo
950,176.2,0,bus
951,158.4,0,bus
952,110.8,0,lineo
953,50.6,0,bus
954,140.4,0,bus
955,359.3,0,bus
956,165.7,0,bus lineo
957,100.3,0,bus
958,165.4,0,bus
959,105.5,0,bus
960,193.7,0,bus lineo
961,81.8,0,bus
962,226.3,0,bus
963,59.0,0,bus
964,244.3,0,bus
965,127.2,0,lineo
966,175.5,0,bus lineo
967,224.3,0,bus
968,152.2,0,bus
969,74.9,0,tram
970,239.1,0,bus
971,172.6,0,bus
972,120.1,0,bus
973,140.7,0,bus scolaire
974,142.8,0,bus
975,11.8,0,bus
976,97.2,0,bus
977,97.2,0,bus
978,58.8,0,bus
979,421.6,0,bus
980,13.9,1,metro
981,152.2,0,bus lineo
982,146.4,0,bus
983,80.0,1,metro
984,84.7,1,metro
985,188.2,0,bus
986,289.5,0,lineo scolaire
987,79.1,0,lineo
988,110.9,0,bus
989,166.3,1,metro
990,237.3,0,lineo
991,109.2,0,bus
992,91.4,0,bus lineo scolaire
993,121.4,0,bus lineo scolaire
994,156.5,0,lineo
995,136.6,0,lineo
996,125.5,0,bus
997,184.0,1,metro
998,81.2,0,lineo
999,86.2,0,bus
1000,121.5,1,metro
1001,139.1,0,bus
1002,194.6,0,bus
1003,105.2,0,bus
1004,104.9,0,bus
1005,32.7,0,bus lineo
1006,168.6,0,lineo scolaire
1007,11.9,0,bus
1008,25.7,0,bus
1009,58.5,0,bus
1010,195.9,0,bus
1011,214.0,0,bus
1012,90.8,0,lineo
1013,267.1,0,bus
1014,207.2,0,bus
1015,125.6,1,metro
1016,51.9,0,lineo
1017,317.2,0,lineo scolaire
1018,292.1,0,bus
1019,178.8,1,metro
1020,81.4,0,bus
1021,13.9,0,bus
1022,296.1,0,lineo
1023,246.9,0,bus
1024,191.0,0,bus
1025,191.9,1,metro
1026,225.7,0,bus
1027,64.1,0,bus
1028,104.6,0,bus
1029,200.2,0,bus
1030,45.1,0,bus
1031,45.1,0,bus
1032,321.8,0,lineo
1033,157.2,0,bus
1034,72.6,0,bus
1035,390.9,0,lineo
1036,80.1,0,bus
1037,201.8,0,bus
1038,29.7,0,bus
1039,100.6,0,bus
1040,119.3,1,metro
1041,90.4,0,bus
1042,6.9,0,lineo
1043,139.6,0,scolaire
1044,212.8,0,bus
1045,214.0,0,bus
1046,128.4,0,bus
1047,27.7,0,bus lineo scolaire
1048,369.6,0,lineo scolaire
1049,121.1,0,lineo
1050,105.6,0,bus
1051,271.2,0,bus
1052,271.2,0,bus
1053,234.5,0,bus lineo scolaire
1054,144.7,0,bus
1055,441.1,0,lineo scolaire
1056,281.3,0,bus
1057,48.3,0,bus
1058,97.6,0,bus
1059,142.2,0,lineo
1060,420.6,0,bus
1061,221.7,0,bus scolaire
1062,159.6,0,bus
1063,38.3,0,lineo
1064,87.5,0,bus lineo scolaire
1065,77.4,0,bus
1066,176.6,0,bus
1067,109.6,0,bus
1068,59.6,1,metro
1069,249.0,0,bus scolaire
1070,278.0,0,bus scolaire
1071,97.7,0,bus
1072,88.8,0,bus
1073,51.0,0,bus
1074,126.1,0,bus
1075,164.5,0,bus lineo
1076,99.7,0,scolaire
1077,116.2,0,bus lineo
1078,89.1,0,bus scolaire
1079,76.2,0,tram
1080,248.9,0,bus lineo
1081,142.1,0,bus scolaire
1082,84.5,0,bus scolaire
1083,65.5,0,bus
1084,15.4,0,bus
1085,216.4,0,bus
1086,297.0,0,bus lineo
1087,28.6,0,bus
1088,106.6,0,bus
1089,53.7,0,bus
1090,184.7,0,lineo scolaire
1091,19.8,0,bus lineo
1092,201.8,0,bus
1093,301.2,0,bus
1094,112.0,0,bus
1095,111.8,0,lineo
1096,150.1,0,bus
1097,95.7,0,bus
1098,100.9,0,bus
1099,277.8,0,bus
1100,60.3,0,bus lineo
1101,337.9,1,metro
1102,67.8,0,lineo
1103,113.9,0,bus
1104,154.7,0,bus
1105,58.0,0,bus
1106,214.3,0,bus
1107,51.1,0,bus
1108,113.3,0,bus
1109,106.1,1,metro
1110,192.4,0,bus lineo
1111,56.3,0,lineo
1112,30.9,0,bus
1113,66.1,0,lineo scolaire
1114,66.1,0,lineo scolaire
1115,235.9,0,bus
1116,135.5,1,metro
1117,101.1,0,lineo
1118,248.9,0,bus lineo
1119,102.7,0,bus
1120,134.1,0,bus
1121,142.8,0,bus
1122,223.1,1,metro
1123,229.5,0,lineo scolaire
1124,223.3,0,bus lineo scolaire
1125,10.1,0,bus
1126,145.6,1,metro
1127,219.8,0,bus
1128,89.7,0,telepherique
1129,243.3,1,metro
1130,40.4,0,bus lineo
1131,85.0,0,bus
1132,24.5,0,bus
1133,115.1,0,bus
1134,123.2,0,lineo
1135,180.5,0,bus
1136,257.4,0,bus
1137,159.1,0,bus
1138,372.8,0,bus
1139,116.3,0,bus
1140,285.4,0,bus
1141,97.7,0,bus
1142,304.2,0,bus
1143,117.1,0,scolaire
1144,139.6,0,bus
1145,33.2,0,bus
1146,118.0,0,bus
1147,149.9,0,lineo
1148,149.9,0,lineo
1149,340.9,0,bus lineo scolaire
1150,87.0,0,bus
1151,183.7,0,bus
1152,269.5,0,bus scolaire
1153,240.0,0,bus
1154,116.0,0,bus lineo
1155,66.5,0,bus
1156,96.0,0,bus
1157,54.3,0,bus
1158,202.3,0,bus
1159,115.7,0,bus
1160,76.1,0,bus
1161,99.9,0,bus
1162,103.8,0,bus
1163,72.5,0,bus
1164,196.3,1,metro
1165,136.1,1,metro
1166,180.7,0,bus
1167,180.7,0,bus
1168,180.7,0,bus
1169,61.0,1,metro
1170,132.4,0,bus
1171,122.4,0,bus lineo
1172,129.3,0,bus lineo
1173,124.3,0,bus
1174,165.1,0,lineo scolaire
1175,96.3,0,bus
1176,42.0,0,bus
1177,63.5,1,metro
1178,176.0,0,bus lineo
1179,135.0,0,bus
1180,100.5,0,bus
1181,29.2,0,bus
1182,95.4,0,bus
1183,129.4,0,tram
1184,120.5,0,scolaire
1185,36.7,0,bus
1186,57.1,0,bus
1187,140.6,0,bus lineo scolaire
1188,34.0,0,bus
1189,274.7,0,bus
1190,109.6,0,lineo
1191,150.8,0,bus
1192,156.9,0,bus
1193,208.1,0,bus
1194,28.2,0,bus
1195,123.8,0,bus
1196,46.4,0,bus
1197,149.0,0,bus
1198,68.8,0,bus lineo
1199,121.9,0,bus
1200,201.3,0,scolaire
1201,620.1,0,bus lineo
1202,80.0,0,bus
1203,293.4,0,bus
1204,152.2,0,bus lineo
1205,39.4,0,bus
1206,46.8,0,bus
1207,222.6,0,bus scolaire
1208,151.3,0,lineo
1209,115.3,0,bus
1210,101.5,0,bus
1211,348.6,0,bus
1212,348.6,0,bus
1213,348.6,0,bus
1214,348.6,0,bus
1215,122.5,0,bus
1216,60.4,0,lineo
1217,231.2,0,bus
1218,334.6,0,lineo
1219,70.0,0,scolaire
1220,187.9,1,metro
1221,90.2,0,lineo
1222,117.8,0,bus scolaire
1223,366.5,0,bus
1224,82.3,0,lineo
1225,60.6,0,lineo
1226,60.6,0,lineo
1227,89.1,0,bus scolaire
1228,84.0,0,bus
1229,420.6,0,bus
1230,75.3,0,bus
1231,111.1,0,bus lineo
1232,44.1,0,bus
1233,122.9,0,lineo
1234,292.8,0,bus
1235,22.5,1,metro
1236,111.8,0,lineo
1237,97.0,0,lineo
1238,102.4,0,lineo scolaire
1239,233.7,0,bus
1240,67.8,0,lineo
1241,69.0,0,bus
1242,130.5,0,bus
1243,106.7,0,bus lineo
1244,110.4,0,bus
1245,124.2,0,bus lineo
1246,123.2,0,bus lineo
1247,294.6,0,bus
1248,113.5,0,bus
1249,183.7,0,bus
1250,147.9,0,bus
1251,70.5,0,bus
1252,307.4,0,lineo
1253,18.7,0,bus
1254,123.8,0,scolaire
1255,207.1,1,metro
1256,246.3,0,bus
1257,93.4,0,bus
1258,93.4,0,bus
1259,223.0,0,lineo
1260,63.9,0,bus
1261,63.4,0,bus
1262,58.7,0,lineo
1263,117.8,0,bus
1264,312.7,0,bus lineo
1265,382.7,0,bus
1266,156.5,0,bus
1267,217.2,0,bus
1268,20.7,0,tram
1269,36.7,0,bus
1270,111.8,0,bus
1271,111.8,0,bus
1272,84.4,0,bus
1273,123.9,0,bus lineo
1274,24.2,0,bus
1275,263.9,0,bus
1276,82.8,0,bus
1277,250.4,0,lineo
1278,145.9,0,bus lineo
1279,164.4,0,bus
1280,312.8,0,bus lineo
1281,140.4,0,lineo
1282,203.5,0,bus
1283,101.8,0,lineo
1284,230.8,0,bus
1285,161.7,0,bus
1286,378.8,0,bus
1287,29.7,0,bus
1288,9.6,0,bus
1289,157.6,0,bus lineo
1290,166.9,0,bus
1291,196.0,0,bus
1292,105.0,0,lineo scolaire
1293,106.6,0,bus
1294,194.5,0,bus lineo
1295,76.0,0,bus lineo
1296,172.6,0,bus scolaire
1297,58.4,0,bus
1298,88.3,0,bus
1299,162.6,0,bus
1300,162.6,0,bus
1301,162.6,0,bus
1302,162.6,0,bus
1303,162.6,0,bus
1304,162.6,0,bus
1305,162.6,0,bus
1306,181.4,0,lineo scolaire
1307,69.6,0,bus
1308,162.9,0,bus
1309,199.4,0,bus scolaire
1310,16.6,0,bus lineo
1311,113.4,0,bus
1312,129.4,1,metro
1313,106.2,0,bus
1314,260.4,0,lineo scolaire
1315,228.7,0,lineo
1316,428.6,0,bus
1317,136.1,0,bus lineo
1318,60.4,0,lineo
1319,267.8,0,bus lineo
1320,378.5,0,bus
1321,46.6,1,metro
1322,203.9,0,bus
1323,276.6,0,bus
1324,173.9,0,lineo
1325,162.4,0,bus
1326,60.4,0,lineo
1327,68.2,0,bus
1328,73.4,0,bus
1329,338.3,0,bus
1330,338.3,0,bus
1331,143.6,0,bus scolaire
1332,368.2,0,bus
1333,234.2,0,bus
1334,39.0,0,bus
1335,109.9,0,lineo scolaire
1336,129.2,0,bus
1337,295.7,0,bus
1338,135.0,0,bus
1339,316.3,0,lineo
1340,117.0,0,lineo
1341,81.3,0,bus lineo
1342,108.8,0,scolaire
1343,76.2,0,tram
1344,245.5,0,bus
1345,10.3,0,bus
1346,204.0,0,bus
1347,164.2,0,bus
1348,186.0,0,bus lineo
1349,116.3,0,bus
1350,126.9,0,bus
1351,53.3,0,lineo
1352,81.0,0,bus
1353,196.9,0,bus scolaire
1354,59.2,0,bus
1355,57.1,0,bus
1356,312.8,0,bus lineo
1357,149.2,0,bus
1358,312.8,0,bus lineo
1359,80.0,0,bus
1360,142.5,0,bus
1361,19.2,0,lineo
1362,270.1,0,bus
1363,133.8,0,bus lineo
1364,19.2,0,lineo
1365,114.6,0,bus
1366,254.1,0,bus
1367,19.2,0,lineo
1368,22.2,0,bus
1369,19.7,0,lineo
1370,73.7,0,bus
1371,38.6,0,bus
1372,60.4,0,lineo
1373,141.7,0,lineo
1374,60.4,0,lineo
1375,115.6,0,bus scolaire
1376,60.4,0,lineo
1377,124.5,0,scolaire
1378,187.4,0,bus
1379,38.8,0,bus
1380,80.9,0,bus
1381,125.9,0,bus
1382,32.4,0,bus
1383,163.7,1,metro
1384,175.2,0,bus lineo
1385,63.1,0,bus
1386,103.6,0,bus
1387,70.8,0,bus
1388,233.5,0,bus
1389,120.3,0,bus
1390,82.4,0,bus
1391,85.3,0,bus lineo scolaire
1392,87.9,0,scolaire
1393,150.0,0,bus
1394,193.8,0,lineo
1395,34.7,0,bus
1396,149.8,0,bus lineo
1397,70.0,0,scolaire
1398,175.1,0,tram
1399,180.9,0,bus scolaire
1400,64.6,0,bus
1401,56.7,0,bus
1402,345.2,0,lineo
1403,80.6,0,bus
1404,84.8,0,bus lineo
1405,160.8,0,bus
1406,197.2,0,bus
1407,81.5,0,bus
1408,43.5,0,bus
1409,223.3,0,bus
1410,48.7,0,bus lineo
1411,105.5,0,lineo
1412,136.6,0,bus
1413,368.3,0,bus
1414,97.1,0,lineo
1415,52.0,0,bus
1416,77.0,0,bus lineo
1417,105.2,0,lineo
1418,94.0,0,bus lineo
1419,214.2,0,bus
1420,60.4,0,lineo
1421,135.8,0,bus
1422,118.9,0,bus
1423,106.2,0,bus
1424,71.5,0,bus
1425,18.5,0,bus
1426,19.2,0,lineo
1427,180.5,0,lineo
1428,89.9,0,lineo
1429,161.8,0,bus
1430,216.1,0,bus
1431,260.4,0,lineo scolaire
1432,81.2,0,lineo
1433,146.8,0,bus
1434,103.8,0,bus
1435,137.1,0,bus
1436,180.8,0,bus
1437,115.1,1,metro
1438,28.6,0,bus
1439,96.2,0,bus scolaire
1440,158.0,0,bus scolaire
1441,420.6,0,bus
1442,112.3,0,bus
1443,131.7,0,bus
1444,291.1,0,bus lineo
1445,291.1,0,bus lineo
1446,131.4,0,lineo scolaire
1447,19.2,0,lineo
1448,188.5,1,metro
1449,252.1,0,bus lineo
1450,121.6,0,bus
1451,102.8,0,bus lineo
1452,226.1,0,bus
1453,317.2,0,bus
1454,36.6,0,bus
1455,60.4,0,lineo
1456,132.7,0,bus
1457,143.6,0,bus
1458,203.1,0,bus scolaire
1459,22.6,0,bus
1460,73.7,0,bus
1461,74.9,0,bus
1462,82.6,0,bus
1463,115.4,0,bus
1464,312.8,0,bus lineo
1465,100.3,0,scolaire
1466,182.3,1,metro
1467,165.3,0,bus lineo
1468,258.6,0,lineo
1469,390.4,0,bus
1470,178.0,0,bus lineo
1471,74.2,0,bus lineo
1472,39.4,0,bus
1473,144.9,0,bus scolaire
1474,124.2,0,bus lineo
1475,124.2,0,bus lineo
1476,124.2,0,bus lineo
1477,312.8,0,bus lineo
1478,312.8,0,bus lineo
1479,82.8,0,lineo
1480,312.8,0,bus lineo
1481,149.7,1,metro
1482,133.1,0,bus
1483,120.1,0,bus
1484,97.1,0,lineo scolaire
1485,187.1,0,bus
1486,176.5,0,bus
1487,218.3,1,metro
1488,48.3,0,bus
1489,148.5,0,bus
1490,50.7,0,bus
1491,30.7,0,bus
1492,323.6,0,bus
1493,212.7,1,metro
1494,155.9,0,bus
1495,88.8,0,bus
1496,127.4,0,bus lineo
1497,129.2,0,bus
1498,72.8,0,bus scolaire
1499,211.0,0,bus lineo
1500,342.0,0,bus
1501,194.3,0,bus
1502,198.5,0,bus lineo
1503,383.6,0,lineo
1504,222.1,0,bus
1505,232.0,0,bus scolaire
1506,118.4,0,bus
1507,52.2,1,metro
1508,156.0,0,bus
1509,137.4,0,bus
1510,75.7,0,lineo
1511,34.5,0,bus
1512,75.9,0,bus
1513,2.5,0,bus
1514,137.4,0,bus lineo
1515,148.6,0,bus
1516,256.5,0,bus
1517,6.8,0,bus scolaire
1518,185.7,0,bus lineo
1519,76.2,0,bus
1520,131.8,0,bus
1521,233.7,0,bus
1522,121.2,0,lineo
1523,115.8,0,bus
1524,164.2,0,bus
1525,164.2,0,bus
1526,228.5,0,lineo
1527,98.9,0,bus lineo
1528,12.9,0,bus
1529,190.2,0,bus
1530,115.8,0,lineo
1531,111.8,0,bus lineo
1532,109.2,0,bus
1533,113.4,0,bus lineo
1534,246.7,0,bus
1535,272.9,0,bus lineo
1536,109.1,0,bus
1537,19.2,0,lineo
1538,177.5,0,lineo scolaire
1539,104.7,0,bus
1540,55.7,0,bus
1541,212.7,1,metro
1542,53.0,0,bus
1543,67.6,0,bus
1544,130.3,0,bus
1545,130.3,0,bus
1546,79.2,0,bus
1547,178.8,0,bus
1548,156.5,0,bus lineo
1549,159.5,0,bus lineo
1550,169.5,0,lineo scolaire
1551,421.3,0,lineo
1552,306.5,0,bus
1553,232.6,0,bus lineo
1554,216.8,0,bus
1555,53.9,0,scolaire
1556,196.0,0,bus lineo
1557,96.5,0,bus
1558,254.1,0,bus lineo
1559,398.7,0,lineo scolaire
1560,104.5,0,bus
1561,131.1,1,metro
1562,139.3,0,bus
1563,155.1,0,bus lineo
1564,107.1,1,metro
1565,113.6,0,bus
1566,80.8,0,lineo
1567,39.1,0,bus
1568,119.2,0,lineo
1569,58.6,0,bus
1570,323.2,0,lineo
1571,58.4,1,metro
1572,156.3,0,bus
1573,93.0,0,bus
1574,202.2,0,lineo
1575,164.8,0,bus
1576,148.3,0,bus
1577,15.0,0,bus
1578,193.0,0,bus
1579,165.6,0,bus lineo
1580,150.9,0,bus
1581,149.7,1,metro
1582,162.6,0,bus lineo
1583,193.2,0,bus
1584,193.2,0,bus
1585,61.4,0,bus
1586,99.0,0,bus
1587,173.5,0,bus
1588,134.8,0,bus lineo
1589,13.9,0,bus scolaire
1590,45.9,0,bus lineo
1591,168.2,0,bus
1592,168.2,0,bus
1593,197.7,0,bus lineo
1594,135.1,0,bus
1595,194.6,0,bus
1596,194.6,0,bus
1597,32.2,0,lineo
1598,233.2,0,bus lineo
1599,108.0,0,bus
1600,101.6,0,bus
1601,121.7,0,bus
1602,131.5,0,bus
1603,275.2,0,bus
1604,10.2,0,bus
1605,276.0,0,bus scolaire
1606,71.6,0,bus
1607,210.3,0,bus
1608,72.3,0,bus
1609,101.0,0,bus
1610,104.7,0,bus
1611,68.1,0,bus
1612,12.8,0,bus lineo scolaire
1613,308.9,0,bus
1614,308.9,0,bus
1615,114.7,0,bus
1616,169.1,0,lineo scolaire
1617,247.8,0,bus lineo
1618,101.2,0,bus
1619,94.0,1,metro
1620,145.0,0,lineo
1621,243.9,0,lineo
1622,243.9,0,lineo
1623,229.0,1,metro
1624,246.5,0,bus lineo scolaire
1625,60.4,0,lineo
1626,24.4,0,lineo
1627,140.5,0,bus
1628,60.4,0,lineo
1629,182.1,0,bus
1630,192.9,0,lineo
1631,234.4,0,lineo scolaire
1632,234.4,0,lineo scolaire
1633,143.0,0,bus
1634,113.5,0,lineo
1635,135.5,0,bus
1636,283.2,0,bus lineo
1637,349.7,0,bus lineo
1638,146.5,0,lineo scolaire
1639,149.0,1,metro
1640,56.7,0,lineo
1641,158.6,1,metro
1642,242.7,0,bus lineo
1643,108.0,0,bus lineo
1644,81.5,0,bus
1645,120.5,0,scolaire
1646,682.2,0,bus scolaire
1647,126.2,0,bus
1648,28.6,0,bus
1649,184.4,1,metro
1650,149.9,0,bus
1651,121.4,0,bus lineo scolaire
1652,222.6,0,bus scolaire
1653,167.1,0,bus
1654,11.3,0,bus
1655,94.0,0,bus lineo
1656,216.4,0,bus
1657,160.4,0,bus
1658,122.7,0,bus
1659,250.0,0,bus
1660,100.0,0,bus
1661,182.1,0,bus lineo
1662,235.3,0,bus
1663,121.9,0,bus
1664,76.5,0,bus lineo
1665,106.0,0,bus lineo
1666,244.9,0,bus
1667,181.0,0,tram
1668,29.5,0,bus
1669,181.0,0,bus lineo
1670,451.1,0,lineo
1671,93.6,0,lineo
1672,78.3,0,bus
1673,550.3,0,lineo scolaire
1674,75.9,0,bus
1675,165.4,0,bus
1676,155.8,0,bus scolaire
1677,92.5,0,bus
1678,451.1,0,lineo
1679,164.1,0,bus
1680,36.7,0,bus
1681,146.2,1,metro
1682,274.4,0,bus
1683,376.0,0,lineo scolaire
1684,47.4,0,bus
1685,84.5,0,bus scolaire
1686,153.4,0,bus
1687,86.3,0,bus
1688,11.2,0,bus
1689,43.1,1,metro
1690,45.3,0,bus lineo
1691,118.2,0,bus
1692,55.7,1,metro
1693,152.6,0,lineo scolaire
1694,72.2,0,bus
1695,81.4,0,bus lineo
1696,97.2,0,bus
1697,97.2,0,bus
1698,97.2,0,bus
1699,175.6,0,bus lineo
1700,86.3,0,bus
1701,176.5,0,bus lineo
1702,171.6,1,metro
1703,116.0,0,tram
1704,66.7,0,bus
1705,105.1,0,bus
1706,66.7,0,bus
1707,323.6,0,bus
1708,203.3,0,bus
1709,26.9,0,bus
1710,223.4,0,bus lineo
1711,68.0,0,bus
1712,138.9,0,bus
1713,239.7,0,bus
1714,63.4,0,bus
1715,174.6,0,lineo
1716,13.1,0,bus
1717,13.1,0,bus
1718,40.5,0,lineo
1719,93.9,0,bus
1720,235.2,0,bus lineo
1721,3.1,0,bus
1722,8.0,0,bus
1723,73.7,0,bus
1724,73.7,0,bus
1725,73.7,0,bus
1726,73.7,0,bus
1727,118.3,0,bus lineo
1728,200.9,0,bus scolaire
1729,137.5,0,bus
1730,137.5,0,bus
1731,249.0,0,bus lineo
1732,86.3,0,bus
1733,86.7,0,lineo
1734,65.3,0,lineo
1735,185.1,0,bus
1736,185.1,0,bus
1737,92.6,0,lineo scolaire
1738,113.5,0,bus
1739,191.1,0,bus
1740,263.1,0,bus
1741,33.5,0,bus
1742,119.0,0,bus lineo
1743,172.1,0,lineo scolaire
1744,250.6,0,lineo
1745,118.3,0,bus
1746,211.2,0,bus
1747,322.7,0,bus
1748,201.7,0,bus
1749,119.4,0,bus
1750,202.8,0,bus lineo
1751,53.8,0,bus scolaire
1752,193.7,0,bus
1753,297.3,1,metro
1754,65.7,0,bus
1755,151.3,0,bus
1756,28.2,0,bus
1757,154.4,0,bus
1758,154.4,0,bus
1759,67.5,0,bus
1760,118.6,0,bus lineo
1761,236.6,0,scolaire
1762,290.3,0,bus lineo
1763,27.1,0,bus lineo
1764,27.1,0,bus lineo
1765,124.0,0,bus
1766,188.3,0,bus
1767,149.5,0,lineo
1768,74.4,0,bus
1769,193.3,0,bus
1770,323.2,0,lineo
1771,37.4,0,bus
1772,320.9,0,lineo
1773,18.2,0,bus
1774,18.3,0,bus
1775,102.0,0,lineo scolaire
1776,94.5,0,tram
1777,191.0,0,bus lineo
1778,199.0,0,bus lineo
1779,137.9,0,bus lineo
1780,160.7,0,bus
1781,77.7,0,bus
1782,41.3,0,lineo
1783,129.4,0,bus
1784,111.2,0,lineo
1785,251.4,0,bus
1786,255.0,0,bus lineo
1787,137.7,0,bus
1788,49.9,0,bus
1789,399.5,0,bus
1790,153.4,0,bus
1791,98.4,0,bus
1792,124.2,0,bus
1793,28.6,0,bus
1794,74.8,0,bus
1795,60.0,0,bus lineo scolaire
1796,81.2,0,lineo
1797,105.7,0,bus
1798,54.5,0,bus
1799,82.4,0,bus lineo
1800,33.2,0,bus
1801,89.8,0,bus
1802,30.5,0,bus
1803,35.4,0,lineo scolaire
1804,104.1,0,bus
1805,181.4,0,lineo scolaire
1806,49.0,1,metro
1807,47.9,0,bus
1808,27.7,0,bus lineo scolaire
1809,148.5,1,metro
1810,175.3,0,bus
1811,161.1,0,bus
1812,23.5,0,bus
1813,13.9,0,bus
1814,212.1,0,scolaire
1815,212.1,0,scolaire
1816,161.5,0,bus scolaire
1817,319.0,0,bus lineo
1818,144.8,0,bus
1819,200.1,0,lineo scolaire
1820,25.6,0,bus
1821,141.2,0,bus lineo
1822,68.1,0,bus lineo
1823,184.7,0,bus
1824,277.2,0,lineo scolaire
1825,158.6,0,bus lineo
1826,88.4,0,bus
1827,11.4,0,bus
1828,35.7,0,bus
1829,121.9,0,bus scolaire
1830,90.8,0,lineo
1831,214.2,0,bus
1832,44.0,0,bus
1833,8.4,0,lineo
1834,121.9,0,bus
1835,30.8,0,bus
1836,187.2,0,bus lineo
1837,94.6,0,bus
1838,105.6,0,lineo
1839,203.8,0,bus
1840,122.1,0,bus
1841,131.8,1,metro
1842,41.4,0,bus
1843,135.2,0,lineo
1844,14.8,0,bus
1845,81.0,0,bus
1846,129.2,0,bus
1847,201.8,0,bus
1848,236.5,0,lineo
1849,13.9,0,bus
1850,242.3,0,lineo
1851,174.4,0,bus
1852,117.4,1,metro
1853,326.4,0,bus
1854,208.9,0,bus
1855,79.9,0,bus
1856,242.7,1,metro
1857,54.6,0,bus
1858,195.4,0,bus lineo
1859,340.9,0,bus lineo scolaire
1860,67.6,0,bus
1861,52.6,0,bus lineo
1862,86.9,0,bus lineo
1863,180.9,0,bus scolaire
1864,151.2,0,bus
1865,79.8,0,bus
1866,201.3,0,bus lineo
1867,44.5,0,bus
1868,82.3,0,bus
1869,389.0,0,lineo
1870,141.9,0,bus
1871,6.5,0,bus
1872,123.3,0,bus
1873,25.6,0,bus
1874,231.8,0,lineo
1875,202.3,0,bus
1876,109.6,0,lineo
1877,89.1,0,bus scolaire
1878,116.0,0,lineo
1879,169.4,0,bus
1880,109.2,0,lineo
1881,130.5,0,bus
1882,93.7,0,bus
1883,104.6,0,bus
1884,254.3,0,lineo
1885,67.8,0,bus
1886,15.0,0,lineo
1887,113.1,0,bus
1888,41.0,0,lineo scolaire
1889,33.5,0,bus
1890,109.6,0,bus
1891,87.1,0,lineo
1892,183.8,0,bus
1893,214.2,0,bus
1894,148.6,0,bus lineo
1895,49.4,0,bus
1896,96.7,0,bus
1897,81.2,0,lineo
1898,224.8,1,metro
1899,91.4,0,lineo
1900,98.5,0,bus lineo
1901,103.7,0,bus
1902,166.8,0,bus lineo
1903,130.3,1,metro
1904,152.0,0,bus
1905,30.2,0,bus
1906,14.1,0,bus
1907,108.1,0,bus scolaire
1908,180.8,0,bus
1909,52.3,0,lineo
1910,69.1,0,bus lineo
1911,373.4,0,bus
1912,332.9,0,bus
1913,95.0,0,bus
1914,324.6,0,bus
1915,240.1,0,lineo scolaire
1916,95.5,0,bus
1917,254.3,0,bus
1918,244.0,0,bus
1919,92.9,0,bus
1920,102.5,0,bus
1921,124.8,0,bus
1922,243.9,0,lineo
1923,113.5,0,bus
1924,32.9,0,bus
1925,131.5,0,bus
1926,177.1,0,bus lineo
1927,81.5,0,bus
1928,142.9,0,lineo scolaire
1929,123.8,0,bus
1930,224.5,0,bus lineo
1931,200.1,0,lineo scolaire
1932,77.8,0,bus
1933,74.6,0,bus
1934,74.6,0,bus
1935,63.4,0,lineo scolaire
1936,82.6,0,bus
1937,76.3,0,bus
1938,203.7,0,bus
1939,180.8,0,bus
1940,87.2,0,bus lineo
1941,64.5,0,bus
1942,135.3,0,lineo
1943,90.8,0,lineo
1944,10.2,0,bus
1945,68.0,0,lineo
1946,53.5,0,lineo
1947,150.0,0,bus
1948,36.2,0,bus
1949,19.7,0,lineo
1950,21.1,0,bus
1951,31.4,0,bus lineo
1952,78.2,0,bus
1953,280.8,0,bus
1954,147.9,0,bus
1955,176.5,0,bus
1956,103.7,0,lineo
1957,290.2,0,bus
1958,121.0,0,bus
1959,174.5,0,lineo
1960,286.5,1,metro
1961,195.3,0,lineo
1962,151.6,0,bus
1963,110.3,0,bus
1964,164.5,0,bus lineo
1965,84.3,0,bus lineo
1966,38.3,0,bus
1967,72.3,0,bus
1968,72.3,0,bus
1969,72.3,0,bus
1970,115.5,0,bus
1971,195.6,0,bus
1972,172.0,0,bus
1973,108.7,0,bus
1974,292.7,0,lineo
1975,157.1,0,tram
1976,257.7,0,bus lineo
1977,131.3,0,lineo
1978,103.3,0,bus lineo
1979,45.5,0,bus
1980,16.6,0,bus lineo
1981,216.4,0,bus
1982,40.0,0,bus
1983,275.2,0,bus
1984,183.0,0,bus
1985,186.8,0,bus
1986,17.3,0,bus
1987,36.7,0,bus
1988,90.8,0,lineo
1989,221.1,0,bus scolaire
1990,178.1,0,bus
1991,151.6,0,lineo
1992,221.0,0,bus
1993,157.9,0,bus
1994,225.2,0,bus
1995,108.4,0,bus
1996,170.7,0,bus
1997,162.5,0,bus
1998,344.7,0,lineo scolaire
1999,56.4,0,bus lineo
2000,129.2,0,bus
2001,155.8,0,lineo
2002,80.5,0,bus
2003,262.5,0,lineo
2004,752.1,0,TAD bus
2005,112.5,0,bus
2006,270.6,0,lineo
2007,207.1,1,metro
2008,286.0,0,lineo scolaire
2009,250.3,0,bus
2010,250.3,0,bus
2011,337.1,0,lineo
2012,24.4,0,bus
2013,62.3,0,bus
2014,138.8,1,metro
2015,142.8,0,lineo
2016,199.3,0,bus
2017,112.3,0,lineo
2018,81.2,0,lineo
2019,152.4,0,lineo
2020,126.1,0,lineo
2021,213.7,0,bus
2022,70.9,0,lineo
2023,68.2,0,bus
2024,140.1,0,bus lineo
2025,66.3,0,bus
2026,421.3,0,lineo
2027,86.9,0,bus lineo
2028,206.1,0,bus
2029,497.3,0,bus
2030,73.0,0,bus
2031,216.2,0,bus
2032,238.9,0,bus
2033,80.7,1,metro
2034,279.2,0,bus lineo
2035,121.1,0,bus lineo
2036,240.1,0,lineo scolaire
2037,249.1,0,bus
2038,121.2,0,bus
2039,107.2,0,lineo
2040,59.2,0,scolaire
2041,106.7,0,bus
2042,165.4,0,bus
2043,59.2,0,scolaire
2044,150.0,0,bus
2045,256.5,0,bus
2046,78.9,0,bus
2047,51.3,0,bus lineo
2048,105.7,0,lineo
2049,194.6,0,bus
2050,134.1,0,bus
2051,280.2,0,bus
2052,280.2,0,bus
2053,186.8,0,bus
2054,88.6,0,bus
2055,274.0,0,bus
2056,120.3,1,metro
2057,330.2,0,bus
2058,227.7,0,bus lineo scolaire
2059,96.6,0,bus lineo
2060,69.8,0,bus
2061,43.4,0,scolaire
2062,141.0,0,bus scolaire
2063,45.8,0,bus
2064,317.4,0,bus lineo scolaire
2065,152.5,0,lineo
2066,60.5,0,bus
2067,285.7,0,lineo scolaire
2068,23.1,0,lineo
2069,224.5,0,bus lineo
2070,39.4,1,metro
2071,59.2,0,scolaire
2072,268.6,0,bus lineo
2073,34.2,0,bus lineo
2074,52.4,0,bus
2075,94.2,0,bus
2076,120.3,1,metro
2077,8.1,0,bus
2078,56.6,0,lineo
2079,142.1,0,bus
2080,39.4,1,metro
2081,142.7,0,bus
2082,105.5,0,bus
2083,221.1,0,lineo scolaire
2084,184.0,0,lineo
2085,123.8,0,bus
2086,175.1,1,metro
2087,50.2,1,metro
2088,80.1,0,bus
2089,98.5,0,bus
2090,277.5,0,bus
2091,118.6,0,bus
2092,67.4,0,bus
2093,169.1,0,lineo scolaire
2094,100.2,0,lineo
2095,99.4,0,bus
2096,139.0,0,bus
2097,188.4,1,metro
2098,142.3,0,bus lineo
2099,81.4,0,bus
2100,214.6,0,bus
2101,161.3,0,bus
2102,102.1,0,bus scolaire
2103,134.8,0,bus lineo
2104,167.0,0,bus lineo
2105,213.9,0,lineo
2106,119.7,0,bus
2107,148.5,0,bus
2108,116.1,0,bus lineo
2109,14.6,0,lineo
2110,243.1,0,bus
2111,50.6,0,bus
2112,153.6,0,lineo
2113,120.3,0,lineo
2114,100.5,0,bus
2115,106.9,0,bus
2116,47.1,0,bus lineo
2117,55.7,0,bus
2118,153.3,0,bus
2119,127.6,0,bus lineo
2120,83.5,0,bus
2121,139.9,0,bus
2122,257.0,0,bus lineo
2123,40.4,0,bus
2124,131.1,0,bus lineo
2125,224.4,0,bus
2126,190.4,0,bus
2127,97.0,0,bus
2128,58.3,0,bus
2129,58.3,0,bus
2130,156.0,0,bus
2131,166.3,0,lineo
2132,22.9,0,bus
2133,232.3,0,bus
2134,42.9,0,bus
2135,119.2,0,lineo
2136,155.4,1,metro
2137,155.4,1,metro
2138,221.7,0,lineo
2139,66.5,0,bus
2140,198.5,0,bus
2141,25.7,0,bus
2142,59.2,0,scolaire
2143,260.6,0,bus
2144,217.4,0,bus
2145,184.9,0,bus
2146,171.1,0,bus
2147,105.5,0,bus lineo
2148,208.1,0,bus lineo scolaire
2149,28.6,0,bus
2150,254.6,0,bus
2151,179.7,0,bus lineo
2152,293.8,0,bus
2153,210.8,0,bus
2154,23.2,0,bus
2155,214.6,0,bus
2156,75.0,0,bus
2157,105.9,0,bus
2158,178.0,0,bus
2159,120.7,0,bus
2160,258.5,0,bus lineo
2161,386.2,0,bus lineo scolaire
2162,168.3,0,bus
2163,87.0,0,lineo
2164,115.6,0,lineo
2165,39.4,0,bus
2166,240.0,0,bus
2167,176.9,0,lineo
2168,143.3,0,bus
2169,143.3,0,bus
2170,52.8,0,bus
2171,146.0,0,bus
2172,190.9,0,bus lineo
2173,69.2,0,bus
2174,183.2,0,bus
2175,176.9,0,lineo
2176,60.3,0,bus lineo
2177,45.9,0,bus lineo
2178,321.6,0,bus
2179,121.5,1,metro
2180,14.1,0,bus
2181,40.5,0,lineo
2182,132.2,0,bus
2183,113.9,0,bus
2184,157.6,0,bus
2185,235.3,0,bus
2186,252.7,0,bus scolaire
2187,157.6,0,bus
2188,166.8,0,bus
2189,226.3,0,bus lineo
2190,226.5,0,bus
2191,286.0,0,lineo scolaire
2192,189.0,0,bus
2193,209.0,0,bus
2194,171.5,0,bus scolaire
2195,41.6,0,bus
2196,212.9,0,bus lineo
2197,94.0,0,bus lineo
2198,125.2,0,bus lineo scolaire
2199,185.3,0,bus
2200,198.1,0,bus
2201,161.7,0,bus
2202,294.3,1,metro
2203,173.5,0,bus
2204,105.5,0,lineo
2205,201.6,0,bus
2206,179.4,0,lineo
2207,101.0,0,bus
2208,142.5,0,bus
2209,20.4,0,bus lineo
2210,39.4,1,metro
2211,61.9,0,lineo
2212,95.0,0,bus
2213,37.7,0,bus lineo
2214,300.3,0,lineo
2215,67.1,0,bus
2216,209.1,0,bus
2217,130.7,0,bus
2218,266.2,0,lineo
2219,101.3,0,bus
2220,207.9,0,lineo
2221,93.3,0,bus
2222,67.4,0,bus
2223,47.0,0,bus
2224,265.5,0,bus scolaire
2225,260.4,0,lineo scolaire
2226,116.6,0,bus
2227,337.3,0,bus
2228,337.3,0,bus
2229,121.5,0,bus
2230,103.6,0,bus
2231,22.1,0,bus lineo scolaire
2232,270.0,0,bus
2233,212.7,1,metro
2234,173.1,0,bus lineo
2235,12.9,0,bus
2236,124.5,0,lineo
2237,176.3,0,bus
2238,141.6,0,bus
2239,122.4,0,bus
2240,110.9,1,metro
2241,53.5,0,bus
2242,517.4,0,lineo scolaire
2243,183.3,0,bus lineo
2244,201.5,0,tram
2245,201.5,0,tram
2246,108.7,1,metro
2247,218.8,0,bus
2248,221.1,0,bus scolaire
2249,147.2,0,bus lineo
2250,105.6,0,bus
2251,123.9,0,lineo
2252,324.8,0,lineo
2253,19.3,0,bus
2254,48.7,0,bus lineo
2255,123.0,0,bus lineo
2256,340.1,0,bus
2257,290.3,0,bus
2258,156.5,0,bus lineo
2259,12.4,0,lineo scolaire
2260,205.0,0,bus
2261,51.2,0,bus lineo
2262,160.0,0,bus
2263,166.4,0,bus
2264,122.8,0,lineo
2265,78.8,0,bus
2266,155.4,0,bus lineo
2267,142.2,0,lineo scolaire
2268,102.6,0,bus
2269,55.8,0,bus
2270,143.2,0,bus
2271,129.6,0,bus lineo
2272,81.0,0,lineo
2273,130.6,0,bus
2274,163.1,0,bus lineo
2275,295.8,0,bus scolaire
2276,124.0,0,bus
2277,149.0,1,metro
2278,54.3,0,bus
2279,54.8,0,bus
2280,68.3,0,bus
2281,119.8,0,bus
2282,170.7,0,bus
2283,118.6,0,bus
2284,115.5,0,lineo
2285,196.4,0,bus
2286,196.4,0,bus
2287,91.1,0,bus
2288,145.2,0,bus
2289,76.2,0,tram
2290,11.9,0,bus lineo scolaire
2291,111.1,0,lineo scolaire
2292,108.4,0,bus
2293,128.8,0,lineo scolaire
2294,52.2,0,bus
2295,209.9,0,bus
2296,99.4,0,bus lineo
2297,386.2,0,bus lineo scolaire
2298,48.4,0,lineo
2299,48.4,0,lineo
2300,237.9,0,bus
2301,67.4,0,bus
2302,96.7,0,bus
2303,61.6,0,bus
2304,61.6,0,bus
2305,299.7,0,lineo
2306,39.6,0,bus
2307,66.7,0,bus
2308,129.4,0,bus
2309,102.4,0,lineo scolaire
2310,223.0,0,lineo
2311,130.0,0,bus lineo
2312,1.6,0,bus
2313,93.4,0,lineo
2314,161.2,0,lineo scolaire
2315,61.4,0,bus
2316,128.2,0,bus
2317,309.6,0,bus scolaire
2318,421.6,0,bus
2319,215.6,0,bus lineo
2320,148.1,0,bus
2321,190.8,1,metro
2322,60.0,0,bus
2323,193.7,0,bus
2324,53.8,0,bus
2325,234.2,0,bus
2326,58.0,0,bus
2327,8.6,0,lineo
2328,208.7,1,metro
2329,291.5,1,metro
2330,351.7,0,bus
2331,79.6,0,scolaire
2332,117.4,0,lineo
2333,122.4,0,bus
2334,161.4,0,bus lineo
2335,192.0,0,bus
2336,171.6,0,bus
2337,68.3,0,bus
2338,202.5,0,lineo scolaire
2339,15.1,0,bus
2340,191.7,0,bus lineo scolaire
2341,235.9,0,bus
2342,203.6,0,bus
2343,330.7,0,lineo scolaire
2344,246.1,0,bus lineo
2345,116.1,0,bus
2346,67.6,0,bus
2347,160.9,0,lineo
2348,344.2,0,bus
2349,113.5,0,bus
2350,80.7,1,metro
2351,109.6,0,bus
2352,46.5,0,bus lineo
2353,333.4,0,bus scolaire
2354,156.1,0,bus lineo
2355,34.1,0,lineo scolaire
2356,200.7,0,bus lineo
2357,227.8,0,lineo scolaire
2358,74.8,0,bus
2359,183.9,0,bus
2360,213.7,0,bus
2361,190.3,0,bus
2362,92.1,0,bus
2363,157.3,0,bus
2364,153.6,0,lineo
2365,206.7,0,bus
2366,194.2,0,lineo
2367,68.5,0,bus lineo
2368,67.6,0,bus
2369,113.9,0,bus
2370,191.9,0,bus
2371,47.4,1,metro
2372,329.9,0,bus
2373,257.0,0,bus lineo
2374,50.1,0,bus
2375,198.2,0,bus
2376,123.2,0,lineo
2377,209.9,0,lineo
2378,264.5,0,bus
2379,132.9,0,bus lineo
2380,125.1,0,bus
2381,220.2,0,bus
2382,103.3,0,bus lineo
2383,88.6,0,bus
2384,80.5,0,bus
2385,69.1,0,bus lineo
2386,69.1,0,bus lineo
2387,229.7,0,bus
2388,123.8,0,bus
2389,352.9,0,lineo scolaire
2390,127.0,0,bus lineo
2391,121.5,1,metro
2392,130.3,0,bus
2393,173.3,0,bus lineo
2394,171.9,0,lineo
2395,312.8,0,bus lineo
2396,18.9,0,bus lineo
2397,198.4,0,bus lineo scolaire
2398,130.5,0,bus
2399,221.3,0,bus
2400,251.4,0,bus
2401,185.9,0,bus
2402,55.1,0,bus
2403,312.7,0,bus lineo
2404,8.6,0,lineo
2405,160.9,0,lineo scolaire
2406,151.1,0,bus
2407,91.9,0,bus
2408,316.5,0,bus
2409,68.5,1,metro
2410,68.5,1,metro
2411,68.5,1,metro
2412,40.0,0,bus
2413,378.8,0,bus
2414,194.6,0,bus
2415,115.2,0,bus
2416,326.5,0,bus
2417,76.2,0,tram
2418,298.5,0,bus
2419,66.0,0,bus
2420,66.0,0,bus
2421,24.2,0,bus
2422,113.9,0,bus
2423,6.3,0,bus
2424,41.4,0,bus
2425,9.6,0,lineo
2426,266.0,0,lineo scolaire
2427,57.9,0,bus
2428,166.1,0,bus
2429,180.2,0,lineo
2430,114.5,0,bus
2431,259.3,0,bus lineo scolaire
2432,73.9,0,bus
2433,105.6,0,bus
2434,66.4,0,bus
2435,181.6,0,bus lineo
2436,196.6,0,bus lineo scolaire
2437,108.8,0,bus
2438,138.5,0,bus scolaire
2439,64.4,0,bus
2440,105.1,0,bus
2441,43.9,0,bus
2442,232.0,0,bus scolaire
2443,144.5,0,bus
2444,91.2,0,bus lineo
2445,115.1,1,metro
2446,97.7,0,bus
2447,39.9,0,lineo
2448,98.4,0,bus lineo scolaire
2449,176.4,0,bus
2450,41.3,0,lineo
2451,91.1,0,lineo scolaire
2452,130.6,0,bus lineo scolaire
2453,116.1,0,telepherique
2454,35.7,0,bus
2455,118.1,0,bus
2456,119.8,0,bus
2457,134.8,0,bus lineo
2458,212.8,0,bus
2459,17.5,0,lineo
2460,138.3,0,scolaire
2461,157.6,0,bus
2462,9.4,0,bus
2463,146.3,0,bus lineo
2464,37.4,0,bus lineo
2465,78.4,0,bus
2466,72.1,0,tram
2467,215.5,0,bus lineo
2468,113.8,0,bus
2469,68.3,0,bus
2470,68.3,0,bus
2471,188.1,0,bus
2472,66.5,0,bus
2473,129.9,0,bus scolaire
2474,102.6,0,bus
2475,155.9,0,bus
2476,207.2,0,bus
2477,205.5,0,bus
2478,160.6,0,bus lineo
2479,311.4,0,lineo
2480,297.1,1,metro
2481,136.1,0,bus lineo
2482,94.4,0,bus scolaire
2483,94.4,0,bus scolaire
2484,77.4,0,bus
2485,171.1,0,bus
2486,33.4,0,bus
2487,168.2,0,bus
2488,21.6,0,bus
2489,266.7,0,bus scolaire
2490,42.4,0,lineo
2491,139.2,0,lineo
2492,95.6,0,bus scolaire
2493,115.8,0,bus
2494,116.7,0,bus
2495,46.9,0,bus
2496,108.4,0,lineo
2497,120.3,0,bus
2498,68.2,1,metro
2499,98.6,0,lineo
2500,172.1,0,lineo scolaire
2501,172.1,0,lineo scolaire
2502,32.0,0,bus
2503,148.0,0,bus
2504,33.7,0,bus
2505,56.6,0,bus scolaire
2506,215.9,0,bus lineo scolaire
2507,83.9,0,bus
2508,46.1,0,bus
2509,115.7,0,bus
2510,123.5,0,bus
2511,190.8,0,bus
2512,102.2,0,bus lineo
2513,141.6,1,metro
2514,106.3,0,bus
2515,164.3,0,bus lineo
2516,172.8,0,bus lineo
2517,172.8,0,bus lineo
2518,54.3,0,bus
2519,330.1,0,lineo
2520,330.1,0,lineo
2521,261.3,0,lineo
2522,272.6,0,lineo
2523,138.2,0,bus
2524,289.9,0,lineo
2525,167.7,0,bus
2526,167.7,0,bus
2527,312.7,0,bus lineo
2528,297.3,0,bus
2529,119.2,0,bus lineo
2530,103.8,0,bus
2531,107.8,0,bus
2532,185.9,0,bus lineo
2533,105.5,0,lineo
2534,87.7,0,bus
2535,152.2,0,bus
2536,409.8,0,bus scolaire
2537,106.8,0,bus
2538,141.4,0,scolaire
2539,141.4,0,scolaire
2540,188.4,1,metro
2541,113.7,0,bus lineo scolaire
2542,48.9,0,bus lineo
2543,102.6,0,bus
2544,162.9,0,bus
2545,99.7,0,bus
2546,121.7,0,bus
2547,67.8,0,bus
2548,126.6,0,bus lineo
2549,44.7,0,bus
2550,110.4,0,lineo
2551,113.5,0,bus
2552,113.5,0,bus
2553,113.5,0,bus
2554,113.5,0,bus
2555,136.9,0,bus
2556,245.1,0,bus lineo
2557,29.2,0,bus
2558,116.7,0,bus
2559,89.1,0,bus scolaire
2560,60.5,0,bus
2561,86.8,0,bus
2562,205.2,0,lineo
2563,206.5,0,bus
2564,187.2,0,bus lineo
2565,242.1,0,bus
2566,163.2,0,bus
2567,42.4,0,bus
2568,122.3,0,bus lineo
2569,179.3,0,bus lineo
2570,156.3,1,metro
2571,24.5,0,bus
2572,170.5,0,bus
2573,192.1,0,bus
2574,32.9,0,bus
2575,463.8,0,bus
2576,28.6,0,bus
2577,119.4,0,bus
2578,39.5,0,scolaire
2579,50.1,0,bus
2580,45.1,0,bus lineo
2581,134.8,0,bus lineo
2582,99.2,0,bus
2583,140.4,0,lineo scolaire
2584,307.0,0,bus
2585,160.0,0,bus
2586,19.2,0,lineo
2587,120.3,0,bus
2588,153.0,0,bus
2589,246.2,0,bus
2590,47.6,0,bus scolaire
2591,255.9,0,bus lineo scolaire
2592,147.6,1,metro
2593,285.4,0,bus
2594,84.4,0,bus lineo
2595,43.0,0,bus
2596,222.6,0,bus scolaire
2597,199.5,0,bus
2598,127.7,0,bus lineo
2599,232.2,0,lineo
2600,312.2,0,bus
2601,122.1,0,bus
2602,53.6,0,bus lineo
2603,289.6,0,lineo scolaire
2604,241.3,0,bus
2605,66.1,0,bus
2606,138.3,1,metro
2607,109.1,0,bus
2608,289.9,0,bus lineo
2609,114.0,0,lineo
2610,84.6,0,bus
2611,33.7,0,bus
2612,81.5,0,bus
2613,231.8,1,metro
2614,65.3,0,bus
2615,120.3,0,bus
2616,27.8,0,bus lineo
2617,83.3,0,lineo
2618,126.6,0,bus
2619,142.5,0,bus
2620,202.6,0,bus
2621,14.1,0,bus lineo
2622,63.7,0,lineo
2623,209.9,0,lineo
2624,188.1,0,bus
2625,203.1,0,bus
2626,81.0,0,lineo
2627,64.8,0,bus
2628,135.6,0,bus
2629,149.1,0,bus
2630,121.1,0,bus lineo
2631,30.9,0,bus
2632,33.1,0,bus scolaire
2633,312.8,0,bus lineo
2634,31.8,0,bus
2635,42.7,0,bus
2636,272.6,0,lineo
2637,88.4,0,bus
2638,66.7,0,bus
2639,55.9,0,bus
2640,111.2,0,lineo
2641,50.5,0,lineo
2642,175.0,0,bus
2643,59.3,0,lineo scolaire
2644,17.3,0,bus
2645,269.4,0,bus
2646,197.8,0,bus lineo
2647,120.7,0,bus
2648,137.6,0,bus lineo
2649,77.9,0,bus
2650,308.2,0,lineo scolaire
2651,45.3,0,bus
2652,75.9,0,bus
2653,98.3,0,bus
2654,179.4,0,bus
2655,140.1,0,bus lineo
2656,83.2,0,scolaire
2657,201.5,0,tram
2658,131.1,0,bus
2659,163.7,0,bus
2660,157.1,0,bus
2661,152.2,0,bus lineo
2662,129.6,0,bus
2663,156.5,0,bus
2664,128.6,0,bus
2665,242.3,0,bus
2666,139.7,0,bus
2667,182.3,0,lineo
2668,266.0,0,scolaire
2669,102.8,0,bus
2670,67.9,0,bus
2671,95.2,1,metro
2672,150.0,0,bus
2673,164.4,0,lineo scolaire
2674,168.7,0,bus
2675,83.8,0,bus
2676,177.2,0,lineo
2677,125.3,0,lineo
2678,209.7,0,bus
2679,298.1,0,lineo
2680,156.5,0,bus
2681,51.2,0,bus lineo
2682,122.9,0,bus
2683,61.1,0,bus lineo
2684,343.1,0,bus
2685,251.4,0,bus
2686,67.3,1,metro
2687,44.2,0,bus
2688,259.3,0,bus lineo scolaire
2689,167.3,0,bus lineo
2690,129.1,0,bus
2691,50.9,0,bus
2692,275.2,0,bus
2693,81.5,0,bus
2694,62.5,0,lineo
2695,61.6,0,bus
2696,314.3,0,lineo scolaire
2697,25.1,0,bus lineo
2698,63.3,0,lineo
2699,226.0,0,bus lineo
2700,130.1,0,bus
2701,65.0,0,scolaire
2702,68.4,0,lineo
2703,253.5,0,lineo
2704,365.2,0,bus
2705,182.3,0,lineo
2706,144.3,0,lineo
2707,165.9,0,bus
2708,199.3,0,bus
2709,115.5,0,bus
2710,52.3,0,bus
2711,88.6,0,bus
2712,344.6,0,lineo
2713,87.9,0,bus
2714,183.0,0,bus
2715,62.8,0,bus lineo
2716,184.4,0,bus lineo
2717,320.9,0,lineo
2718,342.4,1,metro
2719,333.2,0,lineo scolaire
2720,48.0,0,bus
2721,148.4,0,bus
2722,309.6,0,lineo
2723,242.0,1,metro
2724,39.4,0,bus
2725,135.2,0,bus
2726,133.2,0,bus
2727,90.8,0,bus
2728,113.5,0,bus
2729,128.4,0,bus
2730,59.6,0,lineo
2731,229.5,0,lineo
2732,146.5,0,lineo scolaire
2733,34.0,0,bus
2734,279.5,0,bus
2735,158.4,0,bus lineo
2736,297.3,1,metro
2737,209.0,0,bus lineo
2738,197.6,0,bus
2739,255.4,0,bus lineo
2740,349.7,0,bus lineo
2741,125.4,0,bus
2742,188.7,0,lineo
2743,187.4,0,lineo scolaire
2744,148.8,0,bus
2745,159.5,0,bus
2746,138.7,0,bus scolaire
2747,178.7,0,lineo
2748,164.6,0,bus
2749,164.6,0,bus
2750,20.0,0,lineo
2751,23.3,0,lineo scolaire
2752,30.9,0,bus
2753,56.5,0,bus
2754,118.2,0,bus
2755,117.1,0,scolaire
2756,71.0,0,bus
2757,189.4,0,bus
2758,291.4,0,bus lineo
2759,175.6,0,bus
2760,310.8,1,metro
2761,61.8,0,bus
2762,159.7,1,metro
2763,288.0,0,bus
2764,288.0,0,bus
2765,100.0,0,bus
2766,406.1,0,bus
2767,15.1,0,bus
2768,115.1,0,bus lineo
2769,208.9,0,bus
2770,160.0,0,lineo
2771,214.8,0,bus
2772,215.7,0,bus
2773,310.8,1,metro
2774,303.0,0,bus
2775,109.6,0,bus
2776,194.3,0,bus
2777,129.4,1,metro
2778,295.0,0,bus
2779,34.5,0,bus
2780,133.7,1,metro
2781,123.2,0,lineo
2782,103.2,0,tram
2783,99.8,0,bus
2784,82.7,0,bus
2785,134.0,0,bus
2786,166.7,0,bus
2787,214.0,0,bus
2788,1.6,0,bus lineo scolaire
2789,164.1,0,bus scolaire
2790,104.8,0,bus
2791,104.8,0,bus
2792,104.8,0,bus
2793,104.8,0,bus
2794,120.0,0,bus
2795,170.1,0,bus
2796,162.5,0,bus
2797,58.5,0,bus
2798,113.8,0,bus
2799,129.8,0,telepherique
2800,81.3,1,metro
2801,102.4,0,lineo
2802,37.9,0,bus
2803,197.3,0,bus
2804,92.6,0,lineo scolaire
2805,117.2,0,bus
2806,243.8,0,bus
2807,63.4,0,lineo scolaire
2808,250.4,0,bus
2809,64.8,0,bus
2810,163.6,0,bus
2811,133.6,0,bus lineo
2812,15.0,0,bus
2813,255.7,0,lineo scolaire
2814,255.7,0,lineo scolaire
2815,20.1,0,bus
2816,126.4,0,bus
2817,197.1,0,bus
2818,129.7,0,bus
2819,27.6,0,bus lineo
2820,260.1,0,bus
2821,88.1,0,bus
2822,46.9,0,bus
2823,97.3,0,bus
2824,42.0,0,lineo
2825,69.6,0,bus
2826,114.6,0,bus
2827,33.1,0,bus
2828,203.2,0,bus
2829,81.4,0,bus
2830,107.5,0,bus
2831,254.2,0,lineo
2832,251.3,0,lineo scolaire
2833,324.8,0,lineo
2834,127.9,0,bus
2835,304.9,0,bus
2836,135.2,0,bus lineo
2837,111.2,0,lineo
2838,116.8,0,bus
2839,194.7,0,bus
2840,22.2,0,lineo
2841,36.7,0,bus
2842,100.2,0,bus
2843,113.9,0,lineo
2844,11.2,0,bus
2845,184.0,1,metro
2846,267.5,0,bus lineo
2847,90.6,0,bus
2848,62.2,0,bus
2849,225.6,0,bus
2850,260.4,0,bus
2851,376.3,0,bus
2852,114.6,0,bus
2853,268.6,0,lineo
2854,180.7,0,bus
2855,151.9,0,lineo scolaire
2856,197.2,0,bus
2857,59.0,0,lineo
2858,150.7,0,bus
2859,150.7,0,bus
2860,56.0,0,lineo
2861,96.2,0,bus
2862,83.9,0,lineo
2863,326.2,0,bus
2864,107.1,1,metro
2865,470.6,0,bus
2866,470.6,0,bus
2867,470.6,0,bus
2868,470.6,0,bus
2869,103.7,0,lineo
2870,47.8,0,scolaire
2871,215.1,0,bus lineo
2872,97.2,0,bus
2873,50.2,1,metro
2874,164.4,0,lineo
2875,199.3,0,bus
2876,184.7,0,bus lineo
2877,155.8,0,bus scolaire
2878,117.6,0,bus lineo
2879,33.4,0,bus
2880,242.5,0,lineo
2881,202.5,0,lineo
2882,214.0,0,bus
2883,170.1,0,bus
2884,183.2,0,bus
2885,227.8,0,bus lineo
2886,150.1,0,bus lineo
2887,212.9,0,lineo
2888,55.9,0,bus lineo
2889,26.9,0,bus
2890,218.6,0,bus
2891,34.9,0,bus
2892,16.3,0,bus scolaire
2893,36.8,0,lineo
2894,181.8,0,bus
2895,135.7,0,bus
2896,110.7,0,bus
2897,358.1,0,bus
2898,62.2,0,bus
2899,246.4,0,lineo
2900,64.8,0,bus
2901,174.8,0,bus
2902,109.6,0,bus
2903,8.0,0,bus
2904,241.1,1,metro
2905,241.1,1,metro
2906,246.7,0,bus
2907,246.7,0,bus
2908,246.7,0,bus
2909,246.7,0,bus
2910,125.3,0,bus lineo
2911,48.3,0,bus
2912,76.6,0,scolaire
2913,64.0,0,bus
2914,249.0,0,bus scolaire
2915,40.4,0,lineo
2916,229.0,0,bus
2917,130.1,0,bus
2918,141.2,0,bus scolaire
2919,28.6,0,bus
2920,49.2,0,bus
2921,70.6,1,metro
2922,269.8,0,lineo
2923,151.7,0,lineo scolaire
2924,124.0,0,bus
2925,211.9,0,bus
2926,272.2,0,bus lineo
2927,64.9,0,bus
2928,58.3,0,bus
2929,198.1,0,lineo
2930,51.3,0,bus
2931,238.8,0,lineo
2932,238.8,0,lineo
2933,222.6,0,bus scolaire
2934,74.0,0,bus
2935,152.5,0,bus
2936,103.7,0,lineo
2937,174.0,0,tram
2938,173.1,0,bus
2939,205.2,0,bus
2940,130.4,0,bus
2941,95.7,0,lineo
2942,95.7,0,lineo
2943,95.7,0,lineo
2944,95.7,0,lineo
2945,95.7,0,lineo
2946,196.9,0,bus scolaire
2947,163.2,0,bus lineo
2948,116.1,0,telepherique
2949,96.2,0,bus
2950,99.4,0,bus lineo
2951,24.9,1,metro
2952,228.2,0,bus
2953,103.0,0,bus
2954,165.6,0,bus
2955,104.4,0,bus lineo
2956,202.8,0,bus
2957,74.9,0,bus
2958,193.4,0,lineo scolaire
2959,45.0,0,bus scolaire
2960,80.1,0,bus
2961,174.0,0,tram
2962,146.2,1,metro
2963,238.8,1,metro
2964,1.6,0,bus
2965,126.2,0,lineo scolaire
2966,154.1,0,lineo scolaire
2967,161.0,0,bus
2968,10.4,0,bus
2969,84.7,0,bus
2970,108.2,0,bus
2971,200.4,0,lineo
2972,159.6,0,bus
2973,105.3,0,bus
2974,144.5,0,lineo
2975,327.0,0,bus
2976,285.9,0,bus
2977,22.8,0,bus
2978,88.5,0,bus
2979,27.5,0,bus lineo
2980,145.4,0,bus
2981,249.3,0,lineo
2982,287.0,0,bus lineo scolaire
2983,144.6,0,bus
2984,121.8,0,bus lineo scolaire
2985,136.9,0,bus
2986,151.3,0,bus
2987,139.4,0,bus
2988,119.7,0,bus
2989,61.0,0,bus
2990,88.2,0,bus
2991,212.9,0,bus lineo
2992,123.4,0,bus
2993,50.1,0,bus
2994,155.8,0,lineo
2995,78.4,0,bus lineo
2996,209.2,0,bus lineo scolaire
2997,262.5,0,lineo
2998,81.4,0,bus
2999,300.9,0,bus lineo
3000,92.0,0,bus lineo
3001,193.9,0,lineo scolaire
3002,117.2,0,bus
3003,278.0,1,metro
3004,152.5,0,lineo
3005,85.1,0,bus
3006,56.0,0,lineo
3007,249.5,0,bus lineo
3008,143.3,0,bus
3009,78.4,0,bus
3010,78.4,0,bus
3011,78.4,0,bus
3012,9.8,0,bus
3013,11.0,0,bus lineo
3014,189.6,0,bus
3015,83.9,0,bus
3016,131.3,0,lineo
3017,179.9,0,bus lineo
3018,108.5,0,bus lineo
3019,140.5,0,bus
3020,118.0,0,bus
3021,93.2,1,metro
3022,93.2,1,metro
3023,61.0,0,bus
3024,141.8,0,bus
3025,59.1,0,bus
3026,41.1,0,bus
3027,41.1,0,bus
3028,138.4,0,bus
3029,272.1,0,bus
3030,104.6,0,bus
3031,166.8,0,bus
3032,105.9,0,bus lineo
3033,113.1,0,bus
3034,218.3,0,bus lineo
3035,150.7,0,bus
3036,120.7,0,bus
3037,156.7,1,metro
3038,202.7,0,bus lineo
3039,277.8,0,bus
3040,79.5,0,bus
3041,100.1,0,bus
3042,67.7,0,bus lineo
3043,197.4,0,bus scolaire
3044,17.3,0,bus
3045,140.6,0,lineo scolaire
3046,57.8,0,bus
3047,65.8,0,bus
3048,70.4,0,scolaire
3049,161.0,0,lineo
3050,95.5,0,bus lineo scolaire
3051,180.5,0,lineo
3052,175.0,0,bus
3053,51.3,0,bus
3054,269.8,0,lineo
3055,386.2,0,bus lineo scolaire
3056,210.3,0,bus lineo
3057,216.5,1,metro
3058,126.7,0,bus
3059,126.7,0,bus
3060,112.1,0,bus
3061,125.5,0,bus
3062,45.9,0,bus lineo
3063,60.1,0,bus
3064,36.8,0,bus
3065,239.7,0,bus
3066,66.2,0,lineo
3067,298.3,0,bus
3068,154.0,0,bus
3069,163.5,0,bus
3070,72.3,0,lineo
3071,175.2,0,bus
3072,225.6,0,lineo
3073,174.8,0,bus
3074,191.2,0,bus lineo scolaire
3075,146.8,0,bus
3076,181.5,0,bus lineo
3077,155.8,0,lineo
3078,173.9,0,bus
3079,39.2,0,bus
3080,291.1,0,bus
3081,311.6,0,bus
3082,93.0,0,bus
3083,132.1,0,bus
3084,132.1,0,bus
3085,132.1,0,bus
3086,139.4,0,bus
3087,307.4,0,bus
3088,83.8,0,lineo
3089,216.5,0,bus scolaire
3090,102.5,0,bus scolaire
3091,202.3,0,bus
3092,83.9,0,tram
3093,81.6,0,bus
3094,148.5,0,lineo scolaire
3095,342.4,1,metro
3096,36.2,0,bus lineo
3097,264.1,0,lineo
3098,167.6,0,bus
3099,17.5,0,lineo
3100,105.5,0,lineo
3101,124.9,0,bus lineo
3102,11.2,0,bus
3103,107.4,0,bus
3104,170.8,0,bus scolaire
3105,339.1,0,bus
3106,157.1,0,bus
3107,240.5,0,bus
3108,136.4,0,bus
3109,192.4,0,bus lineo
3110,111.7,0,bus
3111,133.9,0,bus lineo
3112,53.6,0,bus
3113,59.1,0,lineo
3114,178.1,0,bus
3115,178.1,0,bus
3116,136.0,0,lineo
3117,101.9,0,bus lineo
3118,74.7,0,bus
3119,73.2,0,bus
3120,110.7,0,bus
3121,83.3,0,bus lineo
3122,83.3,0,bus lineo
3123,39.5,0,bus
3124,127.7,0,bus scolaire
3125,211.0,0,bus
3126,151.7,0,bus
3127,182.1,0,bus
3128,138.5,0,lineo
3129,82.5,0,lineo scolaire
3130,138.8,0,bus
3131,58.0,0,bus
3132,165.3,0,bus lineo
3133,129.3,0,bus
3134,293.0,0,bus
3135,112.2,0,bus
3136,191.5,0,bus
3137,133.9,0,bus
3138,146.3,0,bus
3139,125.3,0,bus lineo
3140,156.5,0,bus lineo
3141,66.1,0,bus
3142,64.9,0,bus lineo
3143,276.6,0,bus
3144,79.2,0,bus lineo
3145,152.1,0,bus
3146,99.0,0,bus
3147,151.4,0,bus
3148,175.5,0,bus lineo
3149,299.4,0,lineo scolaire
3150,179.9,0,bus
3151,167.5,0,lineo scolaire
3152,290.4,1,metro
3153,27.4,0,bus
3154,209.5,0,bus
3155,66.8,0,bus
3156,61.4,0,bus
3157,205.0,0,bus
3158,256.7,0,bus
3159,127.7,0,bus
3160,181.0,0,bus
3161,350.1,0,bus lineo scolaire
3162,48.0,0,lineo scolaire
3163,178.9,0,bus
3164,113.5,0,lineo
3165,66.0,0,lineo scolaire
3166,141.2,0,bus
3167,67.7,0,bus
3168,197.6,0,bus
3169,22.0,0,bus
3170,22.0,0,bus
3171,22.0,0,bus
3172,22.0,0,bus
3173,22.0,0,bus
3174,86.3,0,bus
3175,97.3,0,bus
3176,42.7,1,metro
3177,87.5,0,lineo scolaire
3178,76.8,1,metro
3179,114.9,0,lineo
3180,79.4,0,lineo
3181,323.2,0,lineo
3182,135.5,0,bus lineo
3183,160.3,0,bus lineo
3184,219.3,0,bus
3185,100.9,0,bus
3186,59.5,0,bus
3187,349.7,0,bus lineo
3188,58.4,0,bus
3189,66.5,0,bus
3190,132.1,0,bus
3191,138.6,0,bus
3192,9.4,0,bus
3193,202.9,1,metro
3194,100.6,0,bus lineo
3195,455.2,0,lineo
3196,298.8,0,bus
3197,44.7,0,bus
3198,134.1,0,bus
3199,75.9,0,bus
3200,226.1,1,metro
3201,81.4,0,bus
3202,238.5,0,bus lineo
3203,202.2,0,bus
3204,112.5,0,bus lineo
3205,112.5,0,bus lineo
3206,49.1,1,metro
3207,118.8,0,bus
3208,60.4,0,lineo
3209,79.3,0,bus
3210,97.5,0,lineo
3211,193.9,0,bus
3212,79.9,0,bus
3213,372.6,1,metro
3214,123.3,0,lineo
3215,224.5,0,bus
3216,233.7,0,bus scolaire
3217,103.2,0,bus
3218,365.5,0,bus scolaire
3219,116.4,0,bus
3220,238.6,0,lineo
3221,273.7,0,lineo
3222,70.4,0,bus
3223,70.4,0,bus
3224,121.9,0,bus
3225,81.7,0,bus
3226,200.5,0,bus
3227,123.6,0,bus
3228,423.0,0,lineo
3229,154.7,0,bus
3230,113.5,0,bus
3231,208.9,0,bus
3232,190.6,0,bus
3233,126.0,0,bus lineo
3234,600.1,0,bus scolaire
3235,112.6,0,bus
3236,236.5,1,metro
3237,149.1,0,bus
3238,405.8,0,bus
3239,265.4,1,metro
3240,265.4,1,metro
3241,186.3,0,bus
3242,316.5,0,bus
3243,61.5,0,bus
3244,51.2,0,bus
3245,203.0,0,bus
3246,86.8,0,bus
3247,146.4,0,bus
3248,113.9,0,lineo
3249,59.5,0,bus
3250,84.0,0,bus lineo
3251,285.3,0,bus
3252,58.8,0,scolaire
3253,184.6,0,bus
3254,101.6,0,bus
3255,218.4,0,bus
3256,125.3,0,bus
3257,142.2,0,bus
3258,227.7,0,bus
3259,204.8,0,lineo
3260,48.0,0,bus
3261,217.9,0,lineo
3262,0.6,0,lineo
3263,51.6,0,bus
3264,142.1,0,bus
3265,95.1,0,bus
3266,186.9,0,bus lineo
3267,194.0,0,bus
3268,376.3,0,bus
3269,130.7,0,bus
3270,83.7,0,bus
3271,113.1,0,bus
3272,114.6,0,lineo
3273,91.1,0,lineo scolaire
3274,90.1,0,bus
3275,239.2,0,lineo
3276,142.2,0,bus
3277,233.7,0,bus
3278,121.0,0,bus
3279,140.0,0,bus
3280,178.0,0,bus
3281,214.2,1,metro
3282,210.8,0,bus
3283,103.5,0,lineo
3284,39.5,0,bus
3285,230.0,0,bus
3286,17.5,0,lineo
3287,136.5,0,bus
3288,86.9,0,bus
3289,129.9,0,bus
3290,119.5,0,bus
3291,172.1,0,lineo scolaire
3292,157.8,1,metro
3293,182.3,0,lineo
3294,116.1,0,bus lineo
3295,298.3,0,bus
3296,108.3,0,scolaire
3297,66.1,0,lineo scolaire
3298,237.6,0,lineo
3299,235.3,0,bus lineo
3300,126.1,0,lineo
3301,126.4,0,bus
3302,129.3,0,bus lineo
3303,50.5,0,lineo
3304,344.2,0,bus
3305,64.0,0,bus
3306,76.1,0,bus
3307,81.4,0,bus
3308,312.2,0,lineo
3309,294.0,0,bus
3310,198.5,0,tram
3311,18.7,0,bus
3312,441.8,0,scolaire
3313,498.8,0,bus
3314,85.2,0,lineo scolaire
3315,46.9,0,bus
3316,224.8,0,tram
3317,224.8,0,tram
3318,176.6,0,bus
3319,41.7,0,bus lineo
3320,14.6,0,lineo
3321,101.2,0,bus lineo
3322,11.7,0,lineo scolaire
3323,69.4,0,bus
3324,296.2,0,lineo
3325,49.1,0,bus
3326,264.6,0,bus
3327,150.6,0,lineo
3328,153.1,0,bus lineo
3329,102.2,0,bus
3330,29.7,0,bus lineo
3331,233.7,0,bus
3332,111.2,0,bus
3333,76.2,0,bus
3334,99.2,0,lineo
3335,214.0,0,bus
3336,28.2,0,bus
3337,129.7,0,bus
3338,344.2,0,lineo
3339,146.0,0,bus
3340,182.3,0,lineo
3341,190.6,0,bus
3342,248.6,0,bus
3343,13.2,0,bus
3344,421.3,0,lineo
3345,382.9,0,lineo scolaire
3346,90.4,0,bus
3347,144.7,0,bus
3348,109.5,0,bus
3349,18.7,0,bus
3350,141.1,0,bus
3351,130.3,0,bus
3352,270.6,0,lineo
3353,119.9,0,lineo
3354,114.2,0,bus lineo
3355,178.8,0,bus
3356,243.6,0,bus
3357,336.3,0,bus
3358,45.4,1,metro
3359,117.8,0,bus
3360,102.6,0,bus
3361,44.6,0,bus
3362,119.0,0,bus
3363,153.4,0,bus lineo
3364,37.9,0,bus lineo
3365,132.8,0,bus lineo
3366,132.8,0,bus lineo
3367,105.5,0,lineo
3368,54.3,0,bus
3369,100.1,0,bus
3370,321.3,0,scolaire
3371,78.9,0,bus
3372,179.4,0,bus
3373,85.1,0,bus
3374,36.9,1,metro
3375,36.9,1,metro
3376,36.9,1,metro
3377,36.9,1,metro
3378,36.9,1,metro
3379,205.1,0,lineo
3380,159.8,0,bus
3381,144.8,0,lineo
3382,167.6,0,bus
3383,120.8,0,bus
3384,420.6,0,bus
3385,181.1,0,bus
3386,122.7,0,bus
3387,104.5,0,lineo scolaire
3388,69.8,0,bus
3389,85.2,0,bus
3390,66.7,0,lineo
3391,18.8,0,bus
3392,125.9,0,lineo
3393,62.1,0,bus
3394,31.8,0,bus lineo
3395,16.7,1,metro
3396,273.4,0,bus
3397,165.6,0,lineo
3398,59.9,0,lineo scolaire
3399,84.5,0,bus lineo
3400,156.4,0,bus
3401,213.8,0,bus
3402,77.3,0,lineo scolaire
3403,201.8,0,bus
3404,168.4,0,bus
3405,154.3,1,metro
3406,164.5,0,bus
3407,234.1,0,bus
3408,234.1,0,bus
3409,290.2,0,bus lineo
3410,160.4,0,bus
3411,72.5,0,bus
3412,55.8,0,bus
3413,101.4,0,bus lineo
3414,75.0,0,bus
3415,82.4,0,bus
3416,123.8,0,bus
3417,335.8,0,bus
3418,149.1,0,bus
3419,130.5,0,bus
3420,192.4,0,bus
3421,48.5,0,bus
3422,24.1,0,lineo
3423,324.8,0,lineo
3424,142.1,0,bus
3425,424.1,0,bus
3426,242.8,0,lineo scolaire
3427,111.4,0,bus
3428,111.4,0,bus
3429,135.8,0,bus
3430,234.8,0,bus
3431,109.7,0,bus
3432,76.5,0,bus
3433,154.4,0,bus
3434,265.9,0,bus lineo
3435,123.2,0,bus
3436,71.1,0,bus lineo
3437,91.5,0,lineo
3438,233.2,0,lineo
3439,205.1,0,bus
3440,60.4,0,bus
3441,390.7,0,bus lineo
3442,35.0,0,bus
3443,33.9,0,bus lineo
3444,210.0,0,bus
3445,239.2,0,bus lineo
3446,134.8,0,bus
3447,198.2,0,bus lineo
3448,3.8,0,bus
3449,290.5,0,bus
3450,19.2,0,lineo
3451,68.3,0,bus
3452,157.5,0,bus
3453,198.7,0,bus
3454,125.8,0,bus
3455,111.7,0,lineo
3456,178.4,0,lineo scolaire
3457,42.5,1,metro
3458,171.5,0,bus
3459,334.8,0,bus lineo
3460,107.1,0,bus
3461,38.0,0,bus
3462,136.1,0,bus lineo
3463,136.1,0,bus lineo
3464,114.5,0,lineo
3465,44.3,0,bus
3466,121.9,0,bus
3467,298.3,0,bus
3468,297.5,0,bus
3469,119.9,0,lineo
3470,473.6,0,bus
3471,41.9,0,bus
3472,169.2,0,bus
3473,115.4,0,lineo
3474,54.7,0,bus
3475,69.3,0,lineo scolaire
3476,195.3,0,lineo scolaire
3477,84.5,0,bus scolaire
3478,159.8,0,bus
3479,55.1,0,bus
3480,106.5,0,bus
3481,70.0,0,scolaire
3482,17.1,0,bus lineo
3483,58.2,0,bus
3484,91.5,0,bus
3485,84.6,0,bus
3486,156.3,0,bus
3487,78.6,0,bus
3488,182.1,0,bus
3489,26.5,0,bus
3490,146.5,0,lineo scolaire
3491,115.5,0,bus
3492,18.5,0,lineo
3493,308.2,0,bus lineo
3494,146.0,0,bus
3495,387.2,1,metro
3496,216.4,0,bus
3497,204.5,0,bus lineo
3498,149.0,1,metro
3499,181.4,0,lineo scolaire
3500,113.6,0,lineo scolaire
3501,174.1,0,bus
3502,133.4,0,bus lineo
3503,42.2,0,bus lineo
3504,109.6,0,bus
3505,287.1,0,bus
3506,114.6,0,bus
3507,170.1,0,bus
3508,32.9,0,bus
3509,214.4,0,bus
3510,180.7,1,metro
3511,272.9,0,bus lineo
3512,16.8,0,bus
3513,288.3,0,bus
3514,17.1,0,bus lineo
3515,37.7,0,bus lineo
3516,137.0,0,bus lineo scolaire
3517,117.9,0,bus
3518,100.2,0,bus
3519,127.7,0,bus scolaire
3520,94.3,0,bus
3521,15.8,0,bus
3522,50.6,0,bus
3523,61.6,0,bus
3524,48.9,0,bus
3525,17.5,0,lineo
3526,139.4,0,bus lineo scolaire
3527,310.9,0,lineo
3528,45.3,0,bus
3529,203.2,0,lineo
3530,124.1,0,bus
3531,180.2,0,lineo
3532,376.0,0,lineo scolaire
3533,137.9,0,bus lineo
3534,40.4,0,lineo
3535,150.0,0,bus
3536,177.6,0,bus
3537,311.2,0,bus
3538,165.6,0,lineo
3539,212.6,0,bus
3540,165.4,0,bus
3541,186.5,0,bus
3542,18.8,0,lineo scolaire
3543,159.4,0,bus lineo scolaire
3544,248.2,0,bus
3545,136.7,0,bus
3546,164.0,0,bus lineo scolaire
3547,164.0,0,bus lineo scolaire
3548,181.4,0,lineo
3549,210.6,0,bus
3550,98.0,1,metro
3551,217.3,0,lineo
3552,101.6,0,bus
3553,194.7,0,bus
3554,239.0,0,bus
3555,98.2,0,bus
3556,172.1,0,lineo scolaire
3557,198.1,0,bus
3558,43.8,0,bus lineo scolaire
3559,223.9,0,bus
3560,171.6,1,metro
3561,259.1,0,bus lineo
3562,141.8,0,bus
3563,282.5,0,lineo
3564,153.6,0,lineo
3565,131.7,0,scolaire
3566,195.5,0,bus
3567,64.8,0,bus scolaire
3568,232.3,0,bus lineo
3569,116.1,0,telepherique
3570,47.8,0,bus
3571,117.9,0,bus
3572,121.2,0,bus
3573,82.6,0,bus
3574,64.2,0,bus
3575,225.7,1,metro
3576,92.1,0,bus
3577,120.4,0,bus
3578,134.5,0,bus
3579,26.7,0,bus
3580,240.7,0,lineo
3581,238.5,0,bus lineo
3582,147.0,0,lineo
3583,136.1,1,metro
3584,118.8,0,tram
3585,96.0,0,bus
3586,208.9,0,bus
3587,157.8,0,bus
3588,45.9,0,bus lineo
3589,175.0,0,bus
3590,124.8,1,metro
3591,59.2,0,scolaire
3592,137.6,0,bus
3593,140.9,0,bus
3594,165.9,0,bus
3595,88.0,0,bus
3596,157.4,0,lineo
3597,121.1,0,bus lineo
3598,30.2,0,bus
3599,189.3,0,lineo
3600,93.0,1,metro
3601,233.8,0,bus
3602,230.0,0,bus
3603,254.6,0,bus
3604,106.5,0,bus
3605,96.3,0,bus scolaire
3606,148.0,0,bus
3607,157.2,0,bus
3608,87.0,0,bus
3609,260.3,0,bus
3610,167.2,0,bus lineo
3611,61.6,0,bus
3612,121.2,0,lineo
3613,98.9,0,bus lineo
3614,143.5,0,bus
3615,166.0,0,bus
3616,171.1,0,bus
3617,41.0,0,bus
3618,207.2,0,bus
3619,14.5,0,bus scolaire
3620,129.9,0,lineo
3621,165.6,0,lineo
3622,205.4,0,bus lineo
3623,205.4,0,bus lineo
3624,205.4,0,bus lineo
3625,205.4,0,bus lineo
3626,34.9,0,bus
3627,114.0,0,bus
3628,76.5,0,bus
3629,94.3,0,bus
3630,35.8,0,bus
3631,265.4,0,bus
3632,176.6,0,bus
3633,143.0,0,bus lineo
3634,223.8,0,bus
3635,134.3,0,bus
3636,304.7,0,bus
3637,213.1,0,bus
3638,51.9,0,lineo
3639,63.7,0,bus
3640,101.3,0,bus lineo
3641,121.9,0,bus
3642,151.4,0,bus
3643,232.4,0,bus
3644,176.6,0,bus
3645,131.7,0,bus
3646,308.2,1,metro
3647,169.6,0,scolaire
3648,90.2,0,bus
3649,24.5,0,bus
3650,124.3,0,bus
3651,266.2,0,bus
3652,144.2,0,bus
3653,37.0,0,bus
3654,61.7,0,bus scolaire
3655,67.7,0,bus
3656,80.1,0,bus
3657,43.1,0,lineo
3658,200.6,0,bus
3659,87.9,0,bus lineo
3660,317.6,0,bus
3661,171.6,1,metro
3662,84.1,0,bus lineo
3663,159.4,0,bus
3664,35.7,0,bus lineo
3665,290.7,0,bus lineo
3666,245.9,0,bus
3667,138.9,0,bus
3668,122.1,0,bus
3669,75.2,0,bus
3670,98.6,0,lineo
3671,99.5,0,bus
3672,95.7,0,bus
3673,76.3,0,bus
3674,168.7,0,scolaire
3675,139.6,0,bus
3676,157.4,0,bus
3677,275.5,0,lineo
3678,64.0,1,metro
3679,170.9,0,bus
3680,181.2,0,bus
3681,140.9,0,bus
3682,134.2,0,bus
3683,161.7,0,bus lineo
3684,119.0,0,bus lineo
3685,59.9,0,tram
3686,84.0,0,lineo
3687,146.5,0,lineo scolaire
3688,8.6,0,lineo
3689,7.4,0,bus
3690,136.8,0,bus
3691,42.2,0,bus
3692,187.5,0,bus
3693,195.3,0,lineo
3694,200.3,1,metro
3695,200.3,1,metro
3696,146.4,0,bus
3697,70.5,0,bus lineo scolaire
3698,153.3,0,bus
3699,97.1,0,lineo scolaire
3700,136.7,0,bus
3701,85.2,0,lineo
3702,192.5,0,bus
3703,119.9,0,bus scolaire
3704,19.6,0,bus
3705,19.6,0,bus
3706,194.7,0,bus lineo
3707,55.7,0,bus
3708,95.4,0,bus
3709,234.1,0,lineo
3710,78.1,0,bus
3711,134.0,0,bus
3712,229.2,0,lineo
3713,435.6,0,bus
3714,74.5,0,bus
3715,129.4,0,bus
3716,173.9,0,lineo
3717,173.9,0,lineo
3718,150.3,0,bus
3719,137.9,0,bus
3720,98.5,0,bus
3721,121.9,0,bus
3722,179.5,0,bus
3723,41.7,0,bus lineo
3724,83.1,0,lineo scolaire
3725,133.8,0,bus
3726,126.1,0,bus
3727,202.8,0,bus
3728,106.9,0,bus
3729,118.3,0,bus
3730,90.8,0,bus
3731,159.4,0,bus lineo
3732,255.0,0,bus lineo
3733,153.9,0,bus lineo
3734,263.8,0,lineo
3735,291.4,0,bus lineo
3736,167.0,0,bus lineo
3737,128.0,0,lineo scolaire
3738,297.3,1,metro
3739,278.0,0,bus scolaire
3740,99.0,0,bus
3741,297.0,0,bus
3742,268.3,0,bus
3743,21.0,0,bus
3744,110.9,0,bus
3745,144.5,1,metro
3746,175.1,0,bus
3747,115.5,0,bus
3748,22.4,0,bus
3749,115.5,0,bus
3750,99.2,0,bus
3751,284.6,0,lineo
3752,237.1,0,bus
3753,195.9,0,bus
3754,311.4,0,lineo
3755,156.3,0,bus
3756,175.7,0,lineo
3757,14.5,0,bus
3758,227.0,0,bus
3759,118.7,0,bus
3760,336.0,0,bus
3761,303.7,0,bus
3762,152.7,0,bus lineo
3763,133.9,0,bus lineo
3764,151.9,0,bus
3765,167.8,0,bus scolaire
3766,227.7,0,bus
3767,148.9,0,bus
3768,157.8,1,metro
3769,118.0,0,bus
3770,164.5,0,lineo scolaire
3771,225.6,0,bus lineo
3772,130.5,0,bus
3773,109.2,0,bus
3774,182.1,0,bus
3775,98.8,0,bus lineo
3776,97.8,0,bus
3777,125.9,0,lineo
3778,84.6,0,bus
3779,177.1,0,bus lineo scolaire
3780,60.5,0,bus scolaire
3781,130.2,0,bus lineo
3782,154.3,1,metro
3783,149.2,0,bus scolaire
3784,136.1,0,bus scolaire
3785,182.8,0,bus lineo
3786,128.4,0,bus
3787,79.4,0,bus lineo
3788,13.8,0,bus
3789,61.6,0,bus
3790,317.2,0,lineo scolaire
3791,100.4,0,bus
3792,16.5,0,lineo
3793,269.4,0,bus
3794,75.9,0,bus
3795,44.2,1,metro
3796,7.4,0,lineo
3797,216.5,0,bus
3798,171.5,0,bus scolaire
3799,74.9,0,tram
3800,119.8,0,lineo
3801,109.7,1,metro
3802,120.7,0,bus
3803,155.1,0,bus lineo
3804,155.1,0,bus lineo
3805,192.8,0,bus
3806,142.1,0,bus
3807,67.9,0,bus
3808,141.5,0,bus lineo
3809,88.9,0,bus
3810,13.2,0,bus
3811,165.6,0,bus
3812,304.2,1,metro
3813,103.6,0,lineo
3814,150.2,0,bus lineo
3815,156.1,0,bus
3816,165.6,0,bus
3817,284.4,0,bus
3818,59.0,0,bus
3819,210.5,0,bus lineo scolaire
3820,122.4,0,bus
3821,224.5,0,bus
3822,255.6,0,bus
3823,172.2,0,bus
3824,36.7,0,bus
3825,80.0,1,metro
3826,125.9,0,bus
3827,90.8,0,lineo
3828,75.0,0,bus
3829,133.1,0,lineo
3830,99.4,0,bus lineo
3831,145.5,0,bus
3832,130.2,0,lineo
3833,85.3,0,bus lineo scolaire
3834,57.8,0,bus
3835,8.7,0,bus lineo
3836,274.2,0,bus lineo
3837,129.4,1,metro
3838,98.3,0,bus
3839,337.1,0,lineo
3840,120.9,0,bus
3841,291.1,0,bus
3842,93.7,1,metro
3843,396.6,0,bus
3844,44.2,0,bus
3845,162.9,0,bus lineo
3846,160.6,0,bus
3847,278.0,0,bus scolaire
3848,128.8,0,bus
3849,128.8,0,bus
3850,127.2,0,lineo
3851,88.1,0,bus lineo
3852,95.6,0,scolaire
3853,86.9,0,bus lineo
3854,60.0,0,bus lineo scolaire
3855,135.2,0,bus
3856,55.6,0,bus
3857,205.2,0,bus lineo scolaire
3858,152.9,0,bus
3859,34.5,0,tram
3860,65.1,0,scolaire
3861,66.5,0,bus
3862,141.3,0,bus lineo
3863,175.1,0,lineo
3864,102.4,0,bus
3865,102.4,0,bus
3866,128.4,0,bus
3867,428.6,0,bus
3868,231.8,0,lineo
3869,131.0,0,bus
3870,122.7,0,bus
3871,219.3,0,bus
3872,153.1,0,bus lineo scolaire
3873,40.2,0,bus
3874,215.7,0,bus
3875,269.5,0,bus lineo scolaire
3876,126.7,0,lineo
3877,113.7,0,bus lineo scolaire
3878,164.8,0,bus lineo
3879,45.0,0,bus
3880,213.7,0,bus lineo
3881,373.5,0,bus
3882,54.2,0,bus
3883,127.2,0,lineo
3884,117.1,0,scolaire
3885,82.7,0,bus
3886,30.2,0,lineo
3887,286.0,0,lineo scolaire
3888,278.0,1,metro
3889,113.1,0,bus
3890,109.6,0,bus
3891,267.1,0,bus
3892,136.4,0,bus
3893,324.7,0,bus
3894,28.6,0,bus
3895,32.4,0,bus scolaire
3896,115.8,0,bus
3897,228.5,0,bus lineo
3898,6.5,1,metro
3899,135.3,0,lineo
3900,409.8,0,bus scolaire
3901,221.9,0,lineo scolaire
3902,117.2,0,bus
3903,93.0,0,bus
3904,372.6,1,metro
3905,164.2,0,bus
3906,97.5,0,lineo
3907,173.1,0,bus
3908,324.8,0,bus
3909,43.5,0,bus lineo
3910,66.8,0,bus
3911,145.9,0,bus
3912,351.3,0,bus
3913,70.6,1,metro
3914,36.2,0,bus
3915,35.0,0,bus
3916,109.7,0,bus lineo
3917,109.7,0,bus lineo
3918,29.8,0,bus lineo
3919,142.7,0,bus
3920,220.5,0,lineo scolaire
3921,23.5,0,bus
3922,98.6,0,lineo
3923,68.3,0,bus
3924,118.0,0,bus
3925,357.5,0,bus lineo
3926,63.8,0,lineo
3927,283.7,0,bus
3928,65.1,0,lineo scolaire
3929,294.8,0,bus
3930,152.4,0,bus lineo
3931,243.6,0,bus
3932,125.7,0,bus
3933,91.3,0,bus
3934,93.7,0,bus
3935,113.4,0,bus
3936,159.9,0,bus
3937,238.6,0,bus scolaire
3938,42.5,0,bus lineo
3939,116.4,0,bus
3940,200.7,0,lineo
3941,200.6,0,bus
3942,126.2,0,bus
3943,126.2,0,bus
3944,126.2,0,bus
3945,105.5,0,lineo
3946,166.4,1,metro
3947,33.7,0,bus
3948,71.1,0,bus lineo
3949,199.0,0,tram
3950,287.8,0,bus
3951,174.6,0,bus
3952,42.0,0,lineo
3953,114.2,0,bus lineo
3954,80.1,0,bus
3955,71.3,0,bus
3956,12.8,0,lineo scolaire
3957,59.6,0,lineo
3958,123.7,0,bus
3959,55.8,0,bus
3960,197.6,0,bus
3961,179.7,0,bus
3962,124.3,1,metro
3963,12.9,0,bus scolaire
3964,48.9,0,bus
3965,113.3,0,bus
3966,229.0,0,bus
3967,202.2,0,lineo
3968,172.7,0,bus lineo
3969,175.5,0,bus
3970,44.6,0,lineo scolaire
3971,173.1,0,bus
3972,58.0,0,bus
3973,140.6,0,bus
3974,230.1,0,bus
3975,111.6,0,bus
3976,219.3,0,bus lineo
3977,14.5,0,bus scolaire
3978,205.5,0,bus
3979,110.3,0,bus
3980,161.0,0,bus
3981,100.2,0,bus
3982,155.1,0,bus lineo
3983,113.1,0,bus
3984,116.3,0,bus
3985,113.5,0,bus
3986,90.0,0,bus
3987,195.1,0,bus
3988,237.5,0,tram
3989,185.7,0,bus
3990,185.7,0,bus
3991,97.8,0,bus
3992,219.5,0,bus scolaire
3993,159.7,1,metro
3994,39.6,0,bus scolaire
3995,132.2,0,bus lineo
3996,35.3,0,bus
3997,92.2,0,bus
3998,306.4,0,lineo scolaire
3999,204.9,0,bus
4000,225.5,0,bus
4001,121.3,0,bus
4002,213.8,0,bus lineo
4003,185.7,0,bus
4004,138.3,0,lineo scolaire
4005,61.5,0,bus
4006,205.2,0,bus
4007,50.2,0,bus
4008,168.2,0,bus lineo scolaire
4009,177.7,0,bus
4010,76.3,0,bus
4011,104.9,0,bus
4012,79.1,0,bus
4013,139.4,0,bus
4014,98.2,0,bus scolaire
4015,280.4,0,bus
4016,174.0,0,bus
4017,59.4,0,bus
4018,196.3,0,bus lineo
4019,196.3,0,bus lineo
4020,170.8,0,bus
4021,171.5,0,bus scolaire
4022,84.4,0,bus
4023,199.5,0,lineo scolaire
4024,180.7,1,metro
4025,110.5,0,bus
4026,110.5,0,bus
4027,110.5,0,bus
4028,329.6,0,lineo
4029,188.2,0,bus
4030,130.7,1,metro
4031,12.4,0,lineo scolaire
4032,106.4,1,metro
4033,205.0,0,bus
4034,160.1,0,bus lineo
4035,198.9,0,bus
4036,222.3,0,bus
4037,128.1,0,bus
4038,58.8,0,bus
4039,130.5,0,bus
4040,172.4,0,scolaire
4041,26.7,0,bus
4042,161.7,0,bus
4043,78.4,0,bus
4044,127.7,0,bus scolaire
4045,286.0,0,lineo scolaire
4046,139.9,0,tram
4047,55.0,0,bus
4048,119.0,0,bus lineo
4049,84.4,0,bus
4050,115.5,0,bus
4051,115.5,0,bus
4052,115.5,0,bus
4053,115.5,0,bus
4054,239.5,0,bus
4055,73.2,0,bus
4056,116.4,0,lineo
4057,176.6,0,bus
4058,176.6,0,bus
4059,257.7,0,bus
4060,240.3,0,bus
4061,165.8,0,lineo
4062,165.6,0,bus
4063,148.4,0,bus
4064,111.2,0,lineo
4065,89.0,0,lineo
4066,139.3,0,bus
4067,27.4,0,bus
4068,58.9,0,lineo
4069,27.7,0,bus lineo scolaire
4070,154.2,1,metro
4071,237.4,0,bus
4072,165.4,0,bus
4073,252.1,0,bus
4074,75.0,0,bus
4075,186.0,0,bus lineo
4076,307.1,0,lineo
4077,296.1,0,lineo
4078,20.2,0,lineo
4079,14.1,0,bus
4080,53.9,0,bus
4081,160.0,0,bus
4082,123.2,0,lineo
4083,108.2,0,bus
4084,61.1,0,bus
4085,36.0,0,lineo
4086,135.3,0,bus
4087,566.9,0,bus
4088,54.9,0,bus lineo
4089,240.4,0,bus lineo
4090,42.0,0,bus
4091,108.5,0,bus
4092,7.1,0,bus
4093,152.5,0,bus scolaire
4094,182.0,1,metro
4095,97.8,0,bus
4096,133.2,0,lineo scolaire
4097,139.6,0,scolaire
4098,174.5,0,bus
4099,93.5,0,bus
4100,109.7,0,bus
4101,68.3,0,bus
4102,165.7,0,bus lineo
4103,119.7,0,bus
4104,269.9,1,metro
4105,64.0,0,bus
4106,155.8,0,lineo
4107,311.5,0,bus
4108,166.2,0,bus
4109,120.3,1,metro
4110,166.6,0,lineo
4111,166.6,0,lineo
4112,166.6,0,lineo
4113,166.6,0,lineo
4114,166.6,0,lineo
4115,91.7,0,bus
4116,145.2,0,bus
4117,125.8,0,tram
4118,105.5,0,lineo
4119,240.0,0,bus lineo
4120,162.6,0,bus
4121,195.3,0,lineo
4122,67.6,0,bus
4123,96.7,0,bus
4124,172.5,0,bus
4125,243.9,0,lineo
4126,132.7,0,bus
4127,166.3,0,lineo
4128,161.4,0,bus lineo scolaire
4129,16.0,0,bus lineo
4130,198.5,0,lineo
4131,184.2,0,bus lineo
4132,179.4,0,bus scolaire
4133,179.4,0,bus scolaire
4134,220.7,0,bus lineo
4135,220.7,0,bus lineo
4136,220.7,0,bus lineo
4137,220.7,0,bus lineo
4138,124.3,0,bus
4139,20.8,0,bus
4140,68.1,0,bus
4141,47.4,1,metro
4142,65.6,0,bus
4143,126.0,0,bus lineo
4144,143.0,0,bus
4145,88.1,0,bus lineo
4146,242.8,0,bus scolaire
4147,52.3,0,bus
4148,11.0,0,bus
4149,90.1,0,bus
4150,157.1,0,tram
4151,113.5,0,bus
4152,247.2,0,lineo scolaire
4153,140.8,0,bus lineo
4154,87.6,0,bus
4155,160.8,0,bus lineo
4156,355.0,0,bus scolaire
4157,59.6,0,bus
4158,61.6,0,bus
4159,262.1,1,metro
4160,262.1,1,metro
4161,9.4,0,bus
4162,233.2,0,bus
4163,150.3,0,lineo scolaire
4164,258.0,0,lineo scolaire
4165,148.1,0,bus
4166,153.5,0,bus
4167,219.9,0,bus lineo
4168,63.3,0,lineo
4169,161.0,0,bus
4170,135.5,0,bus lineo
4171,123.5,0,bus
4172,226.1,0,bus
4173,144.4,0,bus
4174,80.1,0,bus
4175,251.1,0,bus
4176,116.0,0,bus
4177,344.2,0,bus
4178,183.2,1,metro
4179,61.6,0,bus
4180,170.7,0,lineo scolaire
4181,275.7,0,lineo
4182,14.2,0,bus
4183,18.5,0,bus
4184,149.4,0,bus
4185,190.4,0,bus
4186,330.7,0,lineo scolaire
4187,120.9,0,bus
4188,204.4,0,bus
4189,134.8,0,bus
4190,32.3,0,bus
4191,166.3,0,lineo
4192,127.8,0,bus lineo scolaire
4193,48.3,0,bus
4194,207.6,0,bus lineo
4195,146.5,0,lineo scolaire
4196,234.5,0,bus lineo scolaire
4197,109.2,0,bus
4198,135.7,0,bus
4199,180.2,0,lineo
4200,326.9,0,bus lineo
4201,164.0,0,bus lineo scolaire
4202,164.0,0,bus lineo scolaire
4203,142.2,0,bus
4204,47.8,0,lineo
4205,142.7,0,bus
4206,114.9,0,bus
4207,42.9,0,bus
4208,171.1,0,bus
4209,195.4,0,bus lineo
4210,365.1,1,metro
4211,45.0,0,bus
4212,74.6,0,lineo
4213,42.8,1,metro
4214,48.3,0,bus
4215,37.1,0,bus
4216,75.6,0,bus lineo
4217,150.3,0,bus
4218,123.9,0,bus
4219,69.3,0,scolaire
4220,223.3,0,bus
4221,32.5,0,bus
4222,71.2,0,bus
4223,76.2,0,bus
4224,134.8,0,bus lineo
4225,87.8,0,bus
4226,512.6,0,bus
4227,104.7,0,bus
4228,109.7,0,bus
4229,127.4,0,bus lineo
4230,105.6,0,bus
4231,159.0,1,metro
4232,298.2,0,bus
4233,174.5,0,bus lineo
4234,69.5,0,bus lineo
4235,107.1,1,metro
4236,285.4,0,bus
4237,86.5,0,bus
4238,84.5,0,bus scolaire
4239,34.6,0,bus
4240,145.7,0,bus
4241,421.3,0,lineo
4242,200.7,0,bus lineo
4243,100.8,0,bus lineo scolaire
4244,163.8,0,lineo
4245,252.1,0,bus
4246,116.5,0,bus
4247,57.8,0,bus
4248,217.3,0,bus
4249,93.6,0,bus lineo
4250,85.0,0,bus lineo
4251,155.0,0,bus
4252,74.6,0,bus lineo
4253,82.7,0,bus
4254,223.3,0,bus
4255,165.5,0,bus
4256,50.3,0,bus
4257,202.3,0,bus
4258,118.7,0,bus
4259,156.0,0,bus
4260,315.0,0,bus
4261,315.0,0,bus
4262,45.0,0,bus
4263,191.7,0,bus
4264,144.4,0,bus
4265,134.2,0,bus
4266,141.7,0,bus
4267,235.9,0,bus
4268,138.3,0,bus
4269,186.1,0,bus
4270,350.9,0,bus
4271,17.1,0,bus lineo
4272,89.4,0,bus lineo
4273,118.2,0,bus
4274,177.7,0,bus
4275,66.5,0,bus
4276,222.2,0,bus scolaire
4277,75.7,0,bus
4278,107.4,0,bus
4279,142.2,0,bus
4280,153.8,0,bus
4281,70.8,0,lineo
4282,19.2,0,lineo
4283,202.2,0,bus
4284,114.6,0,bus
4285,86.3,0,bus
4286,285.9,0,lineo
4287,198.8,0,lineo scolaire
4288,124.4,0,bus
4289,234.3,0,bus
4290,82.7,0,bus
4291,163.9,0,bus
4292,291.8,0,bus
4293,164.5,0,bus lineo
4294,210.8,0,bus
4295,334.8,0,bus
4296,151.4,0,bus
4297,28.4,0,bus
4298,305.9,0,bus
4299,3.8,0,bus
4300,148.7,0,scolaire
4301,153.0,0,bus
4302,62.2,0,bus
4303,216.9,0,bus lineo
4304,613.0,0,bus
4305,200.9,0,bus lineo
4306,250.9,0,bus lineo
4307,129.1,0,bus
4308,109.9,0,lineo scolaire
4309,109.6,0,lineo
4310,91.6,0,bus
4311,58.9,0,bus
4312,238.0,1,metro
4313,157.3,0,bus
4314,14.6,0,lineo
4315,255.9,0,bus lineo
4316,344.2,0,bus
4317,97.9,0,bus scolaire
4318,136.5,0,bus
4319,151.4,0,bus
4320,50.2,0,bus
4321,240.9,0,bus
4322,202.4,0,bus scolaire
4323,73.7,0,lineo
4324,113.4,0,bus
4325,11.9,0,bus
4326,275.2,0,bus
4327,123.2,0,bus
4328,33.5,0,lineo
4329,121.5,1,metro
4330,150.7,0,bus
4331,24.5,0,bus
4332,187.5,0,bus
4333,285.3,0,bus
4334,160.9,0,lineo
4335,67.8,0,bus
4336,58.8,0,scolaire
4337,124.8,0,bus
4338,202.2,0,bus
4339,311.5,0,bus
4340,124.3,0,bus
4341,256.1,0,bus lineo
4342,122.9,0,bus
4343,137.9,0,bus
4344,105.1,0,bus
4345,91.1,0,bus
4346,165.7,0,lineo
4347,195.2,0,bus
4348,108.8,0,lineo
4349,126.2,0,bus
4350,158.5,0,bus
4351,148.4,0,bus
4352,42.2,0,bus
4353,198.3,0,bus
4354,133.5,0,bus
4355,207.2,1,metro
4356,181.0,0,tram
4357,97.8,0,bus lineo
4358,22.0,0,lineo
4359,111.3,0,bus
4360,22.0,0,lineo
4361,137.9,0,bus lineo
4362,106.3,0,bus
4363,123.9,0,bus
4364,216.3,1,metro
4365,25.3,0,bus
4366,112.3,0,lineo
4367,105.8,0,lineo scolaire
4368,43.6,0,bus
4369,63.0,0,bus
4370,247.2,0,bus lineo
4371,73.3,0,bus
4372,141.0,0,bus scolaire
4373,26.4,0,bus
4374,162.4,0,bus
4375,192.9,0,bus lineo
4376,85.4,0,lineo
4377,173.6,0,bus
4378,243.9,0,lineo
4379,80.9,1,metro
4380,84.4,0,bus lineo
4381,188.4,0,bus
4382,58.8,0,bus
4383,98.2,0,bus
4384,187.2,0,bus lineo
4385,134.8,0,bus
4386,48.0,0,bus
4387,284.5,0,lineo
4388,130.8,0,bus
4389,99.1,1,metro
4390,102.9,0,bus
4391,109.6,0,bus
4392,153.9,0,bus
4393,48.7,0,bus lineo
4394,10.2,0,bus
4395,246.6,1,metro
4396,106.8,0,bus lineo
4397,262.0,0,bus
4398,87.7,0,bus
4399,128.4,0,bus
4400,119.0,0,bus lineo
4401,84.0,0,lineo
4402,144.6,0,bus
4403,79.4,0,bus lineo
4404,42.6,0,bus
4405,297.1,0,bus
4406,233.7,0,bus
4407,85.6,0,bus
4408,85.6,0,bus
4409,140.4,0,bus
4410,40.0,0,lineo
4411,125.2,0,bus
4412,65.4,0,lineo
4413,92.3,0,bus
4414,155.0,0,bus lineo
4415,66.7,0,lineo scolaire
4416,369.6,0,lineo scolaire
4417,57.7,0,bus
4418,43.7,0,bus
4419,29.4,0,bus
4420,29.4,0,bus
4421,29.4,0,bus
4422,29.4,0,bus
4423,105.0,0,bus lineo
4424,32.9,0,bus
4425,293.2,0,bus lineo
4426,174.8,0,bus
4427,75.7,0,lineo
4428,64.3,0,bus
4429,75.6,0,bus lineo
4430,142.2,0,bus
4431,208.3,0,bus lineo
4432,78.6,0,bus
4433,141.0,0,bus
4434,79.3,0,lineo
4435,156.5,0,bus
4436,367.7,0,lineo
4437,367.7,0,lineo
4438,66.4,0,bus
4439,97.7,0,bus
4440,266.9,0,bus
4441,151.7,0,lineo
4442,15.1,0,bus
4443,127.7,0,bus scolaire
4444,104.7,0,bus
4445,102.4,0,lineo scolaire
4446,177.4,0,bus lineo
4447,31.6,0,bus
4448,64.1,0,bus
4449,155.8,0,lineo
4450,101.6,0,bus
4451,87.6,0,bus
4452,188.3,0,bus
4453,277.8,0,bus
4454,111.2,0,bus
4455,183.6,0,bus
4456,77.3,0,lineo
4457,125.7,0,bus
4458,162.5,0,bus
4459,70.0,0,lineo
4460,86.4,0,bus
4461,124.6,0,bus lineo
4462,153.1,0,bus lineo
4463,28.6,0,bus
4464,146.5,0,lineo scolaire
4465,127.7,0,bus scolaire
4466,161.1,0,bus
4467,93.2,0,bus
4468,52.5,0,bus lineo
4469,120.5,0,bus
4470,8.4,0,lineo
4471,239.1,0,bus
4472,76.5,0,bus
4473,156.3,0,bus
4474,245.9,0,bus
4475,79.4,0,lineo
4476,98.5,0,bus
4477,116.0,0,bus
4478,292.8,1,metro
4479,68.6,0,lineo
4480,84.3,0,bus lineo scolaire
4481,255.9,0,bus lineo scolaire
4482,29.5,0,bus
4483,147.5,0,bus lineo
4484,84.0,0,bus
4485,84.9,0,bus lineo
4486,137.5,0,bus
4487,94.9,0,bus
4488,116.4,0,bus
4489,38.1,1,metro
4490,144.9,0,bus
4491,156.9,0,bus lineo
4492,22.0,0,lineo
4493,378.7,0,bus
4494,423.0,0,lineo
4495,22.0,0,lineo
4496,155.8,0,lineo
4497,32.3,0,bus lineo
4498,126.2,0,bus
4499,166.3,0,lineo
4500,103.6,0,bus
4501,26.3,0,bus
4502,149.8,0,bus lineo
4503,86.9,0,bus
4504,86.9,0,bus
4505,94.4,0,bus
4506,233.5,0,bus
4507,95.7,0,bus
4508,165.6,0,bus scolaire
4509,73.5,0,bus
4510,330.8,0,bus
4511,148.8,0,bus
4512,183.8,0,bus lineo
4513,52.9,0,bus
4514,52.8,0,bus
4515,129.1,0,bus
4516,100.8,0,bus
4517,203.3,0,bus
4518,191.8,0,lineo
4519,84.4,0,bus
4520,275.5,0,lineo
4521,91.9,0,bus
4522,81.9,0,bus
4523,132.7,0,bus
4524,116.3,0,bus
4525,213.0,0,bus
4526,197.5,0,bus
4527,142.2,0,bus
4528,22.9,0,bus lineo
4529,134.5,0,bus
4530,170.7,0,bus
4531,130.0,0,bus
4532,233.7,0,bus
4533,27.3,0,bus lineo
4534,133.9,0,bus lineo
4535,262.5,0,lineo
4536,78.2,0,bus
4537,249.4,0,bus
4538,22.0,0,lineo
4539,178.8,0,bus
4540,29.2,0,bus
4541,92.6,0,lineo scolaire
4542,111.9,0,bus
4543,130.2,0,lineo
4544,87.5,0,bus
4545,123.2,0,bus
4546,125.5,0,tram
4547,49.6,0,scolaire
4548,73.3,0,bus
4549,67.6,0,scolaire
4550,75.3,0,bus
4551,277.6,0,bus
4552,126.2,0,bus
4553,233.6,0,lineo
4554,106.2,0,bus
4555,262.4,0,bus
4556,205.0,0,bus
4557,69.1,0,lineo
4558,320.6,0,bus
4559,147.1,0,bus
4560,46.1,0,lineo
4561,97.5,0,bus
4562,175.3,0,bus
4563,143.5,0,bus
4564,106.9,0,bus
4565,243.6,0,bus
4566,109.5,0,bus
4567,261.8,0,bus
4568,224.4,0,bus
4569,133.3,1,metro
4570,137.9,0,bus
4571,364.1,0,bus
4572,73.6,0,bus scolaire
4573,101.8,0,bus lineo
4574,146.3,0,bus
4575,138.4,0,bus
4576,193.6,0,bus
4577,266.7,0,bus scolaire
4578,461.0,0,lineo
4579,85.2,0,lineo
4580,112.3,0,lineo
4581,164.5,1,metro
4582,137.9,0,bus
4583,212.8,0,bus
4584,164.4,0,bus
4585,156.3,0,bus
4586,20.3,0,bus
4587,116.2,0,scolaire
4588,12.4,0,lineo scolaire
4589,158.0,0,lineo
4590,109.6,0,bus
4591,312.7,0,bus lineo
4592,210.6,0,bus
4593,357.4,0,bus
4594,195.3,0,lineo
4595,96.6,0,bus lineo
4596,96.6,0,bus lineo
4597,123.8,0,bus
4598,115.6,0,lineo
4599,52.2,0,bus lineo
4600,18.0,0,bus
4601,78.8,0,lineo
4602,125.2,0,bus lineo scolaire
4603,251.8,0,bus
4604,301.5,0,bus
4605,38.0,0,bus
4606,255.8,0,bus lineo scolaire
4607,167.1,1,metro
4608,269.9,0,bus
4609,176.8,0,bus lineo
4610,157.7,0,bus lineo
4611,118.7,0,bus
4612,231.7,1,metro
4613,252.7,0,bus scolaire
4614,100.4,0,lineo
4615,101.8,0,bus
4616,150.8,0,bus
4617,106.3,0,bus
4618,55.7,0,bus
4619,44.3,0,bus
4620,50.1,0,bus
4621,148.9,0,bus
4622,113.3,0,bus
4623,36.7,0,bus
4624,142.1,0,bus
4625,116.0,0,bus
4626,53.7,0,bus
4627,126.7,0,lineo
4628,5.7,0,lineo
4629,78.1,0,bus
4630,266.7,0,bus scolaire
4631,68.6,0,lineo
4632,66.3,0,bus
4633,43.8,0,bus
4634,360.0,0,bus
4635,436.5,0,bus
4636,202.2,0,bus
4637,64.0,0,bus
4638,214.3,0,bus
4639,45.8,0,bus lineo scolaire
4640,131.8,0,bus lineo
4641,142.3,0,bus lineo
4642,87.5,0,bus lineo scolaire
4643,134.9,0,lineo scolaire
4644,243.7,0,bus
4645,185.7,0,bus
4646,156.3,0,bus
4647,66.8,0,bus
4648,112.3,0,bus
4649,366.0,0,lineo
4650,26.2,0,bus
4651,86.9,0,bus
4652,104.7,0,bus
4653,185.5,0,lineo
4654,129.7,0,bus
4655,242.8,0,bus scolaire
4656,113.8,0,tram
4657,101.1,0,bus
4658,236.9,0,bus
4659,188.2,0,bus lineo
4660,122.4,0,bus
4661,167.9,0,bus
4662,43.0,0,bus lineo
4663,115.6,0,bus lineo
4664,129.2,0,bus
4665,91.5,0,lineo
4666,192.9,0,bus
4667,113.7,0,bus lineo
4668,162.9,0,bus
4669,127.0,0,bus lineo
4670,114.1,0,bus
4671,125.8,0,tram
4672,88.4,0,bus lineo
4673,27.7,0,bus lineo scolaire
4674,106.9,0,bus
4675,64.3,0,bus
4676,102.4,0,lineo
4677,136.6,0,bus
4678,78.4,0,bus lineo
4679,67.6,0,bus
4680,123.2,0,lineo
4681,16.3,0,bus scolaire
4682,171.5,0,bus
4683,67.9,0,bus
4684,74.8,0,bus
4685,126.2,0,bus
4686,126.2,0,bus
4687,13.7,0,bus
4688,193.8,0,bus
4689,112.6,0,tram
4690,135.5,0,bus lineo
4691,141.8,0,bus lineo
4692,44.2,0,bus
4693,146.8,0,bus
4694,307.1,0,scolaire
4695,173.5,0,bus
4696,93.9,0,bus
4697,156.3,0,bus
4698,83.0,0,bus lineo
4699,176.5,0,bus lineo scolaire
4700,409.6,0,lineo scolaire
4701,206.5,0,bus
4702,113.1,0,lineo
4703,122.5,0,bus
4704,167.0,0,bus lineo
4705,144.5,0,bus
4706,176.2,0,bus
4707,31.4,0,bus
4708,34.9,0,bus
4709,100.0,0,bus
4710,30.6,0,bus
4711,241.2,0,bus
4712,67.6,0,bus
4713,88.2,0,bus lineo
4714,111.2,0,lineo
4715,263.3,1,metro
4716,79.4,0,lineo
4717,219.3,0,lineo
4718,72.3,0,bus
4719,209.9,0,lineo
4720,151.4,0,bus
4721,29.9,0,bus
4722,96.3,0,bus
4723,96.3,0,bus
4724,5.9,0,bus
4725,181.0,0,tram
4726,406.7,0,bus
4727,246.0,0,bus lineo
4728,165.6,0,lineo
4729,295.4,0,bus
4730,121.0,0,bus
4731,243.6,0,bus
4732,48.5,0,bus
4733,224.7,0,bus
4734,136.5,0,bus
4735,356.7,0,lineo
4736,137.0,0,bus
4737,176.4,0,bus lineo
4738,26.2,0,bus
4739,137.0,0,bus
4740,100.0,0,bus lineo
4741,341.2,0,scolaire
4742,111.2,0,lineo
4743,27.6,1,metro
4744,106.3,0,bus lineo scolaire
4745,125.7,0,bus
4746,120.1,0,bus lineo
4747,142.2,0,bus
4748,142.2,0,bus
4749,142.2,0,bus
4750,5.7,0,lineo
4751,143.6,0,bus scolaire
4752,47.8,0,scolaire
4753,266.5,0,bus
4754,35.4,0,bus
4755,72.8,0,bus scolaire
4756,161.0,0,lineo scolaire
4757,294.1,1,metro
4758,118.6,0,bus
4759,142.2,0,bus
4760,138.3,0,lineo scolaire
4761,46.3,0,bus
4762,254.2,0,lineo
4763,195.9,0,bus
4764,46.7,0,bus
4765,46.7,0,bus
4766,77.7,0,bus
4767,273.4,0,bus lineo
4768,87.1,0,lineo
4769,113.9,1,metro
4770,162.5,0,bus
4771,154.4,0,bus lineo
4772,254.3,0,bus
4773,241.9,0,bus lineo
4774,128.5,0,bus
4775,45.5,0,bus
4776,235.9,0,bus
4777,220.0,0,bus
4778,103.3,0,bus
4779,37.0,0,bus
4780,80.1,0,bus
4781,62.3,0,bus
4782,139.7,0,bus scolaire
4783,114.7,0,bus
4784,47.0,0,bus
4785,168.3,0,bus
4786,129.7,0,bus
4787,64.8,1,metro
4788,222.7,0,bus
4789,102.8,0,bus
4790,160.0,0,bus
4791,165.1,0,lineo scolaire
4792,77.8,0,bus
4793,112.2,0,bus
4794,54.1,0,bus
4795,61.9,0,bus lineo
4796,15.5,0,bus scolaire
4797,117.0,0,bus
4798,220.9,0,bus
4799,228.6,0,bus
4800,157.8,1,metro
4801,137.4,0,bus
4802,162.5,0,bus
4803,49.4,0,bus
4804,206.5,0,bus
4805,206.5,0,bus
4806,206.5,0,bus
4807,104.7,0,bus lineo
4808,94.0,0,bus
4809,144.5,0,bus
4810,129.1,0,tram
4811,95.3,0,bus
4812,36.0,0,lineo
4813,215.4,0,bus
4814,123.5,0,bus
4815,297.5,0,bus
4816,109.5,0,bus
4817,187.7,0,bus
4818,66.1,0,bus
4819,66.1,0,bus
4820,17.9,0,bus
4821,6.7,0,bus
4822,72.7,0,bus
4823,148.9,0,bus
4824,187.7,0,bus
4825,158.4,0,bus
4826,34.9,0,bus
4827,166.4,0,bus
4828,179.8,0,bus
4829,78.5,0,bus
4830,155.0,0,bus
4831,195.0,0,bus
4832,140.6,0,bus
4833,177.8,0,bus
4834,41.3,0,lineo
4835,359.6,0,lineo scolaire
4836,312.8,0,bus lineo
4837,155.5,0,bus
4838,81.2,0,lineo
4839,202.2,0,lineo
4840,64.3,0,bus
4841,75.2,0,bus
4842,33.9,0,bus
4843,172.6,0,bus
4844,162.9,0,bus
4845,18.8,0,bus
4846,59.9,0,tram
4847,172.3,0,bus
4848,95.5,0,bus
4849,95.5,0,bus
4850,95.5,0,bus
4851,25.6,0,bus
4852,136.6,0,bus
4853,98.4,0,bus
4854,288.9,1,metro
4855,117.7,0,lineo
4856,23.5,0,bus
4857,114.5,0,bus
4858,119.0,0,bus lineo scolaire
4859,154.2,0,bus lineo
4860,116.0,0,bus
4861,85.1,0,bus lineo scolaire
4862,185.2,0,bus
4863,117.7,0,bus
4864,210.8,0,bus lineo
4865,302.9,0,scolaire
4866,66.3,0,bus
4867,66.3,0,bus
4868,11.9,0,bus
4869,301.9,0,lineo scolaire
4870,169.4,0,lineo scolaire
4871,241.4,0,bus lineo scolaire
4872,241.4,0,bus lineo scolaire
4873,241.4,0,bus lineo scolaire
4874,105.3,0,bus
4875,105.9,0,bus scolaire
4876,155.8,0,lineo
4877,155.8,0,lineo
4878,294.3,1,metro
4879,82.3,0,bus
4880,40.0,0,bus
4881,40.0,0,bus
4882,40.0,0,bus
4883,22.1,0,bus
4884,173.5,0,bus lineo
4885,87.5,0,bus lineo scolaire
4886,324.0,0,bus
4887,281.3,0,bus
4888,343.9,0,bus
4889,77.7,0,bus lineo scolaire
4890,24.5,0,bus
4891,19.8,0,bus
4892,19.8,0,bus
4893,219.3,0,bus
4894,142.2,0,lineo
4895,79.3,0,bus
4896,370.8,0,lineo scolaire
4897,200.7,0,lineo
4898,164.4,0,lineo
4899,66.8,0,bus
4900,142.1,1,metro
4901,109.2,0,bus
4902,178.6,1,metro
4903,173.7,0,bus
4904,75.4,0,bus
4905,160.6,0,bus lineo
4906,85.1,0,bus
4907,137.4,0,bus lineo
4908,81.2,0,lineo
4909,123.0,0,bus lineo
4910,283.7,0,bus
4911,109.4,0,lineo
4912,68.5,0,bus
4913,57.6,0,bus
4914,57.6,0,bus
4915,209.2,0,bus lineo scolaire
4916,107.0,0,lineo
4917,161.9,0,bus
4918,100.5,0,bus
4919,127.4,0,bus lineo
4920,15.2,0,bus
4921,130.4,0,bus
4922,130.4,0,bus
4923,130.4,0,bus
4924,130.4,0,bus
4925,276.6,0,bus
4926,60.2,0,bus
4927,24.5,1,metro
4928,262.5,0,bus lineo
4929,27.8,0,lineo
4930,127.2,0,lineo
4931,117.1,1,metro
4932,94.0,0,bus
4933,24.0,0,bus
4934,24.0,0,bus
4935,73.3,0,bus
4936,123.2,0,lineo
4937,78.5,0,bus
4938,130.2,0,lineo
4939,29.5,0,bus
4940,85.1,0,bus
4941,139.9,0,bus
4942,55.5,0,bus lineo
4943,20.6,0,bus
4944,395.1,0,lineo scolaire
4945,98.6,0,bus
4946,8.4,0,lineo
4947,92.6,0,lineo scolaire
4948,78.4,0,bus
4949,153.8,0,bus
4950,80.2,0,lineo
4951,28.7,0,bus
4952,139.2,0,lineo
4953,89.7,0,bus lineo
4954,5.8,0,bus
4955,47.1,0,bus
4956,183.1,0,lineo
4957,107.9,0,lineo scolaire
4958,34.7,0,bus
4959,234.8,0,scolaire
4960,305.6,1,metro
4961,84.0,0,bus
4962,202.2,0,lineo
4963,289.1,0,bus
4964,75.1,0,lineo
4965,51.0,0,bus
4966,126.5,0,bus
4967,138.4,0,bus lineo
4968,138.4,0,bus lineo
4969,138.4,0,bus lineo
4970,138.4,0,bus lineo
4971,138.4,0,bus lineo
4972,498.8,0,bus
4973,77.0,0,bus lineo
4974,205.2,0,bus lineo
4975,100.8,0,bus lineo scolaire
4976,328.4,0,bus
4977,202.1,1,metro
4978,220.6,0,bus
4979,164.8,0,bus
4980,213.8,0,bus lineo
4981,122.0,0,bus lineo
4982,22.0,0,lineo
4983,214.7,1,metro
4984,179.8,0,lineo scolaire
4985,179.8,0,lineo scolaire
4986,123.4,0,bus
4987,97.9,0,bus
4988,97.9,0,bus
4989,97.9,0,bus
4990,93.7,0,bus lineo
4991,154.0,0,bus lineo
4992,125.5,0,bus
4993,98.3,0,bus
4994,10.0,0,scolaire
4995,259.3,0,bus
4996,15.1,0,bus
4997,93.3,0,bus
4998,153.4,0,bus lineo
4999,108.1,0,bus
5000,22.0,0,lineo
5001,9.8,0,bus
5002,177.3,0,bus
5003,67.4,0,bus
5004,80.7,0,tram
5005,184.4,1,metro
5006,101.2,0,bus lineo
5007,33.3,0,bus
5008,110.0,0,bus lineo
5009,150.3,0,lineo scolaire
5010,36.7,0,bus
5011,320.9,0,bus
5012,409.8,0,bus scolaire
5013,123.9,0,lineo
5014,108.8,0,scolaire
5015,455.2,0,lineo
5016,108.2,0,bus
5017,51.2,0,bus
5018,140.6,0,bus lineo scolaire
5019,95.9,0,bus
5020,34.1,0,bus
5021,40.6,0,lineo
5022,497.1,0,lineo
5023,223.6,0,bus lineo
5024,125.9,0,bus
5025,58.0,0,lineo
5026,316.2,0,lineo
5027,307.1,1,metro
5028,27.4,0,bus
5029,226.5,0,bus lineo
5030,84.4,0,bus
5031,207.4,0,lineo
5032,26.7,0,bus
5033,64.3,0,bus
5034,106.5,0,bus
5035,72.4,0,bus scolaire
5036,138.4,0,bus lineo
5037,15.2,0,bus
5038,207.6,0,bus lineo
5039,67.4,0,bus
5040,204.8,0,lineo
5041,162.1,0,bus
5042,450.5,0,lineo
5043,178.4,0,lineo scolaire
5044,280.6,0,bus
5045,145.2,0,bus
5046,84.9,0,bus
5047,121.2,0,lineo
5048,68.0,0,bus lineo
5049,162.0,0,bus
5050,162.0,0,bus
5051,218.5,1,metro
5052,146.2,0,bus
5053,57.2,0,bus
5054,188.3,0,lineo scolaire
5055,172.1,0,lineo scolaire
5056,71.0,0,bus
5057,71.0,0,bus
5058,71.0,0,bus
5059,51.6,0,bus
5060,173.3,0,bus lineo
5061,55.8,0,bus
5062,330.7,0,lineo scolaire
5063,100.0,0,bus
5064,105.0,0,lineo scolaire
5065,155.3,0,bus lineo
5066,64.3,0,bus
5067,78.9,0,lineo
5068,62.7,0,lineo
5069,120.9,0,bus
5070,96.8,0,bus
5071,93.4,0,bus
5072,87.9,0,scolaire
5073,206.9,0,lineo
5074,211.7,0,bus
5075,211.7,0,bus
5076,299.6,0,bus scolaire
5077,101.8,0,bus lineo
5078,126.5,0,bus
5079,197.3,0,bus
5080,225.6,0,bus
5081,249.8,0,bus
5082,132.6,0,lineo
5083,320.9,0,lineo
5084,317.0,0,bus
5085,249.2,0,lineo
5086,225.2,0,bus
5087,190.2,1,metro
5088,190.2,1,metro
5089,92.9,0,bus
5090,157.1,0,bus
5091,125.5,1,metro
5092,67.2,0,bus
5093,67.2,0,bus
5094,110.6,0,lineo scolaire
5095,110.6,0,lineo scolaire
5096,210.0,0,scolaire
5097,142.5,0,bus
5098,224.5,0,bus lineo
5099,40.8,0,bus
5100,316.5,0,bus
5101,57.6,0,lineo
5102,34.8,0,bus
5103,118.8,0,tram
5104,120.4,0,bus
5105,180.5,0,bus
5106,76.9,0,lineo
5107,76.9,0,lineo
5108,276.5,0,bus lineo
5109,116.9,0,bus
5110,127.7,0,bus scolaire
5111,127.7,0,bus scolaire
5112,78.9,0,bus
5113,123.8,0,lineo
5114,225.6,0,bus
5115,203.9,1,metro
5116,50.1,0,bus
5117,205.4,0,bus
5118,185.1,0,bus scolaire
5119,100.0,0,bus
5120,100.1,0,bus
5121,194.6,0,bus
5122,66.1,0,bus
5123,96.0,0,bus
5124,153.4,0,bus lineo
5125,263.2,0,lineo
5126,114.2,0,bus lineo
5127,187.4,0,lineo scolaire
5128,266.7,0,bus scolaire
5129,318.3,0,lineo
5130,122.9,0,bus
5131,149.3,0,bus
5132,105.1,1,metro
5133,191.1,0,bus
5134,55.6,0,bus
5135,423.0,0,lineo
5136,101.9,0,lineo
5137,46.8,0,bus
5138,120.7,0,bus
5139,148.5,0,bus
5140,183.3,0,bus
5141,223.3,0,bus lineo scolaire
5142,5.9,0,bus
5143,117.6,0,bus lineo
5144,157.4,1,metro
5145,10.6,0,bus
5146,95.3,0,bus
5147,215.9,0,bus lineo
5148,198.1,0,bus lineo
5149,50.9,0,bus
5150,243.6,0,bus
5151,315.1,0,bus
5152,67.6,0,bus
5153,264.5,0,bus
5154,264.5,0,bus
5155,234.5,0,bus
5156,104.8,1,metro
5157,104.8,1,metro
5158,104.8,1,metro
5159,45.9,0,bus lineo
5160,139.7,0,bus
5161,200.4,0,lineo
5162,224.9,0,bus
5163,2.0,0,lineo scolaire
5164,165.0,0,bus
5165,287.2,0,bus
5166,158.9,0,bus scolaire
5167,174.4,0,bus
5168,61.1,0,bus lineo
5169,61.1,0,bus lineo
5170,138.3,0,bus
5171,126.2,0,bus
5172,108.4,0,bus
5173,288.7,0,bus
5174,144.5,0,bus lineo
5175,173.3,0,bus lineo
5176,134.1,0,bus
5177,53.3,0,lineo
5178,169.1,0,lineo
5179,169.1,0,lineo
5180,188.4,0,bus
5181,311.9,0,lineo
5182,160.1,0,lineo scolaire
5183,41.7,1,metro
5184,69.5,0,bus
5185,153.4,0,bus
5186,166.0,0,bus
5187,273.3,0,bus
5188,152.3,0,bus
5189,140.8,0,lineo
5190,189.7,0,bus
5191,84.4,0,bus
5192,18.2,0,bus
5193,233.7,0,bus
5194,43.3,0,bus
5195,205.0,0,bus
5196,128.8,0,bus lineo
5197,286.9,0,bus lineo
5198,257.6,0,bus
5199,110.3,0,bus
5200,196.9,0,bus scolaire
5201,35.7,0,bus lineo
5202,25.6,0,bus
5203,83.0,0,bus lineo scolaire
5204,66.5,0,bus
5205,12.9,0,bus scolaire
5206,165.4,0,bus
5207,39.4,0,bus
5208,140.7,0,bus scolaire
5209,202.5,0,bus
5210,260.4,0,bus
5211,180.8,0,bus
5212,163.7,0,scolaire
5213,305.9,0,bus
5214,100.6,0,lineo scolaire
5215,138.2,0,bus
5216,97.8,0,bus
5217,64.0,0,bus
5218,124.0,0,bus
5219,214.0,0,scolaire
5220,201.0,0,bus lineo
5221,45.1,0,bus
5222,154.3,1,metro
5223,80.7,0,bus
5224,71.1,0,bus
5225,169.1,0,lineo scolaire
5226,249.4,0,bus
5227,122.4,0,bus
5228,111.5,0,bus
5229,102.1,0,bus
5230,312.6,0,bus
5231,73.3,0,bus
5232,30.8,0,bus
5233,83.9,0,bus lineo
5234,101.6,0,bus
5235,114.9,0,bus lineo
5236,287.0,0,bus lineo scolaire
5237,93.4,0,tram
5238,22.6,0,bus
5239,162.6,0,bus lineo
5240,33.4,0,lineo
5241,55.1,0,bus
5242,106.6,0,bus lineo
5243,406.7,0,bus
5244,276.8,0,bus
5245,273.9,0,bus
5246,24.0,0,bus
5247,288.7,0,bus
5248,131.0,0,bus
5249,221.8,0,bus lineo
5250,235.7,0,bus
5251,29.2,0,bus
5252,20.7,0,tram
5253,255.6,0,bus scolaire
5254,261.4,0,bus
5255,112.1,0,bus
5256,76.2,0,bus
5257,204.4,0,bus
5258,204.4,0,bus
5259,111.9,0,bus
5260,65.5,0,bus
5261,209.8,0,bus
5262,184.8,1,metro
5263,139.7,0,bus
5264,226.9,0,lineo
5265,269.5,0,bus
5266,65.6,0,bus lineo
5267,56.1,0,bus lineo
5268,77.2,0,bus
5269,77.2,0,bus
5270,77.2,0,bus
5271,77.2,0,bus
5272,142.2,0,bus
5273,51.2,0,bus
5274,51.2,0,bus
5275,188.0,0,telepherique
5276,76.0,0,bus
5277,26.2,0,bus
5278,152.9,0,bus
5279,68.6,0,bus
5280,46.2,0,bus lineo scolaire
5281,97.3,0,bus
5282,334.8,0,bus
5283,136.9,0,bus
5284,77.7,0,bus scolaire
5285,165.9,0,bus
5286,63.6,0,lineo scolaire
5287,121.8,0,bus lineo scolaire
5288,120.0,0,lineo
5289,160.0,0,bus
5290,196.6,0,lineo scolaire
5291,76.7,0,lineo scolaire
5292,107.9,0,bus lineo scolaire
5293,107.9,0,bus lineo scolaire
5294,389.9,0,bus
5295,23.8,1,metro
5296,165.4,0,bus
5297,107.2,0,bus
5298,47.7,0,bus lineo scolaire
5299,152.9,0,bus
5300,88.1,0,bus
5301,409.6,0,lineo
5302,97.7,0,bus
5303,150.2,1,metro
5304,320.9,0,lineo
5305,151.4,0,bus
5306,231.0,0,lineo
5307,170.1,0,bus
5308,113.5,0,bus
5309,164.5,0,bus lineo
5310,164.5,0,bus lineo
5311,141.3,0,lineo scolaire
5312,36.9,0,bus lineo
5313,145.4,0,bus
5314,39.8,0,bus
5315,10.1,0,bus
5316,405.8,0,bus
5317,1.6,0,bus
5318,205.5,0,bus
5319,446.7,0,lineo
5320,188.1,0,bus
5321,281.0,0,bus
5322,164.4,0,lineo scolaire
5323,189.7,0,bus
5324,153.4,0,bus
5325,212.2,0,bus
5326,212.2,0,bus
5327,184.7,0,bus
5328,184.7,0,bus
5329,184.7,0,bus
5330,184.7,0,bus
5331,184.7,0,bus
5332,184.7,0,bus
5333,184.7,0,bus
5334,136.1,0,bus lineo
5335,2.0,0,bus
5336,324.6,0,bus
5337,15.0,0,bus
5338,137.0,0,bus lineo scolaire
5339,134.8,1,metro
5340,122.0,0,bus lineo
5341,54.6,0,bus
5342,144.5,0,bus lineo
5343,134.8,0,bus
5344,73.3,0,bus
5345,250.4,0,bus
5346,46.8,0,bus lineo
5347,64.2,0,bus
5348,168.6,0,lineo scolaire
5349,87.1,1,metro
5350,147.8,0,bus lineo
5351,50.2,0,bus lineo
5352,249.6,0,lineo
5353,60.1,0,bus lineo
5354,338.3,0,bus
5355,144.5,0,bus lineo
5356,213.8,0,bus
5357,235.3,0,lineo
5358,235.3,0,lineo
5359,106.6,0,bus
5360,228.9,0,bus
5361,103.6,0,bus
5362,135.4,0,bus
5363,164.2,0,bus
5364,32.2,0,lineo
5365,76.6,1,metro
5366,291.1,0,bus lineo
5367,99.0,0,bus
5368,341.9,0,bus
5369,162.9,0,bus
5370,227.7,0,bus
5371,14.2,0,bus
5372,212.2,0,bus
5373,103.9,0,bus
5374,408.6,0,lineo
5375,321.8,0,lineo
5376,281.6,0,lineo
5377,140.1,0,bus
5378,392.0,0,lineo scolaire
5379,131.2,0,bus
5380,76.7,0,bus
5381,87.6,0,bus
5382,214.1,0,bus
5383,67.9,0,bus
5384,223.0,0,bus lineo
5385,265.4,0,bus
5386,103.8,0,bus
5387,189.7,0,bus
5388,159.7,0,bus
5389,305.1,0,bus
5390,5.8,0,bus
5391,355.3,0,bus
5392,202.2,0,bus
5393,152.8,1,metro
5394,23.9,0,bus
5395,12.0,0,bus
5396,159.4,0,tram
5397,131.3,0,bus
5398,160.2,0,bus
5399,65.4,0,lineo
5400,90.2,0,lineo scolaire
5401,376.0,0,lineo scolaire
5402,53.3,0,lineo
5403,95.1,0,bus
5404,108.7,0,bus
5405,114.2,0,bus lineo
5406,163.5,0,bus lineo
5407,58.3,0,bus
5408,139.2,0,lineo
5409,115.0,0,bus lineo
5410,109.6,0,bus
5411,233.7,0,bus
5412,20.1,0,bus lineo
5413,139.6,0,bus lineo
5414,29.2,0,bus
5415,29.2,0,bus
5416,46.9,0,lineo
5417,138.4,0,bus
5418,42.4,0,bus
5419,205.1,0,bus
5420,46.2,0,bus
5421,219.3,0,bus
5422,22.0,0,lineo
5423,110.5,0,bus lineo scolaire
5424,420.6,0,bus
5425,219.5,0,bus scolaire
5426,290.2,0,bus
5427,266.1,0,lineo scolaire
5428,55.1,0,bus
5429,211.3,1,metro
5430,152.8,0,bus
5431,276.1,0,bus
5432,41.7,0,bus
5433,75.8,0,bus scolaire
5434,60.4,0,bus
5435,60.4,0,bus
5436,142.1,0,bus
5437,118.0,0,bus
5438,187.7,0,bus
5439,195.3,0,lineo
5440,192.9,0,bus
5441,28.8,0,bus
5442,105.3,0,bus lineo
5443,105.7,0,bus
5444,153.0,0,bus lineo
5445,179.6,0,bus
5446,250.2,0,bus
5447,105.6,0,bus
5448,51.6,0,bus
5449,57.4,0,bus
5450,57.4,0,bus
5451,92.1,0,bus
5452,209.6,0,bus lineo
5453,62.5,0,lineo scolaire
5454,263.3,0,bus
5455,111.2,0,lineo
5456,350.1,0,bus lineo scolaire
5457,5.9,0,lineo
5458,104.9,0,bus lineo
5459,164.8,0,bus
5460,197.7,0,bus
5461,334.6,0,bus
5462,98.8,0,bus lineo
5463,55.0,0,tram
5464,55.0,0,tram
5465,64.2,0,bus
5466,154.0,0,bus
5467,133.1,0,lineo
5468,92.8,0,bus lineo
5469,83.3,0,bus
5470,359.7,0,lineo scolaire
5471,205.5,0,lineo
5472,68.4,0,bus lineo
5473,219.5,0,bus scolaire
5474,71.0,0,bus
5475,157.8,0,lineo
5476,174.1,0,lineo scolaire
5477,36.7,0,bus
5478,249.7,0,lineo
5479,111.9,0,bus
5480,12.7,0,lineo
5481,12.7,0,lineo
5482,160.9,0,lineo
5483,153.5,0,bus
5484,78.3,0,bus scolaire
5485,62.3,0,bus
5486,168.9,0,bus
5487,115.8,0,lineo
5488,209.9,0,lineo
5489,164.2,0,bus
5490,149.0,0,bus
5491,169.6,0,bus
5492,13.8,0,bus
5493,289.5,0,lineo scolaire
5494,389.9,0,bus
5495,30.3,0,bus lineo scolaire
5496,75.7,0,lineo
5497,87.4,0,bus lineo
5498,67.9,0,bus
5499,369.6,0,lineo scolaire
5500,155.8,0,bus scolaire
5501,239.7,0,bus
5502,242.9,0,bus
5503,104.9,0,lineo
5504,213.3,0,bus
5505,105.3,0,bus lineo
5506,88.3,0,lineo
5507,288.3,0,bus
5508,455.2,0,lineo
5509,83.9,0,bus
5510,319.9,0,lineo
5511,129.2,0,bus
5512,126.0,0,lineo scolaire
5513,114.3,1,metro
5514,34.9,0,bus
5515,84.3,0,bus lineo
5516,79.2,0,bus lineo
5517,176.8,0,bus lineo
5518,101.5,0,bus
5519,126.1,0,lineo
5520,154.9,0,lineo scolaire
5521,38.4,0,lineo scolaire
5522,166.4,0,bus
5523,205.2,0,bus lineo scolaire
5524,159.7,1,metro
5525,129.2,0,bus
5526,255.8,0,bus
5527,165.3,0,lineo scolaire
5528,45.6,0,bus
5529,300.2,0,lineo
5530,60.5,0,bus
5531,56.7,0,bus
5532,104.4,0,bus
5533,23.3,0,bus
5534,156.0,0,bus
5535,58.2,0,bus
5536,256.5,0,bus
5537,207.9,0,lineo
5538,286.0,0,lineo scolaire
5539,72.0,0,bus lineo
5540,248.6,0,bus
5541,272.8,0,bus
5542,102.6,0,bus
5543,344.7,0,bus
5544,114.0,0,bus
5545,61.5,0,bus
5546,218.5,0,lineo scolaire
5547,102.6,0,scolaire
5548,63.5,0,bus
5549,450.5,0,lineo
5550,49.4,0,bus
5551,70.6,0,bus
5552,127.1,0,bus lineo
5553,127.1,0,bus lineo
5554,106.5,0,bus
5555,148.9,0,bus
5556,90.0,0,bus
5557,64.8,0,bus
5558,64.8,0,bus
5559,64.8,0,bus
5560,64.8,0,bus
5561,64.8,0,bus
5562,93.4,0,bus
5563,227.9,0,bus lineo
5564,31.6,1,metro
5565,229.5,0,bus
5566,46.8,0,bus lineo
5567,46.8,0,bus lineo
5568,221.1,0,bus
5569,147.6,0,bus
5570,159.2,0,bus
5571,123.9,0,bus
5572,165.3,0,bus
5573,9.9,0,lineo
5574,140.4,0,bus
5575,160.6,0,bus
5576,120.1,1,metro
5577,137.9,0,bus
5578,172.9,0,bus
5579,182.2,0,bus
5580,153.9,0,bus
5581,131.5,0,bus
5582,83.0,0,bus lineo
5583,249.8,0,bus
5584,52.2,0,bus
5585,242.2,0,lineo
5586,202.2,0,bus lineo scolaire
5587,74.0,0,bus
5588,183.8,0,lineo scolaire
5589,37.7,0,bus lineo
5590,134.8,0,lineo scolaire
5591,187.2,0,bus lineo
5592,113.3,0,bus
5593,76.9,0,bus
5594,111.1,0,bus
5595,169.1,0,bus
5596,62.4,0,bus
5597,111.5,0,bus
5598,184.4,0,bus
5599,184.4,0,bus
5600,185.4,0,bus
5601,183.4,0,bus
5602,71.0,0,bus
5603,181.0,0,tram
5604,98.1,0,bus scolaire
5605,76.5,0,bus
5606,72.2,0,bus
5607,129.6,0,bus
5608,188.1,0,lineo scolaire
5609,136.5,0,bus lineo
5610,35.7,0,bus
5611,88.4,0,bus lineo
5612,107.1,0,bus lineo
5613,207.1,1,metro
5614,135.7,0,bus
5615,85.2,0,lineo scolaire
5616,144.2,0,bus
5617,137.6,0,bus
5618,25.9,0,bus lineo
5619,243.1,0,bus
5620,79.2,0,bus
5621,149.4,0,bus scolaire
5622,153.3,0,bus lineo
5623,120.2,0,bus
5624,272.2,0,bus lineo
5625,104.1,0,bus
5626,318.3,0,bus
5627,166.4,0,bus
5628,141.3,0,bus
5629,60.6,0,bus
5630,124.5,0,bus
5631,308.7,0,bus
5632,29.2,0,bus lineo
5633,129.3,0,bus lineo
5634,196.9,0,bus
5635,146.0,0,bus
5636,189.2,0,lineo
5637,77.7,0,bus lineo scolaire
5638,172.7,0,bus lineo
5639,172.7,0,bus lineo
5640,100.1,0,bus
5641,154.6,0,bus
5642,16.3,0,bus scolaire
5643,75.4,0,lineo
5644,106.4,1,metro
5645,14.4,0,bus lineo
5646,241.5,0,bus lineo
5647,73.3,0,bus
5648,66.4,0,bus
5649,73.7,0,bus
5650,223.9,0,bus
5651,145.3,0,bus
5652,203.2,0,bus
5653,94.4,0,bus lineo
5654,296.0,0,bus lineo
5655,80.4,0,bus
5656,377.1,0,bus
5657,75.7,0,lineo
5658,122.2,0,lineo scolaire
5659,122.2,0,lineo scolaire
5660,122.2,0,lineo scolaire
5661,27.7,0,bus
5662,137.4,0,bus
5663,121.4,0,bus
5664,81.5,0,bus
5665,147.2,0,bus
5666,82.4,0,tram
5667,64.9,0,bus
