quartier,distance_transport_m,est_metro_proche
Borderouge / Bagatelle,39.5,0
Côte Pavée / Jolimont,232.8,0
Côte Pavée / Jolimont,79.2,0
Capitole / Carmes,140.4,0
Côte Pavée / Jolimont,369.8,0
Côte Pavée / Jolimont,15.0,0
Saint-Cyprien / Empalot,104.8,1
Côte Pavée / Jolimont,254.6,0
Capitole / Carmes,199.7,0
Rangueil / Saouzelong,31.3,0
Rangueil / Saouzelong,116.8,0
Capitole / Carmes,126.6,0
Côte Pavée / Jolimont,111.0,0
Capitole / Carmes,115.8,0
Capitole / Carmes,117.1,0
Borderouge / Bagatelle,106.0,0
Croix-Daurade / Minimes,304.1,0
Croix-Daurade / Minimes,304.1,0
Saint-Cyprien / Empalot,98.3,0
Côte Pavée / Jolimont,282.4,0
Borderouge / Bagatelle,181.8,0
Rangueil / Saouzelong,6.5,0
Borderouge / Bagatelle,168.6,0
Saint-Cyprien / Empalot,87.7,0
Croix-Daurade / Minimes,291.9,1
Saint-Cyprien / Empalot,17.5,0
Côte Pavée / Jolimont,192.3,0
Saint-Cyprien / Empalot,122.5,0
Borderouge / Bagatelle,104.7,0
Côte Pavée / Jolimont,284.9,0
Borderouge / Bagatelle,455.2,0
Capitole / Carmes,93.7,0
Saint-Cyprien / Empalot,34.9,0
Rangueil / Saouzelong,14.6,0
Côte Pavée / Jolimont,266.2,0
Borderouge / Bagatelle,168.7,0
Croix-Daurade / Minimes,461.0,0
Côte Pavée / Jolimont,336.3,0
Borderouge / Bagatelle,334.6,0
Croix-Daurade / Minimes,368.9,0
Rangueil / Saouzelong,80.1,0
Capitole / Carmes,65.6,0
Rangueil / Saouzelong,227.3,0
Côte Pavée / Jolimont,83.0,0
Borderouge / Bagatelle,181.4,0
Capitole / Carmes,147.9,0
Rangueil / Saouzelong,116.1,0
Saint-Cyprien / Empalot,191.6,0
Borderouge / Bagatelle,222.9,0
Croix-Daurade / Minimes,109.5,0
Rangueil / Saouzelong,254.6,0
Capitole / Carmes,181.5,0
Borderouge / Bagatelle,73.6,0
Borderouge / Bagatelle,5.8,0
Saint-Cyprien / Empalot,33.2,0
Rangueil / Saouzelong,250.6,0
Côte Pavée / Jolimont,269.6,0
Rangueil / Saouzelong,39.0,0
Croix-Daurade / Minimes,174.5,0
Croix-Daurade / Minimes,97.6,0
Borderouge / Bagatelle,250.4,0
Côte Pavée / Jolimont,62.7,0
Saint-Cyprien / Empalot,282.5,0
Côte Pavée / Jolimont,307.4,0
Croix-Daurade / Minimes,142.6,0
Croix-Daurade / Minimes,137.6,0
Borderouge / Bagatelle,89.2,0
Rangueil / Saouzelong,90.0,0
Capitole / Carmes,238.3,0
Borderouge / Bagatelle,129.0,0
Borderouge / Bagatelle,137.5,0
Croix-Daurade / Minimes,191.5,0
Borderouge / Bagatelle,33.5,0
Côte Pavée / Jolimont,144.3,0
Borderouge / Bagatelle,247.6,0
Côte Pavée / Jolimont,198.5,0
Saint-Cyprien / Empalot,15.2,0
Rangueil / Saouzelong,151.2,0
Borderouge / Bagatelle,142.5,0
Borderouge / Bagatelle,139.3,0
Capitole / Carmes,117.0,0
Capitole / Carmes,225.8,0
Saint-Cyprien / Empalot,81.0,0
Côte Pavée / Jolimont,92.4,0
Côte Pavée / Jolimont,60.3,0
Côte Pavée / Jolimont,269.2,1
Saint-Cyprien / Empalot,87.3,0
Capitole / Carmes,77.0,0
Rangueil / Saouzelong,66.9,0
Rangueil / Saouzelong,121.0,0
Borderouge / Bagatelle,159.5,0
Borderouge / Bagatelle,252.0,0
Croix-Daurade / Minimes,41.8,0
Borderouge / Bagatelle,315.8,0
Borderouge / Bagatelle,185.2,0
Borderouge / Bagatelle,299.8,0
Borderouge / Bagatelle,78.4,0
Borderouge / Bagatelle,14.5,0
Capitole / Carmes,146.1,0
Croix-Daurade / Minimes,125.5,0
Borderouge / Bagatelle,100.5,0
Croix-Daurade / Minimes,180.0,0
Rangueil / Saouzelong,39.5,0
Rangueil / Saouzelong,60.5,0
Croix-Daurade / Minimes,177.7,0
Croix-Daurade / Minimes,68.2,1
Saint-Cyprien / Empalot,101.1,0
Côte Pavée / Jolimont,8.3,0
Saint-Cyprien / Empalot,34.5,0
Rangueil / Saouzelong,87.7,0
Rangueil / Saouzelong,87.7,0
Saint-Cyprien / Empalot,174.0,0
Côte Pavée / Jolimont,28.6,0
Capitole / Carmes,133.1,0
Capitole / Carmes,131.4,0
Borderouge / Bagatelle,113.5,0
Côte Pavée / Jolimont,203.3,0
Croix-Daurade / Minimes,269.0,0
Borderouge / Bagatelle,247.2,0
Côte Pavée / Jolimont,76.8,0
Capitole / Carmes,183.1,1
Croix-Daurade / Minimes,120.0,0
Borderouge / Bagatelle,252.1,0
Borderouge / Bagatelle,205.2,0
Rangueil / Saouzelong,80.1,0
Rangueil / Saouzelong,134.8,0
Capitole / Carmes,147.6,0
Capitole / Carmes,45.0,0
Rangueil / Saouzelong,195.7,0
Rangueil / Saouzelong,203.1,0
Saint-Cyprien / Empalot,34.5,0
Capitole / Carmes,99.3,0
Borderouge / Bagatelle,145.2,0
Borderouge / Bagatelle,100.8,0
Saint-Cyprien / Empalot,221.2,0
Côte Pavée / Jolimont,38.5,0
Côte Pavée / Jolimont,156.3,0
Borderouge / Bagatelle,106.6,0
Borderouge / Bagatelle,53.8,0
Borderouge / Bagatelle,261.8,0
Saint-Cyprien / Empalot,53.6,0
Rangueil / Saouzelong,46.5,0
Capitole / Carmes,84.7,0
Rangueil / Saouzelong,41.0,1
Capitole / Carmes,93.2,0
Rangueil / Saouzelong,43.3,0
Rangueil / Saouzelong,46.5,0
Capitole / Carmes,193.6,0
Rangueil / Saouzelong,60.5,0
Rangueil / Saouzelong,176.0,0
Saint-Cyprien / Empalot,65.4,0
Côte Pavée / Jolimont,30.9,0
Rangueil / Saouzelong,139.2,0
Rangueil / Saouzelong,93.0,0
Rangueil / Saouzelong,225.6,0
Rangueil / Saouzelong,69.2,0
Rangueil / Saouzelong,97.2,0
Borderouge / Bagatelle,158.5,0
Côte Pavée / Jolimont,125.1,0
Rangueil / Saouzelong,97.2,0
Rangueil / Saouzelong,153.9,0
Borderouge / Bagatelle,131.7,0
Borderouge / Bagatelle,310.2,0
Côte Pavée / Jolimont,245.9,0
Côte Pavée / Jolimont,310.8,1
Capitole / Carmes,190.7,0
Saint-Cyprien / Empalot,226.1,0
Capitole / Carmes,16.8,0
Saint-Cyprien / Empalot,276.8,0
Rangueil / Saouzelong,250.1,0
Croix-Daurade / Minimes,55.6,0
Borderouge / Bagatelle,22.6,0
Borderouge / Bagatelle,227.7,0
Rangueil / Saouzelong,55.8,0
Croix-Daurade / Minimes,116.9,0
Borderouge / Bagatelle,133.9,0
Rangueil / Saouzelong,220.9,0
Saint-Cyprien / Empalot,91.6,0
Saint-Cyprien / Empalot,72.7,0
Saint-Cyprien / Empalot,264.5,0
Côte Pavée / Jolimont,32.2,0
Borderouge / Bagatelle,267.3,0
Borderouge / Bagatelle,32.0,0
Capitole / Carmes,191.2,0
Côte Pavée / Jolimont,71.0,0
Capitole / Carmes,95.7,0
Côte Pavée / Jolimont,115.5,0
Borderouge / Bagatelle,99.5,0
Capitole / Carmes,134.8,0
Saint-Cyprien / Empalot,233.7,0
Borderouge / Bagatelle,26.0,0
Côte Pavée / Jolimont,163.0,0
Saint-Cyprien / Empalot,184.0,1
Borderouge / Bagatelle,289.5,0
Borderouge / Bagatelle,22.3,0
Capitole / Carmes,159.5,0
Borderouge / Bagatelle,334.8,0
Borderouge / Bagatelle,269.5,0
Rangueil / Saouzelong,66.6,0
Rangueil / Saouzelong,138.8,0
Côte Pavée / Jolimont,43.7,0
Capitole / Carmes,49.0,0
Capitole / Carmes,52.5,0
Borderouge / Bagatelle,118.1,0
Borderouge / Bagatelle,118.1,0
Côte Pavée / Jolimont,320.9,0
Côte Pavée / Jolimont,353.3,0
Borderouge / Bagatelle,156.9,0
Borderouge / Bagatelle,202.3,0
Côte Pavée / Jolimont,216.3,1
Borderouge / Bagatelle,91.1,0
Saint-Cyprien / Empalot,84.6,0
Rangueil / Saouzelong,192.5,0
Côte Pavée / Jolimont,254.6,0
Côte Pavée / Jolimont,254.6,0
Borderouge / Bagatelle,310.8,0
Rangueil / Saouzelong,240.7,0
Rangueil / Saouzelong,325.4,0
Saint-Cyprien / Empalot,156.0,0
Saint-Cyprien / Empalot,156.0,0
Capitole / Carmes,102.1,0
Croix-Daurade / Minimes,16.3,0
Rangueil / Saouzelong,151.2,0
Côte Pavée / Jolimont,157.5,0
Côte Pavée / Jolimont,157.5,0
Borderouge / Bagatelle,191.9,0
Rangueil / Saouzelong,80.1,0
Borderouge / Bagatelle,174.9,0
Côte Pavée / Jolimont,149.6,0
Rangueil / Saouzelong,109.7,0
Saint-Cyprien / Empalot,56.0,0
Rangueil / Saouzelong,114.8,0
Borderouge / Bagatelle,288.3,0
Côte Pavée / Jolimont,110.1,0
Côte Pavée / Jolimont,158.8,0
Capitole / Carmes,86.9,0
Rangueil / Saouzelong,240.5,0
Côte Pavée / Jolimont,65.5,0
Côte Pavée / Jolimont,65.5,0
Côte Pavée / Jolimont,65.5,0
Côte Pavée / Jolimont,65.5,0
Côte Pavée / Jolimont,65.5,0
Capitole / Carmes,84.0,0
Rangueil / Saouzelong,85.6,0
Borderouge / Bagatelle,97.4,0
Capitole / Carmes,144.8,0
Capitole / Carmes,61.8,1
Borderouge / Bagatelle,91.5,0
Saint-Cyprien / Empalot,27.4,0
Saint-Cyprien / Empalot,243.3,0
Borderouge / Bagatelle,347.5,0
Capitole / Carmes,204.3,0
Saint-Cyprien / Empalot,52.4,0
Côte Pavée / Jolimont,239.8,0
Saint-Cyprien / Empalot,123.9,0
Saint-Cyprien / Empalot,43.5,0
Saint-Cyprien / Empalot,129.0,0
Saint-Cyprien / Empalot,96.7,0
Capitole / Carmes,56.5,0
Borderouge / Bagatelle,97.3,0
Borderouge / Bagatelle,170.8,0
Saint-Cyprien / Empalot,86.8,0
Croix-Daurade / Minimes,127.2,0
Côte Pavée / Jolimont,296.1,0
Capitole / Carmes,25.3,0
Capitole / Carmes,75.7,0
Côte Pavée / Jolimont,220.7,0
Croix-Daurade / Minimes,46.5,0
Rangueil / Saouzelong,111.2,0
Côte Pavée / Jolimont,107.1,0
Côte Pavée / Jolimont,166.4,1
Côte Pavée / Jolimont,79.2,0
Saint-Cyprien / Empalot,129.0,0
Saint-Cyprien / Empalot,109.2,0
Rangueil / Saouzelong,148.0,0
Capitole / Carmes,98.5,0
Côte Pavée / Jolimont,103.5,0
Rangueil / Saouzelong,120.9,0
Capitole / Carmes,96.8,0
Capitole / Carmes,64.9,0
Saint-Cyprien / Empalot,231.8,1
Croix-Daurade / Minimes,123.8,0
Rangueil / Saouzelong,156.5,1
Rangueil / Saouzelong,77.3,0
Saint-Cyprien / Empalot,248.9,0
Rangueil / Saouzelong,122.0,1
Côte Pavée / Jolimont,263.5,0
Rangueil / Saouzelong,117.0,1
Rangueil / Saouzelong,217.8,1
Capitole / Carmes,69.3,0
Borderouge / Bagatelle,132.3,0
Capitole / Carmes,178.8,0
Capitole / Carmes,91.8,1
Côte Pavée / Jolimont,233.6,0
Borderouge / Bagatelle,89.1,0
Borderouge / Bagatelle,46.8,0
Capitole / Carmes,137.5,0
Croix-Daurade / Minimes,197.3,0
Côte Pavée / Jolimont,76.8,0
Rangueil / Saouzelong,179.7,0
Rangueil / Saouzelong,54.4,0
Borderouge / Bagatelle,32.0,0
Côte Pavée / Jolimont,49.6,0
Croix-Daurade / Minimes,61.4,0
Croix-Daurade / Minimes,91.6,0
Borderouge / Bagatelle,7.1,0
Capitole / Carmes,108.7,0
Côte Pavée / Jolimont,129.3,0
Capitole / Carmes,122.9,0
Saint-Cyprien / Empalot,98.3,0
Rangueil / Saouzelong,23.1,0
Côte Pavée / Jolimont,99.5,0
Borderouge / Bagatelle,84.5,0
Borderouge / Bagatelle,84.5,0
Rangueil / Saouzelong,136.7,0
Rangueil / Saouzelong,316.5,0
Rangueil / Saouzelong,240.9,0
Côte Pavée / Jolimont,15.0,0
Saint-Cyprien / Empalot,94.3,0
Croix-Daurade / Minimes,148.6,0
Croix-Daurade / Minimes,118.7,0
Croix-Daurade / Minimes,116.9,0
Capitole / Carmes,77.9,0
Capitole / Carmes,154.0,0
Rangueil / Saouzelong,182.2,1
Côte Pavée / Jolimont,179.7,1
Capitole / Carmes,218.1,0
Borderouge / Bagatelle,159.9,0
Capitole / Carmes,168.9,0
Saint-Cyprien / Empalot,53.6,0
Borderouge / Bagatelle,251.4,0
Saint-Cyprien / Empalot,42.7,0
Capitole / Carmes,189.8,0
Borderouge / Bagatelle,117.8,0
Croix-Daurade / Minimes,145.3,0
Côte Pavée / Jolimont,122.7,0
Borderouge / Bagatelle,256.1,0
Côte Pavée / Jolimont,33.3,1
Borderouge / Bagatelle,36.7,0
Saint-Cyprien / Empalot,116.4,0
Croix-Daurade / Minimes,285.7,0
Côte Pavée / Jolimont,278.7,0
Côte Pavée / Jolimont,89.3,0
Borderouge / Bagatelle,207.9,0
Saint-Cyprien / Empalot,138.3,0
Saint-Cyprien / Empalot,192.4,0
Borderouge / Bagatelle,103.6,0
Croix-Daurade / Minimes,125.2,0
Côte Pavée / Jolimont,188.5,0
Borderouge / Bagatelle,127.7,0
Saint-Cyprien / Empalot,111.9,0
Croix-Daurade / Minimes,185.0,0
Rangueil / Saouzelong,181.3,0
Saint-Cyprien / Empalot,167.1,0
Rangueil / Saouzelong,42.9,0
Saint-Cyprien / Empalot,147.5,0
Rangueil / Saouzelong,11.9,0
Borderouge / Bagatelle,400.8,0
Rangueil / Saouzelong,119.7,0
Rangueil / Saouzelong,296.8,0
Rangueil / Saouzelong,151.4,0
Rangueil / Saouzelong,151.4,0
Croix-Daurade / Minimes,101.0,0
Croix-Daurade / Minimes,302.3,0
Borderouge / Bagatelle,76.2,0
Borderouge / Bagatelle,172.3,0
Capitole / Carmes,156.5,0
Borderouge / Bagatelle,92.7,0
Capitole / Carmes,143.6,0
Borderouge / Bagatelle,142.8,0
Capitole / Carmes,294.2,0
Saint-Cyprien / Empalot,82.3,0
Croix-Daurade / Minimes,239.6,1
Croix-Daurade / Minimes,344.2,0
Croix-Daurade / Minimes,116.3,0
Capitole / Carmes,84.7,0
Capitole / Carmes,193.3,0
Borderouge / Bagatelle,289.5,0
Saint-Cyprien / Empalot,83.9,0
Saint-Cyprien / Empalot,56.3,0
Borderouge / Bagatelle,200.3,0
Côte Pavée / Jolimont,89.8,0
Capitole / Carmes,98.8,0
Capitole / Carmes,110.0,0
Borderouge / Bagatelle,125.7,0
Borderouge / Bagatelle,61.2,1
Borderouge / Bagatelle,275.5,0
Croix-Daurade / Minimes,236.4,0
Saint-Cyprien / Empalot,161.3,0
Rangueil / Saouzelong,35.7,0
Croix-Daurade / Minimes,187.4,0
Rangueil / Saouzelong,170.4,0
Capitole / Carmes,139.0,0
Capitole / Carmes,33.1,0
Capitole / Carmes,29.2,0
Capitole / Carmes,96.8,0
Capitole / Carmes,187.5,0
Côte Pavée / Jolimont,217.8,0
Capitole / Carmes,188.2,0
Capitole / Carmes,226.5,0
Croix-Daurade / Minimes,174.5,0
Saint-Cyprien / Empalot,212.8,0
Capitole / Carmes,90.7,0
Capitole / Carmes,68.7,1
Borderouge / Bagatelle,232.0,0
Capitole / Carmes,86.9,0
Côte Pavée / Jolimont,53.0,0
Côte Pavée / Jolimont,53.0,0
Saint-Cyprien / Empalot,126.4,0
Côte Pavée / Jolimont,106.1,0
Borderouge / Bagatelle,281.3,0
Borderouge / Bagatelle,121.4,0
Croix-Daurade / Minimes,412.2,0
Rangueil / Saouzelong,196.8,0
Capitole / Carmes,89.3,0
Borderouge / Bagatelle,61.2,0
Saint-Cyprien / Empalot,67.7,0
Croix-Daurade / Minimes,136.7,0
Croix-Daurade / Minimes,136.7,0
Croix-Daurade / Minimes,136.7,0
Borderouge / Bagatelle,122.3,0
Saint-Cyprien / Empalot,178.8,1
Saint-Cyprien / Empalot,203.5,0
Saint-Cyprien / Empalot,133.8,0
Côte Pavée / Jolimont,22.2,0
Capitole / Carmes,54.9,0
Côte Pavée / Jolimont,281.6,0
Borderouge / Bagatelle,62.3,0
Croix-Daurade / Minimes,172.3,0
Croix-Daurade / Minimes,221.1,0
Côte Pavée / Jolimont,146.5,0
Rangueil / Saouzelong,235.8,0
Croix-Daurade / Minimes,123.9,0
Rangueil / Saouzelong,88.0,0
Croix-Daurade / Minimes,166.4,0
Capitole / Carmes,353.8,0
Capitole / Carmes,353.8,0
Capitole / Carmes,353.8,0
Capitole / Carmes,353.8,0
Saint-Cyprien / Empalot,68.1,0
Saint-Cyprien / Empalot,115.9,0
Rangueil / Saouzelong,133.1,0
Borderouge / Bagatelle,55.7,0
Saint-Cyprien / Empalot,231.8,1
Rangueil / Saouzelong,70.8,0
Saint-Cyprien / Empalot,99.1,0
Rangueil / Saouzelong,29.5,0
Capitole / Carmes,76.9,0
Capitole / Carmes,27.6,0
Capitole / Carmes,45.9,0
Borderouge / Bagatelle,249.4,0
Borderouge / Bagatelle,214.6,0
Capitole / Carmes,32.3,0
Rangueil / Saouzelong,125.0,0
Rangueil / Saouzelong,177.6,0
Côte Pavée / Jolimont,114.2,0
Côte Pavée / Jolimont,432.5,0
Côte Pavée / Jolimont,300.2,0
Rangueil / Saouzelong,110.4,0
Borderouge / Bagatelle,142.8,0
Rangueil / Saouzelong,265.4,0
Croix-Daurade / Minimes,355.0,0
Borderouge / Bagatelle,46.8,0
Rangueil / Saouzelong,166.8,0
Borderouge / Bagatelle,365.8,0
Saint-Cyprien / Empalot,600.6,0
Saint-Cyprien / Empalot,84.0,0
Saint-Cyprien / Empalot,32.8,0
Borderouge / Bagatelle,121.5,1
Capitole / Carmes,323.6,0
Borderouge / Bagatelle,389.6,0
Borderouge / Bagatelle,141.0,0
Capitole / Carmes,151.1,0
Rangueil / Saouzelong,143.6,0
Saint-Cyprien / Empalot,83.4,0
Rangueil / Saouzelong,6.3,0
Saint-Cyprien / Empalot,179.9,0
Borderouge / Bagatelle,218.8,0
Côte Pavée / Jolimont,146.5,0
Rangueil / Saouzelong,212.8,0
Côte Pavée / Jolimont,73.5,0
Borderouge / Bagatelle,78.7,0
Borderouge / Bagatelle,233.1,0
Rangueil / Saouzelong,86.2,0
Capitole / Carmes,130.0,0
Rangueil / Saouzelong,155.0,0
Borderouge / Bagatelle,256.5,0
Borderouge / Bagatelle,100.4,0
Borderouge / Bagatelle,338.7,0
Saint-Cyprien / Empalot,50.1,0
Côte Pavée / Jolimont,136.1,0
Capitole / Carmes,76.4,0
Capitole / Carmes,64.9,0
Borderouge / Bagatelle,130.7,0
Rangueil / Saouzelong,18.5,0
Capitole / Carmes,75.7,0
Borderouge / Bagatelle,163.9,0
Capitole / Carmes,213.7,0
Borderouge / Bagatelle,70.8,0
Capitole / Carmes,178.0,0
Côte Pavée / Jolimont,165.8,0
Capitole / Carmes,115.8,0
Capitole / Carmes,139.1,1
Capitole / Carmes,139.1,1
Croix-Daurade / Minimes,94.0,0
Côte Pavée / Jolimont,80.0,0
Rangueil / Saouzelong,21.1,0
Borderouge / Bagatelle,321.3,0
Rangueil / Saouzelong,185.8,0
Rangueil / Saouzelong,25.6,0
Rangueil / Saouzelong,75.0,0
Capitole / Carmes,127.7,0
Rangueil / Saouzelong,241.5,0
Capitole / Carmes,311.6,0
Borderouge / Bagatelle,134.0,0
Rangueil / Saouzelong,23.9,0
Côte Pavée / Jolimont,111.2,0
Saint-Cyprien / Empalot,100.9,0
Rangueil / Saouzelong,114.8,0
Côte Pavée / Jolimont,46.8,0
Borderouge / Bagatelle,436.9,0
Saint-Cyprien / Empalot,137.4,0
Saint-Cyprien / Empalot,123.2,0
Croix-Daurade / Minimes,377.2,0
Borderouge / Bagatelle,244.5,0
Borderouge / Bagatelle,133.9,0
Saint-Cyprien / Empalot,75.0,0
Côte Pavée / Jolimont,59.5,0
Saint-Cyprien / Empalot,90.4,0
Côte Pavée / Jolimont,320.9,0
Capitole / Carmes,197.6,0
Borderouge / Bagatelle,55.0,0
Borderouge / Bagatelle,89.5,0
Rangueil / Saouzelong,104.4,0
Croix-Daurade / Minimes,344.1,0
Croix-Daurade / Minimes,73.7,0
Croix-Daurade / Minimes,111.8,0
Côte Pavée / Jolimont,89.2,0
Côte Pavée / Jolimont,89.2,0
Côte Pavée / Jolimont,89.2,0
Côte Pavée / Jolimont,89.2,0
Rangueil / Saouzelong,144.4,0
Borderouge / Bagatelle,69.2,0
Côte Pavée / Jolimont,98.6,0
Rangueil / Saouzelong,53.8,0
Capitole / Carmes,45.7,0
Côte Pavée / Jolimont,172.8,0
Côte Pavée / Jolimont,183.7,0
Saint-Cyprien / Empalot,158.5,0
Borderouge / Bagatelle,93.3,0
Croix-Daurade / Minimes,160.1,0
Borderouge / Bagatelle,155.8,0
Côte Pavée / Jolimont,157.1,0
Borderouge / Bagatelle,334.6,0
Côte Pavée / Jolimont,90.8,0
Rangueil / Saouzelong,65.5,0
Borderouge / Bagatelle,250.4,0
Rangueil / Saouzelong,275.2,0
Capitole / Carmes,29.2,0
Croix-Daurade / Minimes,41.2,0
Capitole / Carmes,85.3,0
Saint-Cyprien / Empalot,139.6,0
Croix-Daurade / Minimes,88.9,0
Côte Pavée / Jolimont,137.6,0
Capitole / Carmes,43.7,0
Capitole / Carmes,43.7,0
Capitole / Carmes,136.2,0
Rangueil / Saouzelong,173.8,0
Côte Pavée / Jolimont,258.4,0
Saint-Cyprien / Empalot,3.8,0
Capitole / Carmes,83.5,0
Capitole / Carmes,135.3,0
Saint-Cyprien / Empalot,98.0,0
Capitole / Carmes,291.1,0
Rangueil / Saouzelong,87.1,0
Côte Pavée / Jolimont,115.8,0
Borderouge / Bagatelle,61.8,0
Saint-Cyprien / Empalot,111.2,0
Saint-Cyprien / Empalot,456.0,0
Rangueil / Saouzelong,133.1,0
Croix-Daurade / Minimes,29.1,0
Borderouge / Bagatelle,142.1,0
Borderouge / Bagatelle,153.5,0
Capitole / Carmes,94.5,0
Capitole / Carmes,348.6,0
Capitole / Carmes,348.6,0
Côte Pavée / Jolimont,138.4,0
Saint-Cyprien / Empalot,28.0,0
Côte Pavée / Jolimont,75.8,0
Croix-Daurade / Minimes,152.7,0
Saint-Cyprien / Empalot,162.7,0
Capitole / Carmes,182.9,0
Borderouge / Bagatelle,119.3,1
Rangueil / Saouzelong,18.5,0
Capitole / Carmes,141.8,0
Croix-Daurade / Minimes,246.5,0
Rangueil / Saouzelong,14.6,0
Saint-Cyprien / Empalot,279.8,0
Côte Pavée / Jolimont,96.9,0
Croix-Daurade / Minimes,63.5,0
Saint-Cyprien / Empalot,112.7,0
Saint-Cyprien / Empalot,222.8,0
Rangueil / Saouzelong,126.5,0
Capitole / Carmes,75.7,0
Rangueil / Saouzelong,154.4,0
Croix-Daurade / Minimes,104.0,0
Capitole / Carmes,171.1,0
Capitole / Carmes,52.2,0
Capitole / Carmes,92.9,0
Borderouge / Bagatelle,149.7,1
Saint-Cyprien / Empalot,187.2,0
Côte Pavée / Jolimont,89.5,0
Borderouge / Bagatelle,230.2,0
Saint-Cyprien / Empalot,201.5,0
Rangueil / Saouzelong,276.6,0
Borderouge / Bagatelle,78.4,0
Saint-Cyprien / Empalot,226.1,0
Saint-Cyprien / Empalot,85.1,0
Croix-Daurade / Minimes,144.0,0
Croix-Daurade / Minimes,65.8,0
Borderouge / Bagatelle,111.3,0
Rangueil / Saouzelong,161.7,0
Capitole / Carmes,182.0,0
Capitole / Carmes,240.3,0
Côte Pavée / Jolimont,106.1,0
Borderouge / Bagatelle,118.6,0
Borderouge / Bagatelle,149.2,0
Capitole / Carmes,240.4,0
Capitole / Carmes,88.3,0
Côte Pavée / Jolimont,50.1,0
Borderouge / Bagatelle,18.9,0
Rangueil / Saouzelong,8.7,0
Capitole / Carmes,33.1,0
Côte Pavée / Jolimont,23.3,0
Croix-Daurade / Minimes,172.2,0
Rangueil / Saouzelong,269.6,0
Rangueil / Saouzelong,73.8,0
Capitole / Carmes,68.3,0
Rangueil / Saouzelong,97.2,0
Côte Pavée / Jolimont,89.2,0
Côte Pavée / Jolimont,89.2,0
Rangueil / Saouzelong,97.2,0
Côte Pavée / Jolimont,69.4,0
Borderouge / Bagatelle,194.1,0
Rangueil / Saouzelong,200.4,0
Côte Pavée / Jolimont,290.6,0
Côte Pavée / Jolimont,245.9,0
Capitole / Carmes,235.9,0
Côte Pavée / Jolimont,98.2,0
Rangueil / Saouzelong,80.1,0
Côte Pavée / Jolimont,356.5,0
Côte Pavée / Jolimont,80.6,0
Rangueil / Saouzelong,115.7,0
Rangueil / Saouzelong,115.7,0
Rangueil / Saouzelong,32.9,0
Croix-Daurade / Minimes,386.2,0
Rangueil / Saouzelong,116.3,0
Croix-Daurade / Minimes,157.0,1
Saint-Cyprien / Empalot,10.1,0
Rangueil / Saouzelong,32.9,0
Rangueil / Saouzelong,32.9,0
Côte Pavée / Jolimont,202.2,0
Borderouge / Bagatelle,159.9,0
Capitole / Carmes,95.9,0
Borderouge / Bagatelle,191.2,0
Borderouge / Bagatelle,33.7,0
Saint-Cyprien / Empalot,121.3,0
Borderouge / Bagatelle,63.7,0
Borderouge / Bagatelle,83.7,0
Capitole / Carmes,64.9,0
Côte Pavée / Jolimont,111.1,0
Côte Pavée / Jolimont,26.1,0
Borderouge / Bagatelle,159.8,0
Borderouge / Bagatelle,142.8,0
Borderouge / Bagatelle,172.2,0
Borderouge / Bagatelle,161.0,0
Côte Pavée / Jolimont,112.3,0
Croix-Daurade / Minimes,131.2,0
Rangueil / Saouzelong,110.3,0
Capitole / Carmes,83.0,0
Borderouge / Bagatelle,78.4,0
Capitole / Carmes,64.9,0
Borderouge / Bagatelle,178.7,0
Rangueil / Saouzelong,69.8,0
Rangueil / Saouzelong,156.5,0
Rangueil / Saouzelong,84.0,0
Capitole / Carmes,217.6,1
Borderouge / Bagatelle,208.0,0
Côte Pavée / Jolimont,105.5,0
Borderouge / Bagatelle,200.0,0
Côte Pavée / Jolimont,446.7,0
Croix-Daurade / Minimes,14.3,0
Croix-Daurade / Minimes,250.4,0
Borderouge / Bagatelle,215.9,0
Côte Pavée / Jolimont,137.0,0
Capitole / Carmes,273.9,0
Rangueil / Saouzelong,69.4,0
Rangueil / Saouzelong,69.4,0
Rangueil / Saouzelong,69.4,0
Côte Pavée / Jolimont,242.2,0
Saint-Cyprien / Empalot,46.1,0
Capitole / Carmes,64.9,0
Borderouge / Bagatelle,245.6,0
Borderouge / Bagatelle,184.5,0
Côte Pavée / Jolimont,387.2,1
Rangueil / Saouzelong,51.3,0
Rangueil / Saouzelong,51.3,0
Rangueil / Saouzelong,206.9,0
Capitole / Carmes,194.5,0
Croix-Daurade / Minimes,20.9,0
Saint-Cyprien / Empalot,144.1,0
Capitole / Carmes,366.9,0
Côte Pavée / Jolimont,277.9,0
Saint-Cyprien / Empalot,151.6,0
Rangueil / Saouzelong,201.8,0
Borderouge / Bagatelle,273.9,0
Borderouge / Bagatelle,148.0,0
Capitole / Carmes,164.5,0
Croix-Daurade / Minimes,131.9,0
Rangueil / Saouzelong,156.5,1
Rangueil / Saouzelong,88.8,0
Saint-Cyprien / Empalot,19.4,0
Saint-Cyprien / Empalot,197.9,0
Rangueil / Saouzelong,80.9,0
Borderouge / Bagatelle,137.0,0
Côte Pavée / Jolimont,254.6,0
Croix-Daurade / Minimes,207.0,0
Croix-Daurade / Minimes,207.0,0
Capitole / Carmes,298.9,0
Borderouge / Bagatelle,97.0,0
Rangueil / Saouzelong,80.9,0
Rangueil / Saouzelong,80.9,0
Rangueil / Saouzelong,128.4,0
Rangueil / Saouzelong,227.7,0
Rangueil / Saouzelong,19.6,0
Rangueil / Saouzelong,134.6,0
Côte Pavée / Jolimont,111.2,0
Borderouge / Bagatelle,91.8,0
Capitole / Carmes,41.7,0
Capitole / Carmes,183.1,1
Côte Pavée / Jolimont,188.5,0
Côte Pavée / Jolimont,341.2,0
Borderouge / Bagatelle,179.7,0
Saint-Cyprien / Empalot,68.1,0
Borderouge / Bagatelle,261.1,0
Rangueil / Saouzelong,147.2,0
Borderouge / Bagatelle,22.6,0
Saint-Cyprien / Empalot,44.3,0
Côte Pavée / Jolimont,49.7,0
Côte Pavée / Jolimont,49.7,0
Côte Pavée / Jolimont,49.7,0
Capitole / Carmes,105.6,0
Rangueil / Saouzelong,188.0,0
Borderouge / Bagatelle,219.4,0
Saint-Cyprien / Empalot,105.2,0
Capitole / Carmes,50.6,0
Côte Pavée / Jolimont,71.2,0
Saint-Cyprien / Empalot,127.9,0
Capitole / Carmes,165.6,0
Rangueil / Saouzelong,81.4,0
Capitole / Carmes,154.3,1
Rangueil / Saouzelong,190.2,0
Rangueil / Saouzelong,97.2,0
Côte Pavée / Jolimont,284.9,0
Borderouge / Bagatelle,153.4,0
Borderouge / Bagatelle,70.0,0
Côte Pavée / Jolimont,89.2,0
Saint-Cyprien / Empalot,116.4,0
Rangueil / Saouzelong,85.7,0
Côte Pavée / Jolimont,89.2,0
Capitole / Carmes,102.3,0
Côte Pavée / Jolimont,320.9,0
Borderouge / Bagatelle,113.5,0
Saint-Cyprien / Empalot,126.4,0
Croix-Daurade / Minimes,180.5,0
Capitole / Carmes,200.2,0
Rangueil / Saouzelong,143.6,0
Côte Pavée / Jolimont,198.1,0
Côte Pavée / Jolimont,42.6,0
Rangueil / Saouzelong,4.8,0
Saint-Cyprien / Empalot,21.9,0
Rangueil / Saouzelong,116.3,0
Côte Pavée / Jolimont,182.6,0
Côte Pavée / Jolimont,217.0,0
Saint-Cyprien / Empalot,97.7,0
Croix-Daurade / Minimes,94.4,0
Rangueil / Saouzelong,103.8,0
Rangueil / Saouzelong,297.1,1
Croix-Daurade / Minimes,313.6,0
Côte Pavée / Jolimont,66.7,0
Rangueil / Saouzelong,80.9,0
Borderouge / Bagatelle,58.7,0
Borderouge / Bagatelle,263.9,0
Borderouge / Bagatelle,84.3,0
Croix-Daurade / Minimes,209.7,0
Borderouge / Bagatelle,83.1,0
Saint-Cyprien / Empalot,93.7,0
Croix-Daurade / Minimes,15.0,0
Côte Pavée / Jolimont,348.2,1
Borderouge / Bagatelle,56.6,0
Borderouge / Bagatelle,56.6,0
Borderouge / Bagatelle,158.9,0
Côte Pavée / Jolimont,236.9,0
Rangueil / Saouzelong,4.5,0
Borderouge / Bagatelle,250.4,0
Rangueil / Saouzelong,165.6,0
Rangueil / Saouzelong,200.4,0
Capitole / Carmes,329.5,0
Saint-Cyprien / Empalot,147.4,1
Saint-Cyprien / Empalot,63.4,0
Croix-Daurade / Minimes,40.5,0
Croix-Daurade / Minimes,40.5,0
Rangueil / Saouzelong,45.0,0
Rangueil / Saouzelong,225.0,0
Borderouge / Bagatelle,205.3,0
Côte Pavée / Jolimont,71.7,0
Capitole / Carmes,36.0,0
Rangueil / Saouzelong,183.1,0
Côte Pavée / Jolimont,61.5,0
Borderouge / Bagatelle,257.0,0
Saint-Cyprien / Empalot,15.1,0
Borderouge / Bagatelle,138.8,0
Capitole / Carmes,152.8,0
Saint-Cyprien / Empalot,456.0,0
Borderouge / Bagatelle,88.8,0
Rangueil / Saouzelong,86.7,0
Borderouge / Bagatelle,11.7,0
Borderouge / Bagatelle,7.0,0
Croix-Daurade / Minimes,299.1,0
Saint-Cyprien / Empalot,50.1,0
Borderouge / Bagatelle,75.7,0
Rangueil / Saouzelong,173.5,0
Capitole / Carmes,105.6,0
Côte Pavée / Jolimont,202.2,0
Saint-Cyprien / Empalot,166.4,0
Saint-Cyprien / Empalot,20.7,0
Côte Pavée / Jolimont,33.3,1
Saint-Cyprien / Empalot,151.4,0
Capitole / Carmes,172.4,0
Capitole / Carmes,172.4,0
Capitole / Carmes,172.4,0
Borderouge / Bagatelle,152.2,0
Borderouge / Bagatelle,545.5,0
Borderouge / Bagatelle,99.5,0
Saint-Cyprien / Empalot,12.3,0
Côte Pavée / Jolimont,178.1,0
Borderouge / Bagatelle,286.0,0
Capitole / Carmes,97.6,0
Borderouge / Bagatelle,22.6,0
Saint-Cyprien / Empalot,175.5,0
Croix-Daurade / Minimes,148.3,0
Rangueil / Saouzelong,239.8,0
Rangueil / Saouzelong,195.4,0
Rangueil / Saouzelong,29.5,0
Capitole / Carmes,165.7,0
Saint-Cyprien / Empalot,192.4,0
Saint-Cyprien / Empalot,19.4,0
Rangueil / Saouzelong,165.9,0
Borderouge / Bagatelle,286.0,0
Rangueil / Saouzelong,120.4,0
Borderouge / Bagatelle,283.6,0
Borderouge / Bagatelle,283.6,0
Rangueil / Saouzelong,76.1,0
Borderouge / Bagatelle,27.7,0
Capitole / Carmes,78.2,0
Croix-Daurade / Minimes,46.3,0
Côte Pavée / Jolimont,69.6,0
Côte Pavée / Jolimont,368.3,0
Borderouge / Bagatelle,148.9,0
Borderouge / Bagatelle,189.0,0
Borderouge / Bagatelle,343.2,1
Borderouge / Bagatelle,343.2,1
Rangueil / Saouzelong,95.1,0
Côte Pavée / Jolimont,167.4,0
Croix-Daurade / Minimes,217.4,0
Saint-Cyprien / Empalot,171.0,0
Saint-Cyprien / Empalot,171.0,0
Borderouge / Bagatelle,93.5,0
Saint-Cyprien / Empalot,3.8,0
Côte Pavée / Jolimont,115.9,0
Côte Pavée / Jolimont,59.2,0
Rangueil / Saouzelong,77.6,0
Côte Pavée / Jolimont,59.5,0
Borderouge / Bagatelle,117.2,0
Rangueil / Saouzelong,69.6,0
Borderouge / Bagatelle,76.0,0
Capitole / Carmes,90.1,0
Côte Pavée / Jolimont,112.9,0
Croix-Daurade / Minimes,174.1,0
Rangueil / Saouzelong,121.4,1
Côte Pavée / Jolimont,80.9,0
Capitole / Carmes,168.2,0
Borderouge / Bagatelle,214.7,1
Côte Pavée / Jolimont,44.6,0
Capitole / Carmes,50.9,0
Saint-Cyprien / Empalot,143.4,0
Saint-Cyprien / Empalot,74.9,0
Borderouge / Bagatelle,157.8,1
Borderouge / Bagatelle,319.0,0
Borderouge / Bagatelle,107.5,0
Borderouge / Bagatelle,71.1,0
Saint-Cyprien / Empalot,288.1,0
Capitole / Carmes,225.1,0
Borderouge / Bagatelle,172.3,0
Rangueil / Saouzelong,7.4,0
Saint-Cyprien / Empalot,42.7,0
Saint-Cyprien / Empalot,67.4,0
Capitole / Carmes,273.3,0
Croix-Daurade / Minimes,185.5,0
Croix-Daurade / Minimes,195.9,0
Rangueil / Saouzelong,177.1,0
Saint-Cyprien / Empalot,330.6,0
Croix-Daurade / Minimes,15.0,0
Capitole / Carmes,115.0,0
Côte Pavée / Jolimont,35.6,0
Croix-Daurade / Minimes,190.4,0
Saint-Cyprien / Empalot,129.1,0
Capitole / Carmes,142.3,0
Croix-Daurade / Minimes,8.6,0
Borderouge / Bagatelle,36.7,0
Croix-Daurade / Minimes,326.1,1
Borderouge / Bagatelle,257.0,0
Rangueil / Saouzelong,87.7,0
Saint-Cyprien / Empalot,100.0,0
Borderouge / Bagatelle,141.8,0
Capitole / Carmes,215.5,0
Croix-Daurade / Minimes,310.0,0
Capitole / Carmes,129.3,0
Capitole / Carmes,129.3,0
Côte Pavée / Jolimont,81.3,0
Côte Pavée / Jolimont,81.3,0
Côte Pavée / Jolimont,81.3,0
Rangueil / Saouzelong,69.5,0
Capitole / Carmes,192.9,0
Capitole / Carmes,136.5,0
Capitole / Carmes,191.2,0
Côte Pavée / Jolimont,226.9,0
Côte Pavée / Jolimont,226.9,0
Borderouge / Bagatelle,68.9,0
Borderouge / Bagatelle,68.9,0
Borderouge / Bagatelle,179.1,0
Côte Pavée / Jolimont,320.9,0
Borderouge / Bagatelle,175.5,0
Rangueil / Saouzelong,44.9,0
Borderouge / Bagatelle,153.4,0
Rangueil / Saouzelong,114.8,0
Rangueil / Saouzelong,71.4,0
Côte Pavée / Jolimont,36.9,0
Côte Pavée / Jolimont,183.7,0
Borderouge / Bagatelle,176.2,0
Rangueil / Saouzelong,158.4,0
Rangueil / Saouzelong,110.8,0
Rangueil / Saouzelong,50.6,0
Capitole / Carmes,140.4,0
Rangueil / Saouzelong,359.3,0
Capitole / Carmes,165.7,0
Capitole / Carmes,100.3,0
Rangueil / Saouzelong,165.4,0
Saint-Cyprien / Empalot,105.5,0
Capitole / Carmes,193.7,0
Côte Pavée / Jolimont,81.8,0
Rangueil / Saouzelong,226.3,0
Borderouge / Bagatelle,59.0,0
Capitole / Carmes,244.3,0
Croix-Daurade / Minimes,127.2,0
Côte Pavée / Jolimont,175.5,0
Borderouge / Bagatelle,224.3,0
Borderouge / Bagatelle,152.2,0
Saint-Cyprien / Empalot,74.9,0
Borderouge / Bagatelle,239.1,0
Rangueil / Saouzelong,172.6,0
Côte Pavée / Jolimont,120.1,0
Borderouge / Bagatelle,140.7,0
Borderouge / Bagatelle,142.8,0
Borderouge / Bagatelle,11.8,0
Rangueil / Saouzelong,97.2,0
Rangueil / Saouzelong,97.2,0
Côte Pavée / Jolimont,58.8,0
Borderouge / Bagatelle,421.6,0
Borderouge / Bagatelle,13.9,1
Capitole / Carmes,152.2,0
Capitole / Carmes,146.4,0
Borderouge / Bagatelle,80.0,1
Borderouge / Bagatelle,84.7,1
Borderouge / Bagatelle,188.2,0
Borderouge / Bagatelle,289.5,0
Rangueil / Saouzelong,79.1,0
Rangueil / Saouzelong,110.9,0
Croix-Daurade / Minimes,166.3,1
Croix-Daurade / Minimes,237.3,0
Saint-Cyprien / Empalot,109.2,0
Borderouge / Bagatelle,91.4,0
Borderouge / Bagatelle,121.4,0
Côte Pavée / Jolimont,156.5,0
Côte Pavée / Jolimont,136.6,0
Croix-Daurade / Minimes,125.5,0
Saint-Cyprien / Empalot,184.0,1
Capitole / Carmes,81.2,0
Rangueil / Saouzelong,86.2,0
Borderouge / Bagatelle,121.5,1
Rangueil / Saouzelong,139.1,0
Borderouge / Bagatelle,194.6,0
Saint-Cyprien / Empalot,105.2,0
Borderouge / Bagatelle,104.9,0
Capitole / Carmes,32.7,0
Borderouge / Bagatelle,168.6,0
Rangueil / Saouzelong,11.9,0
Rangueil / Saouzelong,25.7,0
Borderouge / Bagatelle,58.5,0
Saint-Cyprien / Empalot,195.9,0
Rangueil / Saouzelong,214.0,0
Croix-Daurade / Minimes,90.8,0
Rangueil / Saouzelong,267.1,0
Capitole / Carmes,207.2,0
Rangueil / Saouzelong,125.6,1
Côte Pavée / Jolimont,51.9,0
Borderouge / Bagatelle,317.2,0
Croix-Daurade / Minimes,292.1,0
Saint-Cyprien / Empalot,178.8,1
Rangueil / Saouzelong,81.4,0
Borderouge / Bagatelle,13.9,0
Côte Pavée / Jolimont,296.1,0
Capitole / Carmes,246.9,0
Côte Pavée / Jolimont,191.0,0
Rangueil / Saouzelong,191.9,1
Saint-Cyprien / Empalot,225.7,0
Saint-Cyprien / Empalot,64.1,0
Saint-Cyprien / Empalot,104.6,0
Côte Pavée / Jolimont,200.2,0
Borderouge / Bagatelle,45.1,0
Borderouge / Bagatelle,45.1,0
Saint-Cyprien / Empalot,321.8,0
Rangueil / Saouzelong,157.2,0
Borderouge / Bagatelle,72.6,0
Croix-Daurade / Minimes,390.9,0
Rangueil / Saouzelong,80.1,0
Rangueil / Saouzelong,201.8,0
Côte Pavée / Jolimont,29.7,0
Capitole / Carmes,100.6,0
Borderouge / Bagatelle,119.3,1
Saint-Cyprien / Empalot,90.4,0
Croix-Daurade / Minimes,6.9,0
Borderouge / Bagatelle,139.6,0
Rangueil / Saouzelong,212.8,0
Côte Pavée / Jolimont,214.0,0
Rangueil / Saouzelong,128.4,0
Borderouge / Bagatelle,27.7,0
Borderouge / Bagatelle,369.6,0
Capitole / Carmes,121.1,0
Côte Pavée / Jolimont,105.6,0
Saint-Cyprien / Empalot,271.2,0
Saint-Cyprien / Empalot,271.2,0
Borderouge / Bagatelle,234.5,0
Saint-Cyprien / Empalot,144.7,0
Saint-Cyprien / Empalot,441.1,0
Borderouge / Bagatelle,281.3,0
Rangueil / Saouzelong,48.3,0
Rangueil / Saouzelong,97.6,0
Capitole / Carmes,142.2,0
Borderouge / Bagatelle,420.6,0
Borderouge / Bagatelle,221.7,0
Côte Pavée / Jolimont,159.6,0
Croix-Daurade / Minimes,38.3,0
Borderouge / Bagatelle,87.5,0
Borderouge / Bagatelle,77.4,0
Rangueil / Saouzelong,176.6,0
Rangueil / Saouzelong,109.6,0
Capitole / Carmes,59.6,1
Croix-Daurade / Minimes,249.0,0
Borderouge / Bagatelle,278.0,0
Saint-Cyprien / Empalot,97.7,0
Borderouge / Bagatelle,88.8,0
Côte Pavée / Jolimont,51.0,0
Borderouge / Bagatelle,126.1,0
Borderouge / Bagatelle,164.5,0
Côte Pavée / Jolimont,99.7,0
Capitole / Carmes,116.2,0
Borderouge / Bagatelle,89.1,0
Saint-Cyprien / Empalot,76.2,0
Saint-Cyprien / Empalot,248.9,0
Borderouge / Bagatelle,142.1,0
Borderouge / Bagatelle,84.5,0
Borderouge / Bagatelle,65.5,0
Capitole / Carmes,15.4,0
Rangueil / Saouzelong,216.4,0
Capitole / Carmes,297.0,0
Côte Pavée / Jolimont,28.6,0
Capitole / Carmes,106.6,0
Rangueil / Saouzelong,53.7,0
Croix-Daurade / Minimes,184.7,0
Capitole / Carmes,19.8,0
Capitole / Carmes,201.8,0
Côte Pavée / Jolimont,301.2,0
Borderouge / Bagatelle,112.0,0
Côte Pavée / Jolimont,111.8,0
Côte Pavée / Jolimont,150.1,0
Rangueil / Saouzelong,95.7,0
Saint-Cyprien / Empalot,100.9,0
Capitole / Carmes,277.8,0
Capitole / Carmes,60.3,0
Borderouge / Bagatelle,337.9,1
Rangueil / Saouzelong,67.8,0
Saint-Cyprien / Empalot,113.9,0
Croix-Daurade / Minimes,154.7,0
Côte Pavée / Jolimont,58.0,0
Borderouge / Bagatelle,214.3,0
Rangueil / Saouzelong,51.1,0
Croix-Daurade / Minimes,113.3,0
Capitole / Carmes,106.1,1
Saint-Cyprien / Empalot,192.4,0
Côte Pavée / Jolimont,56.3,0
Borderouge / Bagatelle,30.9,0
Côte Pavée / Jolimont,66.1,0
Côte Pavée / Jolimont,66.1,0
Côte Pavée / Jolimont,235.9,0
Côte Pavée / Jolimont,135.5,1
Côte Pavée / Jolimont,101.1,0
Saint-Cyprien / Empalot,248.9,0
Borderouge / Bagatelle,102.7,0
Rangueil / Saouzelong,134.1,0
Borderouge / Bagatelle,142.8,0
Côte Pavée / Jolimont,223.1,1
Côte Pavée / Jolimont,229.5,0
Borderouge / Bagatelle,223.3,0
Capitole / Carmes,10.1,0
Capitole / Carmes,145.6,1
Côte Pavée / Jolimont,219.8,0
Rangueil / Saouzelong,89.7,0
Côte Pavée / Jolimont,243.3,1
Capitole / Carmes,40.4,0
Rangueil / Saouzelong,85.0,0
Rangueil / Saouzelong,24.5,0
Côte Pavée / Jolimont,115.1,0
Capitole / Carmes,123.2,0
Croix-Daurade / Minimes,180.5,0
Borderouge / Bagatelle,257.4,0
Côte Pavée / Jolimont,159.1,0
Capitole / Carmes,372.8,0
Croix-Daurade / Minimes,116.3,0
Capitole / Carmes,285.4,0
Saint-Cyprien / Empalot,97.7,0
Saint-Cyprien / Empalot,304.2,0
Capitole / Carmes,117.1,0
Saint-Cyprien / Empalot,139.6,0
Rangueil / Saouzelong,33.2,0
Saint-Cyprien / Empalot,118.0,0
Rangueil / Saouzelong,149.9,0
Rangueil / Saouzelong,149.9,0
Croix-Daurade / Minimes,340.9,0
Côte Pavée / Jolimont,87.0,0
Rangueil / Saouzelong,183.7,0
Borderouge / Bagatelle,269.5,0
Borderouge / Bagatelle,240.0,0
Borderouge / Bagatelle,116.0,0
Saint-Cyprien / Empalot,66.5,0
Borderouge / Bagatelle,96.0,0
Côte Pavée / Jolimont,54.3,0
Borderouge / Bagatelle,202.3,0
Rangueil / Saouzelong,115.7,0
Côte Pavée / Jolimont,76.1,0
Saint-Cyprien / Empalot,99.9,0
Rangueil / Saouzelong,103.8,0
Rangueil / Saouzelong,72.5,0
Capitole / Carmes,196.3,1
Borderouge / Bagatelle,136.1,1
Borderouge / Bagatelle,180.7,0
Borderouge / Bagatelle,180.7,0
Borderouge / Bagatelle,180.7,0
Borderouge / Bagatelle,61.0,1
Saint-Cyprien / Empalot,132.4,0
Borderouge / Bagatelle,122.4,0
Capitole / Carmes,129.3,0
Borderouge / Bagatelle,124.3,0
Côte Pavée / Jolimont,165.1,0
Borderouge / Bagatelle,96.3,0
Borderouge / Bagatelle,42.0,0
Borderouge / Bagatelle,63.5,1
Rangueil / Saouzelong,176.0,0
Saint-Cyprien / Empalot,135.0,0
Capitole / Carmes,100.5,0
Capitole / Carmes,29.2,0
Rangueil / Saouzelong,95.4,0
Saint-Cyprien / Empalot,129.4,0
Croix-Daurade / Minimes,120.5,0
Borderouge / Bagatelle,36.7,0
Saint-Cyprien / Empalot,57.1,0
Borderouge / Bagatelle,140.6,0
Capitole / Carmes,34.0,0
Borderouge / Bagatelle,274.7,0
Côte Pavée / Jolimont,109.6,0
Rangueil / Saouzelong,150.8,0
Rangueil / Saouzelong,156.9,0
Borderouge / Bagatelle,208.1,0
Rangueil / Saouzelong,28.2,0
Borderouge / Bagatelle,123.8,0
Côte Pavée / Jolimont,46.4,0
Rangueil / Saouzelong,149.0,0
Capitole / Carmes,68.8,0
Capitole / Carmes,121.9,0
Côte Pavée / Jolimont,201.3,0
Croix-Daurade / Minimes,620.1,0
Borderouge / Bagatelle,80.0,0
Capitole / Carmes,293.4,0
Borderouge / Bagatelle,152.2,0
Saint-Cyprien / Empalot,39.4,0
Côte Pavée / Jolimont,46.8,0
Borderouge / Bagatelle,222.6,0
Croix-Daurade / Minimes,151.3,0
Croix-Daurade / Minimes,115.3,0
Côte Pavée / Jolimont,101.5,0
Borderouge / Bagatelle,348.6,0
Borderouge / Bagatelle,348.6,0
Borderouge / Bagatelle,348.6,0
Borderouge / Bagatelle,348.6,0
Saint-Cyprien / Empalot,122.5,0
Rangueil / Saouzelong,60.4,0
Saint-Cyprien / Empalot,231.2,0
Côte Pavée / Jolimont,334.6,0
Borderouge / Bagatelle,70.0,0
Capitole / Carmes,187.9,1
Côte Pavée / Jolimont,90.2,0
Borderouge / Bagatelle,117.8,0
Borderouge / Bagatelle,366.5,0
Saint-Cyprien / Empalot,82.3,0
Rangueil / Saouzelong,60.6,0
Rangueil / Saouzelong,60.6,0
Borderouge / Bagatelle,89.1,0
Rangueil / Saouzelong,84.0,0
Borderouge / Bagatelle,420.6,0
Côte Pavée / Jolimont,75.3,0
Capitole / Carmes,111.1,0
Saint-Cyprien / Empalot,44.1,0
Capitole / Carmes,122.9,0
Borderouge / Bagatelle,292.8,0
Capitole / Carmes,22.5,1
Croix-Daurade / Minimes,111.8,0
Croix-Daurade / Minimes,97.0,0
Borderouge / Bagatelle,102.4,0
Saint-Cyprien / Empalot,233.7,0
Rangueil / Saouzelong,67.8,0
Côte Pavée / Jolimont,69.0,0
Rangueil / Saouzelong,130.5,0
Côte Pavée / Jolimont,106.7,0
Croix-Daurade / Minimes,110.4,0
Côte Pavée / Jolimont,124.2,0
Saint-Cyprien / Empalot,123.2,0
Capitole / Carmes,294.6,0
Borderouge / Bagatelle,113.5,0
Rangueil / Saouzelong,183.7,0
Capitole / Carmes,147.9,0
Capitole / Carmes,70.5,0
Côte Pavée / Jolimont,307.4,0
Borderouge / Bagatelle,18.7,0
Côte Pavée / Jolimont,123.8,0
Borderouge / Bagatelle,207.1,1
Borderouge / Bagatelle,246.3,0
Capitole / Carmes,93.4,0
Capitole / Carmes,93.4,0
Rangueil / Saouzelong,223.0,0
Croix-Daurade / Minimes,63.9,0
Capitole / Carmes,63.4,0
Rangueil / Saouzelong,58.7,0
Borderouge / Bagatelle,117.8,0
Capitole / Carmes,312.7,0
Croix-Daurade / Minimes,382.7,0
Rangueil / Saouzelong,156.5,0
Rangueil / Saouzelong,217.2,0
Saint-Cyprien / Empalot,20.7,0
Capitole / Carmes,36.7,0
Rangueil / Saouzelong,111.8,0
Rangueil / Saouzelong,111.8,0
Croix-Daurade / Minimes,84.4,0
Croix-Daurade / Minimes,123.9,0
Croix-Daurade / Minimes,24.2,0
Capitole / Carmes,263.9,0
Rangueil / Saouzelong,82.8,0
Côte Pavée / Jolimont,250.4,0
Capitole / Carmes,145.9,0
Saint-Cyprien / Empalot,164.4,0
Saint-Cyprien / Empalot,312.8,0
Côte Pavée / Jolimont,140.4,0
Capitole / Carmes,203.5,0
Rangueil / Saouzelong,101.8,0
Capitole / Carmes,230.8,0
Rangueil / Saouzelong,161.7,0
Rangueil / Saouzelong,378.8,0
Saint-Cyprien / Empalot,29.7,0
Rangueil / Saouzelong,9.6,0
Borderouge / Bagatelle,157.6,0
Capitole / Carmes,166.9,0
Rangueil / Saouzelong,196.0,0
Côte Pavée / Jolimont,105.0,0
Capitole / Carmes,106.6,0
Capitole / Carmes,194.5,0
Croix-Daurade / Minimes,76.0,0
Borderouge / Bagatelle,172.6,0
Rangueil / Saouzelong,58.4,0
Capitole / Carmes,88.3,0
Croix-Daurade / Minimes,162.6,0
Croix-Daurade / Minimes,162.6,0
Croix-Daurade / Minimes,162.6,0
Croix-Daurade / Minimes,162.6,0
Croix-Daurade / Minimes,162.6,0
Croix-Daurade / Minimes,162.6,0
Croix-Daurade / Minimes,162.6,0
Côte Pavée / Jolimont,181.4,0
Rangueil / Saouzelong,69.6,0
Rangueil / Saouzelong,162.9,0
Croix-Daurade / Minimes,199.4,0
Rangueil / Saouzelong,16.6,0
Borderouge / Bagatelle,113.4,0
Côte Pavée / Jolimont,129.4,1
Côte Pavée / Jolimont,106.2,0
Borderouge / Bagatelle,260.4,0
Croix-Daurade / Minimes,228.7,0
Rangueil / Saouzelong,428.6,0
Saint-Cyprien / Empalot,136.1,0
Rangueil / Saouzelong,60.4,0
Rangueil / Saouzelong,267.8,0
Borderouge / Bagatelle,378.5,0
Rangueil / Saouzelong,46.6,1
Côte Pavée / Jolimont,203.9,0
Rangueil / Saouzelong,276.6,0
Côte Pavée / Jolimont,173.9,0
Borderouge / Bagatelle,162.4,0
Rangueil / Saouzelong,60.4,0
Côte Pavée / Jolimont,68.2,0
Capitole / Carmes,73.4,0
Borderouge / Bagatelle,338.3,0
Borderouge / Bagatelle,338.3,0
Rangueil / Saouzelong,143.6,0
Borderouge / Bagatelle,368.2,0
Saint-Cyprien / Empalot,234.2,0
Rangueil / Saouzelong,39.0,0
Côte Pavée / Jolimont,109.9,0
Saint-Cyprien / Empalot,129.2,0
Saint-Cyprien / Empalot,295.7,0
Croix-Daurade / Minimes,135.0,0
Croix-Daurade / Minimes,316.3,0
Côte Pavée / Jolimont,117.0,0
Borderouge / Bagatelle,81.3,0
Croix-Daurade / Minimes,108.8,0
Saint-Cyprien / Empalot,76.2,0
Capitole / Carmes,245.5,0
Rangueil / Saouzelong,10.3,0
Rangueil / Saouzelong,204.0,0
Rangueil / Saouzelong,164.2,0
Rangueil / Saouzelong,186.0,0
Rangueil / Saouzelong,116.3,0
Côte Pavée / Jolimont,126.9,0
Borderouge / Bagatelle,53.3,0
Borderouge / Bagatelle,81.0,0
Croix-Daurade / Minimes,196.9,0
Borderouge / Bagatelle,59.2,0
Saint-Cyprien / Empalot,57.1,0
Saint-Cyprien / Empalot,312.8,0
Capitole / Carmes,149.2,0
Saint-Cyprien / Empalot,312.8,0
Côte Pavée / Jolimont,80.0,0
Croix-Daurade / Minimes,142.5,0
Rangueil / Saouzelong,19.2,0
Borderouge / Bagatelle,270.1,0
Capitole / Carmes,133.8,0
Rangueil / Saouzelong,19.2,0
Capitole / Carmes,114.6,0
Borderouge / Bagatelle,254.1,0
Rangueil / Saouzelong,19.2,0
Côte Pavée / Jolimont,22.2,0
Borderouge / Bagatelle,19.7,0
Croix-Daurade / Minimes,73.7,0
Rangueil / Saouzelong,38.6,0
Rangueil / Saouzelong,60.4,0
Côte Pavée / Jolimont,141.7,0
Rangueil / Saouzelong,60.4,0
Croix-Daurade / Minimes,115.6,0
Rangueil / Saouzelong,60.4,0
Rangueil / Saouzelong,124.5,0
Borderouge / Bagatelle,187.4,0
Rangueil / Saouzelong,38.8,0
Rangueil / Saouzelong,80.9,0
Saint-Cyprien / Empalot,125.9,0
Côte Pavée / Jolimont,32.4,0
Borderouge / Bagatelle,163.7,1
Capitole / Carmes,175.2,0
Rangueil / Saouzelong,63.1,0
Borderouge / Bagatelle,103.6,0
Rangueil / Saouzelong,70.8,0
Borderouge / Bagatelle,233.5,0
Saint-Cyprien / Empalot,120.3,0
Côte Pavée / Jolimont,82.4,0
Rangueil / Saouzelong,85.3,0
Borderouge / Bagatelle,87.9,0
Borderouge / Bagatelle,150.0,0
Côte Pavée / Jolimont,193.8,0
Saint-Cyprien / Empalot,34.7,0
Saint-Cyprien / Empalot,149.8,0
Borderouge / Bagatelle,70.0,0
Saint-Cyprien / Empalot,175.1,0
Borderouge / Bagatelle,180.9,0
Rangueil / Saouzelong,64.6,0
Rangueil / Saouzelong,56.7,0
Côte Pavée / Jolimont,345.2,0
Croix-Daurade / Minimes,80.6,0
Capitole / Carmes,84.8,0
Capitole / Carmes,160.8,0
Capitole / Carmes,197.2,0
Rangueil / Saouzelong,81.5,0
Saint-Cyprien / Empalot,43.5,0
Côte Pavée / Jolimont,223.3,0
Côte Pavée / Jolimont,48.7,0
Côte Pavée / Jolimont,105.5,0
Borderouge / Bagatelle,136.6,0
Côte Pavée / Jolimont,368.3,0
Capitole / Carmes,97.1,0
Borderouge / Bagatelle,52.0,0
Capitole / Carmes,77.0,0
Saint-Cyprien / Empalot,105.2,0
Rangueil / Saouzelong,94.0,0
Côte Pavée / Jolimont,214.2,0
Rangueil / Saouzelong,60.4,0
Borderouge / Bagatelle,135.8,0
Côte Pavée / Jolimont,118.9,0
Borderouge / Bagatelle,106.2,0
Côte Pavée / Jolimont,71.5,0
Rangueil / Saouzelong,18.5,0
Rangueil / Saouzelong,19.2,0
Croix-Daurade / Minimes,180.5,0
Côte Pavée / Jolimont,89.9,0
Côte Pavée / Jolimont,161.8,0
Rangueil / Saouzelong,216.1,0
Borderouge / Bagatelle,260.4,0
Croix-Daurade / Minimes,81.2,0
Saint-Cyprien / Empalot,146.8,0
Rangueil / Saouzelong,103.8,0
Capitole / Carmes,137.1,0
Borderouge / Bagatelle,180.8,0
Côte Pavée / Jolimont,115.1,1
Côte Pavée / Jolimont,28.6,0
Croix-Daurade / Minimes,96.2,0
Borderouge / Bagatelle,158.0,0
Borderouge / Bagatelle,420.6,0
Capitole / Carmes,112.3,0
Borderouge / Bagatelle,131.7,0
Capitole / Carmes,291.1,0
Capitole / Carmes,291.1,0
Côte Pavée / Jolimont,131.4,0
Rangueil / Saouzelong,19.2,0
Capitole / Carmes,188.5,1
Borderouge / Bagatelle,252.1,0
Capitole / Carmes,121.6,0
Capitole / Carmes,102.8,0
Saint-Cyprien / Empalot,226.1,0
Saint-Cyprien / Empalot,317.2,0
Borderouge / Bagatelle,36.6,0
Rangueil / Saouzelong,60.4,0
Rangueil / Saouzelong,132.7,0
Rangueil / Saouzelong,143.6,0
Croix-Daurade / Minimes,203.1,0
Borderouge / Bagatelle,22.6,0
Croix-Daurade / Minimes,73.7,0
Croix-Daurade / Minimes,74.9,0
Rangueil / Saouzelong,82.6,0
Borderouge / Bagatelle,115.4,0
Saint-Cyprien / Empalot,312.8,0
Côte Pavée / Jolimont,100.3,0
Borderouge / Bagatelle,182.3,1
Borderouge / Bagatelle,165.3,0
Rangueil / Saouzelong,258.6,0
Borderouge / Bagatelle,390.4,0
Capitole / Carmes,178.0,0
Saint-Cyprien / Empalot,74.2,0
Saint-Cyprien / Empalot,39.4,0
Croix-Daurade / Minimes,144.9,0
Capitole / Carmes,124.2,0
Capitole / Carmes,124.2,0
Capitole / Carmes,124.2,0
Saint-Cyprien / Empalot,312.8,0
Saint-Cyprien / Empalot,312.8,0
Croix-Daurade / Minimes,82.8,0
Saint-Cyprien / Empalot,312.8,0
Borderouge / Bagatelle,149.7,1
Saint-Cyprien / Empalot,133.1,0
Capitole / Carmes,120.1,0
Côte Pavée / Jolimont,97.1,0
Saint-Cyprien / Empalot,187.1,0
Côte Pavée / Jolimont,176.5,0
Côte Pavée / Jolimont,218.3,1
Rangueil / Saouzelong,48.3,0
Borderouge / Bagatelle,148.5,0
Capitole / Carmes,50.7,0
Saint-Cyprien / Empalot,30.7,0
Capitole / Carmes,323.6,0
Croix-Daurade / Minimes,212.7,1
Côte Pavée / Jolimont,155.9,0
Borderouge / Bagatelle,88.8,0
Capitole / Carmes,127.4,0
Rangueil / Saouzelong,129.2,0
Borderouge / Bagatelle,72.8,0
Croix-Daurade / Minimes,211.0,0
Borderouge / Bagatelle,342.0,0
Côte Pavée / Jolimont,194.3,0
Borderouge / Bagatelle,198.5,0
Côte Pavée / Jolimont,383.6,0
Rangueil / Saouzelong,222.1,0
Borderouge / Bagatelle,232.0,0
Capitole / Carmes,118.4,0
Croix-Daurade / Minimes,52.2,1
Borderouge / Bagatelle,156.0,0
Saint-Cyprien / Empalot,137.4,0
Capitole / Carmes,75.7,0
Côte Pavée / Jolimont,34.5,0
Rangueil / Saouzelong,75.9,0
Saint-Cyprien / Empalot,2.5,0
Croix-Daurade / Minimes,137.4,0
Croix-Daurade / Minimes,148.6,0
Capitole / Carmes,256.5,0
Rangueil / Saouzelong,6.8,0
Capitole / Carmes,185.7,0
Saint-Cyprien / Empalot,76.2,0
Saint-Cyprien / Empalot,131.8,0
Saint-Cyprien / Empalot,233.7,0
Rangueil / Saouzelong,121.2,0
Saint-Cyprien / Empalot,115.8,0
Rangueil / Saouzelong,164.2,0
Borderouge / Bagatelle,164.2,0
Côte Pavée / Jolimont,228.5,0
Saint-Cyprien / Empalot,98.9,0
Capitole / Carmes,12.9,0
Côte Pavée / Jolimont,190.2,0
Côte Pavée / Jolimont,115.8,0
Côte Pavée / Jolimont,111.8,0
Borderouge / Bagatelle,109.2,0
Borderouge / Bagatelle,113.4,0
Côte Pavée / Jolimont,246.7,0
Capitole / Carmes,272.9,0
Borderouge / Bagatelle,109.1,0
Rangueil / Saouzelong,19.2,0
Borderouge / Bagatelle,177.5,0
Borderouge / Bagatelle,104.7,0
Capitole / Carmes,55.7,0
Croix-Daurade / Minimes,212.7,1
Rangueil / Saouzelong,53.0,0
Borderouge / Bagatelle,67.6,0
Capitole / Carmes,130.3,0
Capitole / Carmes,130.3,0
Côte Pavée / Jolimont,79.2,0
Rangueil / Saouzelong,178.8,0
Capitole / Carmes,156.5,0
Côte Pavée / Jolimont,159.5,0
Côte Pavée / Jolimont,169.5,0
Croix-Daurade / Minimes,421.3,0
Côte Pavée / Jolimont,306.5,0
Capitole / Carmes,232.6,0
Borderouge / Bagatelle,216.8,0
Côte Pavée / Jolimont,53.9,0
Capitole / Carmes,196.0,0
Croix-Daurade / Minimes,96.5,0
Capitole / Carmes,254.1,0
Saint-Cyprien / Empalot,398.7,0
Capitole / Carmes,104.5,0
Capitole / Carmes,131.1,1
Saint-Cyprien / Empalot,139.3,0
Capitole / Carmes,155.1,0
Borderouge / Bagatelle,107.1,1
Capitole / Carmes,113.6,0
Côte Pavée / Jolimont,80.8,0
Saint-Cyprien / Empalot,39.1,0
Côte Pavée / Jolimont,119.2,0
Croix-Daurade / Minimes,58.6,0
Côte Pavée / Jolimont,323.2,0
Borderouge / Bagatelle,58.4,1
Capitole / Carmes,156.3,0
Rangueil / Saouzelong,93.0,0
Côte Pavée / Jolimont,202.2,0
Croix-Daurade / Minimes,164.8,0
Côte Pavée / Jolimont,148.3,0
Saint-Cyprien / Empalot,15.0,0
Côte Pavée / Jolimont,193.0,0
Côte Pavée / Jolimont,165.6,0
Capitole / Carmes,150.9,0
Borderouge / Bagatelle,149.7,1
Borderouge / Bagatelle,162.6,0
Capitole / Carmes,193.2,0
Capitole / Carmes,193.2,0
Rangueil / Saouzelong,61.4,0
Capitole / Carmes,99.0,0
Rangueil / Saouzelong,173.5,0
Capitole / Carmes,134.8,0
Borderouge / Bagatelle,13.9,0
Capitole / Carmes,45.9,0
Capitole / Carmes,168.2,0
Capitole / Carmes,168.2,0
Borderouge / Bagatelle,197.7,0
Rangueil / Saouzelong,135.1,0
Borderouge / Bagatelle,194.6,0
Borderouge / Bagatelle,194.6,0
Côte Pavée / Jolimont,32.2,0
Saint-Cyprien / Empalot,233.2,0
Côte Pavée / Jolimont,108.0,0
Borderouge / Bagatelle,101.6,0
Capitole / Carmes,121.7,0
Rangueil / Saouzelong,131.5,0
Capitole / Carmes,275.2,0
Borderouge / Bagatelle,10.2,0
Borderouge / Bagatelle,276.0,0
Rangueil / Saouzelong,71.6,0
Capitole / Carmes,210.3,0
Saint-Cyprien / Empalot,72.3,0
Rangueil / Saouzelong,101.0,0
Saint-Cyprien / Empalot,104.7,0
Croix-Daurade / Minimes,68.1,0
Borderouge / Bagatelle,12.8,0
Côte Pavée / Jolimont,308.9,0
Côte Pavée / Jolimont,308.9,0
Capitole / Carmes,114.7,0
Rangueil / Saouzelong,169.1,0
Capitole / Carmes,247.8,0
Saint-Cyprien / Empalot,101.2,0
Capitole / Carmes,94.0,1
Rangueil / Saouzelong,145.0,0
Croix-Daurade / Minimes,243.9,0
Croix-Daurade / Minimes,243.9,0
Côte Pavée / Jolimont,229.0,1
Croix-Daurade / Minimes,246.5,0
Rangueil / Saouzelong,60.4,0
Rangueil / Saouzelong,24.4,0
Capitole / Carmes,140.5,0
Rangueil / Saouzelong,60.4,0
Capitole / Carmes,182.1,0
Rangueil / Saouzelong,192.9,0
Côte Pavée / Jolimont,234.4,0
Côte Pavée / Jolimont,234.4,0
Rangueil / Saouzelong,143.0,0
Rangueil / Saouzelong,113.5,0
Capitole / Carmes,135.5,0
Capitole / Carmes,283.2,0
Borderouge / Bagatelle,349.7,0
Côte Pavée / Jolimont,146.5,0
Capitole / Carmes,149.0,1
Capitole / Carmes,56.7,0
Capitole / Carmes,158.6,1
Capitole / Carmes,242.7,0
Côte Pavée / Jolimont,108.0,0
Rangueil / Saouzelong,81.5,0
Croix-Daurade / Minimes,120.5,0
Borderouge / Bagatelle,682.2,0
Capitole / Carmes,126.2,0
Côte Pavée / Jolimont,28.6,0
Rangueil / Saouzelong,184.4,1
Croix-Daurade / Minimes,149.9,0
Borderouge / Bagatelle,121.4,0
Borderouge / Bagatelle,222.6,0
Croix-Daurade / Minimes,167.1,0
Borderouge / Bagatelle,11.3,0
Rangueil / Saouzelong,94.0,0
Rangueil / Saouzelong,216.4,0
Borderouge / Bagatelle,160.4,0
Rangueil / Saouzelong,122.7,0
Rangueil / Saouzelong,250.0,0
Saint-Cyprien / Empalot,100.0,0
Capitole / Carmes,182.1,0
Capitole / Carmes,235.3,0
Borderouge / Bagatelle,121.9,0
Saint-Cyprien / Empalot,76.5,0
Rangueil / Saouzelong,106.0,0
Côte Pavée / Jolimont,244.9,0
Saint-Cyprien / Empalot,181.0,0
Rangueil / Saouzelong,29.5,0
Capitole / Carmes,181.0,0
Croix-Daurade / Minimes,451.1,0
Saint-Cyprien / Empalot,93.6,0
Croix-Daurade / Minimes,78.3,0
Saint-Cyprien / Empalot,550.3,0
Capitole / Carmes,75.9,0
Borderouge / Bagatelle,165.4,0
Borderouge / Bagatelle,155.8,0
Borderouge / Bagatelle,92.5,0
Croix-Daurade / Minimes,451.1,0
Capitole / Carmes,164.1,0
Borderouge / Bagatelle,36.7,0
Capitole / Carmes,146.2,1
Borderouge / Bagatelle,274.4,0
Borderouge / Bagatelle,376.0,0
Croix-Daurade / Minimes,47.4,0
Borderouge / Bagatelle,84.5,0
Borderouge / Bagatelle,153.4,0
Borderouge / Bagatelle,86.3,0
Rangueil / Saouzelong,11.2,0
Capitole / Carmes,43.1,1
Capitole / Carmes,45.3,0
Saint-Cyprien / Empalot,118.2,0
Capitole / Carmes,55.7,1
Rangueil / Saouzelong,152.6,0
Capitole / Carmes,72.2,0
Saint-Cyprien / Empalot,81.4,0
Côte Pavée / Jolimont,97.2,0
Côte Pavée / Jolimont,97.2,0
Côte Pavée / Jolimont,97.2,0
Capitole / Carmes,175.6,0
Borderouge / Bagatelle,86.3,0
Capitole / Carmes,176.5,0
Saint-Cyprien / Empalot,171.6,1
Saint-Cyprien / Empalot,116.0,0
Côte Pavée / Jolimont,66.7,0
Croix-Daurade / Minimes,105.1,0
Côte Pavée / Jolimont,66.7,0
Capitole / Carmes,323.6,0
Côte Pavée / Jolimont,203.3,0
Borderouge / Bagatelle,26.9,0
Croix-Daurade / Minimes,223.4,0
Rangueil / Saouzelong,68.0,0
Côte Pavée / Jolimont,138.9,0
Borderouge / Bagatelle,239.7,0
Saint-Cyprien / Empalot,63.4,0
Rangueil / Saouzelong,174.6,0
Rangueil / Saouzelong,13.1,0
Rangueil / Saouzelong,13.1,0
Côte Pavée / Jolimont,40.5,0
Saint-Cyprien / Empalot,93.9,0
Côte Pavée / Jolimont,235.2,0
Croix-Daurade / Minimes,3.1,0
Croix-Daurade / Minimes,8.0,0
Borderouge / Bagatelle,73.7,0
Borderouge / Bagatelle,73.7,0
Borderouge / Bagatelle,73.7,0
Borderouge / Bagatelle,73.7,0
Capitole / Carmes,118.3,0
Borderouge / Bagatelle,200.9,0
Saint-Cyprien / Empalot,137.5,0
Saint-Cyprien / Empalot,137.5,0
Capitole / Carmes,249.0,0
Côte Pavée / Jolimont,86.3,0
Côte Pavée / Jolimont,86.7,0
Capitole / Carmes,65.3,0
Côte Pavée / Jolimont,185.1,0
Côte Pavée / Jolimont,185.1,0
Côte Pavée / Jolimont,92.6,0
Borderouge / Bagatelle,113.5,0
Borderouge / Bagatelle,191.1,0
Côte Pavée / Jolimont,263.1,0
Borderouge / Bagatelle,33.5,0
Croix-Daurade / Minimes,119.0,0
Rangueil / Saouzelong,172.1,0
Saint-Cyprien / Empalot,250.6,0
Côte Pavée / Jolimont,118.3,0
Rangueil / Saouzelong,211.2,0
Croix-Daurade / Minimes,322.7,0
Saint-Cyprien / Empalot,201.7,0
Côte Pavée / Jolimont,119.4,0
Côte Pavée / Jolimont,202.8,0
Borderouge / Bagatelle,53.8,0
Rangueil / Saouzelong,193.7,0
Rangueil / Saouzelong,297.3,1
Borderouge / Bagatelle,65.7,0
Saint-Cyprien / Empalot,151.3,0
Rangueil / Saouzelong,28.2,0
Rangueil / Saouzelong,154.4,0
Rangueil / Saouzelong,154.4,0
Rangueil / Saouzelong,67.5,0
Capitole / Carmes,118.6,0
Borderouge / Bagatelle,236.6,0
Capitole / Carmes,290.3,0
Capitole / Carmes,27.1,0
Capitole / Carmes,27.1,0
Saint-Cyprien / Empalot,124.0,0
Rangueil / Saouzelong,188.3,0
Côte Pavée / Jolimont,149.5,0
Rangueil / Saouzelong,74.4,0
Rangueil / Saouzelong,193.3,0
Côte Pavée / Jolimont,323.2,0
Rangueil / Saouzelong,37.4,0
Côte Pavée / Jolimont,320.9,0
Borderouge / Bagatelle,18.2,0
Saint-Cyprien / Empalot,18.3,0
Croix-Daurade / Minimes,102.0,0
Capitole / Carmes,94.5,0
Croix-Daurade / Minimes,191.0,0
Capitole / Carmes,199.0,0
Saint-Cyprien / Empalot,137.9,0
Saint-Cyprien / Empalot,160.7,0
Capitole / Carmes,77.7,0
Côte Pavée / Jolimont,41.3,0
Rangueil / Saouzelong,129.4,0
Côte Pavée / Jolimont,111.2,0
Croix-Daurade / Minimes,251.4,0
Capitole / Carmes,255.0,0
Rangueil / Saouzelong,137.7,0
Borderouge / Bagatelle,49.9,0
Borderouge / Bagatelle,399.5,0
Croix-Daurade / Minimes,153.4,0
Côte Pavée / Jolimont,98.4,0
Côte Pavée / Jolimont,124.2,0
Côte Pavée / Jolimont,28.6,0
Capitole / Carmes,74.8,0
Côte Pavée / Jolimont,60.0,0
Côte Pavée / Jolimont,81.2,0
Rangueil / Saouzelong,105.7,0
Côte Pavée / Jolimont,54.5,0
Croix-Daurade / Minimes,82.4,0
Saint-Cyprien / Empalot,33.2,0
Capitole / Carmes,89.8,0
Saint-Cyprien / Empalot,30.5,0
Côte Pavée / Jolimont,35.4,0
Côte Pavée / Jolimont,104.1,0
Côte Pavée / Jolimont,181.4,0
Capitole / Carmes,49.0,1
Rangueil / Saouzelong,47.9,0
Borderouge / Bagatelle,27.7,0
Rangueil / Saouzelong,148.5,1
Rangueil / Saouzelong,175.3,0
Borderouge / Bagatelle,161.1,0
Saint-Cyprien / Empalot,23.5,0
Borderouge / Bagatelle,13.9,0
Côte Pavée / Jolimont,212.1,0
Côte Pavée / Jolimont,212.1,0
Borderouge / Bagatelle,161.5,0
Capitole / Carmes,319.0,0
Capitole / Carmes,144.8,0
Côte Pavée / Jolimont,200.1,0
Saint-Cyprien / Empalot,25.6,0
Borderouge / Bagatelle,141.2,0
Capitole / Carmes,68.1,0
Rangueil / Saouzelong,184.7,0
Côte Pavée / Jolimont,277.2,0
Capitole / Carmes,158.6,0
Saint-Cyprien / Empalot,88.4,0
Rangueil / Saouzelong,11.4,0
Capitole / Carmes,35.7,0
Croix-Daurade / Minimes,121.9,0
Côte Pavée / Jolimont,90.8,0
Borderouge / Bagatelle,214.2,0
Rangueil / Saouzelong,44.0,0
Côte Pavée / Jolimont,8.4,0
Rangueil / Saouzelong,121.9,0
Saint-Cyprien / Empalot,30.8,0
Saint-Cyprien / Empalot,187.2,0
Rangueil / Saouzelong,94.6,0
Côte Pavée / Jolimont,105.6,0
Côte Pavée / Jolimont,203.8,0
Rangueil / Saouzelong,122.1,0
Borderouge / Bagatelle,131.8,1
Capitole / Carmes,41.4,0
Croix-Daurade / Minimes,135.2,0
Capitole / Carmes,14.8,0
Saint-Cyprien / Empalot,81.0,0
Rangueil / Saouzelong,129.2,0
Rangueil / Saouzelong,201.8,0
Côte Pavée / Jolimont,236.5,0
Borderouge / Bagatelle,13.9,0
Borderouge / Bagatelle,242.3,0
Capitole / Carmes,174.4,0
Croix-Daurade / Minimes,117.4,1
Croix-Daurade / Minimes,326.4,0
Borderouge / Bagatelle,208.9,0
Rangueil / Saouzelong,79.9,0
Capitole / Carmes,242.7,1
Rangueil / Saouzelong,54.6,0
Rangueil / Saouzelong,195.4,0
Croix-Daurade / Minimes,340.9,0
Capitole / Carmes,67.6,0
Capitole / Carmes,52.6,0
Capitole / Carmes,86.9,0
Borderouge / Bagatelle,180.9,0
Rangueil / Saouzelong,151.2,0
Capitole / Carmes,79.8,0
Rangueil / Saouzelong,201.3,0
Côte Pavée / Jolimont,44.5,0
Saint-Cyprien / Empalot,82.3,0
Côte Pavée / Jolimont,389.0,0
Rangueil / Saouzelong,141.9,0
Rangueil / Saouzelong,6.5,0
Capitole / Carmes,123.3,0
Saint-Cyprien / Empalot,25.6,0
Côte Pavée / Jolimont,231.8,0
Capitole / Carmes,202.3,0
Côte Pavée / Jolimont,109.6,0
Borderouge / Bagatelle,89.1,0
Saint-Cyprien / Empalot,116.0,0
Rangueil / Saouzelong,169.4,0
Saint-Cyprien / Empalot,109.2,0
Côte Pavée / Jolimont,130.5,0
Capitole / Carmes,93.7,0
Saint-Cyprien / Empalot,104.6,0
Côte Pavée / Jolimont,254.3,0
Borderouge / Bagatelle,67.8,0
Côte Pavée / Jolimont,15.0,0
Saint-Cyprien / Empalot,113.1,0
Croix-Daurade / Minimes,41.0,0
Borderouge / Bagatelle,33.5,0
Rangueil / Saouzelong,109.6,0
Rangueil / Saouzelong,87.1,0
Saint-Cyprien / Empalot,183.8,0
Côte Pavée / Jolimont,214.2,0
Croix-Daurade / Minimes,148.6,0
Croix-Daurade / Minimes,49.4,0
Saint-Cyprien / Empalot,96.7,0
Capitole / Carmes,81.2,0
Croix-Daurade / Minimes,224.8,1
Côte Pavée / Jolimont,91.4,0
Capitole / Carmes,98.5,0
Borderouge / Bagatelle,103.7,0
Croix-Daurade / Minimes,166.8,0
Croix-Daurade / Minimes,130.3,1
Capitole / Carmes,152.0,0
Rangueil / Saouzelong,30.2,0
Capitole / Carmes,14.1,0
Borderouge / Bagatelle,108.1,0
Borderouge / Bagatelle,180.8,0
Côte Pavée / Jolimont,52.3,0
Capitole / Carmes,69.1,0
Capitole / Carmes,373.4,0
Côte Pavée / Jolimont,332.9,0
Borderouge / Bagatelle,95.0,0
Saint-Cyprien / Empalot,324.6,0
Côte Pavée / Jolimont,240.1,0
Borderouge / Bagatelle,95.5,0
Capitole / Carmes,254.3,0
Côte Pavée / Jolimont,244.0,0
Borderouge / Bagatelle,92.9,0
Borderouge / Bagatelle,102.5,0
Saint-Cyprien / Empalot,124.8,0
Croix-Daurade / Minimes,243.9,0
Borderouge / Bagatelle,113.5,0
Rangueil / Saouzelong,32.9,0
Côte Pavée / Jolimont,131.5,0
Rangueil / Saouzelong,177.1,0
Capitole / Carmes,81.5,0
Borderouge / Bagatelle,142.9,0
Rangueil / Saouzelong,123.8,0
Borderouge / Bagatelle,224.5,0
Côte Pavée / Jolimont,200.1,0
Borderouge / Bagatelle,77.8,0
Rangueil / Saouzelong,74.6,0
Rangueil / Saouzelong,74.6,0
Borderouge / Bagatelle,63.4,0
Rangueil / Saouzelong,82.6,0
Rangueil / Saouzelong,76.3,0
Rangueil / Saouzelong,203.7,0
Croix-Daurade / Minimes,180.8,0
Côte Pavée / Jolimont,87.2,0
Borderouge / Bagatelle,64.5,0
Rangueil / Saouzelong,135.3,0
Côte Pavée / Jolimont,90.8,0
Borderouge / Bagatelle,10.2,0
Saint-Cyprien / Empalot,68.0,0
Saint-Cyprien / Empalot,53.5,0
Borderouge / Bagatelle,150.0,0
Rangueil / Saouzelong,36.2,0
Borderouge / Bagatelle,19.7,0
Côte Pavée / Jolimont,21.1,0
Borderouge / Bagatelle,31.4,0
Capitole / Carmes,78.2,0
Croix-Daurade / Minimes,280.8,0
Capitole / Carmes,147.9,0
Côte Pavée / Jolimont,176.5,0
Croix-Daurade / Minimes,103.7,0
Rangueil / Saouzelong,290.2,0
Rangueil / Saouzelong,121.0,0
Rangueil / Saouzelong,174.5,0
Côte Pavée / Jolimont,286.5,1
Côte Pavée / Jolimont,195.3,0
Côte Pavée / Jolimont,151.6,0
Rangueil / Saouzelong,110.3,0
Borderouge / Bagatelle,164.5,0
Capitole / Carmes,84.3,0
Borderouge / Bagatelle,38.3,0
Capitole / Carmes,72.3,0
Capitole / Carmes,72.3,0
Capitole / Carmes,72.3,0
Rangueil / Saouzelong,115.5,0
Borderouge / Bagatelle,195.6,0
Borderouge / Bagatelle,172.0,0
Rangueil / Saouzelong,108.7,0
Rangueil / Saouzelong,292.7,0
Saint-Cyprien / Empalot,157.1,0
Croix-Daurade / Minimes,257.7,0
Rangueil / Saouzelong,131.3,0
Borderouge / Bagatelle,103.3,0
Côte Pavée / Jolimont,45.5,0
Capitole / Carmes,16.6,0
Rangueil / Saouzelong,216.4,0
Capitole / Carmes,40.0,0
Rangueil / Saouzelong,275.2,0
Borderouge / Bagatelle,183.0,0
Saint-Cyprien / Empalot,186.8,0
Borderouge / Bagatelle,17.3,0
Borderouge / Bagatelle,36.7,0
Côte Pavée / Jolimont,90.8,0
Croix-Daurade / Minimes,221.1,0
Côte Pavée / Jolimont,178.1,0
Côte Pavée / Jolimont,151.6,0
Rangueil / Saouzelong,221.0,0
Saint-Cyprien / Empalot,157.9,0
Croix-Daurade / Minimes,225.2,0
Capitole / Carmes,108.4,0
Rangueil / Saouzelong,170.7,0
Croix-Daurade / Minimes,162.5,0
Saint-Cyprien / Empalot,344.7,0
Capitole / Carmes,56.4,0
Rangueil / Saouzelong,129.2,0
Côte Pavée / Jolimont,155.8,0
Borderouge / Bagatelle,80.5,0
Côte Pavée / Jolimont,262.5,0
Borderouge / Bagatelle,752.1,0
Croix-Daurade / Minimes,112.5,0
Côte Pavée / Jolimont,270.6,0
Borderouge / Bagatelle,207.1,1
Borderouge / Bagatelle,286.0,0
Capitole / Carmes,250.3,0
Capitole / Carmes,250.3,0
Côte Pavée / Jolimont,337.1,0
Saint-Cyprien / Empalot,24.4,0
Borderouge / Bagatelle,62.3,0
Rangueil / Saouzelong,138.8,1
Saint-Cyprien / Empalot,142.8,0
Borderouge / Bagatelle,199.3,0
Côte Pavée / Jolimont,112.3,0
Croix-Daurade / Minimes,81.2,0
Côte Pavée / Jolimont,152.4,0
Saint-Cyprien / Empalot,126.1,0
Borderouge / Bagatelle,213.7,0
Rangueil / Saouzelong,70.9,0
Borderouge / Bagatelle,68.2,0
Capitole / Carmes,140.1,0
Borderouge / Bagatelle,66.3,0
Croix-Daurade / Minimes,421.3,0
Capitole / Carmes,86.9,0
Saint-Cyprien / Empalot,206.1,0
Rangueil / Saouzelong,497.3,0
Rangueil / Saouzelong,73.0,0
Côte Pavée / Jolimont,216.2,0
Borderouge / Bagatelle,238.9,0
Saint-Cyprien / Empalot,80.7,1
Capitole / Carmes,279.2,0
Capitole / Carmes,121.1,0
Côte Pavée / Jolimont,240.1,0
Saint-Cyprien / Empalot,249.1,0
Saint-Cyprien / Empalot,121.2,0
Saint-Cyprien / Empalot,107.2,0
Borderouge / Bagatelle,59.2,0
Capitole / Carmes,106.7,0
Saint-Cyprien / Empalot,165.4,0
Borderouge / Bagatelle,59.2,0
Capitole / Carmes,150.0,0
Capitole / Carmes,256.5,0
Rangueil / Saouzelong,78.9,0
Croix-Daurade / Minimes,51.3,0
Rangueil / Saouzelong,105.7,0
Rangueil / Saouzelong,194.6,0
Borderouge / Bagatelle,134.1,0
Croix-Daurade / Minimes,280.2,0
Croix-Daurade / Minimes,280.2,0
Rangueil / Saouzelong,186.8,0
Borderouge / Bagatelle,88.6,0
Capitole / Carmes,274.0,0
Borderouge / Bagatelle,120.3,1
Borderouge / Bagatelle,330.2,0
Borderouge / Bagatelle,227.7,0
Croix-Daurade / Minimes,96.6,0
Côte Pavée / Jolimont,69.8,0
Capitole / Carmes,43.4,0
Borderouge / Bagatelle,141.0,0
Borderouge / Bagatelle,45.8,0
Croix-Daurade / Minimes,317.4,0
Rangueil / Saouzelong,152.5,0
Côte Pavée / Jolimont,60.5,0
Borderouge / Bagatelle,285.7,0
Rangueil / Saouzelong,23.1,0
Borderouge / Bagatelle,224.5,0
Borderouge / Bagatelle,39.4,1
Borderouge / Bagatelle,59.2,0
Rangueil / Saouzelong,268.6,0
Saint-Cyprien / Empalot,34.2,0
Rangueil / Saouzelong,52.4,0
Croix-Daurade / Minimes,94.2,0
Borderouge / Bagatelle,120.3,1
Côte Pavée / Jolimont,8.1,0
Côte Pavée / Jolimont,56.6,0
Borderouge / Bagatelle,142.1,0
Borderouge / Bagatelle,39.4,1
Capitole / Carmes,142.7,0
Côte Pavée / Jolimont,105.5,0
Croix-Daurade / Minimes,221.1,0
Côte Pavée / Jolimont,184.0,0
Borderouge / Bagatelle,123.8,0
Croix-Daurade / Minimes,175.1,1
Côte Pavée / Jolimont,50.2,1
Rangueil / Saouzelong,80.1,0
Borderouge / Bagatelle,98.5,0
Côte Pavée / Jolimont,277.5,0
Côte Pavée / Jolimont,118.6,0
Saint-Cyprien / Empalot,67.4,0
Rangueil / Saouzelong,169.1,0
Rangueil / Saouzelong,100.2,0
Croix-Daurade / Minimes,99.4,0
Saint-Cyprien / Empalot,139.0,0
Capitole / Carmes,188.4,1
Borderouge / Bagatelle,142.3,0
Rangueil / Saouzelong,81.4,0
Rangueil / Saouzelong,214.6,0
Côte Pavée / Jolimont,161.3,0
Croix-Daurade / Minimes,102.1,0
Capitole / Carmes,134.8,0
Rangueil / Saouzelong,167.0,0
Rangueil / Saouzelong,213.9,0
Rangueil / Saouzelong,119.7,0
Borderouge / Bagatelle,148.5,0
Rangueil / Saouzelong,116.1,0
Rangueil / Saouzelong,14.6,0
Rangueil / Saouzelong,243.1,0
Capitole / Carmes,50.6,0
Croix-Daurade / Minimes,153.6,0
Capitole / Carmes,120.3,0
Saint-Cyprien / Empalot,100.5,0
Côte Pavée / Jolimont,106.9,0
Capitole / Carmes,47.1,0
Borderouge / Bagatelle,55.7,0
Rangueil / Saouzelong,153.3,0
Capitole / Carmes,127.6,0
Saint-Cyprien / Empalot,83.5,0
Borderouge / Bagatelle,139.9,0
Borderouge / Bagatelle,257.0,0
Côte Pavée / Jolimont,40.4,0
Borderouge / Bagatelle,131.1,0
Borderouge / Bagatelle,224.4,0
Croix-Daurade / Minimes,190.4,0
Côte Pavée / Jolimont,97.0,0
Rangueil / Saouzelong,58.3,0
Rangueil / Saouzelong,58.3,0
Rangueil / Saouzelong,156.0,0
Saint-Cyprien / Empalot,166.3,0
Croix-Daurade / Minimes,22.9,0
Côte Pavée / Jolimont,232.3,0
Côte Pavée / Jolimont,42.9,0
Côte Pavée / Jolimont,119.2,0
Rangueil / Saouzelong,155.4,1
Rangueil / Saouzelong,155.4,1
Côte Pavée / Jolimont,221.7,0
Saint-Cyprien / Empalot,66.5,0
Capitole / Carmes,198.5,0
Rangueil / Saouzelong,25.7,0
Borderouge / Bagatelle,59.2,0
Rangueil / Saouzelong,260.6,0
Capitole / Carmes,217.4,0
Côte Pavée / Jolimont,184.9,0
Capitole / Carmes,171.1,0
Capitole / Carmes,105.5,0
Borderouge / Bagatelle,208.1,0
Croix-Daurade / Minimes,28.6,0
Côte Pavée / Jolimont,254.6,0
Rangueil / Saouzelong,179.7,0
Croix-Daurade / Minimes,293.8,0
Rangueil / Saouzelong,210.8,0
Borderouge / Bagatelle,23.2,0
Borderouge / Bagatelle,214.6,0
Rangueil / Saouzelong,75.0,0
Rangueil / Saouzelong,105.9,0
Capitole / Carmes,178.0,0
Saint-Cyprien / Empalot,120.7,0
Saint-Cyprien / Empalot,258.5,0
Croix-Daurade / Minimes,386.2,0
Croix-Daurade / Minimes,168.3,0
Côte Pavée / Jolimont,87.0,0
Saint-Cyprien / Empalot,115.6,0
Saint-Cyprien / Empalot,39.4,0
Borderouge / Bagatelle,240.0,0
Saint-Cyprien / Empalot,176.9,0
Capitole / Carmes,143.3,0
Capitole / Carmes,143.3,0
Capitole / Carmes,52.8,0
Capitole / Carmes,146.0,0
Capitole / Carmes,190.9,0
Borderouge / Bagatelle,69.2,0
Côte Pavée / Jolimont,183.2,0
Saint-Cyprien / Empalot,176.9,0
Capitole / Carmes,60.3,0
Capitole / Carmes,45.9,0
Côte Pavée / Jolimont,321.6,0
Borderouge / Bagatelle,121.5,1
Borderouge / Bagatelle,14.1,0
Côte Pavée / Jolimont,40.5,0
Capitole / Carmes,132.2,0
Saint-Cyprien / Empalot,113.9,0
Rangueil / Saouzelong,157.6,0
Côte Pavée / Jolimont,235.3,0
Borderouge / Bagatelle,252.7,0
Côte Pavée / Jolimont,157.6,0
Saint-Cyprien / Empalot,166.8,0
Croix-Daurade / Minimes,226.3,0
Côte Pavée / Jolimont,226.5,0
Borderouge / Bagatelle,286.0,0
Borderouge / Bagatelle,189.0,0
Croix-Daurade / Minimes,209.0,0
Borderouge / Bagatelle,171.5,0
Saint-Cyprien / Empalot,41.6,0
Côte Pavée / Jolimont,212.9,0
Rangueil / Saouzelong,94.0,0
Croix-Daurade / Minimes,125.2,0
Borderouge / Bagatelle,185.3,0
Rangueil / Saouzelong,198.1,0
Rangueil / Saouzelong,161.7,0
Rangueil / Saouzelong,294.3,1
Rangueil / Saouzelong,173.5,0
Côte Pavée / Jolimont,105.5,0
Borderouge / Bagatelle,201.6,0
Rangueil / Saouzelong,179.4,0
Rangueil / Saouzelong,101.0,0
Borderouge / Bagatelle,142.5,0
Borderouge / Bagatelle,20.4,0
Borderouge / Bagatelle,39.4,1
Croix-Daurade / Minimes,61.9,0
Borderouge / Bagatelle,95.0,0
Capitole / Carmes,37.7,0
Côte Pavée / Jolimont,300.3,0
Côte Pavée / Jolimont,67.1,0
Côte Pavée / Jolimont,209.1,0
Rangueil / Saouzelong,130.7,0
Saint-Cyprien / Empalot,266.2,0
Borderouge / Bagatelle,101.3,0
Rangueil / Saouzelong,207.9,0
Rangueil / Saouzelong,93.3,0
Saint-Cyprien / Empalot,67.4,0
Saint-Cyprien / Empalot,47.0,0
Borderouge / Bagatelle,265.5,0
Borderouge / Bagatelle,260.4,0
Rangueil / Saouzelong,116.6,0
Capitole / Carmes,337.3,0
Capitole / Carmes,337.3,0
Rangueil / Saouzelong,121.5,0
Borderouge / Bagatelle,103.6,0
Côte Pavée / Jolimont,22.1,0
Croix-Daurade / Minimes,270.0,0
Croix-Daurade / Minimes,212.7,1
Capitole / Carmes,173.1,0
Capitole / Carmes,12.9,0
Côte Pavée / Jolimont,124.5,0
Rangueil / Saouzelong,176.3,0
Borderouge / Bagatelle,141.6,0
Borderouge / Bagatelle,122.4,0
Côte Pavée / Jolimont,110.9,1
Borderouge / Bagatelle,53.5,0
Saint-Cyprien / Empalot,517.4,0
Capitole / Carmes,183.3,0
Saint-Cyprien / Empalot,201.5,0
Saint-Cyprien / Empalot,201.5,0
Rangueil / Saouzelong,108.7,1
Rangueil / Saouzelong,218.8,0
Croix-Daurade / Minimes,221.1,0
Rangueil / Saouzelong,147.2,0
Borderouge / Bagatelle,105.6,0
Rangueil / Saouzelong,123.9,0
Saint-Cyprien / Empalot,324.8,0
Saint-Cyprien / Empalot,19.3,0
Côte Pavée / Jolimont,48.7,0
Borderouge / Bagatelle,123.0,0
Capitole / Carmes,340.1,0
Côte Pavée / Jolimont,290.3,0
Borderouge / Bagatelle,156.5,0
Côte Pavée / Jolimont,12.4,0
Capitole / Carmes,205.0,0
Saint-Cyprien / Empalot,51.2,0
Côte Pavée / Jolimont,160.0,0
Croix-Daurade / Minimes,166.4,0
Capitole / Carmes,122.8,0
Rangueil / Saouzelong,78.8,0
Capitole / Carmes,155.4,0
Côte Pavée / Jolimont,142.2,0
Saint-Cyprien / Empalot,102.6,0
Rangueil / Saouzelong,55.8,0
Borderouge / Bagatelle,143.2,0
Rangueil / Saouzelong,129.6,0
Borderouge / Bagatelle,81.0,0
Croix-Daurade / Minimes,130.6,0
Capitole / Carmes,163.1,0
Croix-Daurade / Minimes,295.8,0
Saint-Cyprien / Empalot,124.0,0
Rangueil / Saouzelong,149.0,1
Côte Pavée / Jolimont,54.3,0
Croix-Daurade / Minimes,54.8,0
Borderouge / Bagatelle,68.3,0
Saint-Cyprien / Empalot,119.8,0
Rangueil / Saouzelong,170.7,0
Croix-Daurade / Minimes,118.6,0
Côte Pavée / Jolimont,115.5,0
Capitole / Carmes,196.4,0
Capitole / Carmes,196.4,0
Rangueil / Saouzelong,91.1,0
Borderouge / Bagatelle,145.2,0
Saint-Cyprien / Empalot,76.2,0
Borderouge / Bagatelle,11.9,0
Côte Pavée / Jolimont,111.1,0
Borderouge / Bagatelle,108.4,0
Rangueil / Saouzelong,128.8,0
Saint-Cyprien / Empalot,52.2,0
Borderouge / Bagatelle,209.9,0
Capitole / Carmes,99.4,0
Croix-Daurade / Minimes,386.2,0
Croix-Daurade / Minimes,48.4,0
Croix-Daurade / Minimes,48.4,0
Borderouge / Bagatelle,237.9,0
Côte Pavée / Jolimont,67.4,0
Saint-Cyprien / Empalot,96.7,0
Côte Pavée / Jolimont,61.6,0
Côte Pavée / Jolimont,61.6,0
Côte Pavée / Jolimont,299.7,0
Rangueil / Saouzelong,39.6,0
Côte Pavée / Jolimont,66.7,0
Rangueil / Saouzelong,129.4,0
Borderouge / Bagatelle,102.4,0
Rangueil / Saouzelong,223.0,0
Capitole / Carmes,130.0,0
Saint-Cyprien / Empalot,1.6,0
Croix-Daurade / Minimes,93.4,0
Croix-Daurade / Minimes,161.2,0
Borderouge / Bagatelle,61.4,0
Saint-Cyprien / Empalot,128.2,0
Croix-Daurade / Minimes,309.6,0
Borderouge / Bagatelle,421.6,0
Capitole / Carmes,215.6,0
Saint-Cyprien / Empalot,148.1,0
Borderouge / Bagatelle,190.8,1
Côte Pavée / Jolimont,60.0,0
Rangueil / Saouzelong,193.7,0
Rangueil / Saouzelong,53.8,0
Rangueil / Saouzelong,234.2,0
Côte Pavée / Jolimont,58.0,0
Croix-Daurade / Minimes,8.6,0
Rangueil / Saouzelong,208.7,1
Rangueil / Saouzelong,291.5,1
Borderouge / Bagatelle,351.7,0
Côte Pavée / Jolimont,79.6,0
Côte Pavée / Jolimont,117.4,0
Borderouge / Bagatelle,122.4,0
Capitole / Carmes,161.4,0
Borderouge / Bagatelle,192.0,0
Rangueil / Saouzelong,171.6,0
Borderouge / Bagatelle,68.3,0
Croix-Daurade / Minimes,202.5,0
Rangueil / Saouzelong,15.1,0
Borderouge / Bagatelle,191.7,0
Côte Pavée / Jolimont,235.9,0
Capitole / Carmes,203.6,0
Borderouge / Bagatelle,330.7,0
Saint-Cyprien / Empalot,246.1,0
Borderouge / Bagatelle,116.1,0
Borderouge / Bagatelle,67.6,0
Côte Pavée / Jolimont,160.9,0
Borderouge / Bagatelle,344.2,0
Borderouge / Bagatelle,113.5,0
Saint-Cyprien / Empalot,80.7,1
Rangueil / Saouzelong,109.6,0
Capitole / Carmes,46.5,0
Croix-Daurade / Minimes,333.4,0
Capitole / Carmes,156.1,0
Borderouge / Bagatelle,34.1,0
Rangueil / Saouzelong,200.7,0
Côte Pavée / Jolimont,227.8,0
Borderouge / Bagatelle,74.8,0
Côte Pavée / Jolimont,183.9,0
Borderouge / Bagatelle,213.7,0
Rangueil / Saouzelong,190.3,0
Capitole / Carmes,92.1,0
Borderouge / Bagatelle,157.3,0
Croix-Daurade / Minimes,153.6,0
Rangueil / Saouzelong,206.7,0
Croix-Daurade / Minimes,194.2,0
Rangueil / Saouzelong,68.5,0
Capitole / Carmes,67.6,0
Saint-Cyprien / Empalot,113.9,0
Côte Pavée / Jolimont,191.9,0
Capitole / Carmes,47.4,1
Croix-Daurade / Minimes,329.9,0
Borderouge / Bagatelle,257.0,0
Côte Pavée / Jolimont,50.1,0
Côte Pavée / Jolimont,198.2,0
Capitole / Carmes,123.2,0
Rangueil / Saouzelong,209.9,0
Saint-Cyprien / Empalot,264.5,0
Capitole / Carmes,132.9,0
Rangueil / Saouzelong,125.1,0
Saint-Cyprien / Empalot,220.2,0
Borderouge / Bagatelle,103.3,0
Croix-Daurade / Minimes,88.6,0
Borderouge / Bagatelle,80.5,0
Saint-Cyprien / Empalot,69.1,0
Saint-Cyprien / Empalot,69.1,0
Capitole / Carmes,229.7,0
Borderouge / Bagatelle,123.8,0
Côte Pavée / Jolimont,352.9,0
Borderouge / Bagatelle,127.0,0
Borderouge / Bagatelle,121.5,1
Capitole / Carmes,130.3,0
Rangueil / Saouzelong,173.3,0
Saint-Cyprien / Empalot,171.9,0
Saint-Cyprien / Empalot,312.8,0
Capitole / Carmes,18.9,0
Croix-Daurade / Minimes,198.4,0
Côte Pavée / Jolimont,130.5,0
Saint-Cyprien / Empalot,221.3,0
Croix-Daurade / Minimes,251.4,0
Rangueil / Saouzelong,185.9,0
Rangueil / Saouzelong,55.1,0
Capitole / Carmes,312.7,0
Croix-Daurade / Minimes,8.6,0
Croix-Daurade / Minimes,160.9,0
Capitole / Carmes,151.1,0
Saint-Cyprien / Empalot,91.9,0
Rangueil / Saouzelong,316.5,0
Capitole / Carmes,68.5,1
Capitole / Carmes,68.5,1
Capitole / Carmes,68.5,1
Capitole / Carmes,40.0,0
Rangueil / Saouzelong,378.8,0
Borderouge / Bagatelle,194.6,0
Rangueil / Saouzelong,115.2,0
Côte Pavée / Jolimont,326.5,0
Saint-Cyprien / Empalot,76.2,0
Côte Pavée / Jolimont,298.5,0
Capitole / Carmes,66.0,0
Capitole / Carmes,66.0,0
Borderouge / Bagatelle,24.2,0
Capitole / Carmes,113.9,0
Croix-Daurade / Minimes,6.3,0
Capitole / Carmes,41.4,0
Côte Pavée / Jolimont,9.6,0
Borderouge / Bagatelle,266.0,0
Rangueil / Saouzelong,57.9,0
Rangueil / Saouzelong,166.1,0
Rangueil / Saouzelong,180.2,0
Rangueil / Saouzelong,114.5,0
Borderouge / Bagatelle,259.3,0
Rangueil / Saouzelong,73.9,0
Côte Pavée / Jolimont,105.6,0
Rangueil / Saouzelong,66.4,0
Croix-Daurade / Minimes,181.6,0
Borderouge / Bagatelle,196.6,0
Capitole / Carmes,108.8,0
Croix-Daurade / Minimes,138.5,0
Capitole / Carmes,64.4,0
Capitole / Carmes,105.1,0
Rangueil / Saouzelong,43.9,0
Borderouge / Bagatelle,232.0,0
Rangueil / Saouzelong,144.5,0
Capitole / Carmes,91.2,0
Côte Pavée / Jolimont,115.1,1
Saint-Cyprien / Empalot,97.7,0
Côte Pavée / Jolimont,39.9,0
Borderouge / Bagatelle,98.4,0
Capitole / Carmes,176.4,0
Côte Pavée / Jolimont,41.3,0
Borderouge / Bagatelle,91.1,0
Borderouge / Bagatelle,130.6,0
Rangueil / Saouzelong,116.1,0
Borderouge / Bagatelle,35.7,0
Borderouge / Bagatelle,118.1,0
Capitole / Carmes,119.8,0
Capitole / Carmes,134.8,0
Saint-Cyprien / Empalot,212.8,0
Saint-Cyprien / Empalot,17.5,0
Côte Pavée / Jolimont,138.3,0
Borderouge / Bagatelle,157.6,0
Saint-Cyprien / Empalot,9.4,0
Saint-Cyprien / Empalot,146.3,0
Côte Pavée / Jolimont,37.4,0
Borderouge / Bagatelle,78.4,0
Saint-Cyprien / Empalot,72.1,0
Capitole / Carmes,215.5,0
Côte Pavée / Jolimont,113.8,0
Borderouge / Bagatelle,68.3,0
Borderouge / Bagatelle,68.3,0
Rangueil / Saouzelong,188.1,0
Saint-Cyprien / Empalot,66.5,0
Borderouge / Bagatelle,129.9,0
Saint-Cyprien / Empalot,102.6,0
Côte Pavée / Jolimont,155.9,0
Borderouge / Bagatelle,207.2,0
Borderouge / Bagatelle,205.5,0
Rangueil / Saouzelong,160.6,0
Borderouge / Bagatelle,311.4,0
Rangueil / Saouzelong,297.1,1
Rangueil / Saouzelong,136.1,0
Borderouge / Bagatelle,94.4,0
Borderouge / Bagatelle,94.4,0
Rangueil / Saouzelong,77.4,0
Rangueil / Saouzelong,171.1,0
Borderouge / Bagatelle,33.4,0
Capitole / Carmes,168.2,0
Rangueil / Saouzelong,21.6,0
Borderouge / Bagatelle,266.7,0
Capitole / Carmes,42.4,0
Rangueil / Saouzelong,139.2,0
Croix-Daurade / Minimes,95.6,0
Saint-Cyprien / Empalot,115.8,0
Capitole / Carmes,116.7,0
Capitole / Carmes,46.9,0
Croix-Daurade / Minimes,108.4,0
Capitole / Carmes,120.3,0
Croix-Daurade / Minimes,68.2,1
Côte Pavée / Jolimont,98.6,0
Rangueil / Saouzelong,172.1,0
Rangueil / Saouzelong,172.1,0
Borderouge / Bagatelle,32.0,0
Borderouge / Bagatelle,148.0,0
Borderouge / Bagatelle,33.7,0
Croix-Daurade / Minimes,56.6,0
Borderouge / Bagatelle,215.9,0
Saint-Cyprien / Empalot,83.9,0
Saint-Cyprien / Empalot,46.1,0
Capitole / Carmes,115.7,0
Croix-Daurade / Minimes,123.5,0
Borderouge / Bagatelle,190.8,0
Capitole / Carmes,102.2,0
Rangueil / Saouzelong,141.6,1
Côte Pavée / Jolimont,106.3,0
Saint-Cyprien / Empalot,164.3,0
Saint-Cyprien / Empalot,172.8,0
Saint-Cyprien / Empalot,172.8,0
Côte Pavée / Jolimont,54.3,0
Saint-Cyprien / Empalot,330.1,0
Saint-Cyprien / Empalot,330.1,0
Côte Pavée / Jolimont,261.3,0
Croix-Daurade / Minimes,272.6,0
Capitole / Carmes,138.2,0
Côte Pavée / Jolimont,289.9,0
Croix-Daurade / Minimes,167.7,0
Croix-Daurade / Minimes,167.7,0
Capitole / Carmes,312.7,0
Rangueil / Saouzelong,297.3,0
Croix-Daurade / Minimes,119.2,0
Rangueil / Saouzelong,103.8,0
Côte Pavée / Jolimont,107.8,0
Capitole / Carmes,185.9,0
Côte Pavée / Jolimont,105.5,0
Borderouge / Bagatelle,87.7,0
Borderouge / Bagatelle,152.2,0
Borderouge / Bagatelle,409.8,0
Capitole / Carmes,106.8,0
Côte Pavée / Jolimont,141.4,0
Côte Pavée / Jolimont,141.4,0
Rangueil / Saouzelong,188.4,1
Côte Pavée / Jolimont,113.7,0
Côte Pavée / Jolimont,48.9,0
Saint-Cyprien / Empalot,102.6,0
Rangueil / Saouzelong,162.9,0
Borderouge / Bagatelle,99.7,0
Capitole / Carmes,121.7,0
Rangueil / Saouzelong,67.8,0
Capitole / Carmes,126.6,0
Côte Pavée / Jolimont,44.7,0
Rangueil / Saouzelong,110.4,0
Borderouge / Bagatelle,113.5,0
Borderouge / Bagatelle,113.5,0
Borderouge / Bagatelle,113.5,0
Borderouge / Bagatelle,113.5,0
Capitole / Carmes,136.9,0
Croix-Daurade / Minimes,245.1,0
Côte Pavée / Jolimont,29.2,0
Côte Pavée / Jolimont,116.7,0
Borderouge / Bagatelle,89.1,0
Côte Pavée / Jolimont,60.5,0
Saint-Cyprien / Empalot,86.8,0
Côte Pavée / Jolimont,205.2,0
Côte Pavée / Jolimont,206.5,0
Capitole / Carmes,187.2,0
Côte Pavée / Jolimont,242.1,0
Capitole / Carmes,163.2,0
Croix-Daurade / Minimes,42.4,0
Croix-Daurade / Minimes,122.3,0
Rangueil / Saouzelong,179.3,0
Rangueil / Saouzelong,156.3,1
Rangueil / Saouzelong,24.5,0
Capitole / Carmes,170.5,0
Rangueil / Saouzelong,192.1,0
Rangueil / Saouzelong,32.9,0
Rangueil / Saouzelong,463.8,0
Croix-Daurade / Minimes,28.6,0
Borderouge / Bagatelle,119.4,0
Borderouge / Bagatelle,39.5,0
Côte Pavée / Jolimont,50.1,0
Capitole / Carmes,45.1,0
Capitole / Carmes,134.8,0
Côte Pavée / Jolimont,99.2,0
Côte Pavée / Jolimont,140.4,0
Saint-Cyprien / Empalot,307.0,0
Côte Pavée / Jolimont,160.0,0
Rangueil / Saouzelong,19.2,0
Saint-Cyprien / Empalot,120.3,0
Borderouge / Bagatelle,153.0,0
Côte Pavée / Jolimont,246.2,0
Croix-Daurade / Minimes,47.6,0
Borderouge / Bagatelle,255.9,0
Capitole / Carmes,147.6,1
Capitole / Carmes,285.4,0
Saint-Cyprien / Empalot,84.4,0
Capitole / Carmes,43.0,0
Borderouge / Bagatelle,222.6,0
Borderouge / Bagatelle,199.5,0
Capitole / Carmes,127.7,0
Côte Pavée / Jolimont,232.2,0
Saint-Cyprien / Empalot,312.2,0
Rangueil / Saouzelong,122.1,0
Capitole / Carmes,53.6,0
Côte Pavée / Jolimont,289.6,0
Saint-Cyprien / Empalot,241.3,0
Capitole / Carmes,66.1,0
Capitole / Carmes,138.3,1
Borderouge / Bagatelle,109.1,0
Saint-Cyprien / Empalot,289.9,0
Rangueil / Saouzelong,114.0,0
Saint-Cyprien / Empalot,84.6,0
Côte Pavée / Jolimont,33.7,0
Rangueil / Saouzelong,81.5,0
Rangueil / Saouzelong,231.8,1
Saint-Cyprien / Empalot,65.3,0
Capitole / Carmes,120.3,0
Capitole / Carmes,27.8,0
Côte Pavée / Jolimont,83.3,0
Capitole / Carmes,126.6,0
Borderouge / Bagatelle,142.5,0
Côte Pavée / Jolimont,202.6,0
Capitole / Carmes,14.1,0
Saint-Cyprien / Empalot,63.7,0
Rangueil / Saouzelong,209.9,0
Rangueil / Saouzelong,188.1,0
Rangueil / Saouzelong,203.1,0
Côte Pavée / Jolimont,81.0,0
Capitole / Carmes,64.8,0
Saint-Cyprien / Empalot,135.6,0
Capitole / Carmes,149.1,0
Capitole / Carmes,121.1,0
Borderouge / Bagatelle,30.9,0
Croix-Daurade / Minimes,33.1,0
Saint-Cyprien / Empalot,312.8,0
Côte Pavée / Jolimont,31.8,0
Saint-Cyprien / Empalot,42.7,0
Croix-Daurade / Minimes,272.6,0
Borderouge / Bagatelle,88.4,0
Côte Pavée / Jolimont,66.7,0
Saint-Cyprien / Empalot,55.9,0
Côte Pavée / Jolimont,111.2,0
Côte Pavée / Jolimont,50.5,0
Rangueil / Saouzelong,175.0,0
Côte Pavée / Jolimont,59.3,0
Borderouge / Bagatelle,17.3,0
Borderouge / Bagatelle,269.4,0
Côte Pavée / Jolimont,197.8,0
Saint-Cyprien / Empalot,120.7,0
Capitole / Carmes,137.6,0
Borderouge / Bagatelle,77.9,0
Côte Pavée / Jolimont,308.2,0
Rangueil / Saouzelong,45.3,0
Capitole / Carmes,75.9,0
Saint-Cyprien / Empalot,98.3,0
Rangueil / Saouzelong,179.4,0
Borderouge / Bagatelle,140.1,0
Croix-Daurade / Minimes,83.2,0
Saint-Cyprien / Empalot,201.5,0
Capitole / Carmes,131.1,0
Saint-Cyprien / Empalot,163.7,0
Côte Pavée / Jolimont,157.1,0
Capitole / Carmes,152.2,0
Borderouge / Bagatelle,129.6,0
Rangueil / Saouzelong,156.5,0
Saint-Cyprien / Empalot,128.6,0
Rangueil / Saouzelong,242.3,0
Capitole / Carmes,139.7,0
Rangueil / Saouzelong,182.3,0
Côte Pavée / Jolimont,266.0,0
Croix-Daurade / Minimes,102.8,0
Capitole / Carmes,67.9,0
Capitole / Carmes,95.2,1
Capitole / Carmes,150.0,0
Rangueil / Saouzelong,164.4,0
Borderouge / Bagatelle,168.7,0
Borderouge / Bagatelle,83.8,0
Côte Pavée / Jolimont,177.2,0
Rangueil / Saouzelong,125.3,0
Saint-Cyprien / Empalot,209.7,0
Borderouge / Bagatelle,298.1,0
Rangueil / Saouzelong,156.5,0
Saint-Cyprien / Empalot,51.2,0
Capitole / Carmes,122.9,0
Capitole / Carmes,61.1,0
Côte Pavée / Jolimont,343.1,0
Croix-Daurade / Minimes,251.4,0
Borderouge / Bagatelle,67.3,1
Borderouge / Bagatelle,44.2,0
Borderouge / Bagatelle,259.3,0
Capitole / Carmes,167.3,0
Saint-Cyprien / Empalot,129.1,0
Borderouge / Bagatelle,50.9,0
Capitole / Carmes,275.2,0
Rangueil / Saouzelong,81.5,0
Côte Pavée / Jolimont,62.5,0
Borderouge / Bagatelle,61.6,0
Côte Pavée / Jolimont,314.3,0
Capitole / Carmes,25.1,0
Croix-Daurade / Minimes,63.3,0
Capitole / Carmes,226.0,0
Saint-Cyprien / Empalot,130.1,0
Côte Pavée / Jolimont,65.0,0
Saint-Cyprien / Empalot,68.4,0
Côte Pavée / Jolimont,253.5,0
Côte Pavée / Jolimont,365.2,0
Rangueil / Saouzelong,182.3,0
Croix-Daurade / Minimes,144.3,0
Rangueil / Saouzelong,165.9,0
Borderouge / Bagatelle,199.3,0
Rangueil / Saouzelong,115.5,0
Côte Pavée / Jolimont,52.3,0
Croix-Daurade / Minimes,88.6,0
Côte Pavée / Jolimont,344.6,0
Saint-Cyprien / Empalot,87.9,0
Côte Pavée / Jolimont,183.0,0
Capitole / Carmes,62.8,0
Saint-Cyprien / Empalot,184.4,0
Côte Pavée / Jolimont,320.9,0
Croix-Daurade / Minimes,342.4,1
Côte Pavée / Jolimont,333.2,0
Capitole / Carmes,48.0,0
Rangueil / Saouzelong,148.4,0
Côte Pavée / Jolimont,309.6,0
Côte Pavée / Jolimont,242.0,1
Saint-Cyprien / Empalot,39.4,0
Rangueil / Saouzelong,135.2,0
Capitole / Carmes,133.2,0
Croix-Daurade / Minimes,90.8,0
Borderouge / Bagatelle,113.5,0
Rangueil / Saouzelong,128.4,0
Côte Pavée / Jolimont,59.6,0
Rangueil / Saouzelong,229.5,0
Côte Pavée / Jolimont,146.5,0
Capitole / Carmes,34.0,0
Rangueil / Saouzelong,279.5,0
Capitole / Carmes,158.4,0
Rangueil / Saouzelong,297.3,1
Capitole / Carmes,209.0,0
Capitole / Carmes,197.6,0
Capitole / Carmes,255.4,0
Borderouge / Bagatelle,349.7,0
Capitole / Carmes,125.4,0
Côte Pavée / Jolimont,188.7,0
Croix-Daurade / Minimes,187.4,0
Croix-Daurade / Minimes,148.8,0
Borderouge / Bagatelle,159.5,0
Croix-Daurade / Minimes,138.7,0
Côte Pavée / Jolimont,178.7,0
Borderouge / Bagatelle,164.6,0
Borderouge / Bagatelle,164.6,0
Saint-Cyprien / Empalot,20.0,0
Côte Pavée / Jolimont,23.3,0
Borderouge / Bagatelle,30.9,0
Capitole / Carmes,56.5,0
Rangueil / Saouzelong,118.2,0
Capitole / Carmes,117.1,0
Capitole / Carmes,71.0,0
Croix-Daurade / Minimes,189.4,0
Rangueil / Saouzelong,291.4,0
Rangueil / Saouzelong,175.6,0
Côte Pavée / Jolimont,310.8,1
Saint-Cyprien / Empalot,61.8,0
Côte Pavée / Jolimont,159.7,1
Capitole / Carmes,288.0,0
Capitole / Carmes,288.0,0
Saint-Cyprien / Empalot,100.0,0
Rangueil / Saouzelong,406.1,0
Borderouge / Bagatelle,15.1,0
Borderouge / Bagatelle,115.1,0
Borderouge / Bagatelle,208.9,0
Saint-Cyprien / Empalot,160.0,0
Rangueil / Saouzelong,214.8,0
Capitole / Carmes,215.7,0
Côte Pavée / Jolimont,310.8,1
Rangueil / Saouzelong,303.0,0
Rangueil / Saouzelong,109.6,0
Saint-Cyprien / Empalot,194.3,0
Côte Pavée / Jolimont,129.4,1
Croix-Daurade / Minimes,295.0,0
Capitole / Carmes,34.5,0
Rangueil / Saouzelong,133.7,1
Capitole / Carmes,123.2,0
Saint-Cyprien / Empalot,103.2,0
Saint-Cyprien / Empalot,99.8,0
Borderouge / Bagatelle,82.7,0
Capitole / Carmes,134.0,0
Côte Pavée / Jolimont,166.7,0
Capitole / Carmes,214.0,0
Côte Pavée / Jolimont,1.6,0
Croix-Daurade / Minimes,164.1,0
Rangueil / Saouzelong,104.8,0
Rangueil / Saouzelong,104.8,0
Rangueil / Saouzelong,104.8,0
Rangueil / Saouzelong,104.8,0
Rangueil / Saouzelong,120.0,0
Capitole / Carmes,170.1,0
Saint-Cyprien / Empalot,162.5,0
Capitole / Carmes,58.5,0
Capitole / Carmes,113.8,0
Rangueil / Saouzelong,129.8,0
Croix-Daurade / Minimes,81.3,1
Croix-Daurade / Minimes,102.4,0
Côte Pavée / Jolimont,37.9,0
Rangueil / Saouzelong,197.3,0
Borderouge / Bagatelle,92.6,0
Borderouge / Bagatelle,117.2,0
Borderouge / Bagatelle,243.8,0
Borderouge / Bagatelle,63.4,0
Borderouge / Bagatelle,250.4,0
Borderouge / Bagatelle,64.8,0
Rangueil / Saouzelong,163.6,0
Borderouge / Bagatelle,133.6,0
Capitole / Carmes,15.0,0
Côte Pavée / Jolimont,255.7,0
Côte Pavée / Jolimont,255.7,0
Rangueil / Saouzelong,20.1,0
Saint-Cyprien / Empalot,126.4,0
Côte Pavée / Jolimont,197.1,0
Capitole / Carmes,129.7,0
Capitole / Carmes,27.6,0
Borderouge / Bagatelle,260.1,0
Côte Pavée / Jolimont,88.1,0
Côte Pavée / Jolimont,46.9,0
Capitole / Carmes,97.3,0
Borderouge / Bagatelle,42.0,0
Rangueil / Saouzelong,69.6,0
Saint-Cyprien / Empalot,114.6,0
Borderouge / Bagatelle,33.1,0
Saint-Cyprien / Empalot,203.2,0
Côte Pavée / Jolimont,81.4,0
Borderouge / Bagatelle,107.5,0
Côte Pavée / Jolimont,254.2,0
Borderouge / Bagatelle,251.3,0
Saint-Cyprien / Empalot,324.8,0
Côte Pavée / Jolimont,127.9,0
Borderouge / Bagatelle,304.9,0
Capitole / Carmes,135.2,0
Côte Pavée / Jolimont,111.2,0
Saint-Cyprien / Empalot,116.8,0
Côte Pavée / Jolimont,194.7,0
Croix-Daurade / Minimes,22.2,0
Borderouge / Bagatelle,36.7,0
Rangueil / Saouzelong,100.2,0
Côte Pavée / Jolimont,113.9,0
Rangueil / Saouzelong,11.2,0
Saint-Cyprien / Empalot,184.0,1
Capitole / Carmes,267.5,0
Borderouge / Bagatelle,90.6,0
Saint-Cyprien / Empalot,62.2,0
Rangueil / Saouzelong,225.6,0
Côte Pavée / Jolimont,260.4,0
Borderouge / Bagatelle,376.3,0
Capitole / Carmes,114.6,0
Borderouge / Bagatelle,268.6,0
Côte Pavée / Jolimont,180.7,0
Côte Pavée / Jolimont,151.9,0
Capitole / Carmes,197.2,0
Croix-Daurade / Minimes,59.0,0
Rangueil / Saouzelong,150.7,0
Rangueil / Saouzelong,150.7,0
Saint-Cyprien / Empalot,56.0,0
Rangueil / Saouzelong,96.2,0
Côte Pavée / Jolimont,83.9,0
Croix-Daurade / Minimes,326.2,0
Borderouge / Bagatelle,107.1,1
Rangueil / Saouzelong,470.6,0
Rangueil / Saouzelong,470.6,0
Rangueil / Saouzelong,470.6,0
Rangueil / Saouzelong,470.6,0
Côte Pavée / Jolimont,103.7,0
Borderouge / Bagatelle,47.8,0
Capitole / Carmes,215.1,0
Rangueil / Saouzelong,97.2,0
Côte Pavée / Jolimont,50.2,1
Rangueil / Saouzelong,164.4,0
Rangueil / Saouzelong,199.3,0
Capitole / Carmes,184.7,0
Borderouge / Bagatelle,155.8,0
Côte Pavée / Jolimont,117.6,0
Borderouge / Bagatelle,33.4,0
Rangueil / Saouzelong,242.5,0
Croix-Daurade / Minimes,202.5,0
Rangueil / Saouzelong,214.0,0
Capitole / Carmes,170.1,0
Borderouge / Bagatelle,183.2,0
Capitole / Carmes,227.8,0
Rangueil / Saouzelong,150.1,0
Croix-Daurade / Minimes,212.9,0
Capitole / Carmes,55.9,0
Rangueil / Saouzelong,26.9,0
Rangueil / Saouzelong,218.6,0
Saint-Cyprien / Empalot,34.9,0
Croix-Daurade / Minimes,16.3,0
Côte Pavée / Jolimont,36.8,0
Borderouge / Bagatelle,181.8,0
Capitole / Carmes,135.7,0
Rangueil / Saouzelong,110.7,0
Côte Pavée / Jolimont,358.1,0
Rangueil / Saouzelong,62.2,0
Côte Pavée / Jolimont,246.4,0
Capitole / Carmes,64.8,0
Côte Pavée / Jolimont,174.8,0
Saint-Cyprien / Empalot,109.6,0
Rangueil / Saouzelong,8.0,0
Capitole / Carmes,241.1,1
Capitole / Carmes,241.1,1
Côte Pavée / Jolimont,246.7,0
Côte Pavée / Jolimont,246.7,0
Côte Pavée / Jolimont,246.7,0
Côte Pavée / Jolimont,246.7,0
Borderouge / Bagatelle,125.3,0
Rangueil / Saouzelong,48.3,0
Rangueil / Saouzelong,76.6,0
Saint-Cyprien / Empalot,64.0,0
Croix-Daurade / Minimes,249.0,0
Côte Pavée / Jolimont,40.4,0
Côte Pavée / Jolimont,229.0,0
Croix-Daurade / Minimes,130.1,0
Croix-Daurade / Minimes,141.2,0
Croix-Daurade / Minimes,28.6,0
Borderouge / Bagatelle,49.2,0
Borderouge / Bagatelle,70.6,1
Saint-Cyprien / Empalot,269.8,0
Côte Pavée / Jolimont,151.7,0
Saint-Cyprien / Empalot,124.0,0
Croix-Daurade / Minimes,211.9,0
Saint-Cyprien / Empalot,272.2,0
Capitole / Carmes,64.9,0
Rangueil / Saouzelong,58.3,0
Côte Pavée / Jolimont,198.1,0
Saint-Cyprien / Empalot,51.3,0
Côte Pavée / Jolimont,238.8,0
Côte Pavée / Jolimont,238.8,0
Borderouge / Bagatelle,222.6,0
Rangueil / Saouzelong,74.0,0
Borderouge / Bagatelle,152.5,0
Croix-Daurade / Minimes,103.7,0
Saint-Cyprien / Empalot,174.0,0
Rangueil / Saouzelong,173.1,0
Borderouge / Bagatelle,205.2,0
Borderouge / Bagatelle,130.4,0
Côte Pavée / Jolimont,95.7,0
Côte Pavée / Jolimont,95.7,0
Côte Pavée / Jolimont,95.7,0
Côte Pavée / Jolimont,95.7,0
Côte Pavée / Jolimont,95.7,0
Croix-Daurade / Minimes,196.9,0
Capitole / Carmes,163.2,0
Rangueil / Saouzelong,116.1,0
Croix-Daurade / Minimes,96.2,0
Capitole / Carmes,99.4,0
Croix-Daurade / Minimes,24.9,1
Côte Pavée / Jolimont,228.2,0
Croix-Daurade / Minimes,103.0,0
Capitole / Carmes,165.6,0
Capitole / Carmes,104.4,0
Côte Pavée / Jolimont,202.8,0
Croix-Daurade / Minimes,74.9,0
Côte Pavée / Jolimont,193.4,0
Borderouge / Bagatelle,45.0,0
Rangueil / Saouzelong,80.1,0
Saint-Cyprien / Empalot,174.0,0
Capitole / Carmes,146.2,1
Capitole / Carmes,238.8,1
Saint-Cyprien / Empalot,1.6,0
Côte Pavée / Jolimont,126.2,0
Côte Pavée / Jolimont,154.1,0
Borderouge / Bagatelle,161.0,0
Borderouge / Bagatelle,10.4,0
Capitole / Carmes,84.7,0
Saint-Cyprien / Empalot,108.2,0
Côte Pavée / Jolimont,200.4,0
Borderouge / Bagatelle,159.6,0
Croix-Daurade / Minimes,105.3,0
Capitole / Carmes,144.5,0
Borderouge / Bagatelle,327.0,0
Rangueil / Saouzelong,285.9,0
Borderouge / Bagatelle,22.8,0
Croix-Daurade / Minimes,88.5,0
Saint-Cyprien / Empalot,27.5,0
Saint-Cyprien / Empalot,145.4,0
Côte Pavée / Jolimont,249.3,0
Borderouge / Bagatelle,287.0,0
Capitole / Carmes,144.6,0
Borderouge / Bagatelle,121.8,0
Capitole / Carmes,136.9,0
Borderouge / Bagatelle,151.3,0
Croix-Daurade / Minimes,139.4,0
Croix-Daurade / Minimes,119.7,0
Saint-Cyprien / Empalot,61.0,0
Capitole / Carmes,88.2,0
Côte Pavée / Jolimont,212.9,0
Saint-Cyprien / Empalot,123.4,0
Rangueil / Saouzelong,50.1,0
Saint-Cyprien / Empalot,155.8,0
Capitole / Carmes,78.4,0
Borderouge / Bagatelle,209.2,0
Côte Pavée / Jolimont,262.5,0
Côte Pavée / Jolimont,81.4,0
Saint-Cyprien / Empalot,300.9,0
Capitole / Carmes,92.0,0
Côte Pavée / Jolimont,193.9,0
Borderouge / Bagatelle,117.2,0
Côte Pavée / Jolimont,278.0,1
Rangueil / Saouzelong,152.5,0
Côte Pavée / Jolimont,85.1,0
Saint-Cyprien / Empalot,56.0,0
Croix-Daurade / Minimes,249.5,0
Rangueil / Saouzelong,143.3,0
Capitole / Carmes,78.4,0
Capitole / Carmes,78.4,0
Capitole / Carmes,78.4,0
Saint-Cyprien / Empalot,9.8,0
Borderouge / Bagatelle,11.0,0
Saint-Cyprien / Empalot,189.6,0
Croix-Daurade / Minimes,83.9,0
Rangueil / Saouzelong,131.3,0
Saint-Cyprien / Empalot,179.9,0
Saint-Cyprien / Empalot,108.5,0
Capitole / Carmes,140.5,0
Saint-Cyprien / Empalot,118.0,0
Saint-Cyprien / Empalot,93.2,1
Saint-Cyprien / Empalot,93.2,1
Borderouge / Bagatelle,61.0,0
Capitole / Carmes,141.8,0
Saint-Cyprien / Empalot,59.1,0
Saint-Cyprien / Empalot,41.1,0
Saint-Cyprien / Empalot,41.1,0
Côte Pavée / Jolimont,138.4,0
Borderouge / Bagatelle,272.1,0
Saint-Cyprien / Empalot,104.6,0
Côte Pavée / Jolimont,166.8,0
Capitole / Carmes,105.9,0
Saint-Cyprien / Empalot,113.1,0
Côte Pavée / Jolimont,218.3,0
Borderouge / Bagatelle,150.7,0
Saint-Cyprien / Empalot,120.7,0
Côte Pavée / Jolimont,156.7,1
Saint-Cyprien / Empalot,202.7,0
Capitole / Carmes,277.8,0
Côte Pavée / Jolimont,79.5,0
Croix-Daurade / Minimes,100.1,0
Capitole / Carmes,67.7,0
Croix-Daurade / Minimes,197.4,0
Capitole / Carmes,17.3,0
Côte Pavée / Jolimont,140.6,0
Borderouge / Bagatelle,57.8,0
Rangueil / Saouzelong,65.8,0
Borderouge / Bagatelle,70.4,0
Rangueil / Saouzelong,161.0,0
Rangueil / Saouzelong,95.5,0
Croix-Daurade / Minimes,180.5,0
Rangueil / Saouzelong,175.0,0
Rangueil / Saouzelong,51.3,0
Saint-Cyprien / Empalot,269.8,0
Croix-Daurade / Minimes,386.2,0
Capitole / Carmes,210.3,0
Rangueil / Saouzelong,216.5,1
Borderouge / Bagatelle,126.7,0
Borderouge / Bagatelle,126.7,0
Rangueil / Saouzelong,112.1,0
Saint-Cyprien / Empalot,125.5,0
Capitole / Carmes,45.9,0
Rangueil / Saouzelong,60.1,0
Croix-Daurade / Minimes,36.8,0
Borderouge / Bagatelle,239.7,0
Croix-Daurade / Minimes,66.2,0
Côte Pavée / Jolimont,298.3,0
Rangueil / Saouzelong,154.0,0
Croix-Daurade / Minimes,163.5,0
Croix-Daurade / Minimes,72.3,0
Rangueil / Saouzelong,175.2,0
Croix-Daurade / Minimes,225.6,0
Borderouge / Bagatelle,174.8,0
Borderouge / Bagatelle,191.2,0
Saint-Cyprien / Empalot,146.8,0
Capitole / Carmes,181.5,0
Côte Pavée / Jolimont,155.8,0
Rangueil / Saouzelong,173.9,0
Rangueil / Saouzelong,39.2,0
Borderouge / Bagatelle,291.1,0
Capitole / Carmes,311.6,0
Rangueil / Saouzelong,93.0,0
Côte Pavée / Jolimont,132.1,0
Côte Pavée / Jolimont,132.1,0
Côte Pavée / Jolimont,132.1,0
Côte Pavée / Jolimont,139.4,0
Côte Pavée / Jolimont,307.4,0
Côte Pavée / Jolimont,83.8,0
Croix-Daurade / Minimes,216.5,0
Croix-Daurade / Minimes,102.5,0
Borderouge / Bagatelle,202.3,0
Saint-Cyprien / Empalot,83.9,0
Côte Pavée / Jolimont,81.6,0
Côte Pavée / Jolimont,148.5,0
Croix-Daurade / Minimes,342.4,1
Capitole / Carmes,36.2,0
Croix-Daurade / Minimes,264.1,0
Côte Pavée / Jolimont,167.6,0
Saint-Cyprien / Empalot,17.5,0
Côte Pavée / Jolimont,105.5,0
Borderouge / Bagatelle,124.9,0
Rangueil / Saouzelong,11.2,0
Côte Pavée / Jolimont,107.4,0
Borderouge / Bagatelle,170.8,0
Borderouge / Bagatelle,339.1,0
Côte Pavée / Jolimont,157.1,0
Côte Pavée / Jolimont,240.5,0
Capitole / Carmes,136.4,0
Saint-Cyprien / Empalot,192.4,0
Rangueil / Saouzelong,111.7,0
Borderouge / Bagatelle,133.9,0
Saint-Cyprien / Empalot,53.6,0
Croix-Daurade / Minimes,59.1,0
Rangueil / Saouzelong,178.1,0
Rangueil / Saouzelong,178.1,0
Saint-Cyprien / Empalot,136.0,0
Saint-Cyprien / Empalot,101.9,0
Capitole / Carmes,74.7,0
Saint-Cyprien / Empalot,73.2,0
Capitole / Carmes,110.7,0
Capitole / Carmes,83.3,0
Capitole / Carmes,83.3,0
Rangueil / Saouzelong,39.5,0
Borderouge / Bagatelle,127.7,0
Côte Pavée / Jolimont,211.0,0
Côte Pavée / Jolimont,151.7,0
Borderouge / Bagatelle,182.1,0
Croix-Daurade / Minimes,138.5,0
Côte Pavée / Jolimont,82.5,0
Borderouge / Bagatelle,138.8,0
Côte Pavée / Jolimont,58.0,0
Borderouge / Bagatelle,165.3,0
Croix-Daurade / Minimes,129.3,0
Capitole / Carmes,293.0,0
Côte Pavée / Jolimont,112.2,0
Borderouge / Bagatelle,191.5,0
Capitole / Carmes,133.9,0
Croix-Daurade / Minimes,146.3,0
Borderouge / Bagatelle,125.3,0
Capitole / Carmes,156.5,0
Rangueil / Saouzelong,66.1,0
Capitole / Carmes,64.9,0
Rangueil / Saouzelong,276.6,0
Borderouge / Bagatelle,79.2,0
Borderouge / Bagatelle,152.1,0
Capitole / Carmes,99.0,0
Rangueil / Saouzelong,151.4,0
Côte Pavée / Jolimont,175.5,0
Borderouge / Bagatelle,299.4,0
Rangueil / Saouzelong,179.9,0
Côte Pavée / Jolimont,167.5,0
Côte Pavée / Jolimont,290.4,1
Rangueil / Saouzelong,27.4,0
Borderouge / Bagatelle,209.5,0
Rangueil / Saouzelong,66.8,0
Côte Pavée / Jolimont,61.4,0
Rangueil / Saouzelong,205.0,0
Capitole / Carmes,256.7,0
Borderouge / Bagatelle,127.7,0
Côte Pavée / Jolimont,181.0,0
Borderouge / Bagatelle,350.1,0
Borderouge / Bagatelle,48.0,0
Rangueil / Saouzelong,178.9,0
Rangueil / Saouzelong,113.5,0
Côte Pavée / Jolimont,66.0,0
Capitole / Carmes,141.2,0
Saint-Cyprien / Empalot,67.7,0
Capitole / Carmes,197.6,0
Saint-Cyprien / Empalot,22.0,0
Saint-Cyprien / Empalot,22.0,0
Saint-Cyprien / Empalot,22.0,0
Saint-Cyprien / Empalot,22.0,0
Saint-Cyprien / Empalot,22.0,0
Capitole / Carmes,86.3,0
Rangueil / Saouzelong,97.3,0
Rangueil / Saouzelong,42.7,1
Croix-Daurade / Minimes,87.5,0
Côte Pavée / Jolimont,76.8,1
Côte Pavée / Jolimont,114.9,0
Croix-Daurade / Minimes,79.4,0
Côte Pavée / Jolimont,323.2,0
Borderouge / Bagatelle,135.5,0
Côte Pavée / Jolimont,160.3,0
Borderouge / Bagatelle,219.3,0
Saint-Cyprien / Empalot,100.9,0
Rangueil / Saouzelong,59.5,0
Borderouge / Bagatelle,349.7,0
Croix-Daurade / Minimes,58.4,0
Rangueil / Saouzelong,66.5,0
Rangueil / Saouzelong,132.1,0
Borderouge / Bagatelle,138.6,0
Borderouge / Bagatelle,9.4,0
Rangueil / Saouzelong,202.9,1
Côte Pavée / Jolimont,100.6,0
Borderouge / Bagatelle,455.2,0
Borderouge / Bagatelle,298.8,0
Côte Pavée / Jolimont,44.7,0
Borderouge / Bagatelle,134.1,0
Saint-Cyprien / Empalot,75.9,0
Rangueil / Saouzelong,226.1,1
Saint-Cyprien / Empalot,81.4,0
Capitole / Carmes,238.5,0
Saint-Cyprien / Empalot,202.2,0
Capitole / Carmes,112.5,0
Capitole / Carmes,112.5,0
Saint-Cyprien / Empalot,49.1,1
Rangueil / Saouzelong,118.8,0
Rangueil / Saouzelong,60.4,0
Borderouge / Bagatelle,79.3,0
Côte Pavée / Jolimont,97.5,0
Rangueil / Saouzelong,193.9,0
Rangueil / Saouzelong,79.9,0
Côte Pavée / Jolimont,372.6,1
Croix-Daurade / Minimes,123.3,0
Rangueil / Saouzelong,224.5,0
Rangueil / Saouzelong,233.7,0
Côte Pavée / Jolimont,103.2,0
Croix-Daurade / Minimes,365.5,0
Saint-Cyprien / Empalot,116.4,0
Croix-Daurade / Minimes,238.6,0
Rangueil / Saouzelong,273.7,0
Borderouge / Bagatelle,70.4,0
Borderouge / Bagatelle,70.4,0
Côte Pavée / Jolimont,121.9,0
Côte Pavée / Jolimont,81.7,0
Capitole / Carmes,200.5,0
Côte Pavée / Jolimont,123.6,0
Saint-Cyprien / Empalot,423.0,0
Borderouge / Bagatelle,154.7,0
Borderouge / Bagatelle,113.5,0
Borderouge / Bagatelle,208.9,0
Rangueil / Saouzelong,190.6,0
Capitole / Carmes,126.0,0
Borderouge / Bagatelle,600.1,0
Capitole / Carmes,112.6,0
Côte Pavée / Jolimont,236.5,1
Capitole / Carmes,149.1,0
Borderouge / Bagatelle,405.8,0
Capitole / Carmes,265.4,1
Capitole / Carmes,265.4,1
Saint-Cyprien / Empalot,186.3,0
Rangueil / Saouzelong,316.5,0
Capitole / Carmes,61.5,0
Rangueil / Saouzelong,51.2,0
Saint-Cyprien / Empalot,203.0,0
Saint-Cyprien / Empalot,86.8,0
Capitole / Carmes,146.4,0
Côte Pavée / Jolimont,113.9,0
Côte Pavée / Jolimont,59.5,0
Capitole / Carmes,84.0,0
Côte Pavée / Jolimont,285.3,0
Croix-Daurade / Minimes,58.8,0
Borderouge / Bagatelle,184.6,0
Capitole / Carmes,101.6,0
Saint-Cyprien / Empalot,218.4,0
Rangueil / Saouzelong,125.3,0
Capitole / Carmes,142.2,0
Rangueil / Saouzelong,227.7,0
Côte Pavée / Jolimont,204.8,0
Borderouge / Bagatelle,48.0,0
Côte Pavée / Jolimont,217.9,0
Côte Pavée / Jolimont,0.6,0
Rangueil / Saouzelong,51.6,0
Capitole / Carmes,142.1,0
Rangueil / Saouzelong,95.1,0
Capitole / Carmes,186.9,0
Borderouge / Bagatelle,194.0,0
Borderouge / Bagatelle,376.3,0
Capitole / Carmes,130.7,0
Borderouge / Bagatelle,83.7,0
Capitole / Carmes,113.1,0
Côte Pavée / Jolimont,114.6,0
Borderouge / Bagatelle,91.1,0
Capitole / Carmes,90.1,0
Rangueil / Saouzelong,239.2,0
Capitole / Carmes,142.2,0
Saint-Cyprien / Empalot,233.7,0
Rangueil / Saouzelong,121.0,0
Borderouge / Bagatelle,140.0,0
Capitole / Carmes,178.0,0
Rangueil / Saouzelong,214.2,1
Rangueil / Saouzelong,210.8,0
Saint-Cyprien / Empalot,103.5,0
Rangueil / Saouzelong,39.5,0
Borderouge / Bagatelle,230.0,0
Saint-Cyprien / Empalot,17.5,0
Rangueil / Saouzelong,136.5,0
Capitole / Carmes,86.9,0
Rangueil / Saouzelong,129.9,0
Rangueil / Saouzelong,119.5,0
Rangueil / Saouzelong,172.1,0
Borderouge / Bagatelle,157.8,1
Rangueil / Saouzelong,182.3,0
Rangueil / Saouzelong,116.1,0
Côte Pavée / Jolimont,298.3,0
Capitole / Carmes,108.3,0
Côte Pavée / Jolimont,66.1,0
Côte Pavée / Jolimont,237.6,0
Capitole / Carmes,235.3,0
Saint-Cyprien / Empalot,126.1,0
Saint-Cyprien / Empalot,126.4,0
Capitole / Carmes,129.3,0
Côte Pavée / Jolimont,50.5,0
Borderouge / Bagatelle,344.2,0
Saint-Cyprien / Empalot,64.0,0
Croix-Daurade / Minimes,76.1,0
Rangueil / Saouzelong,81.4,0
Croix-Daurade / Minimes,312.2,0
Capitole / Carmes,294.0,0
Saint-Cyprien / Empalot,198.5,0
Borderouge / Bagatelle,18.7,0
Croix-Daurade / Minimes,441.8,0
Rangueil / Saouzelong,498.8,0
Croix-Daurade / Minimes,85.2,0
Saint-Cyprien / Empalot,46.9,0
Saint-Cyprien / Empalot,224.8,0
Saint-Cyprien / Empalot,224.8,0
Rangueil / Saouzelong,176.6,0
Capitole / Carmes,41.7,0
Rangueil / Saouzelong,14.6,0
Borderouge / Bagatelle,101.2,0
Côte Pavée / Jolimont,11.7,0
Rangueil / Saouzelong,69.4,0
Croix-Daurade / Minimes,296.2,0
Borderouge / Bagatelle,49.1,0
Rangueil / Saouzelong,264.6,0
Capitole / Carmes,150.6,0
Capitole / Carmes,153.1,0
Rangueil / Saouzelong,102.2,0
Capitole / Carmes,29.7,0
Saint-Cyprien / Empalot,233.7,0
Rangueil / Saouzelong,111.2,0
Borderouge / Bagatelle,76.2,0
Côte Pavée / Jolimont,99.2,0
Capitole / Carmes,214.0,0
Capitole / Carmes,28.2,0
Rangueil / Saouzelong,129.7,0
Rangueil / Saouzelong,344.2,0
Capitole / Carmes,146.0,0
Rangueil / Saouzelong,182.3,0
Rangueil / Saouzelong,190.6,0
Saint-Cyprien / Empalot,248.6,0
Côte Pavée / Jolimont,13.2,0
Croix-Daurade / Minimes,421.3,0
Côte Pavée / Jolimont,382.9,0
Borderouge / Bagatelle,90.4,0
Saint-Cyprien / Empalot,144.7,0
Côte Pavée / Jolimont,109.5,0
Borderouge / Bagatelle,18.7,0
Côte Pavée / Jolimont,141.1,0
Capitole / Carmes,130.3,0
Côte Pavée / Jolimont,270.6,0
Croix-Daurade / Minimes,119.9,0
Capitole / Carmes,114.2,0
Rangueil / Saouzelong,178.8,0
Borderouge / Bagatelle,243.6,0
Côte Pavée / Jolimont,336.3,0
Rangueil / Saouzelong,45.4,1
Borderouge / Bagatelle,117.8,0
Saint-Cyprien / Empalot,102.6,0
Côte Pavée / Jolimont,44.6,0
Côte Pavée / Jolimont,119.0,0
Capitole / Carmes,153.4,0
Capitole / Carmes,37.9,0
Rangueil / Saouzelong,132.8,0
Rangueil / Saouzelong,132.8,0
Côte Pavée / Jolimont,105.5,0
Borderouge / Bagatelle,54.3,0
Borderouge / Bagatelle,100.1,0
Borderouge / Bagatelle,321.3,0
Côte Pavée / Jolimont,78.9,0
Côte Pavée / Jolimont,179.4,0
Capitole / Carmes,85.1,0
Borderouge / Bagatelle,36.9,1
Borderouge / Bagatelle,36.9,1
Borderouge / Bagatelle,36.9,1
Borderouge / Bagatelle,36.9,1
Borderouge / Bagatelle,36.9,1
Croix-Daurade / Minimes,205.1,0
Borderouge / Bagatelle,159.8,0
Capitole / Carmes,144.8,0
Capitole / Carmes,167.6,0
Borderouge / Bagatelle,120.8,0
Borderouge / Bagatelle,420.6,0
Croix-Daurade / Minimes,181.1,0
Rangueil / Saouzelong,122.7,0
Côte Pavée / Jolimont,104.5,0
Rangueil / Saouzelong,69.8,0
Rangueil / Saouzelong,85.2,0
Capitole / Carmes,66.7,0
Rangueil / Saouzelong,18.8,0
Côte Pavée / Jolimont,125.9,0
Saint-Cyprien / Empalot,62.1,0
Rangueil / Saouzelong,31.8,0
Capitole / Carmes,16.7,1
Borderouge / Bagatelle,273.4,0
Saint-Cyprien / Empalot,165.6,0
Côte Pavée / Jolimont,59.9,0
Capitole / Carmes,84.5,0
Borderouge / Bagatelle,156.4,0
Capitole / Carmes,213.8,0
Côte Pavée / Jolimont,77.3,0
Capitole / Carmes,201.8,0
Côte Pavée / Jolimont,168.4,0
Capitole / Carmes,154.3,1
Croix-Daurade / Minimes,164.5,0
Capitole / Carmes,234.1,0
Capitole / Carmes,234.1,0
Capitole / Carmes,290.2,0
Rangueil / Saouzelong,160.4,0
Rangueil / Saouzelong,72.5,0
Saint-Cyprien / Empalot,55.8,0
Capitole / Carmes,101.4,0
Côte Pavée / Jolimont,75.0,0
Borderouge / Bagatelle,82.4,0
Borderouge / Bagatelle,123.8,0
Côte Pavée / Jolimont,335.8,0
Capitole / Carmes,149.1,0
Rangueil / Saouzelong,130.5,0
Côte Pavée / Jolimont,192.4,0
Croix-Daurade / Minimes,48.5,0
Capitole / Carmes,24.1,0
Saint-Cyprien / Empalot,324.8,0
Borderouge / Bagatelle,142.1,0
Borderouge / Bagatelle,424.1,0
Côte Pavée / Jolimont,242.8,0
Capitole / Carmes,111.4,0
Capitole / Carmes,111.4,0
Rangueil / Saouzelong,135.8,0
Rangueil / Saouzelong,234.8,0
Borderouge / Bagatelle,109.7,0
Croix-Daurade / Minimes,76.5,0
Rangueil / Saouzelong,154.4,0
Croix-Daurade / Minimes,265.9,0
Rangueil / Saouzelong,123.2,0
Capitole / Carmes,71.1,0
Capitole / Carmes,91.5,0
Saint-Cyprien / Empalot,233.2,0
Côte Pavée / Jolimont,205.1,0
Borderouge / Bagatelle,60.4,0
Borderouge / Bagatelle,390.7,0
Borderouge / Bagatelle,35.0,0
Capitole / Carmes,33.9,0
Capitole / Carmes,210.0,0
Capitole / Carmes,239.2,0
Rangueil / Saouzelong,134.8,0
Capitole / Carmes,198.2,0
Saint-Cyprien / Empalot,3.8,0
Borderouge / Bagatelle,290.5,0
Rangueil / Saouzelong,19.2,0
Capitole / Carmes,68.3,0
Borderouge / Bagatelle,157.5,0
Côte Pavée / Jolimont,198.7,0
Saint-Cyprien / Empalot,125.8,0
Côte Pavée / Jolimont,111.7,0
Borderouge / Bagatelle,178.4,0
Capitole / Carmes,42.5,1
Côte Pavée / Jolimont,171.5,0
Croix-Daurade / Minimes,334.8,0
Côte Pavée / Jolimont,107.1,0
Capitole / Carmes,38.0,0
Rangueil / Saouzelong,136.1,0
Rangueil / Saouzelong,136.1,0
Croix-Daurade / Minimes,114.5,0
Saint-Cyprien / Empalot,44.3,0
Borderouge / Bagatelle,121.9,0
Côte Pavée / Jolimont,298.3,0
Saint-Cyprien / Empalot,297.5,0
Croix-Daurade / Minimes,119.9,0
Borderouge / Bagatelle,473.6,0
Rangueil / Saouzelong,41.9,0
Borderouge / Bagatelle,169.2,0
Côte Pavée / Jolimont,115.4,0
Borderouge / Bagatelle,54.7,0
Côte Pavée / Jolimont,69.3,0
Côte Pavée / Jolimont,195.3,0
Borderouge / Bagatelle,84.5,0
Capitole / Carmes,159.8,0
Capitole / Carmes,55.1,0
Saint-Cyprien / Empalot,106.5,0
Borderouge / Bagatelle,70.0,0
Capitole / Carmes,17.1,0
Borderouge / Bagatelle,58.2,0
Rangueil / Saouzelong,91.5,0
Saint-Cyprien / Empalot,84.6,0
Rangueil / Saouzelong,156.3,0
Capitole / Carmes,78.6,0
Rangueil / Saouzelong,182.1,0
Saint-Cyprien / Empalot,26.5,0
Côte Pavée / Jolimont,146.5,0
Rangueil / Saouzelong,115.5,0
Côte Pavée / Jolimont,18.5,0
Capitole / Carmes,308.2,0
Saint-Cyprien / Empalot,146.0,0
Côte Pavée / Jolimont,387.2,1
Rangueil / Saouzelong,216.4,0
Capitole / Carmes,204.5,0
Rangueil / Saouzelong,149.0,1
Côte Pavée / Jolimont,181.4,0
Côte Pavée / Jolimont,113.6,0
Saint-Cyprien / Empalot,174.1,0
Rangueil / Saouzelong,133.4,0
Saint-Cyprien / Empalot,42.2,0
Rangueil / Saouzelong,109.6,0
Borderouge / Bagatelle,287.1,0
Capitole / Carmes,114.6,0
Capitole / Carmes,170.1,0
Rangueil / Saouzelong,32.9,0
Rangueil / Saouzelong,214.4,0
Capitole / Carmes,180.7,1
Capitole / Carmes,272.9,0
Rangueil / Saouzelong,16.8,0
Borderouge / Bagatelle,288.3,0
Saint-Cyprien / Empalot,17.1,0
Capitole / Carmes,37.7,0
Borderouge / Bagatelle,137.0,0
Capitole / Carmes,117.9,0
Borderouge / Bagatelle,100.2,0
Borderouge / Bagatelle,127.7,0
Saint-Cyprien / Empalot,94.3,0
Côte Pavée / Jolimont,15.8,0
Capitole / Carmes,50.6,0
Rangueil / Saouzelong,61.6,0
Rangueil / Saouzelong,48.9,0
Saint-Cyprien / Empalot,17.5,0
Borderouge / Bagatelle,139.4,0
Borderouge / Bagatelle,310.9,0
Côte Pavée / Jolimont,45.3,0
Rangueil / Saouzelong,203.2,0
Rangueil / Saouzelong,124.1,0
Rangueil / Saouzelong,180.2,0
Borderouge / Bagatelle,376.0,0
Rangueil / Saouzelong,137.9,0
Côte Pavée / Jolimont,40.4,0
Rangueil / Saouzelong,150.0,0
Rangueil / Saouzelong,177.6,0
Borderouge / Bagatelle,311.2,0
Saint-Cyprien / Empalot,165.6,0
Rangueil / Saouzelong,212.6,0
Saint-Cyprien / Empalot,165.4,0
Borderouge / Bagatelle,186.5,0
Borderouge / Bagatelle,18.8,0
Croix-Daurade / Minimes,159.4,0
Borderouge / Bagatelle,248.2,0
Borderouge / Bagatelle,136.7,0
Borderouge / Bagatelle,164.0,0
Borderouge / Bagatelle,164.0,0
Côte Pavée / Jolimont,181.4,0
Borderouge / Bagatelle,210.6,0
Capitole / Carmes,98.0,1
Croix-Daurade / Minimes,217.3,0
Borderouge / Bagatelle,101.6,0
Côte Pavée / Jolimont,194.7,0
Capitole / Carmes,239.0,0
Saint-Cyprien / Empalot,98.2,0
Rangueil / Saouzelong,172.1,0
Rangueil / Saouzelong,198.1,0
Côte Pavée / Jolimont,43.8,0
Borderouge / Bagatelle,223.9,0
Saint-Cyprien / Empalot,171.6,1
Croix-Daurade / Minimes,259.1,0
Capitole / Carmes,141.8,0
Rangueil / Saouzelong,282.5,0
Croix-Daurade / Minimes,153.6,0
Rangueil / Saouzelong,131.7,0
Saint-Cyprien / Empalot,195.5,0
Croix-Daurade / Minimes,64.8,0
Capitole / Carmes,232.3,0
Rangueil / Saouzelong,116.1,0
Borderouge / Bagatelle,47.8,0
Capitole / Carmes,117.9,0
Rangueil / Saouzelong,121.2,0
Côte Pavée / Jolimont,82.6,0
Côte Pavée / Jolimont,64.2,0
Saint-Cyprien / Empalot,225.7,1
Côte Pavée / Jolimont,92.1,0
Borderouge / Bagatelle,120.4,0
Rangueil / Saouzelong,134.5,0
Saint-Cyprien / Empalot,26.7,0
Rangueil / Saouzelong,240.7,0
Capitole / Carmes,238.5,0
Croix-Daurade / Minimes,147.0,0
Borderouge / Bagatelle,136.1,1
Saint-Cyprien / Empalot,118.8,0
Borderouge / Bagatelle,96.0,0
Borderouge / Bagatelle,208.9,0
Capitole / Carmes,157.8,0
Capitole / Carmes,45.9,0
Rangueil / Saouzelong,175.0,0
Croix-Daurade / Minimes,124.8,1
Borderouge / Bagatelle,59.2,0
Croix-Daurade / Minimes,137.6,0
Côte Pavée / Jolimont,140.9,0
Rangueil / Saouzelong,165.9,0
Capitole / Carmes,88.0,0
Saint-Cyprien / Empalot,157.4,0
Capitole / Carmes,121.1,0
Saint-Cyprien / Empalot,30.2,0
Côte Pavée / Jolimont,189.3,0
Croix-Daurade / Minimes,93.0,1
Côte Pavée / Jolimont,233.8,0
Croix-Daurade / Minimes,230.0,0
Côte Pavée / Jolimont,254.6,0
Saint-Cyprien / Empalot,106.5,0
Croix-Daurade / Minimes,96.3,0
Côte Pavée / Jolimont,148.0,0
Rangueil / Saouzelong,157.2,0
Côte Pavée / Jolimont,87.0,0
Borderouge / Bagatelle,260.3,0
Capitole / Carmes,167.2,0
Borderouge / Bagatelle,61.6,0
Rangueil / Saouzelong,121.2,0
Croix-Daurade / Minimes,98.9,0
Capitole / Carmes,143.5,0
Côte Pavée / Jolimont,166.0,0
Capitole / Carmes,171.1,0
Côte Pavée / Jolimont,41.0,0
Côte Pavée / Jolimont,207.2,0
Borderouge / Bagatelle,14.5,0
Capitole / Carmes,129.9,0
Saint-Cyprien / Empalot,165.6,0
Côte Pavée / Jolimont,205.4,0
Côte Pavée / Jolimont,205.4,0
Côte Pavée / Jolimont,205.4,0
Côte Pavée / Jolimont,205.4,0
Croix-Daurade / Minimes,34.9,0
Rangueil / Saouzelong,114.0,0
Côte Pavée / Jolimont,76.5,0
Borderouge / Bagatelle,94.3,0
Saint-Cyprien / Empalot,35.8,0
Capitole / Carmes,265.4,0
Rangueil / Saouzelong,176.6,0
Borderouge / Bagatelle,143.0,0
Saint-Cyprien / Empalot,223.8,0
Rangueil / Saouzelong,134.3,0
Borderouge / Bagatelle,304.7,0
Capitole / Carmes,213.1,0
Saint-Cyprien / Empalot,51.9,0
Borderouge / Bagatelle,63.7,0
Capitole / Carmes,101.3,0
Borderouge / Bagatelle,121.9,0
Saint-Cyprien / Empalot,151.4,0
Saint-Cyprien / Empalot,232.4,0
Saint-Cyprien / Empalot,176.6,0
Borderouge / Bagatelle,131.7,0
Capitole / Carmes,308.2,1
Croix-Daurade / Minimes,169.6,0
Saint-Cyprien / Empalot,90.2,0
Saint-Cyprien / Empalot,24.5,0
Borderouge / Bagatelle,124.3,0
Rangueil / Saouzelong,266.2,0
Borderouge / Bagatelle,144.2,0
Saint-Cyprien / Empalot,37.0,0
Croix-Daurade / Minimes,61.7,0
Capitole / Carmes,67.7,0
Rangueil / Saouzelong,80.1,0
Saint-Cyprien / Empalot,43.1,0
Capitole / Carmes,200.6,0
Capitole / Carmes,87.9,0
Côte Pavée / Jolimont,317.6,0
Saint-Cyprien / Empalot,171.6,1
Capitole / Carmes,84.1,0
Côte Pavée / Jolimont,159.4,0
Rangueil / Saouzelong,35.7,0
Saint-Cyprien / Empalot,290.7,0
Côte Pavée / Jolimont,245.9,0
Capitole / Carmes,138.9,0
Rangueil / Saouzelong,122.1,0
Borderouge / Bagatelle,75.2,0
Côte Pavée / Jolimont,98.6,0
Borderouge / Bagatelle,99.5,0
Borderouge / Bagatelle,95.7,0
Côte Pavée / Jolimont,76.3,0
Borderouge / Bagatelle,168.7,0
Saint-Cyprien / Empalot,139.6,0
Rangueil / Saouzelong,157.4,0
Côte Pavée / Jolimont,275.5,0
Borderouge / Bagatelle,64.0,1
Rangueil / Saouzelong,170.9,0
Borderouge / Bagatelle,181.2,0
Côte Pavée / Jolimont,140.9,0
Rangueil / Saouzelong,134.2,0
Capitole / Carmes,161.7,0
Croix-Daurade / Minimes,119.0,0
Capitole / Carmes,59.9,0
Saint-Cyprien / Empalot,84.0,0
Côte Pavée / Jolimont,146.5,0
Croix-Daurade / Minimes,8.6,0
Rangueil / Saouzelong,7.4,0
Borderouge / Bagatelle,136.8,0
Borderouge / Bagatelle,42.2,0
Saint-Cyprien / Empalot,187.5,0
Côte Pavée / Jolimont,195.3,0
Capitole / Carmes,200.3,1
Capitole / Carmes,200.3,1
Saint-Cyprien / Empalot,146.4,0
Borderouge / Bagatelle,70.5,0
Capitole / Carmes,153.3,0
Côte Pavée / Jolimont,97.1,0
Borderouge / Bagatelle,136.7,0
Croix-Daurade / Minimes,85.2,0
Côte Pavée / Jolimont,192.5,0
Croix-Daurade / Minimes,119.9,0
Rangueil / Saouzelong,19.6,0
Rangueil / Saouzelong,19.6,0
Capitole / Carmes,194.7,0
Capitole / Carmes,55.7,0
Croix-Daurade / Minimes,95.4,0
Côte Pavée / Jolimont,234.1,0
Saint-Cyprien / Empalot,78.1,0
Croix-Daurade / Minimes,134.0,0
Côte Pavée / Jolimont,229.2,0
Borderouge / Bagatelle,435.6,0
Rangueil / Saouzelong,74.5,0
Rangueil / Saouzelong,129.4,0
Côte Pavée / Jolimont,173.9,0
Côte Pavée / Jolimont,173.9,0
Rangueil / Saouzelong,150.3,0
Saint-Cyprien / Empalot,137.9,0
Côte Pavée / Jolimont,98.5,0
Borderouge / Bagatelle,121.9,0
Borderouge / Bagatelle,179.5,0
Capitole / Carmes,41.7,0
Côte Pavée / Jolimont,83.1,0
Saint-Cyprien / Empalot,133.8,0
Borderouge / Bagatelle,126.1,0
Côte Pavée / Jolimont,202.8,0
Borderouge / Bagatelle,106.9,0
Saint-Cyprien / Empalot,118.3,0
Croix-Daurade / Minimes,90.8,0
Capitole / Carmes,159.4,0
Capitole / Carmes,255.0,0
Capitole / Carmes,153.9,0
Côte Pavée / Jolimont,263.8,0
Rangueil / Saouzelong,291.4,0
Rangueil / Saouzelong,167.0,0
Croix-Daurade / Minimes,128.0,0
Rangueil / Saouzelong,297.3,1
Borderouge / Bagatelle,278.0,0
Borderouge / Bagatelle,99.0,0
Saint-Cyprien / Empalot,297.0,0
Rangueil / Saouzelong,268.3,0
Borderouge / Bagatelle,21.0,0
Côte Pavée / Jolimont,110.9,0
Saint-Cyprien / Empalot,144.5,1
Saint-Cyprien / Empalot,175.1,0
Rangueil / Saouzelong,115.5,0
Rangueil / Saouzelong,22.4,0
Rangueil / Saouzelong,115.5,0
Rangueil / Saouzelong,99.2,0
Croix-Daurade / Minimes,284.6,0
Côte Pavée / Jolimont,237.1,0
Saint-Cyprien / Empalot,195.9,0
Borderouge / Bagatelle,311.4,0
Capitole / Carmes,156.3,0
Côte Pavée / Jolimont,175.7,0
Saint-Cyprien / Empalot,14.5,0
Rangueil / Saouzelong,227.0,0
Saint-Cyprien / Empalot,118.7,0
Croix-Daurade / Minimes,336.0,0
Rangueil / Saouzelong,303.7,0
Croix-Daurade / Minimes,152.7,0
Borderouge / Bagatelle,133.9,0
Côte Pavée / Jolimont,151.9,0
Croix-Daurade / Minimes,167.8,0
Rangueil / Saouzelong,227.7,0
Rangueil / Saouzelong,148.9,0
Borderouge / Bagatelle,157.8,1
Saint-Cyprien / Empalot,118.0,0
Côte Pavée / Jolimont,164.5,0
Rangueil / Saouzelong,225.6,0
Rangueil / Saouzelong,130.5,0
Borderouge / Bagatelle,109.2,0
Borderouge / Bagatelle,182.1,0
Capitole / Carmes,98.8,0
Borderouge / Bagatelle,97.8,0
Côte Pavée / Jolimont,125.9,0
Borderouge / Bagatelle,84.6,0
Croix-Daurade / Minimes,177.1,0
Borderouge / Bagatelle,60.5,0
Côte Pavée / Jolimont,130.2,0
Capitole / Carmes,154.3,1
Borderouge / Bagatelle,149.2,0
Croix-Daurade / Minimes,136.1,0
Capitole / Carmes,182.8,0
Rangueil / Saouzelong,128.4,0
Côte Pavée / Jolimont,79.4,0
Saint-Cyprien / Empalot,13.8,0
Borderouge / Bagatelle,61.6,0
Borderouge / Bagatelle,317.2,0
Borderouge / Bagatelle,100.4,0
Capitole / Carmes,16.5,0
Borderouge / Bagatelle,269.4,0
Rangueil / Saouzelong,75.9,0
Rangueil / Saouzelong,44.2,1
Saint-Cyprien / Empalot,7.4,0
Capitole / Carmes,216.5,0
Borderouge / Bagatelle,171.5,0
Saint-Cyprien / Empalot,74.9,0
Croix-Daurade / Minimes,119.8,0
Croix-Daurade / Minimes,109.7,1
Saint-Cyprien / Empalot,120.7,0
Capitole / Carmes,155.1,0
Capitole / Carmes,155.1,0
Croix-Daurade / Minimes,192.8,0
Borderouge / Bagatelle,142.1,0
Rangueil / Saouzelong,67.9,0
Croix-Daurade / Minimes,141.5,0
Capitole / Carmes,88.9,0
Côte Pavée / Jolimont,13.2,0
Capitole / Carmes,165.6,0
Rangueil / Saouzelong,304.2,1
Capitole / Carmes,103.6,0
Saint-Cyprien / Empalot,150.2,0
Capitole / Carmes,156.1,0
Rangueil / Saouzelong,165.6,0
Capitole / Carmes,284.4,0
Borderouge / Bagatelle,59.0,0
Borderouge / Bagatelle,210.5,0
Borderouge / Bagatelle,122.4,0
Rangueil / Saouzelong,224.5,0
Borderouge / Bagatelle,255.6,0
Capitole / Carmes,172.2,0
Borderouge / Bagatelle,36.7,0
Capitole / Carmes,80.0,1
Saint-Cyprien / Empalot,125.9,0
Côte Pavée / Jolimont,90.8,0
Rangueil / Saouzelong,75.0,0
Rangueil / Saouzelong,133.1,0
Capitole / Carmes,99.4,0
Capitole / Carmes,145.5,0
Capitole / Carmes,130.2,0
Rangueil / Saouzelong,85.3,0
Borderouge / Bagatelle,57.8,0
Rangueil / Saouzelong,8.7,0
Côte Pavée / Jolimont,274.2,0
Côte Pavée / Jolimont,129.4,1
Saint-Cyprien / Empalot,98.3,0
Côte Pavée / Jolimont,337.1,0
Rangueil / Saouzelong,120.9,0
Borderouge / Bagatelle,291.1,0
Rangueil / Saouzelong,93.7,1
Côte Pavée / Jolimont,396.6,0
Rangueil / Saouzelong,44.2,0
Capitole / Carmes,162.9,0
Saint-Cyprien / Empalot,160.6,0
Borderouge / Bagatelle,278.0,0
Capitole / Carmes,128.8,0
Capitole / Carmes,128.8,0
Croix-Daurade / Minimes,127.2,0
Borderouge / Bagatelle,88.1,0
Croix-Daurade / Minimes,95.6,0
Capitole / Carmes,86.9,0
Côte Pavée / Jolimont,60.0,0
Côte Pavée / Jolimont,135.2,0
Borderouge / Bagatelle,55.6,0
Borderouge / Bagatelle,205.2,0
Capitole / Carmes,152.9,0
Saint-Cyprien / Empalot,34.5,0
Borderouge / Bagatelle,65.1,0
Rangueil / Saouzelong,66.5,0
Rangueil / Saouzelong,141.3,0
Rangueil / Saouzelong,175.1,0
Rangueil / Saouzelong,102.4,0
Rangueil / Saouzelong,102.4,0
Rangueil / Saouzelong,128.4,0
Rangueil / Saouzelong,428.6,0
Côte Pavée / Jolimont,231.8,0
Capitole / Carmes,131.0,0
Rangueil / Saouzelong,122.7,0
Borderouge / Bagatelle,219.3,0
Côte Pavée / Jolimont,153.1,0
Rangueil / Saouzelong,40.2,0
Capitole / Carmes,215.7,0
Borderouge / Bagatelle,269.5,0
Saint-Cyprien / Empalot,126.7,0
Côte Pavée / Jolimont,113.7,0
Côte Pavée / Jolimont,164.8,0
Côte Pavée / Jolimont,45.0,0
Capitole / Carmes,213.7,0
Capitole / Carmes,373.5,0
Capitole / Carmes,54.2,0
Croix-Daurade / Minimes,127.2,0
Capitole / Carmes,117.1,0
Capitole / Carmes,82.7,0
Croix-Daurade / Minimes,30.2,0
Borderouge / Bagatelle,286.0,0
Côte Pavée / Jolimont,278.0,1
Capitole / Carmes,113.1,0
Rangueil / Saouzelong,109.6,0
Croix-Daurade / Minimes,267.1,0
Borderouge / Bagatelle,136.4,0
Côte Pavée / Jolimont,324.7,0
Croix-Daurade / Minimes,28.6,0
Borderouge / Bagatelle,32.4,0
Saint-Cyprien / Empalot,115.8,0
Capitole / Carmes,228.5,0
Borderouge / Bagatelle,6.5,1
Rangueil / Saouzelong,135.3,0
Borderouge / Bagatelle,409.8,0
Borderouge / Bagatelle,221.9,0
Côte Pavée / Jolimont,117.2,0
Rangueil / Saouzelong,93.0,0
Côte Pavée / Jolimont,372.6,1
Rangueil / Saouzelong,164.2,0
Côte Pavée / Jolimont,97.5,0
Rangueil / Saouzelong,173.1,0
Saint-Cyprien / Empalot,324.8,0
Capitole / Carmes,43.5,0
Côte Pavée / Jolimont,66.8,0
Saint-Cyprien / Empalot,145.9,0
Croix-Daurade / Minimes,351.3,0
Borderouge / Bagatelle,70.6,1
Croix-Daurade / Minimes,36.2,0
Borderouge / Bagatelle,35.0,0
Capitole / Carmes,109.7,0
Capitole / Carmes,109.7,0
Rangueil / Saouzelong,29.8,0
Croix-Daurade / Minimes,142.7,0
Côte Pavée / Jolimont,220.5,0
Saint-Cyprien / Empalot,23.5,0
Côte Pavée / Jolimont,98.6,0
Capitole / Carmes,68.3,0
Saint-Cyprien / Empalot,118.0,0
Borderouge / Bagatelle,357.5,0
Côte Pavée / Jolimont,63.8,0
Rangueil / Saouzelong,283.7,0
Rangueil / Saouzelong,65.1,0
Rangueil / Saouzelong,294.8,0
Capitole / Carmes,152.4,0
Borderouge / Bagatelle,243.6,0
Borderouge / Bagatelle,125.7,0
Capitole / Carmes,91.3,0
Saint-Cyprien / Empalot,93.7,0
Borderouge / Bagatelle,113.4,0
Saint-Cyprien / Empalot,159.9,0
Borderouge / Bagatelle,238.6,0
Borderouge / Bagatelle,42.5,0
Borderouge / Bagatelle,116.4,0
Saint-Cyprien / Empalot,200.7,0
Croix-Daurade / Minimes,200.6,0
Capitole / Carmes,126.2,0
Capitole / Carmes,126.2,0
Capitole / Carmes,126.2,0
Côte Pavée / Jolimont,105.5,0
Côte Pavée / Jolimont,166.4,1
Rangueil / Saouzelong,33.7,0
Capitole / Carmes,71.1,0
Saint-Cyprien / Empalot,199.0,0
Capitole / Carmes,287.8,0
Capitole / Carmes,174.6,0
Borderouge / Bagatelle,42.0,0
Capitole / Carmes,114.2,0
Rangueil / Saouzelong,80.1,0
Rangueil / Saouzelong,71.3,0
Côte Pavée / Jolimont,12.8,0
Côte Pavée / Jolimont,59.6,0
Côte Pavée / Jolimont,123.7,0
Rangueil / Saouzelong,55.8,0
Rangueil / Saouzelong,197.6,0
Borderouge / Bagatelle,179.7,0
Borderouge / Bagatelle,124.3,1
Rangueil / Saouzelong,12.9,0
Rangueil / Saouzelong,48.9,0
Saint-Cyprien / Empalot,113.3,0
Côte Pavée / Jolimont,229.0,0
Côte Pavée / Jolimont,202.2,0
Borderouge / Bagatelle,172.7,0
Côte Pavée / Jolimont,175.5,0
Côte Pavée / Jolimont,44.6,0
Borderouge / Bagatelle,173.1,0
Borderouge / Bagatelle,58.0,0
Borderouge / Bagatelle,140.6,0
Borderouge / Bagatelle,230.1,0
Borderouge / Bagatelle,111.6,0
Capitole / Carmes,219.3,0
Borderouge / Bagatelle,14.5,0
Borderouge / Bagatelle,205.5,0
Rangueil / Saouzelong,110.3,0
Borderouge / Bagatelle,161.0,0
Borderouge / Bagatelle,100.2,0
Capitole / Carmes,155.1,0
Rangueil / Saouzelong,113.1,0
Capitole / Carmes,116.3,0
Borderouge / Bagatelle,113.5,0
Côte Pavée / Jolimont,90.0,0
Rangueil / Saouzelong,195.1,0
Saint-Cyprien / Empalot,237.5,0
Borderouge / Bagatelle,185.7,0
Borderouge / Bagatelle,185.7,0
Borderouge / Bagatelle,97.8,0
Borderouge / Bagatelle,219.5,0
Côte Pavée / Jolimont,159.7,1
Borderouge / Bagatelle,39.6,0
Rangueil / Saouzelong,132.2,0
Côte Pavée / Jolimont,35.3,0
Capitole / Carmes,92.2,0
Croix-Daurade / Minimes,306.4,0
Saint-Cyprien / Empalot,204.9,0
Capitole / Carmes,225.5,0
Borderouge / Bagatelle,121.3,0
Rangueil / Saouzelong,213.8,0
Borderouge / Bagatelle,185.7,0
Côte Pavée / Jolimont,138.3,0
Capitole / Carmes,61.5,0
Borderouge / Bagatelle,205.2,0
Saint-Cyprien / Empalot,50.2,0
Borderouge / Bagatelle,168.2,0
Croix-Daurade / Minimes,177.7,0
Rangueil / Saouzelong,76.3,0
Capitole / Carmes,104.9,0
Rangueil / Saouzelong,79.1,0
Borderouge / Bagatelle,139.4,0
Borderouge / Bagatelle,98.2,0
Croix-Daurade / Minimes,280.4,0
Rangueil / Saouzelong,174.0,0
Rangueil / Saouzelong,59.4,0
Croix-Daurade / Minimes,196.3,0
Croix-Daurade / Minimes,196.3,0
Rangueil / Saouzelong,170.8,0
Borderouge / Bagatelle,171.5,0
Croix-Daurade / Minimes,84.4,0
Borderouge / Bagatelle,199.5,0
Capitole / Carmes,180.7,1
Saint-Cyprien / Empalot,110.5,0
Saint-Cyprien / Empalot,110.5,0
Saint-Cyprien / Empalot,110.5,0
Croix-Daurade / Minimes,329.6,0
Borderouge / Bagatelle,188.2,0
Côte Pavée / Jolimont,130.7,1
Côte Pavée / Jolimont,12.4,0
Capitole / Carmes,106.4,1
Borderouge / Bagatelle,205.0,0
Borderouge / Bagatelle,160.1,0
Borderouge / Bagatelle,198.9,0
Borderouge / Bagatelle,222.3,0
Borderouge / Bagatelle,128.1,0
Côte Pavée / Jolimont,58.8,0
Rangueil / Saouzelong,130.5,0
Borderouge / Bagatelle,172.4,0
Capitole / Carmes,26.7,0
Rangueil / Saouzelong,161.7,0
Borderouge / Bagatelle,78.4,0
Borderouge / Bagatelle,127.7,0
Borderouge / Bagatelle,286.0,0
Saint-Cyprien / Empalot,139.9,0
Côte Pavée / Jolimont,55.0,0
Capitole / Carmes,119.0,0
Croix-Daurade / Minimes,84.4,0
Borderouge / Bagatelle,115.5,0
Borderouge / Bagatelle,115.5,0
Borderouge / Bagatelle,115.5,0
Borderouge / Bagatelle,115.5,0
Rangueil / Saouzelong,239.5,0
Capitole / Carmes,73.2,0
Croix-Daurade / Minimes,116.4,0
Croix-Daurade / Minimes,176.6,0
Croix-Daurade / Minimes,176.6,0
Croix-Daurade / Minimes,257.7,0
Capitole / Carmes,240.3,0
Croix-Daurade / Minimes,165.8,0
Capitole / Carmes,165.6,0
Rangueil / Saouzelong,148.4,0
Côte Pavée / Jolimont,111.2,0
Croix-Daurade / Minimes,89.0,0
Capitole / Carmes,139.3,0
Rangueil / Saouzelong,27.4,0
Saint-Cyprien / Empalot,58.9,0
Borderouge / Bagatelle,27.7,0
Borderouge / Bagatelle,154.2,1
Côte Pavée / Jolimont,237.4,0
Saint-Cyprien / Empalot,165.4,0
Rangueil / Saouzelong,252.1,0
Rangueil / Saouzelong,75.0,0
Rangueil / Saouzelong,186.0,0
Croix-Daurade / Minimes,307.1,0
Côte Pavée / Jolimont,296.1,0
Croix-Daurade / Minimes,20.2,0
Capitole / Carmes,14.1,0
Saint-Cyprien / Empalot,53.9,0
Côte Pavée / Jolimont,160.0,0
Capitole / Carmes,123.2,0
Rangueil / Saouzelong,108.2,0
Rangueil / Saouzelong,61.1,0
Croix-Daurade / Minimes,36.0,0
Côte Pavée / Jolimont,135.3,0
Saint-Cyprien / Empalot,566.9,0
Capitole / Carmes,54.9,0
Capitole / Carmes,240.4,0
Capitole / Carmes,42.0,0
Rangueil / Saouzelong,108.5,0
Saint-Cyprien / Empalot,7.1,0
Croix-Daurade / Minimes,152.5,0
Capitole / Carmes,182.0,1
Borderouge / Bagatelle,97.8,0
Côte Pavée / Jolimont,133.2,0
Côte Pavée / Jolimont,139.6,0
Rangueil / Saouzelong,174.5,0
Borderouge / Bagatelle,93.5,0
Borderouge / Bagatelle,109.7,0
Capitole / Carmes,68.3,0
Capitole / Carmes,165.7,0
Rangueil / Saouzelong,119.7,0
Rangueil / Saouzelong,269.9,1
Saint-Cyprien / Empalot,64.0,0
Côte Pavée / Jolimont,155.8,0
Côte Pavée / Jolimont,311.5,0
Borderouge / Bagatelle,166.2,0
Borderouge / Bagatelle,120.3,1
Rangueil / Saouzelong,166.6,0
Rangueil / Saouzelong,166.6,0
Rangueil / Saouzelong,166.6,0
Rangueil / Saouzelong,166.6,0
Rangueil / Saouzelong,166.6,0
Côte Pavée / Jolimont,91.7,0
Borderouge / Bagatelle,145.2,0
Saint-Cyprien / Empalot,125.8,0
Côte Pavée / Jolimont,105.5,0
Borderouge / Bagatelle,240.0,0
Borderouge / Bagatelle,162.6,0
Côte Pavée / Jolimont,195.3,0
Borderouge / Bagatelle,67.6,0
Saint-Cyprien / Empalot,96.7,0
Borderouge / Bagatelle,172.5,0
Croix-Daurade / Minimes,243.9,0
Croix-Daurade / Minimes,132.7,0
Saint-Cyprien / Empalot,166.3,0
Côte Pavée / Jolimont,161.4,0
Capitole / Carmes,16.0,0
Saint-Cyprien / Empalot,198.5,0
Côte Pavée / Jolimont,184.2,0
Croix-Daurade / Minimes,179.4,0
Croix-Daurade / Minimes,179.4,0
Capitole / Carmes,220.7,0
Capitole / Carmes,220.7,0
Capitole / Carmes,220.7,0
Capitole / Carmes,220.7,0
Borderouge / Bagatelle,124.3,0
Rangueil / Saouzelong,20.8,0
Croix-Daurade / Minimes,68.1,0
Capitole / Carmes,47.4,1
Borderouge / Bagatelle,65.6,0
Capitole / Carmes,126.0,0
Saint-Cyprien / Empalot,143.0,0
Borderouge / Bagatelle,88.1,0
Croix-Daurade / Minimes,242.8,0
Saint-Cyprien / Empalot,52.3,0
Borderouge / Bagatelle,11.0,0
Capitole / Carmes,90.1,0
Saint-Cyprien / Empalot,157.1,0
Borderouge / Bagatelle,113.5,0
Côte Pavée / Jolimont,247.2,0
Capitole / Carmes,140.8,0
Saint-Cyprien / Empalot,87.6,0
Côte Pavée / Jolimont,160.8,0
Croix-Daurade / Minimes,355.0,0
Croix-Daurade / Minimes,59.6,0
Borderouge / Bagatelle,61.6,0
Rangueil / Saouzelong,262.1,1
Rangueil / Saouzelong,262.1,1
Saint-Cyprien / Empalot,9.4,0
Rangueil / Saouzelong,233.2,0
Côte Pavée / Jolimont,150.3,0
Borderouge / Bagatelle,258.0,0
Côte Pavée / Jolimont,148.1,0
Capitole / Carmes,153.5,0
Rangueil / Saouzelong,219.9,0
Côte Pavée / Jolimont,63.3,0
Borderouge / Bagatelle,161.0,0
Borderouge / Bagatelle,135.5,0
Croix-Daurade / Minimes,123.5,0
Saint-Cyprien / Empalot,226.1,0
Croix-Daurade / Minimes,144.4,0
Rangueil / Saouzelong,80.1,0
Saint-Cyprien / Empalot,251.1,0
Saint-Cyprien / Empalot,116.0,0
Côte Pavée / Jolimont,344.2,0
Rangueil / Saouzelong,183.2,1
Rangueil / Saouzelong,61.6,0
Rangueil / Saouzelong,170.7,0
Croix-Daurade / Minimes,275.7,0
Croix-Daurade / Minimes,14.2,0
Côte Pavée / Jolimont,18.5,0
Capitole / Carmes,149.4,0
Croix-Daurade / Minimes,190.4,0
Borderouge / Bagatelle,330.7,0
Rangueil / Saouzelong,120.9,0
Saint-Cyprien / Empalot,204.4,0
Rangueil / Saouzelong,134.8,0
Borderouge / Bagatelle,32.3,0
Saint-Cyprien / Empalot,166.3,0
Borderouge / Bagatelle,127.8,0
Rangueil / Saouzelong,48.3,0
Borderouge / Bagatelle,207.6,0
Côte Pavée / Jolimont,146.5,0
Borderouge / Bagatelle,234.5,0
Saint-Cyprien / Empalot,109.2,0
Capitole / Carmes,135.7,0
Rangueil / Saouzelong,180.2,0
Saint-Cyprien / Empalot,326.9,0
Borderouge / Bagatelle,164.0,0
Borderouge / Bagatelle,164.0,0
Capitole / Carmes,142.2,0
Croix-Daurade / Minimes,47.8,0
Capitole / Carmes,142.7,0
Saint-Cyprien / Empalot,114.9,0
Côte Pavée / Jolimont,42.9,0
Capitole / Carmes,171.1,0
Rangueil / Saouzelong,195.4,0
Côte Pavée / Jolimont,365.1,1
Croix-Daurade / Minimes,45.0,0
Capitole / Carmes,74.6,0
Saint-Cyprien / Empalot,42.8,1
Rangueil / Saouzelong,48.3,0
Borderouge / Bagatelle,37.1,0
Croix-Daurade / Minimes,75.6,0
Rangueil / Saouzelong,150.3,0
Saint-Cyprien / Empalot,123.9,0
Capitole / Carmes,69.3,0
Capitole / Carmes,223.3,0
Saint-Cyprien / Empalot,32.5,0
Borderouge / Bagatelle,71.2,0
Borderouge / Bagatelle,76.2,0
Capitole / Carmes,134.8,0
Borderouge / Bagatelle,87.8,0
Rangueil / Saouzelong,512.6,0
Borderouge / Bagatelle,104.7,0
Borderouge / Bagatelle,109.7,0
Capitole / Carmes,127.4,0
Rangueil / Saouzelong,105.6,0
Capitole / Carmes,159.0,1
Borderouge / Bagatelle,298.2,0
Capitole / Carmes,174.5,0
Capitole / Carmes,69.5,0
Borderouge / Bagatelle,107.1,1
Capitole / Carmes,285.4,0
Rangueil / Saouzelong,86.5,0
Borderouge / Bagatelle,84.5,0
Côte Pavée / Jolimont,34.6,0
Saint-Cyprien / Empalot,145.7,0
Croix-Daurade / Minimes,421.3,0
Rangueil / Saouzelong,200.7,0
Borderouge / Bagatelle,100.8,0
Côte Pavée / Jolimont,163.8,0
Saint-Cyprien / Empalot,252.1,0
Rangueil / Saouzelong,116.5,0
Rangueil / Saouzelong,57.8,0
Borderouge / Bagatelle,217.3,0
Capitole / Carmes,93.6,0
Capitole / Carmes,85.0,0
Rangueil / Saouzelong,155.0,0
Capitole / Carmes,74.6,0
Borderouge / Bagatelle,82.7,0
Côte Pavée / Jolimont,223.3,0
Croix-Daurade / Minimes,165.5,0
Côte Pavée / Jolimont,50.3,0
Borderouge / Bagatelle,202.3,0
Croix-Daurade / Minimes,118.7,0
Borderouge / Bagatelle,156.0,0
Borderouge / Bagatelle,315.0,0
Borderouge / Bagatelle,315.0,0
Rangueil / Saouzelong,45.0,0
Rangueil / Saouzelong,191.7,0
Rangueil / Saouzelong,144.4,0
Côte Pavée / Jolimont,134.2,0
Capitole / Carmes,141.7,0
Côte Pavée / Jolimont,235.9,0
Capitole / Carmes,138.3,0
Saint-Cyprien / Empalot,186.1,0
Rangueil / Saouzelong,350.9,0
Capitole / Carmes,17.1,0
Rangueil / Saouzelong,89.4,0
Saint-Cyprien / Empalot,118.2,0
Côte Pavée / Jolimont,177.7,0
Rangueil / Saouzelong,66.5,0
Croix-Daurade / Minimes,222.2,0
Borderouge / Bagatelle,75.7,0
Côte Pavée / Jolimont,107.4,0
Capitole / Carmes,142.2,0
Rangueil / Saouzelong,153.8,0
Côte Pavée / Jolimont,70.8,0
Rangueil / Saouzelong,19.2,0
Capitole / Carmes,202.2,0
Borderouge / Bagatelle,114.6,0
Capitole / Carmes,86.3,0
Côte Pavée / Jolimont,285.9,0
Borderouge / Bagatelle,198.8,0
Borderouge / Bagatelle,124.4,0
Côte Pavée / Jolimont,234.3,0
Capitole / Carmes,82.7,0
Croix-Daurade / Minimes,163.9,0
Borderouge / Bagatelle,291.8,0
Borderouge / Bagatelle,164.5,0
Rangueil / Saouzelong,210.8,0
Borderouge / Bagatelle,334.8,0
Saint-Cyprien / Empalot,151.4,0
Rangueil / Saouzelong,28.4,0
Côte Pavée / Jolimont,305.9,0
Saint-Cyprien / Empalot,3.8,0
Croix-Daurade / Minimes,148.7,0
Rangueil / Saouzelong,153.0,0
Rangueil / Saouzelong,62.2,0
Capitole / Carmes,216.9,0
Rangueil / Saouzelong,613.0,0
Capitole / Carmes,200.9,0
Capitole / Carmes,250.9,0
Borderouge / Bagatelle,129.1,0
Côte Pavée / Jolimont,109.9,0
Côte Pavée / Jolimont,109.6,0
Rangueil / Saouzelong,91.6,0
Saint-Cyprien / Empalot,58.9,0
Rangueil / Saouzelong,238.0,1
Croix-Daurade / Minimes,157.3,0
Rangueil / Saouzelong,14.6,0
Croix-Daurade / Minimes,255.9,0
Croix-Daurade / Minimes,344.2,0
Rangueil / Saouzelong,97.9,0
Rangueil / Saouzelong,136.5,0
Saint-Cyprien / Empalot,151.4,0
Saint-Cyprien / Empalot,50.2,0
Côte Pavée / Jolimont,240.9,0
Croix-Daurade / Minimes,202.4,0
Rangueil / Saouzelong,73.7,0
Côte Pavée / Jolimont,113.4,0
Croix-Daurade / Minimes,11.9,0
Rangueil / Saouzelong,275.2,0
Croix-Daurade / Minimes,123.2,0
Croix-Daurade / Minimes,33.5,0
Borderouge / Bagatelle,121.5,1
Saint-Cyprien / Empalot,150.7,0
Saint-Cyprien / Empalot,24.5,0
Saint-Cyprien / Empalot,187.5,0
Rangueil / Saouzelong,285.3,0
Côte Pavée / Jolimont,160.9,0
Borderouge / Bagatelle,67.8,0
Croix-Daurade / Minimes,58.8,0
Saint-Cyprien / Empalot,124.8,0
Saint-Cyprien / Empalot,202.2,0
Côte Pavée / Jolimont,311.5,0
Rangueil / Saouzelong,124.3,0
Borderouge / Bagatelle,256.1,0
Capitole / Carmes,122.9,0
Capitole / Carmes,137.9,0
Côte Pavée / Jolimont,105.1,0
Capitole / Carmes,91.1,0
Rangueil / Saouzelong,165.7,0
Rangueil / Saouzelong,195.2,0
Capitole / Carmes,108.8,0
Capitole / Carmes,126.2,0
Borderouge / Bagatelle,158.5,0
Saint-Cyprien / Empalot,148.4,0
Croix-Daurade / Minimes,42.2,0
Rangueil / Saouzelong,198.3,0
Capitole / Carmes,133.5,0
Capitole / Carmes,207.2,1
Saint-Cyprien / Empalot,181.0,0
Capitole / Carmes,97.8,0
Rangueil / Saouzelong,22.0,0
Borderouge / Bagatelle,111.3,0
Rangueil / Saouzelong,22.0,0
Rangueil / Saouzelong,137.9,0
Capitole / Carmes,106.3,0
Saint-Cyprien / Empalot,123.9,0
Côte Pavée / Jolimont,216.3,1
Saint-Cyprien / Empalot,25.3,0
Côte Pavée / Jolimont,112.3,0
Côte Pavée / Jolimont,105.8,0
Rangueil / Saouzelong,43.6,0
Côte Pavée / Jolimont,63.0,0
Borderouge / Bagatelle,247.2,0
Côte Pavée / Jolimont,73.3,0
Borderouge / Bagatelle,141.0,0
Côte Pavée / Jolimont,26.4,0
Borderouge / Bagatelle,162.4,0
Capitole / Carmes,192.9,0
Côte Pavée / Jolimont,85.4,0
Capitole / Carmes,173.6,0
Croix-Daurade / Minimes,243.9,0
Capitole / Carmes,80.9,1
Saint-Cyprien / Empalot,84.4,0
Rangueil / Saouzelong,188.4,0
Côte Pavée / Jolimont,58.8,0
Saint-Cyprien / Empalot,98.2,0
Rangueil / Saouzelong,187.2,0
Rangueil / Saouzelong,134.8,0
Borderouge / Bagatelle,48.0,0
Croix-Daurade / Minimes,284.5,0
Saint-Cyprien / Empalot,130.8,0
Rangueil / Saouzelong,99.1,1
Rangueil / Saouzelong,102.9,0
Rangueil / Saouzelong,109.6,0
Rangueil / Saouzelong,153.9,0
Côte Pavée / Jolimont,48.7,0
Borderouge / Bagatelle,10.2,0
Capitole / Carmes,246.6,1
Rangueil / Saouzelong,106.8,0
Côte Pavée / Jolimont,262.0,0
Borderouge / Bagatelle,87.7,0
Rangueil / Saouzelong,128.4,0
Croix-Daurade / Minimes,119.0,0
Saint-Cyprien / Empalot,84.0,0
Capitole / Carmes,144.6,0
Côte Pavée / Jolimont,79.4,0
Saint-Cyprien / Empalot,42.6,0
Saint-Cyprien / Empalot,297.1,0
Saint-Cyprien / Empalot,233.7,0
Croix-Daurade / Minimes,85.6,0
Croix-Daurade / Minimes,85.6,0
Capitole / Carmes,140.4,0
Capitole / Carmes,40.0,0
Borderouge / Bagatelle,125.2,0
Saint-Cyprien / Empalot,65.4,0
Capitole / Carmes,92.3,0
Rangueil / Saouzelong,155.0,0
Croix-Daurade / Minimes,66.7,0
Borderouge / Bagatelle,369.6,0
Rangueil / Saouzelong,57.7,0
Borderouge / Bagatelle,43.7,0
Borderouge / Bagatelle,29.4,0
Borderouge / Bagatelle,29.4,0
Borderouge / Bagatelle,29.4,0
Borderouge / Bagatelle,29.4,0
Capitole / Carmes,105.0,0
Rangueil / Saouzelong,32.9,0
Borderouge / Bagatelle,293.2,0
Côte Pavée / Jolimont,174.8,0
Capitole / Carmes,75.7,0
Rangueil / Saouzelong,64.3,0
Croix-Daurade / Minimes,75.6,0
Rangueil / Saouzelong,142.2,0
Capitole / Carmes,208.3,0
Capitole / Carmes,78.6,0
Capitole / Carmes,141.0,0
Rangueil / Saouzelong,79.3,0
Rangueil / Saouzelong,156.5,0
Croix-Daurade / Minimes,367.7,0
Croix-Daurade / Minimes,367.7,0
Rangueil / Saouzelong,66.4,0
Rangueil / Saouzelong,97.7,0
Croix-Daurade / Minimes,266.9,0
Rangueil / Saouzelong,151.7,0
Borderouge / Bagatelle,15.1,0
Borderouge / Bagatelle,127.7,0
Borderouge / Bagatelle,104.7,0
Borderouge / Bagatelle,102.4,0
Croix-Daurade / Minimes,177.4,0
Rangueil / Saouzelong,31.6,0
Rangueil / Saouzelong,64.1,0
Côte Pavée / Jolimont,155.8,0
Capitole / Carmes,101.6,0
Saint-Cyprien / Empalot,87.6,0
Rangueil / Saouzelong,188.3,0
Capitole / Carmes,277.8,0
Capitole / Carmes,111.2,0
Croix-Daurade / Minimes,183.6,0
Saint-Cyprien / Empalot,77.3,0
Borderouge / Bagatelle,125.7,0
Saint-Cyprien / Empalot,162.5,0
Côte Pavée / Jolimont,70.0,0
Capitole / Carmes,86.4,0
Croix-Daurade / Minimes,124.6,0
Capitole / Carmes,153.1,0
Croix-Daurade / Minimes,28.6,0
Côte Pavée / Jolimont,146.5,0
Borderouge / Bagatelle,127.7,0
Côte Pavée / Jolimont,161.1,0
Borderouge / Bagatelle,93.2,0
Rangueil / Saouzelong,52.5,0
Borderouge / Bagatelle,120.5,0
Côte Pavée / Jolimont,8.4,0
Borderouge / Bagatelle,239.1,0
Côte Pavée / Jolimont,76.5,0
Borderouge / Bagatelle,156.3,0
Côte Pavée / Jolimont,245.9,0
Croix-Daurade / Minimes,79.4,0
Saint-Cyprien / Empalot,98.5,0
Saint-Cyprien / Empalot,116.0,0
Rangueil / Saouzelong,292.8,1
Saint-Cyprien / Empalot,68.6,0
Croix-Daurade / Minimes,84.3,0
Borderouge / Bagatelle,255.9,0
Rangueil / Saouzelong,29.5,0
Capitole / Carmes,147.5,0
Borderouge / Bagatelle,84.0,0
Capitole / Carmes,84.9,0
Côte Pavée / Jolimont,137.5,0
Saint-Cyprien / Empalot,94.9,0
Saint-Cyprien / Empalot,116.4,0
Capitole / Carmes,38.1,1
Saint-Cyprien / Empalot,144.9,0
Capitole / Carmes,156.9,0
Rangueil / Saouzelong,22.0,0
Borderouge / Bagatelle,378.7,0
Saint-Cyprien / Empalot,423.0,0
Rangueil / Saouzelong,22.0,0
Côte Pavée / Jolimont,155.8,0
Capitole / Carmes,32.3,0
Capitole / Carmes,126.2,0
Côte Pavée / Jolimont,166.3,0
Borderouge / Bagatelle,103.6,0
Capitole / Carmes,26.3,0
Capitole / Carmes,149.8,0
Rangueil / Saouzelong,86.9,0
Rangueil / Saouzelong,86.9,0
Saint-Cyprien / Empalot,94.4,0
Rangueil / Saouzelong,233.5,0
Borderouge / Bagatelle,95.7,0
Rangueil / Saouzelong,165.6,0
Capitole / Carmes,73.5,0
Côte Pavée / Jolimont,330.8,0
Borderouge / Bagatelle,148.8,0
Croix-Daurade / Minimes,183.8,0
Capitole / Carmes,52.9,0
Côte Pavée / Jolimont,52.8,0
Rangueil / Saouzelong,129.1,0
Saint-Cyprien / Empalot,100.8,0
Borderouge / Bagatelle,203.3,0
Côte Pavée / Jolimont,191.8,0
Rangueil / Saouzelong,84.4,0
Côte Pavée / Jolimont,275.5,0
Saint-Cyprien / Empalot,91.9,0
Côte Pavée / Jolimont,81.9,0
Saint-Cyprien / Empalot,132.7,0
Croix-Daurade / Minimes,116.3,0
Capitole / Carmes,213.0,0
Saint-Cyprien / Empalot,197.5,0
Capitole / Carmes,142.2,0
Côte Pavée / Jolimont,22.9,0
Rangueil / Saouzelong,134.5,0
Rangueil / Saouzelong,170.7,0
Côte Pavée / Jolimont,130.0,0
Saint-Cyprien / Empalot,233.7,0
Capitole / Carmes,27.3,0
Borderouge / Bagatelle,133.9,0
Côte Pavée / Jolimont,262.5,0
Rangueil / Saouzelong,78.2,0
Borderouge / Bagatelle,249.4,0
Rangueil / Saouzelong,22.0,0
Croix-Daurade / Minimes,178.8,0
Capitole / Carmes,29.2,0
Borderouge / Bagatelle,92.6,0
Rangueil / Saouzelong,111.9,0
Capitole / Carmes,130.2,0
Borderouge / Bagatelle,87.5,0
Rangueil / Saouzelong,123.2,0
Saint-Cyprien / Empalot,125.5,0
Côte Pavée / Jolimont,49.6,0
Côte Pavée / Jolimont,73.3,0
Côte Pavée / Jolimont,67.6,0
Rangueil / Saouzelong,75.3,0
Croix-Daurade / Minimes,277.6,0
Capitole / Carmes,126.2,0
Côte Pavée / Jolimont,233.6,0
Borderouge / Bagatelle,106.2,0
Saint-Cyprien / Empalot,262.4,0
Borderouge / Bagatelle,205.0,0
Capitole / Carmes,69.1,0
Rangueil / Saouzelong,320.6,0
Borderouge / Bagatelle,147.1,0
Croix-Daurade / Minimes,46.1,0
Rangueil / Saouzelong,97.5,0
Rangueil / Saouzelong,175.3,0
Capitole / Carmes,143.5,0
Borderouge / Bagatelle,106.9,0
Borderouge / Bagatelle,243.6,0
Côte Pavée / Jolimont,109.5,0
Borderouge / Bagatelle,261.8,0
Borderouge / Bagatelle,224.4,0
Capitole / Carmes,133.3,1
Borderouge / Bagatelle,137.9,0
Capitole / Carmes,364.1,0
Croix-Daurade / Minimes,73.6,0
Capitole / Carmes,101.8,0
Saint-Cyprien / Empalot,146.3,0
Côte Pavée / Jolimont,138.4,0
Capitole / Carmes,193.6,0
Borderouge / Bagatelle,266.7,0
Croix-Daurade / Minimes,461.0,0
Croix-Daurade / Minimes,85.2,0
Côte Pavée / Jolimont,112.3,0
Saint-Cyprien / Empalot,164.5,1
Saint-Cyprien / Empalot,137.9,0
Saint-Cyprien / Empalot,212.8,0
Côte Pavée / Jolimont,164.4,0
Rangueil / Saouzelong,156.3,0
Rangueil / Saouzelong,20.3,0
Côte Pavée / Jolimont,116.2,0
Côte Pavée / Jolimont,12.4,0
Rangueil / Saouzelong,158.0,0
Rangueil / Saouzelong,109.6,0
Capitole / Carmes,312.7,0
Borderouge / Bagatelle,210.6,0
Capitole / Carmes,357.4,0
Côte Pavée / Jolimont,195.3,0
Capitole / Carmes,96.6,0
Capitole / Carmes,96.6,0
Borderouge / Bagatelle,123.8,0
Rangueil / Saouzelong,115.6,0
Côte Pavée / Jolimont,52.2,0
Borderouge / Bagatelle,18.0,0
Borderouge / Bagatelle,78.8,0
Croix-Daurade / Minimes,125.2,0
Saint-Cyprien / Empalot,251.8,0
Capitole / Carmes,301.5,0
Borderouge / Bagatelle,38.0,0
Borderouge / Bagatelle,255.8,0
Côte Pavée / Jolimont,167.1,1
Croix-Daurade / Minimes,269.9,0
Borderouge / Bagatelle,176.8,0
Saint-Cyprien / Empalot,157.7,0
Saint-Cyprien / Empalot,118.7,0
Côte Pavée / Jolimont,231.7,1
Borderouge / Bagatelle,252.7,0
Rangueil / Saouzelong,100.4,0
Capitole / Carmes,101.8,0
Rangueil / Saouzelong,150.8,0
Borderouge / Bagatelle,106.3,0
Saint-Cyprien / Empalot,55.7,0
Saint-Cyprien / Empalot,44.3,0
Côte Pavée / Jolimont,50.1,0
Croix-Daurade / Minimes,148.9,0
Côte Pavée / Jolimont,113.3,0
Borderouge / Bagatelle,36.7,0
Borderouge / Bagatelle,142.1,0
Saint-Cyprien / Empalot,116.0,0
Rangueil / Saouzelong,53.7,0
Saint-Cyprien / Empalot,126.7,0
Côte Pavée / Jolimont,5.7,0
Capitole / Carmes,78.1,0
Borderouge / Bagatelle,266.7,0
Saint-Cyprien / Empalot,68.6,0
Borderouge / Bagatelle,66.3,0
Capitole / Carmes,43.8,0
Croix-Daurade / Minimes,360.0,0
Croix-Daurade / Minimes,436.5,0
Capitole / Carmes,202.2,0
Saint-Cyprien / Empalot,64.0,0
Borderouge / Bagatelle,214.3,0
Côte Pavée / Jolimont,45.8,0
Capitole / Carmes,131.8,0
Capitole / Carmes,142.3,0
Borderouge / Bagatelle,87.5,0
Croix-Daurade / Minimes,134.9,0
Rangueil / Saouzelong,243.7,0
Borderouge / Bagatelle,185.7,0
Borderouge / Bagatelle,156.3,0
Rangueil / Saouzelong,66.8,0
Rangueil / Saouzelong,112.3,0
Croix-Daurade / Minimes,366.0,0
Rangueil / Saouzelong,26.2,0
Croix-Daurade / Minimes,86.9,0
Capitole / Carmes,104.7,0
Croix-Daurade / Minimes,185.5,0
Capitole / Carmes,129.7,0
Croix-Daurade / Minimes,242.8,0
Saint-Cyprien / Empalot,113.8,0
Rangueil / Saouzelong,101.1,0
Borderouge / Bagatelle,236.9,0
Capitole / Carmes,188.2,0
Borderouge / Bagatelle,122.4,0
Rangueil / Saouzelong,167.9,0
Capitole / Carmes,43.0,0
Capitole / Carmes,115.6,0
Saint-Cyprien / Empalot,129.2,0
Capitole / Carmes,91.5,0
Capitole / Carmes,192.9,0
Capitole / Carmes,113.7,0
Borderouge / Bagatelle,162.9,0
Borderouge / Bagatelle,127.0,0
Rangueil / Saouzelong,114.1,0
Saint-Cyprien / Empalot,125.8,0
Borderouge / Bagatelle,88.4,0
Borderouge / Bagatelle,27.7,0
Borderouge / Bagatelle,106.9,0
Rangueil / Saouzelong,64.3,0
Côte Pavée / Jolimont,102.4,0
Borderouge / Bagatelle,136.6,0
Capitole / Carmes,78.4,0
Borderouge / Bagatelle,67.6,0
Capitole / Carmes,123.2,0
Croix-Daurade / Minimes,16.3,0
Rangueil / Saouzelong,171.5,0
Saint-Cyprien / Empalot,67.9,0
Capitole / Carmes,74.8,0
Capitole / Carmes,126.2,0
Capitole / Carmes,126.2,0
Saint-Cyprien / Empalot,13.7,0
Capitole / Carmes,193.8,0
Saint-Cyprien / Empalot,112.6,0
Borderouge / Bagatelle,135.5,0
Capitole / Carmes,141.8,0
Rangueil / Saouzelong,44.2,0
Rangueil / Saouzelong,146.8,0
Croix-Daurade / Minimes,307.1,0
Borderouge / Bagatelle,173.5,0
Rangueil / Saouzelong,93.9,0
Capitole / Carmes,156.3,0
Saint-Cyprien / Empalot,83.0,0
Borderouge / Bagatelle,176.5,0
Saint-Cyprien / Empalot,409.6,0
Borderouge / Bagatelle,206.5,0
Croix-Daurade / Minimes,113.1,0
Saint-Cyprien / Empalot,122.5,0
Borderouge / Bagatelle,167.0,0
Saint-Cyprien / Empalot,144.5,0
Côte Pavée / Jolimont,176.2,0
Saint-Cyprien / Empalot,31.4,0
Côte Pavée / Jolimont,34.9,0
Rangueil / Saouzelong,100.0,0
Rangueil / Saouzelong,30.6,0
Capitole / Carmes,241.2,0
Capitole / Carmes,67.6,0
Rangueil / Saouzelong,88.2,0
Côte Pavée / Jolimont,111.2,0
Côte Pavée / Jolimont,263.3,1
Croix-Daurade / Minimes,79.4,0
Saint-Cyprien / Empalot,219.3,0
Capitole / Carmes,72.3,0
Rangueil / Saouzelong,209.9,0
Rangueil / Saouzelong,151.4,0
Rangueil / Saouzelong,29.9,0
Côte Pavée / Jolimont,96.3,0
Côte Pavée / Jolimont,96.3,0
Rangueil / Saouzelong,5.9,0
Saint-Cyprien / Empalot,181.0,0
Côte Pavée / Jolimont,406.7,0
Croix-Daurade / Minimes,246.0,0
Croix-Daurade / Minimes,165.6,0
Côte Pavée / Jolimont,295.4,0
Rangueil / Saouzelong,121.0,0
Borderouge / Bagatelle,243.6,0
Côte Pavée / Jolimont,48.5,0
Borderouge / Bagatelle,224.7,0
Capitole / Carmes,136.5,0
Côte Pavée / Jolimont,356.7,0
Rangueil / Saouzelong,137.0,0
Borderouge / Bagatelle,176.4,0
Côte Pavée / Jolimont,26.2,0
Rangueil / Saouzelong,137.0,0
Capitole / Carmes,100.0,0
Croix-Daurade / Minimes,341.2,0
Côte Pavée / Jolimont,111.2,0
Capitole / Carmes,27.6,1
Borderouge / Bagatelle,106.3,0
Rangueil / Saouzelong,125.7,0
Capitole / Carmes,120.1,0
Capitole / Carmes,142.2,0
Capitole / Carmes,142.2,0
Capitole / Carmes,142.2,0
Côte Pavée / Jolimont,5.7,0
Rangueil / Saouzelong,143.6,0
Borderouge / Bagatelle,47.8,0
Rangueil / Saouzelong,266.5,0
Rangueil / Saouzelong,35.4,0
Borderouge / Bagatelle,72.8,0
Borderouge / Bagatelle,161.0,0
Rangueil / Saouzelong,294.1,1
Capitole / Carmes,118.6,0
Capitole / Carmes,142.2,0
Côte Pavée / Jolimont,138.3,0
Capitole / Carmes,46.3,0
Côte Pavée / Jolimont,254.2,0
Saint-Cyprien / Empalot,195.9,0
Capitole / Carmes,46.7,0
Capitole / Carmes,46.7,0
Côte Pavée / Jolimont,77.7,0
Rangueil / Saouzelong,273.4,0
Rangueil / Saouzelong,87.1,0
Borderouge / Bagatelle,113.9,1
Croix-Daurade / Minimes,162.5,0
Côte Pavée / Jolimont,154.4,0
Capitole / Carmes,254.3,0
Rangueil / Saouzelong,241.9,0
Capitole / Carmes,128.5,0
Rangueil / Saouzelong,45.5,0
Côte Pavée / Jolimont,235.9,0
Côte Pavée / Jolimont,220.0,0
Borderouge / Bagatelle,103.3,0
Côte Pavée / Jolimont,37.0,0
Rangueil / Saouzelong,80.1,0
Borderouge / Bagatelle,62.3,0
Croix-Daurade / Minimes,139.7,0
Capitole / Carmes,114.7,0
Rangueil / Saouzelong,47.0,0
Rangueil / Saouzelong,168.3,0
Borderouge / Bagatelle,129.7,0
Rangueil / Saouzelong,64.8,1
Borderouge / Bagatelle,222.7,0
Saint-Cyprien / Empalot,102.8,0
Saint-Cyprien / Empalot,160.0,0
Côte Pavée / Jolimont,165.1,0
Borderouge / Bagatelle,77.8,0
Capitole / Carmes,112.2,0
Côte Pavée / Jolimont,54.1,0
Capitole / Carmes,61.9,0
Croix-Daurade / Minimes,15.5,0
Borderouge / Bagatelle,117.0,0
Rangueil / Saouzelong,220.9,0
Côte Pavée / Jolimont,228.6,0
Borderouge / Bagatelle,157.8,1
Saint-Cyprien / Empalot,137.4,0
Saint-Cyprien / Empalot,162.5,0
Côte Pavée / Jolimont,49.4,0
Capitole / Carmes,206.5,0
Capitole / Carmes,206.5,0
Capitole / Carmes,206.5,0
Croix-Daurade / Minimes,104.7,0
Rangueil / Saouzelong,94.0,0
Côte Pavée / Jolimont,144.5,0
Saint-Cyprien / Empalot,129.1,0
Capitole / Carmes,95.3,0
Croix-Daurade / Minimes,36.0,0
Rangueil / Saouzelong,215.4,0
Capitole / Carmes,123.5,0
Borderouge / Bagatelle,297.5,0
Croix-Daurade / Minimes,109.5,0
Capitole / Carmes,187.7,0
Côte Pavée / Jolimont,66.1,0
Côte Pavée / Jolimont,66.1,0
Capitole / Carmes,17.9,0
Borderouge / Bagatelle,6.7,0
Capitole / Carmes,72.7,0
Borderouge / Bagatelle,148.9,0
Rangueil / Saouzelong,187.7,0
Saint-Cyprien / Empalot,158.4,0
Côte Pavée / Jolimont,34.9,0
Saint-Cyprien / Empalot,166.4,0
Côte Pavée / Jolimont,179.8,0
Côte Pavée / Jolimont,78.5,0
Côte Pavée / Jolimont,155.0,0
Rangueil / Saouzelong,195.0,0
Saint-Cyprien / Empalot,140.6,0
Côte Pavée / Jolimont,177.8,0
Côte Pavée / Jolimont,41.3,0
Côte Pavée / Jolimont,359.6,0
Saint-Cyprien / Empalot,312.8,0
Croix-Daurade / Minimes,155.5,0
Côte Pavée / Jolimont,81.2,0
Côte Pavée / Jolimont,202.2,0
Rangueil / Saouzelong,64.3,0
Capitole / Carmes,75.2,0
Borderouge / Bagatelle,33.9,0
Borderouge / Bagatelle,172.6,0
Croix-Daurade / Minimes,162.9,0
Rangueil / Saouzelong,18.8,0
Capitole / Carmes,59.9,0
Côte Pavée / Jolimont,172.3,0
Côte Pavée / Jolimont,95.5,0
Côte Pavée / Jolimont,95.5,0
Côte Pavée / Jolimont,95.5,0
Saint-Cyprien / Empalot,25.6,0
Borderouge / Bagatelle,136.6,0
Côte Pavée / Jolimont,98.4,0
Côte Pavée / Jolimont,288.9,1
Côte Pavée / Jolimont,117.7,0
Saint-Cyprien / Empalot,23.5,0
Borderouge / Bagatelle,114.5,0
Borderouge / Bagatelle,119.0,0
Capitole / Carmes,154.2,0
Saint-Cyprien / Empalot,116.0,0
Borderouge / Bagatelle,85.1,0
Borderouge / Bagatelle,185.2,0
Borderouge / Bagatelle,117.7,0
Capitole / Carmes,210.8,0
Borderouge / Bagatelle,302.9,0
Borderouge / Bagatelle,66.3,0
Borderouge / Bagatelle,66.3,0
Rangueil / Saouzelong,11.9,0
Côte Pavée / Jolimont,301.9,0
Borderouge / Bagatelle,169.4,0
Borderouge / Bagatelle,241.4,0
Borderouge / Bagatelle,241.4,0
Borderouge / Bagatelle,241.4,0
Rangueil / Saouzelong,105.3,0
Croix-Daurade / Minimes,105.9,0
Côte Pavée / Jolimont,155.8,0
Côte Pavée / Jolimont,155.8,0
Rangueil / Saouzelong,294.3,1
Rangueil / Saouzelong,82.3,0
Rangueil / Saouzelong,40.0,0
Rangueil / Saouzelong,40.0,0
Rangueil / Saouzelong,40.0,0
Borderouge / Bagatelle,22.1,0
Capitole / Carmes,173.5,0
Borderouge / Bagatelle,87.5,0
Côte Pavée / Jolimont,324.0,0
Borderouge / Bagatelle,281.3,0
Borderouge / Bagatelle,343.9,0
Borderouge / Bagatelle,77.7,0
Saint-Cyprien / Empalot,24.5,0
Capitole / Carmes,19.8,0
Capitole / Carmes,19.8,0
Borderouge / Bagatelle,219.3,0
Capitole / Carmes,142.2,0
Capitole / Carmes,79.3,0
Côte Pavée / Jolimont,370.8,0
Saint-Cyprien / Empalot,200.7,0
Rangueil / Saouzelong,164.4,0
Côte Pavée / Jolimont,66.8,0
Saint-Cyprien / Empalot,142.1,1
Borderouge / Bagatelle,109.2,0
Côte Pavée / Jolimont,178.6,1
Côte Pavée / Jolimont,173.7,0
Croix-Daurade / Minimes,75.4,0
Rangueil / Saouzelong,160.6,0
Borderouge / Bagatelle,85.1,0
Capitole / Carmes,137.4,0
Capitole / Carmes,81.2,0
Borderouge / Bagatelle,123.0,0
Rangueil / Saouzelong,283.7,0
Borderouge / Bagatelle,109.4,0
Rangueil / Saouzelong,68.5,0
Rangueil / Saouzelong,57.6,0
Rangueil / Saouzelong,57.6,0
Borderouge / Bagatelle,209.2,0
Rangueil / Saouzelong,107.0,0
Rangueil / Saouzelong,161.9,0
Côte Pavée / Jolimont,100.5,0
Capitole / Carmes,127.4,0
Côte Pavée / Jolimont,15.2,0
Côte Pavée / Jolimont,130.4,0
Côte Pavée / Jolimont,130.4,0
Côte Pavée / Jolimont,130.4,0
Côte Pavée / Jolimont,130.4,0
Rangueil / Saouzelong,276.6,0
Croix-Daurade / Minimes,60.2,0
Rangueil / Saouzelong,24.5,1
Capitole / Carmes,262.5,0
Rangueil / Saouzelong,27.8,0
Rangueil / Saouzelong,127.2,0
Borderouge / Bagatelle,117.1,1
Borderouge / Bagatelle,94.0,0
Borderouge / Bagatelle,24.0,0
Borderouge / Bagatelle,24.0,0
Capitole / Carmes,73.3,0
Rangueil / Saouzelong,123.2,0
Côte Pavée / Jolimont,78.5,0
Borderouge / Bagatelle,130.2,0
Rangueil / Saouzelong,29.5,0
Borderouge / Bagatelle,85.1,0
Borderouge / Bagatelle,139.9,0
Capitole / Carmes,55.5,0
Rangueil / Saouzelong,20.6,0
Borderouge / Bagatelle,395.1,0
Capitole / Carmes,98.6,0
Côte Pavée / Jolimont,8.4,0
Borderouge / Bagatelle,92.6,0
Borderouge / Bagatelle,78.4,0
Rangueil / Saouzelong,153.8,0
Côte Pavée / Jolimont,80.2,0
Rangueil / Saouzelong,28.7,0
Rangueil / Saouzelong,139.2,0
Capitole / Carmes,89.7,0
Borderouge / Bagatelle,5.8,0
Saint-Cyprien / Empalot,47.1,0
Rangueil / Saouzelong,183.1,0
Côte Pavée / Jolimont,107.9,0
Borderouge / Bagatelle,34.7,0
Côte Pavée / Jolimont,234.8,0
Rangueil / Saouzelong,305.6,1
Borderouge / Bagatelle,84.0,0
Côte Pavée / Jolimont,202.2,0
Rangueil / Saouzelong,289.1,0
Côte Pavée / Jolimont,75.1,0
Côte Pavée / Jolimont,51.0,0
Capitole / Carmes,126.5,0
Capitole / Carmes,138.4,0
Capitole / Carmes,138.4,0
Capitole / Carmes,138.4,0
Capitole / Carmes,138.4,0
Capitole / Carmes,138.4,0
Rangueil / Saouzelong,498.8,0
Capitole / Carmes,77.0,0
Côte Pavée / Jolimont,205.2,0
Borderouge / Bagatelle,100.8,0
Côte Pavée / Jolimont,328.4,0
Saint-Cyprien / Empalot,202.1,1
Côte Pavée / Jolimont,220.6,0
Croix-Daurade / Minimes,164.8,0
Rangueil / Saouzelong,213.8,0
Borderouge / Bagatelle,122.0,0
Rangueil / Saouzelong,22.0,0
Croix-Daurade / Minimes,214.7,1
Côte Pavée / Jolimont,179.8,0
Côte Pavée / Jolimont,179.8,0
Saint-Cyprien / Empalot,123.4,0
Capitole / Carmes,97.9,0
Capitole / Carmes,97.9,0
Capitole / Carmes,97.9,0
Capitole / Carmes,93.7,0
Capitole / Carmes,154.0,0
Croix-Daurade / Minimes,125.5,0
Borderouge / Bagatelle,98.3,0
Borderouge / Bagatelle,10.0,0
Côte Pavée / Jolimont,259.3,0
Borderouge / Bagatelle,15.1,0
Rangueil / Saouzelong,93.3,0
Capitole / Carmes,153.4,0
Borderouge / Bagatelle,108.1,0
Rangueil / Saouzelong,22.0,0
Côte Pavée / Jolimont,9.8,0
Rangueil / Saouzelong,177.3,0
Saint-Cyprien / Empalot,67.4,0
Saint-Cyprien / Empalot,80.7,0
Croix-Daurade / Minimes,184.4,1
Borderouge / Bagatelle,101.2,0
Rangueil / Saouzelong,33.3,0
Capitole / Carmes,110.0,0
Côte Pavée / Jolimont,150.3,0
Borderouge / Bagatelle,36.7,0
Côte Pavée / Jolimont,320.9,0
Borderouge / Bagatelle,409.8,0
Rangueil / Saouzelong,123.9,0
Croix-Daurade / Minimes,108.8,0
Borderouge / Bagatelle,455.2,0
Saint-Cyprien / Empalot,108.2,0
Rangueil / Saouzelong,51.2,0
Borderouge / Bagatelle,140.6,0
Capitole / Carmes,95.9,0
Borderouge / Bagatelle,34.1,0
Saint-Cyprien / Empalot,40.6,0
Saint-Cyprien / Empalot,497.1,0
Borderouge / Bagatelle,223.6,0
Saint-Cyprien / Empalot,125.9,0
Rangueil / Saouzelong,58.0,0
Côte Pavée / Jolimont,316.2,0
Borderouge / Bagatelle,307.1,1
Rangueil / Saouzelong,27.4,0
Capitole / Carmes,226.5,0
Croix-Daurade / Minimes,84.4,0
Côte Pavée / Jolimont,207.4,0
Capitole / Carmes,26.7,0
Borderouge / Bagatelle,64.3,0
Côte Pavée / Jolimont,106.5,0
Croix-Daurade / Minimes,72.4,0
Rangueil / Saouzelong,138.4,0
Saint-Cyprien / Empalot,15.2,0
Borderouge / Bagatelle,207.6,0
Côte Pavée / Jolimont,67.4,0
Côte Pavée / Jolimont,204.8,0
Borderouge / Bagatelle,162.1,0
Croix-Daurade / Minimes,450.5,0
Borderouge / Bagatelle,178.4,0
Borderouge / Bagatelle,280.6,0
Saint-Cyprien / Empalot,145.2,0
Borderouge / Bagatelle,84.9,0
Côte Pavée / Jolimont,121.2,0
Capitole / Carmes,68.0,0
Saint-Cyprien / Empalot,162.0,0
Saint-Cyprien / Empalot,162.0,0
Borderouge / Bagatelle,218.5,1
Capitole / Carmes,146.2,0
Côte Pavée / Jolimont,57.2,0
Borderouge / Bagatelle,188.3,0
Rangueil / Saouzelong,172.1,0
Rangueil / Saouzelong,71.0,0
Rangueil / Saouzelong,71.0,0
Rangueil / Saouzelong,71.0,0
Capitole / Carmes,51.6,0
Saint-Cyprien / Empalot,173.3,0
Saint-Cyprien / Empalot,55.8,0
Borderouge / Bagatelle,330.7,0
Saint-Cyprien / Empalot,100.0,0
Côte Pavée / Jolimont,105.0,0
Capitole / Carmes,155.3,0
Rangueil / Saouzelong,64.3,0
Côte Pavée / Jolimont,78.9,0
Côte Pavée / Jolimont,62.7,0
Rangueil / Saouzelong,120.9,0
Capitole / Carmes,96.8,0
Saint-Cyprien / Empalot,93.4,0
Borderouge / Bagatelle,87.9,0
Côte Pavée / Jolimont,206.9,0
Rangueil / Saouzelong,211.7,0
Rangueil / Saouzelong,211.7,0
Croix-Daurade / Minimes,299.6,0
Capitole / Carmes,101.8,0
Rangueil / Saouzelong,126.5,0
Rangueil / Saouzelong,197.3,0
Rangueil / Saouzelong,225.6,0
Borderouge / Bagatelle,249.8,0
Croix-Daurade / Minimes,132.6,0
Côte Pavée / Jolimont,320.9,0
Croix-Daurade / Minimes,317.0,0
Côte Pavée / Jolimont,249.2,0
Borderouge / Bagatelle,225.2,0
Borderouge / Bagatelle,190.2,1
Borderouge / Bagatelle,190.2,1
Capitole / Carmes,92.9,0
Côte Pavée / Jolimont,157.1,0
Rangueil / Saouzelong,125.5,1
Borderouge / Bagatelle,67.2,0
Borderouge / Bagatelle,67.2,0
Côte Pavée / Jolimont,110.6,0
Côte Pavée / Jolimont,110.6,0
Croix-Daurade / Minimes,210.0,0
Saint-Cyprien / Empalot,142.5,0
Borderouge / Bagatelle,224.5,0
Borderouge / Bagatelle,40.8,0
Rangueil / Saouzelong,316.5,0
Croix-Daurade / Minimes,57.6,0
Borderouge / Bagatelle,34.8,0
Saint-Cyprien / Empalot,118.8,0
Côte Pavée / Jolimont,120.4,0
Rangueil / Saouzelong,180.5,0
Côte Pavée / Jolimont,76.9,0
Côte Pavée / Jolimont,76.9,0
Borderouge / Bagatelle,276.5,0
Borderouge / Bagatelle,116.9,0
Borderouge / Bagatelle,127.7,0
Borderouge / Bagatelle,127.7,0
Côte Pavée / Jolimont,78.9,0
Borderouge / Bagatelle,123.8,0
Rangueil / Saouzelong,225.6,0
Capitole / Carmes,203.9,1
Côte Pavée / Jolimont,50.1,0
Rangueil / Saouzelong,205.4,0
Rangueil / Saouzelong,185.1,0
Rangueil / Saouzelong,100.0,0
Borderouge / Bagatelle,100.1,0
Rangueil / Saouzelong,194.6,0
Côte Pavée / Jolimont,66.1,0
Rangueil / Saouzelong,96.0,0
Capitole / Carmes,153.4,0
Côte Pavée / Jolimont,263.2,0
Capitole / Carmes,114.2,0
Croix-Daurade / Minimes,187.4,0
Borderouge / Bagatelle,266.7,0
Côte Pavée / Jolimont,318.3,0
Saint-Cyprien / Empalot,122.9,0
Rangueil / Saouzelong,149.3,0
Borderouge / Bagatelle,105.1,1
Rangueil / Saouzelong,191.1,0
Borderouge / Bagatelle,55.6,0
Saint-Cyprien / Empalot,423.0,0
Côte Pavée / Jolimont,101.9,0
Capitole / Carmes,46.8,0
Saint-Cyprien / Empalot,120.7,0
Borderouge / Bagatelle,148.5,0
Côte Pavée / Jolimont,183.3,0
Borderouge / Bagatelle,223.3,0
Rangueil / Saouzelong,5.9,0
Capitole / Carmes,117.6,0
Saint-Cyprien / Empalot,157.4,1
Rangueil / Saouzelong,10.6,0
Rangueil / Saouzelong,95.3,0
Capitole / Carmes,215.9,0
Rangueil / Saouzelong,198.1,0
Borderouge / Bagatelle,50.9,0
Borderouge / Bagatelle,243.6,0
Capitole / Carmes,315.1,0
Capitole / Carmes,67.6,0
Rangueil / Saouzelong,264.5,0
Rangueil / Saouzelong,264.5,0
Côte Pavée / Jolimont,234.5,0
Saint-Cyprien / Empalot,104.8,1
Saint-Cyprien / Empalot,104.8,1
Saint-Cyprien / Empalot,104.8,1
Capitole / Carmes,45.9,0
Capitole / Carmes,139.7,0
Rangueil / Saouzelong,200.4,0
Saint-Cyprien / Empalot,224.9,0
Borderouge / Bagatelle,2.0,0
Saint-Cyprien / Empalot,165.0,0
Rangueil / Saouzelong,287.2,0
Borderouge / Bagatelle,158.9,0
Capitole / Carmes,174.4,0
Saint-Cyprien / Empalot,61.1,0
Saint-Cyprien / Empalot,61.1,0
Borderouge / Bagatelle,138.3,0
Capitole / Carmes,126.2,0
Croix-Daurade / Minimes,108.4,0
Borderouge / Bagatelle,288.7,0
Rangueil / Saouzelong,144.5,0
Croix-Daurade / Minimes,173.3,0
Borderouge / Bagatelle,134.1,0
Borderouge / Bagatelle,53.3,0
Croix-Daurade / Minimes,169.1,0
Croix-Daurade / Minimes,169.1,0
Rangueil / Saouzelong,188.4,0
Côte Pavée / Jolimont,311.9,0
Croix-Daurade / Minimes,160.1,0
Capitole / Carmes,41.7,1
Rangueil / Saouzelong,69.5,0
Croix-Daurade / Minimes,153.4,0
Côte Pavée / Jolimont,166.0,0
Saint-Cyprien / Empalot,273.3,0
Rangueil / Saouzelong,152.3,0
Côte Pavée / Jolimont,140.8,0
Rangueil / Saouzelong,189.7,0
Croix-Daurade / Minimes,84.4,0
Capitole / Carmes,18.2,0
Capitole / Carmes,233.7,0
Rangueil / Saouzelong,43.3,0
Borderouge / Bagatelle,205.0,0
Capitole / Carmes,128.8,0
Rangueil / Saouzelong,286.9,0
Côte Pavée / Jolimont,257.6,0
Rangueil / Saouzelong,110.3,0
Côte Pavée / Jolimont,196.9,0
Rangueil / Saouzelong,35.7,0
Saint-Cyprien / Empalot,25.6,0
Côte Pavée / Jolimont,83.0,0
Saint-Cyprien / Empalot,66.5,0
Rangueil / Saouzelong,12.9,0
Rangueil / Saouzelong,165.4,0
Saint-Cyprien / Empalot,39.4,0
Borderouge / Bagatelle,140.7,0
Borderouge / Bagatelle,202.5,0
Côte Pavée / Jolimont,260.4,0
Borderouge / Bagatelle,180.8,0
Croix-Daurade / Minimes,163.7,0
Côte Pavée / Jolimont,305.9,0
Croix-Daurade / Minimes,100.6,0
Capitole / Carmes,138.2,0
Borderouge / Bagatelle,97.8,0
Saint-Cyprien / Empalot,64.0,0
Côte Pavée / Jolimont,124.0,0
Borderouge / Bagatelle,214.0,0
Capitole / Carmes,201.0,0
Borderouge / Bagatelle,45.1,0
Capitole / Carmes,154.3,1
Capitole / Carmes,80.7,0
Borderouge / Bagatelle,71.1,0
Rangueil / Saouzelong,169.1,0
Borderouge / Bagatelle,249.4,0
Rangueil / Saouzelong,122.4,0
Borderouge / Bagatelle,111.5,0
Croix-Daurade / Minimes,102.1,0
Borderouge / Bagatelle,312.6,0
Rangueil / Saouzelong,73.3,0
Saint-Cyprien / Empalot,30.8,0
Capitole / Carmes,83.9,0
Capitole / Carmes,101.6,0
Capitole / Carmes,114.9,0
Borderouge / Bagatelle,287.0,0
Saint-Cyprien / Empalot,93.4,0
Borderouge / Bagatelle,22.6,0
Borderouge / Bagatelle,162.6,0
Saint-Cyprien / Empalot,33.4,0
Rangueil / Saouzelong,55.1,0
Capitole / Carmes,106.6,0
Côte Pavée / Jolimont,406.7,0
Saint-Cyprien / Empalot,276.8,0
Borderouge / Bagatelle,273.9,0
Rangueil / Saouzelong,24.0,0
Borderouge / Bagatelle,288.7,0
Capitole / Carmes,131.0,0
Capitole / Carmes,221.8,0
Capitole / Carmes,235.7,0
Borderouge / Bagatelle,29.2,0
Saint-Cyprien / Empalot,20.7,0
Croix-Daurade / Minimes,255.6,0
Saint-Cyprien / Empalot,261.4,0
Rangueil / Saouzelong,112.1,0
Borderouge / Bagatelle,76.2,0
Saint-Cyprien / Empalot,204.4,0
Saint-Cyprien / Empalot,204.4,0
Rangueil / Saouzelong,111.9,0
Rangueil / Saouzelong,65.5,0
Rangueil / Saouzelong,209.8,0
Rangueil / Saouzelong,184.8,1
Borderouge / Bagatelle,139.7,0
Croix-Daurade / Minimes,226.9,0
Borderouge / Bagatelle,269.5,0
Capitole / Carmes,65.6,0
Capitole / Carmes,56.1,0
Rangueil / Saouzelong,77.2,0
Rangueil / Saouzelong,77.2,0
Rangueil / Saouzelong,77.2,0
Rangueil / Saouzelong,77.2,0
Capitole / Carmes,142.2,0
Capitole / Carmes,51.2,0
Capitole / Carmes,51.2,0
Rangueil / Saouzelong,188.0,0
Borderouge / Bagatelle,76.0,0
Rangueil / Saouzelong,26.2,0
Capitole / Carmes,152.9,0
Capitole / Carmes,68.6,0
Borderouge / Bagatelle,46.2,0
Capitole / Carmes,97.3,0
Borderouge / Bagatelle,334.8,0
Capitole / Carmes,136.9,0
Croix-Daurade / Minimes,77.7,0
Rangueil / Saouzelong,165.9,0
Côte Pavée / Jolimont,63.6,0
Borderouge / Bagatelle,121.8,0
Côte Pavée / Jolimont,120.0,0
Côte Pavée / Jolimont,160.0,0
Côte Pavée / Jolimont,196.6,0
Côte Pavée / Jolimont,76.7,0
Borderouge / Bagatelle,107.9,0
Borderouge / Bagatelle,107.9,0
Borderouge / Bagatelle,389.9,0
Côte Pavée / Jolimont,23.8,1
Saint-Cyprien / Empalot,165.4,0
Côte Pavée / Jolimont,107.2,0
Côte Pavée / Jolimont,47.7,0
Rangueil / Saouzelong,152.9,0
Saint-Cyprien / Empalot,88.1,0
Côte Pavée / Jolimont,409.6,0
Rangueil / Saouzelong,97.7,0
Borderouge / Bagatelle,150.2,1
Côte Pavée / Jolimont,320.9,0
Rangueil / Saouzelong,151.4,0
Croix-Daurade / Minimes,231.0,0
Rangueil / Saouzelong,170.1,0
Borderouge / Bagatelle,113.5,0
Borderouge / Bagatelle,164.5,0
Borderouge / Bagatelle,164.5,0
Borderouge / Bagatelle,141.3,0
Capitole / Carmes,36.9,0
Saint-Cyprien / Empalot,145.4,0
Capitole / Carmes,39.8,0
Croix-Daurade / Minimes,10.1,0
Borderouge / Bagatelle,405.8,0
Saint-Cyprien / Empalot,1.6,0
Capitole / Carmes,205.5,0
Côte Pavée / Jolimont,446.7,0
Rangueil / Saouzelong,188.1,0
Capitole / Carmes,281.0,0
Rangueil / Saouzelong,164.4,0
Rangueil / Saouzelong,189.7,0
Rangueil / Saouzelong,153.4,0
Côte Pavée / Jolimont,212.2,0
Côte Pavée / Jolimont,212.2,0
Côte Pavée / Jolimont,184.7,0
Côte Pavée / Jolimont,184.7,0
Côte Pavée / Jolimont,184.7,0
Côte Pavée / Jolimont,184.7,0
Côte Pavée / Jolimont,184.7,0
Côte Pavée / Jolimont,184.7,0
Côte Pavée / Jolimont,184.7,0
Rangueil / Saouzelong,136.1,0
Rangueil / Saouzelong,2.0,0
Saint-Cyprien / Empalot,324.6,0
Borderouge / Bagatelle,15.0,0
Borderouge / Bagatelle,137.0,0
Capitole / Carmes,134.8,1
Borderouge / Bagatelle,122.0,0
Côte Pavée / Jolimont,54.6,0
Rangueil / Saouzelong,144.5,0
Rangueil / Saouzelong,134.8,0
Côte Pavée / Jolimont,73.3,0
Rangueil / Saouzelong,250.4,0
Capitole / Carmes,46.8,0
Borderouge / Bagatelle,64.2,0
Borderouge / Bagatelle,168.6,0
Rangueil / Saouzelong,87.1,1
Capitole / Carmes,147.8,0
Rangueil / Saouzelong,50.2,0
Saint-Cyprien / Empalot,249.6,0
Côte Pavée / Jolimont,60.1,0
Borderouge / Bagatelle,338.3,0
Rangueil / Saouzelong,144.5,0
Saint-Cyprien / Empalot,213.8,0
Saint-Cyprien / Empalot,235.3,0
Saint-Cyprien / Empalot,235.3,0
Rangueil / Saouzelong,106.6,0
Saint-Cyprien / Empalot,228.9,0
Rangueil / Saouzelong,103.6,0
Rangueil / Saouzelong,135.4,0
Rangueil / Saouzelong,164.2,0
Côte Pavée / Jolimont,32.2,0
Rangueil / Saouzelong,76.6,1
Capitole / Carmes,291.1,0
Rangueil / Saouzelong,99.0,0
Borderouge / Bagatelle,341.9,0
Borderouge / Bagatelle,162.9,0
Rangueil / Saouzelong,227.7,0
Saint-Cyprien / Empalot,14.2,0
Capitole / Carmes,212.2,0
Rangueil / Saouzelong,103.9,0
Croix-Daurade / Minimes,408.6,0
Saint-Cyprien / Empalot,321.8,0
Côte Pavée / Jolimont,281.6,0
Rangueil / Saouzelong,140.1,0
Borderouge / Bagatelle,392.0,0
Rangueil / Saouzelong,131.2,0
Côte Pavée / Jolimont,76.7,0
Saint-Cyprien / Empalot,87.6,0
Rangueil / Saouzelong,214.1,0
Saint-Cyprien / Empalot,67.9,0
Rangueil / Saouzelong,223.0,0
Capitole / Carmes,265.4,0
Rangueil / Saouzelong,103.8,0
Rangueil / Saouzelong,189.7,0
Saint-Cyprien / Empalot,159.7,0
Côte Pavée / Jolimont,305.1,0
Borderouge / Bagatelle,5.8,0
Capitole / Carmes,355.3,0
Capitole / Carmes,202.2,0
Capitole / Carmes,152.8,1
Rangueil / Saouzelong,23.9,0
Borderouge / Bagatelle,12.0,0
Saint-Cyprien / Empalot,159.4,0
Saint-Cyprien / Empalot,131.3,0
Borderouge / Bagatelle,160.2,0
Côte Pavée / Jolimont,65.4,0
Côte Pavée / Jolimont,90.2,0
Borderouge / Bagatelle,376.0,0
Borderouge / Bagatelle,53.3,0
Rangueil / Saouzelong,95.1,0
Côte Pavée / Jolimont,108.7,0
Capitole / Carmes,114.2,0
Rangueil / Saouzelong,163.5,0
Rangueil / Saouzelong,58.3,0
Rangueil / Saouzelong,139.2,0
Borderouge / Bagatelle,115.0,0
Rangueil / Saouzelong,109.6,0
Saint-Cyprien / Empalot,233.7,0
Capitole / Carmes,20.1,0
Capitole / Carmes,139.6,0
Borderouge / Bagatelle,29.2,0
Borderouge / Bagatelle,29.2,0
Croix-Daurade / Minimes,46.9,0
Côte Pavée / Jolimont,138.4,0
Croix-Daurade / Minimes,42.4,0
Côte Pavée / Jolimont,205.1,0
Rangueil / Saouzelong,46.2,0
Borderouge / Bagatelle,219.3,0
Rangueil / Saouzelong,22.0,0
Borderouge / Bagatelle,110.5,0
Borderouge / Bagatelle,420.6,0
Borderouge / Bagatelle,219.5,0
Côte Pavée / Jolimont,290.2,0
Côte Pavée / Jolimont,266.1,0
Rangueil / Saouzelong,55.1,0
Rangueil / Saouzelong,211.3,1
Rangueil / Saouzelong,152.8,0
Saint-Cyprien / Empalot,276.1,0
Capitole / Carmes,41.7,0
Borderouge / Bagatelle,75.8,0
Borderouge / Bagatelle,60.4,0
Borderouge / Bagatelle,60.4,0
Borderouge / Bagatelle,142.1,0
Saint-Cyprien / Empalot,118.0,0
Borderouge / Bagatelle,187.7,0
Côte Pavée / Jolimont,195.3,0
Capitole / Carmes,192.9,0
Côte Pavée / Jolimont,28.8,0
Capitole / Carmes,105.3,0
Borderouge / Bagatelle,105.7,0
Côte Pavée / Jolimont,153.0,0
Rangueil / Saouzelong,179.6,0
Saint-Cyprien / Empalot,250.2,0
Côte Pavée / Jolimont,105.6,0
Capitole / Carmes,51.6,0
Rangueil / Saouzelong,57.4,0
Rangueil / Saouzelong,57.4,0
Borderouge / Bagatelle,92.1,0
Capitole / Carmes,209.6,0
Côte Pavée / Jolimont,62.5,0
Rangueil / Saouzelong,263.3,0
Côte Pavée / Jolimont,111.2,0
Borderouge / Bagatelle,350.1,0
Côte Pavée / Jolimont,5.9,0
Capitole / Carmes,104.9,0
Rangueil / Saouzelong,164.8,0
Croix-Daurade / Minimes,197.7,0
Borderouge / Bagatelle,334.6,0
Capitole / Carmes,98.8,0
Capitole / Carmes,55.0,0
Capitole / Carmes,55.0,0
Capitole / Carmes,64.2,0
Côte Pavée / Jolimont,154.0,0
Rangueil / Saouzelong,133.1,0
Capitole / Carmes,92.8,0
Saint-Cyprien / Empalot,83.3,0
Croix-Daurade / Minimes,359.7,0
Saint-Cyprien / Empalot,205.5,0
Capitole / Carmes,68.4,0
Borderouge / Bagatelle,219.5,0
Saint-Cyprien / Empalot,71.0,0
Borderouge / Bagatelle,157.8,0
Borderouge / Bagatelle,174.1,0
Borderouge / Bagatelle,36.7,0
Côte Pavée / Jolimont,249.7,0
Rangueil / Saouzelong,111.9,0
Croix-Daurade / Minimes,12.7,0
Croix-Daurade / Minimes,12.7,0
Côte Pavée / Jolimont,160.9,0
Rangueil / Saouzelong,153.5,0
Borderouge / Bagatelle,78.3,0
Borderouge / Bagatelle,62.3,0
Capitole / Carmes,168.9,0
Côte Pavée / Jolimont,115.8,0
Rangueil / Saouzelong,209.9,0
Rangueil / Saouzelong,164.2,0
Rangueil / Saouzelong,149.0,0
Borderouge / Bagatelle,169.6,0
Rangueil / Saouzelong,13.8,0
Borderouge / Bagatelle,289.5,0
Borderouge / Bagatelle,389.9,0
Côte Pavée / Jolimont,30.3,0
Capitole / Carmes,75.7,0
Saint-Cyprien / Empalot,87.4,0
Borderouge / Bagatelle,67.9,0
Borderouge / Bagatelle,369.6,0
Borderouge / Bagatelle,155.8,0
Borderouge / Bagatelle,239.7,0
Rangueil / Saouzelong,242.9,0
Capitole / Carmes,104.9,0
Borderouge / Bagatelle,213.3,0
Capitole / Carmes,105.3,0
Croix-Daurade / Minimes,88.3,0
Borderouge / Bagatelle,288.3,0
Borderouge / Bagatelle,455.2,0
Rangueil / Saouzelong,83.9,0
Côte Pavée / Jolimont,319.9,0
Rangueil / Saouzelong,129.2,0
Côte Pavée / Jolimont,126.0,0
Rangueil / Saouzelong,114.3,1
Saint-Cyprien / Empalot,34.9,0
Rangueil / Saouzelong,84.3,0
Borderouge / Bagatelle,79.2,0
Borderouge / Bagatelle,176.8,0
Côte Pavée / Jolimont,101.5,0
Saint-Cyprien / Empalot,126.1,0
Croix-Daurade / Minimes,154.9,0
Côte Pavée / Jolimont,38.4,0
Croix-Daurade / Minimes,166.4,0
Borderouge / Bagatelle,205.2,0
Côte Pavée / Jolimont,159.7,1
Rangueil / Saouzelong,129.2,0
Rangueil / Saouzelong,255.8,0
Côte Pavée / Jolimont,165.3,0
Rangueil / Saouzelong,45.6,0
Côte Pavée / Jolimont,300.2,0
Rangueil / Saouzelong,60.5,0
Borderouge / Bagatelle,56.7,0
Rangueil / Saouzelong,104.4,0
Borderouge / Bagatelle,23.3,0
Borderouge / Bagatelle,156.0,0
Côte Pavée / Jolimont,58.2,0
Capitole / Carmes,256.5,0
Rangueil / Saouzelong,207.9,0
Borderouge / Bagatelle,286.0,0
Saint-Cyprien / Empalot,72.0,0
Rangueil / Saouzelong,248.6,0
Borderouge / Bagatelle,272.8,0
Borderouge / Bagatelle,102.6,0
Saint-Cyprien / Empalot,344.7,0
Rangueil / Saouzelong,114.0,0
Capitole / Carmes,61.5,0
Côte Pavée / Jolimont,218.5,0
Borderouge / Bagatelle,102.6,0
Croix-Daurade / Minimes,63.5,0
Croix-Daurade / Minimes,450.5,0
Rangueil / Saouzelong,49.4,0
Borderouge / Bagatelle,70.6,0
Capitole / Carmes,127.1,0
Capitole / Carmes,127.1,0
Borderouge / Bagatelle,106.5,0
Côte Pavée / Jolimont,148.9,0
Croix-Daurade / Minimes,90.0,0
Saint-Cyprien / Empalot,64.8,0
Saint-Cyprien / Empalot,64.8,0
Saint-Cyprien / Empalot,64.8,0
Saint-Cyprien / Empalot,64.8,0
Saint-Cyprien / Empalot,64.8,0
Saint-Cyprien / Empalot,93.4,0
Borderouge / Bagatelle,227.9,0
Rangueil / Saouzelong,31.6,1
Capitole / Carmes,229.5,0
Capitole / Carmes,46.8,0
Capitole / Carmes,46.8,0
Borderouge / Bagatelle,221.1,0
Borderouge / Bagatelle,147.6,0
Rangueil / Saouzelong,159.2,0
Saint-Cyprien / Empalot,123.9,0
Borderouge / Bagatelle,165.3,0
Capitole / Carmes,9.9,0
Capitole / Carmes,140.4,0
Croix-Daurade / Minimes,160.6,0
Saint-Cyprien / Empalot,120.1,1
Capitole / Carmes,137.9,0
Capitole / Carmes,172.9,0
Borderouge / Bagatelle,182.2,0
Rangueil / Saouzelong,153.9,0
Borderouge / Bagatelle,131.5,0
Saint-Cyprien / Empalot,83.0,0
Rangueil / Saouzelong,249.8,0
Saint-Cyprien / Empalot,52.2,0
Côte Pavée / Jolimont,242.2,0
Borderouge / Bagatelle,202.2,0
Rangueil / Saouzelong,74.0,0
Côte Pavée / Jolimont,183.8,0
Capitole / Carmes,37.7,0
Borderouge / Bagatelle,134.8,0
Capitole / Carmes,187.2,0
Rangueil / Saouzelong,113.3,0
Borderouge / Bagatelle,76.9,0
Côte Pavée / Jolimont,111.1,0
Borderouge / Bagatelle,169.1,0
Capitole / Carmes,62.4,0
Borderouge / Bagatelle,111.5,0
Saint-Cyprien / Empalot,184.4,0
Saint-Cyprien / Empalot,184.4,0
Borderouge / Bagatelle,185.4,0
Croix-Daurade / Minimes,183.4,0
Capitole / Carmes,71.0,0
Saint-Cyprien / Empalot,181.0,0
Croix-Daurade / Minimes,98.1,0
Croix-Daurade / Minimes,76.5,0
Rangueil / Saouzelong,72.2,0
Borderouge / Bagatelle,129.6,0
Côte Pavée / Jolimont,188.1,0
Capitole / Carmes,136.5,0
Capitole / Carmes,35.7,0
Borderouge / Bagatelle,88.4,0
Rangueil / Saouzelong,107.1,0
Borderouge / Bagatelle,207.1,1
Saint-Cyprien / Empalot,135.7,0
Croix-Daurade / Minimes,85.2,0
Borderouge / Bagatelle,144.2,0
Croix-Daurade / Minimes,137.6,0
Côte Pavée / Jolimont,25.9,0
Rangueil / Saouzelong,243.1,0
Saint-Cyprien / Empalot,79.2,0
Borderouge / Bagatelle,149.4,0
Capitole / Carmes,153.3,0
Capitole / Carmes,120.2,0
Saint-Cyprien / Empalot,272.2,0
Saint-Cyprien / Empalot,104.1,0
Borderouge / Bagatelle,318.3,0
Croix-Daurade / Minimes,166.4,0
Borderouge / Bagatelle,141.3,0
Capitole / Carmes,60.6,0
Rangueil / Saouzelong,124.5,0
Capitole / Carmes,308.7,0
Borderouge / Bagatelle,29.2,0
Capitole / Carmes,129.3,0
Capitole / Carmes,196.9,0
Capitole / Carmes,146.0,0
Côte Pavée / Jolimont,189.2,0
Borderouge / Bagatelle,77.7,0
Borderouge / Bagatelle,172.7,0
Borderouge / Bagatelle,172.7,0
Borderouge / Bagatelle,100.1,0
Côte Pavée / Jolimont,154.6,0
Croix-Daurade / Minimes,16.3,0
Croix-Daurade / Minimes,75.4,0
Capitole / Carmes,106.4,1
Capitole / Carmes,14.4,0
Rangueil / Saouzelong,241.5,0
Côte Pavée / Jolimont,73.3,0
Côte Pavée / Jolimont,66.4,0
Croix-Daurade / Minimes,73.7,0
Borderouge / Bagatelle,223.9,0
Croix-Daurade / Minimes,145.3,0
Capitole / Carmes,203.2,0
Borderouge / Bagatelle,94.4,0
Capitole / Carmes,296.0,0
Saint-Cyprien / Empalot,80.4,0
Borderouge / Bagatelle,377.1,0
Capitole / Carmes,75.7,0
Côte Pavée / Jolimont,122.2,0
Côte Pavée / Jolimont,122.2,0
Côte Pavée / Jolimont,122.2,0
Saint-Cyprien / Empalot,27.7,0
Saint-Cyprien / Empalot,137.4,0
Côte Pavée / Jolimont,121.4,0
Capitole / Carmes,81.5,0
Côte Pavée / Jolimont,147.2,0
Saint-Cyprien / Empalot,82.4,0
Capitole / Carmes,64.9,0
