surface_m2,nb_pieces,is_maison,revenu_median_mensuel,taux_pauvrete_pct,population_2019,part_jeunes_pct,part_seniors_pct,mois_mutation,distance_transport_m,est_metro_proche,q_Bagatelle / Reynerie,q_Borderouge / Croix-Daurade,q_Capitole / Carmes,q_Côte Pavée / Jolimont,q_Rangueil / Saouzelong,q_Saint-Cyprien / Arènes
45.0,2,0,1935.5,19.1,96734,32.2,13.0,5,52.2,1,False,True,False,False,False,False
198.0,6,1,1638.4,25.8,70238,27.7,10.2,3,87.2,0,False,False,False,True,False,False
40.0,2,0,1935.5,19.1,96734,32.2,13.0,9,87.8,0,False,True,False,False,False,False
45.0,2,0,1529.5,36.2,105462,32.7,11.3,7,203.8,0,False,False,False,False,True,False
64.0,3,0,1935.5,19.1,96734,32.2,13.0,7,132.8,0,False,True,False,False,False,False
24.0,1,0,1638.4,25.8,70238,27.7,10.2,2,49.7,0,False,False,False,True,False,False
40.0,2,0,2155.0,15.3,70863,28.8,15.8,9,64.9,0,False,False,False,False,False,True
83.0,5,1,1935.5,19.1,96734,32.2,13.0,3,84.9,0,False,True,False,False,False,False
66.0,3,0,1935.5,19.1,96734,32.2,13.0,12,74.0,0,False,True,False,False,False,False
60.0,3,0,1638.4,25.8,70238,27.7,10.2,7,64.0,0,False,False,False,True,False,False
79.0,3,0,2324.5,16.1,83796,41.1,13.4,5,41.4,0,False,False,True,False,False,False
70.0,4,1,1529.5,36.2,105462,32.7,11.3,3,99.7,0,False,False,False,False,True,False
33.0,1,0,2324.5,16.1,83796,41.1,13.4,3,145.9,0,False,False,True,False,False,False
65.0,3,0,1956.6,18.3,66372,26.5,15.3,10,307.1,0,True,False,False,False,False,False
42.0,2,0,1935.5,19.1,96734,32.2,13.0,7,146.4,0,False,True,False,False,False,False
117.0,6,1,1935.5,19.1,96734,32.2,13.0,1,217.5,0,False,True,False,False,False,False
48.0,2,0,1935.5,19.1,96734,32.2,13.0,4,155.8,0,False,True,False,False,False,False
55.0,3,0,1638.4,25.8,70238,27.7,10.2,7,125.9,0,False,False,False,True,False,False
79.0,3,0,2324.5,16.1,83796,41.1,13.4,12,68.6,0,False,False,True,False,False,False
68.0,3,0,1529.5,36.2,105462,32.7,11.3,8,93.0,0,False,False,False,False,True,False
66.0,4,0,2155.0,15.3,70863,28.8,15.8,5,102.6,0,False,False,False,False,False,True
66.0,3,0,1638.4,25.8,70238,27.7,10.2,7,183.5,0,False,False,False,True,False,False
50.0,2,0,2324.5,16.1,83796,41.1,13.4,12,101.8,0,False,False,True,False,False,False
83.0,4,1,1935.5,19.1,96734,32.2,13.0,9,172.5,0,False,True,False,False,False,False
57.0,2,0,1935.5,19.1,96734,32.2,13.0,4,43.4,0,False,True,False,False,False,False
110.0,5,0,2324.5,16.1,83796,41.1,13.4,8,119.0,0,False,False,True,False,False,False
81.0,4,0,1529.5,36.2,105462,32.7,11.3,3,60.4,0,False,False,False,False,True,False
28.0,1,0,1638.4,25.8,70238,27.7,10.2,3,188.5,0,False,False,False,True,False,False
44.0,2,0,1638.4,25.8,70238,27.7,10.2,9,42.9,0,False,False,False,True,False,False
40.0,2,0,1956.6,18.3,66372,26.5,15.3,8,153.6,0,True,False,False,False,False,False
57.0,3,0,1529.5,36.2,105462,32.7,11.3,3,150.8,0,False,False,False,False,True,False
120.0,5,1,1638.4,25.8,70238,27.7,10.2,11,131.9,0,False,False,False,True,False,False
63.0,3,0,1529.5,36.2,105462,32.7,11.3,6,55.2,0,False,False,False,False,True,False
24.0,1,0,1529.5,36.2,105462,32.7,11.3,4,93.0,0,False,False,False,False,True,False
37.0,2,0,2155.0,15.3,70863,28.8,15.8,6,188.2,0,False,False,False,False,False,True
22.0,1,0,1529.5,36.2,105462,32.7,11.3,6,144.9,0,False,False,False,False,True,False
76.0,2,1,1638.4,25.8,70238,27.7,10.2,6,107.8,0,False,False,False,True,False,False
41.0,2,0,2155.0,15.3,70863,28.8,15.8,6,166.3,0,False,False,False,False,False,True
40.0,2,0,1529.5,36.2,105462,32.7,11.3,7,77.2,0,False,False,False,False,True,False
88.0,4,1,1935.5,19.1,96734,32.2,13.0,7,115.1,0,False,True,False,False,False,False
44.0,2,0,2155.0,15.3,70863,28.8,15.8,9,115.8,0,False,False,False,False,False,True
135.0,4,1,2155.0,15.3,70863,28.8,15.8,12,273.3,0,False,False,False,False,False,True
140.0,4,1,1935.5,19.1,96734,32.2,13.0,11,6.7,0,False,True,False,False,False,False
60.0,3,0,1638.4,25.8,70238,27.7,10.2,12,162.1,0,False,False,False,True,False,False
91.0,4,0,1638.4,25.8,70238,27.7,10.2,1,61.0,0,False,False,False,True,False,False
142.0,6,1,1956.6,18.3,66372,26.5,15.3,2,205.9,0,True,False,False,False,False,False
75.0,4,1,2155.0,15.3,70863,28.8,15.8,5,186.8,0,False,False,False,False,False,True
58.0,2,0,2155.0,15.3,70863,28.8,15.8,8,68.9,0,False,False,False,False,False,True
163.0,5,1,2324.5,16.1,83796,41.1,13.4,9,182.8,0,False,False,True,False,False,False
105.0,3,0,2155.0,15.3,70863,28.8,15.8,7,23.4,0,False,False,False,False,False,True
95.0,5,1,1956.6,18.3,66372,26.5,15.3,8,236.2,0,True,False,False,False,False,False
110.0,3,1,1638.4,25.8,70238,27.7,10.2,9,63.8,0,False,False,False,True,False,False
68.0,3,0,2324.5,16.1,83796,41.1,13.4,5,43.4,0,False,False,True,False,False,False
30.0,1,0,1529.5,36.2,105462,32.7,11.3,10,112.3,0,False,False,False,False,True,False
65.0,3,0,1935.5,19.1,96734,32.2,13.0,12,156.7,0,False,True,False,False,False,False
51.0,2,0,1529.5,36.2,105462,32.7,11.3,10,74.1,0,False,False,False,False,True,False
43.0,2,0,2155.0,15.3,70863,28.8,15.8,10,166.3,0,False,False,False,False,False,True
48.0,2,0,1638.4,25.8,70238,27.7,10.2,9,134.2,0,False,False,False,True,False,False
101.0,4,0,2324.5,16.1,83796,41.1,13.4,9,123.2,0,False,False,True,False,False,False
36.0,2,0,2155.0,15.3,70863,28.8,15.8,3,224.7,0,False,False,False,False,False,True
194.0,7,1,1529.5,36.2,105462,32.7,11.3,1,179.8,0,False,False,False,False,True,False
60.0,3,0,1638.4,25.8,70238,27.7,10.2,1,175.9,0,False,False,False,True,False,False
26.0,1,0,2155.0,15.3,70863,28.8,15.8,6,595.7,0,False,False,False,False,False,True
60.0,3,0,1935.5,19.1,96734,32.2,13.0,6,31.0,0,False,True,False,False,False,False
34.0,2,0,2155.0,15.3,70863,28.8,15.8,3,133.2,0,False,False,False,False,False,True
46.0,2,0,1956.6,18.3,66372,26.5,15.3,10,60.2,0,True,False,False,False,False,False
43.0,2,0,1935.5,19.1,96734,32.2,13.0,4,239.7,0,False,True,False,False,False,False
64.0,3,0,1935.5,19.1,96734,32.2,13.0,9,75.9,0,False,True,False,False,False,False
34.0,1,0,2324.5,16.1,83796,41.1,13.4,6,43.9,0,False,False,True,False,False,False
22.0,1,0,2324.5,16.1,83796,41.1,13.4,10,96.6,0,False,False,True,False,False,False
158.0,6,1,1956.6,18.3,66372,26.5,15.3,2,88.9,0,True,False,False,False,False,False
44.0,2,0,2155.0,15.3,70863,28.8,15.8,6,447.4,0,False,False,False,False,False,True
88.0,3,0,1638.4,25.8,70238,27.7,10.2,9,327.2,0,False,False,False,True,False,False
25.0,1,0,1638.4,25.8,70238,27.7,10.2,2,89.2,0,False,False,False,True,False,False
60.0,3,0,1956.6,18.3,66372,26.5,15.3,4,78.3,0,True,False,False,False,False,False
52.0,2,0,1638.4,25.8,70238,27.7,10.2,7,85.1,0,False,False,False,True,False,False
67.0,3,0,1935.5,19.1,96734,32.2,13.0,3,280.5,0,False,True,False,False,False,False
35.0,2,0,2324.5,16.1,83796,41.1,13.4,10,122.5,0,False,False,True,False,False,False
38.0,2,0,2324.5,16.1,83796,41.1,13.4,3,351.7,0,False,False,True,False,False,False
65.0,2,0,2324.5,16.1,83796,41.1,13.4,6,68.5,1,False,False,True,False,False,False
77.0,4,0,1935.5,19.1,96734,32.2,13.0,10,32.5,0,False,True,False,False,False,False
98.0,4,1,1956.6,18.3,66372,26.5,15.3,3,159.8,0,True,False,False,False,False,False
52.0,3,0,2155.0,15.3,70863,28.8,15.8,11,118.4,0,False,False,False,False,False,True
137.0,6,1,1935.5,19.1,96734,32.2,13.0,9,188.2,0,False,True,False,False,False,False
39.0,2,0,1935.5,19.1,96734,32.2,13.0,3,110.2,0,False,True,False,False,False,False
108.0,5,1,1935.5,19.1,96734,32.2,13.0,7,159.8,0,False,True,False,False,False,False
46.0,2,0,1956.6,18.3,66372,26.5,15.3,7,249.0,0,True,False,False,False,False,False
18.0,1,0,2324.5,16.1,83796,41.1,13.4,12,67.2,0,False,False,True,False,False,False
62.0,3,0,2155.0,15.3,70863,28.8,15.8,6,85.7,0,False,False,False,False,False,True
82.0,3,0,2324.5,16.1,83796,41.1,13.4,9,115.6,0,False,False,True,False,False,False
68.0,3,0,1529.5,36.2,105462,32.7,11.3,7,6.4,0,False,False,False,False,True,False
66.0,4,0,1935.5,19.1,96734,32.2,13.0,7,118.8,0,False,True,False,False,False,False
43.0,2,0,1935.5,19.1,96734,32.2,13.0,12,191.6,0,False,True,False,False,False,False
100.0,3,1,1638.4,25.8,70238,27.7,10.2,7,238.8,0,False,False,False,True,False,False
42.0,2,0,1956.6,18.3,66372,26.5,15.3,10,179.4,0,True,False,False,False,False,False
74.0,4,0,1638.4,25.8,70238,27.7,10.2,5,168.6,0,False,False,False,True,False,False
70.0,3,1,1638.4,25.8,70238,27.7,10.2,1,32.2,0,False,False,False,True,False,False
67.0,3,0,1529.5,36.2,105462,32.7,11.3,9,213.8,0,False,False,False,False,True,False
50.0,2,0,2324.5,16.1,83796,41.1,13.4,11,138.4,0,False,False,True,False,False,False
61.0,3,0,2155.0,15.3,70863,28.8,15.8,5,67.4,0,False,False,False,False,False,True
56.0,3,0,2155.0,15.3,70863,28.8,15.8,7,195.3,0,False,False,False,False,False,True
22.0,1,0,1529.5,36.2,105462,32.7,11.3,5,174.5,0,False,False,False,False,True,False
50.0,2,0,2324.5,16.1,83796,41.1,13.4,3,142.2,0,False,False,True,False,False,False
72.0,4,0,2324.5,16.1,83796,41.1,13.4,2,128.5,0,False,False,True,False,False,False
41.0,2,0,1935.5,19.1,96734,32.2,13.0,4,228.1,0,False,True,False,False,False,False
61.0,3,0,2155.0,15.3,70863,28.8,15.8,12,355.3,0,False,False,False,False,False,True
80.0,3,0,1638.4,25.8,70238,27.7,10.2,4,345.2,0,False,False,False,True,False,False
68.0,3,1,1638.4,25.8,70238,27.7,10.2,12,244.7,0,False,False,False,True,False,False
43.0,2,0,2324.5,16.1,83796,41.1,13.4,12,46.8,0,False,False,True,False,False,False
47.0,2,0,2155.0,15.3,70863,28.8,15.8,10,29.4,0,False,False,False,False,False,True
42.0,2,0,1956.6,18.3,66372,26.5,15.3,1,160.1,0,True,False,False,False,False,False
31.0,1,0,1529.5,36.2,105462,32.7,11.3,9,202.4,0,False,False,False,False,True,False
69.0,3,0,1935.5,19.1,96734,32.2,13.0,5,53.5,0,False,True,False,False,False,False
36.0,2,0,1529.5,36.2,105462,32.7,11.3,4,55.2,0,False,False,False,False,True,False
56.0,2,1,1638.4,25.8,70238,27.7,10.2,3,126.7,0,False,False,False,True,False,False
50.0,2,0,1638.4,25.8,70238,27.7,10.2,9,120.1,0,False,False,False,True,False,False
25.0,1,0,1935.5,19.1,96734,32.2,13.0,3,348.6,0,False,True,False,False,False,False
116.0,4,1,1956.6,18.3,66372,26.5,15.3,3,279.2,0,True,False,False,False,False,False
54.0,3,0,2155.0,15.3,70863,28.8,15.8,8,102.8,0,False,False,False,False,False,True
22.0,1,0,2155.0,15.3,70863,28.8,15.8,6,517.4,0,False,False,False,False,False,True
42.0,3,0,2324.5,16.1,83796,41.1,13.4,3,128.8,0,False,False,True,False,False,False
29.0,1,0,2324.5,16.1,83796,41.1,13.4,8,53.4,0,False,False,True,False,False,False
47.0,2,0,1956.6,18.3,66372,26.5,15.3,7,103.0,0,True,False,False,False,False,False
59.0,2,0,1638.4,25.8,70238,27.7,10.2,9,120.1,0,False,False,False,True,False,False
96.0,4,1,1529.5,36.2,105462,32.7,11.3,4,211.8,0,False,False,False,False,True,False
62.0,3,0,2324.5,16.1,83796,41.1,13.4,11,226.5,0,False,False,True,False,False,False
19.0,1,0,2155.0,15.3,70863,28.8,15.8,9,75.1,0,False,False,False,False,False,True
89.0,4,0,2324.5,16.1,83796,41.1,13.4,6,101.8,0,False,False,True,False,False,False
54.0,2,0,1935.5,19.1,96734,32.2,13.0,7,176.5,0,False,True,False,False,False,False
74.0,3,0,2324.5,16.1,83796,41.1,13.4,10,67.6,0,False,False,True,False,False,False
12.0,1,0,2324.5,16.1,83796,41.1,13.4,11,193.8,0,False,False,True,False,False,False
44.0,2,0,1935.5,19.1,96734,32.2,13.0,11,362.6,1,False,True,False,False,False,False
46.0,2,0,1638.4,25.8,70238,27.7,10.2,5,137.9,0,False,False,False,True,False,False
65.0,4,0,1638.4,25.8,70238,27.7,10.2,4,115.1,1,False,False,False,True,False,False
29.0,2,0,2324.5,16.1,83796,41.1,13.4,11,56.4,0,False,False,True,False,False,False
87.0,4,1,1956.6,18.3,66372,26.5,15.3,1,41.8,0,True,False,False,False,False,False
44.0,2,0,1529.5,36.2,105462,32.7,11.3,9,76.5,0,False,False,False,False,True,False
42.0,2,0,2324.5,16.1,83796,41.1,13.4,11,146.4,0,False,False,True,False,False,False
45.0,2,0,1956.6,18.3,66372,26.5,15.3,8,85.1,0,True,False,False,False,False,False
37.0,2,0,2155.0,15.3,70863,28.8,15.8,8,156.3,0,False,False,False,False,False,True
83.0,4,0,1935.5,19.1,96734,32.2,13.0,11,34.1,0,False,True,False,False,False,False
100.0,3,0,1529.5,36.2,105462,32.7,11.3,10,114.3,0,False,False,False,False,True,False
88.0,4,1,2324.5,16.1,83796,41.1,13.4,3,130.5,0,False,False,True,False,False,False
145.0,6,1,1956.6,18.3,66372,26.5,15.3,7,137.1,0,True,False,False,False,False,False
50.0,2,0,1935.5,19.1,96734,32.2,13.0,3,46.3,0,False,True,False,False,False,False
68.0,3,0,1529.5,36.2,105462,32.7,11.3,12,179.4,0,False,False,False,False,True,False
52.0,3,0,1935.5,19.1,96734,32.2,13.0,3,339.9,0,False,True,False,False,False,False
48.0,2,0,1638.4,25.8,70238,27.7,10.2,3,88.4,1,False,False,False,True,False,False
62.0,3,0,1529.5,36.2,105462,32.7,11.3,2,55.2,0,False,False,False,False,True,False
64.0,3,0,1638.4,25.8,70238,27.7,10.2,4,71.2,0,False,False,False,True,False,False
124.0,5,0,2155.0,15.3,70863,28.8,15.8,5,85.7,0,False,False,False,False,False,True
70.0,5,1,1638.4,25.8,70238,27.7,10.2,8,129.0,0,False,False,False,True,False,False
95.0,1,0,2324.5,16.1,83796,41.1,13.4,3,297.0,0,False,False,True,False,False,False
65.0,2,0,2324.5,16.1,83796,41.1,13.4,3,197.0,0,False,False,True,False,False,False
30.0,1,0,2324.5,16.1,83796,41.1,13.4,7,123.2,0,False,False,True,False,False,False
78.0,3,0,1529.5,36.2,105462,32.7,11.3,11,125.0,0,False,False,False,False,True,False
72.0,4,0,1956.6,18.3,66372,26.5,15.3,2,172.3,0,True,False,False,False,False,False
66.0,3,0,1638.4,25.8,70238,27.7,10.2,3,14.2,0,False,False,False,True,False,False
55.0,3,0,1935.5,19.1,96734,32.2,13.0,3,243.1,0,False,True,False,False,False,False
71.0,3,0,1956.6,18.3,66372,26.5,15.3,12,248.0,1,True,False,False,False,False,False
38.0,2,0,1935.5,19.1,96734,32.2,13.0,8,312.2,0,False,True,False,False,False,False
130.0,5,1,1638.4,25.8,70238,27.7,10.2,11,177.8,0,False,False,False,True,False,False
55.0,2,0,2324.5,16.1,83796,41.1,13.4,11,158.8,0,False,False,True,False,False,False
52.0,3,0,2155.0,15.3,70863,28.8,15.8,6,68.4,0,False,False,False,False,False,True
37.0,2,0,1529.5,36.2,105462,32.7,11.3,8,89.2,0,False,False,False,False,True,False
44.0,2,0,1638.4,25.8,70238,27.7,10.2,4,12.7,0,False,False,False,True,False,False
54.0,3,0,2155.0,15.3,70863,28.8,15.8,1,126.4,0,False,False,False,False,False,True
30.0,2,0,2155.0,15.3,70863,28.8,15.8,3,136.7,0,False,False,False,False,False,True
90.0,4,0,1638.4,25.8,70238,27.7,10.2,11,97.4,0,False,False,False,True,False,False
105.0,4,0,1956.6,18.3,66372,26.5,15.3,5,68.1,0,True,False,False,False,False,False
21.0,1,0,2155.0,15.3,70863,28.8,15.8,7,44.1,0,False,False,False,False,False,True
27.0,1,0,1638.4,25.8,70238,27.7,10.2,7,95.2,0,False,False,False,True,False,False
54.0,3,0,1935.5,19.1,96734,32.2,13.0,11,422.0,0,False,True,False,False,False,False
53.0,2,0,1638.4,25.8,70238,27.7,10.2,3,356.6,0,False,False,False,True,False,False
44.0,2,0,1638.4,25.8,70238,27.7,10.2,3,71.5,0,False,False,False,True,False,False
46.0,2,0,2324.5,16.1,83796,41.1,13.4,9,75.2,0,False,False,True,False,False,False
50.0,2,0,2324.5,16.1,83796,41.1,13.4,7,130.0,0,False,False,True,False,False,False
46.0,2,0,1956.6,18.3,66372,26.5,15.3,10,184.6,0,True,False,False,False,False,False
80.0,4,0,1638.4,25.8,70238,27.7,10.2,5,71.2,0,False,False,False,True,False,False
110.0,5,1,1529.5,36.2,105462,32.7,11.3,2,158.4,0,False,False,False,False,True,False
42.0,2,0,2324.5,16.1,83796,41.1,13.4,12,83.9,0,False,False,True,False,False,False
100.0,3,0,2324.5,16.1,83796,41.1,13.4,9,148.1,0,False,False,True,False,False,False
48.0,2,0,1638.4,25.8,70238,27.7,10.2,6,103.7,0,False,False,False,True,False,False
18.0,1,0,2324.5,16.1,83796,41.1,13.4,5,208.5,0,False,False,True,False,False,False
56.0,3,0,1529.5,36.2,105462,32.7,11.3,9,28.5,0,False,False,False,False,True,False
125.0,8,1,1956.6,18.3,66372,26.5,15.3,4,123.7,0,True,False,False,False,False,False
45.0,2,0,1935.5,19.1,96734,32.2,13.0,12,149.4,0,False,True,False,False,False,False
67.0,4,0,1638.4,25.8,70238,27.7,10.2,7,56.0,0,False,False,False,True,False,False
42.0,2,0,1529.5,36.2,105462,32.7,11.3,12,44.5,0,False,False,False,False,True,False
35.0,1,0,2324.5,16.1,83796,41.1,13.4,1,113.5,0,False,False,True,False,False,False
160.0,6,1,1638.4,25.8,70238,27.7,10.2,11,218.5,0,False,False,False,True,False,False
98.0,4,1,1935.5,19.1,96734,32.2,13.0,3,204.7,0,False,True,False,False,False,False
20.0,1,0,2324.5,16.1,83796,41.1,13.4,4,72.2,0,False,False,True,False,False,False
30.0,1,0,1638.4,25.8,70238,27.7,10.2,8,82.7,0,False,False,False,True,False,False
26.0,1,0,1956.6,18.3,66372,26.5,15.3,8,139.0,0,True,False,False,False,False,False
93.0,5,0,1638.4,25.8,70238,27.7,10.2,3,71.5,0,False,False,False,True,False,False
167.0,5,1,1935.5,19.1,96734,32.2,13.0,1,181.3,0,False,True,False,False,False,False
125.0,4,1,2324.5,16.1,83796,41.1,13.4,12,118.3,0,False,False,True,False,False,False
67.0,3,0,1935.5,19.1,96734,32.2,13.0,2,257.0,0,False,True,False,False,False,False
30.0,1,0,1638.4,25.8,70238,27.7,10.2,10,224.9,0,False,False,False,True,False,False
37.0,2,0,1529.5,36.2,105462,32.7,11.3,9,135.3,0,False,False,False,False,True,False
56.0,2,0,1638.4,25.8,70238,27.7,10.2,6,250.5,0,False,False,False,True,False,False
64.0,3,0,1935.5,19.1,96734,32.2,13.0,5,132.8,0,False,True,False,False,False,False
43.0,2,0,1956.6,18.3,66372,26.5,15.3,12,185.9,0,True,False,False,False,False,False
115.0,5,1,1529.5,36.2,105462,32.7,11.3,8,67.3,0,False,False,False,False,True,False
76.0,4,1,1935.5,19.1,96734,32.2,13.0,2,134.3,0,False,True,False,False,False,False
68.0,3,0,2155.0,15.3,70863,28.8,15.8,9,53.9,0,False,False,False,False,False,True
63.0,4,0,1638.4,25.8,70238,27.7,10.2,7,39.5,0,False,False,False,True,False,False
21.0,1,0,1638.4,25.8,70238,27.7,10.2,1,106.1,0,False,False,False,True,False,False
150.0,6,1,1529.5,36.2,105462,32.7,11.3,4,9.6,0,False,False,False,False,True,False
22.0,1,0,2155.0,15.3,70863,28.8,15.8,1,595.7,0,False,False,False,False,False,True
38.0,2,0,1935.5,19.1,96734,32.2,13.0,6,218.1,0,False,True,False,False,False,False
100.0,4,0,1638.4,25.8,70238,27.7,10.2,9,12.4,0,False,False,False,True,False,False
67.0,2,0,1935.5,19.1,96734,32.2,13.0,7,70.5,0,False,True,False,False,False,False
86.0,4,1,1956.6,18.3,66372,26.5,15.3,1,453.3,0,True,False,False,False,False,False
84.0,4,0,1638.4,25.8,70238,27.7,10.2,3,301.2,0,False,False,False,True,False,False
44.0,2,0,2155.0,15.3,70863,28.8,15.8,7,27.7,0,False,False,False,False,False,True
35.0,1,0,1638.4,25.8,70238,27.7,10.2,1,144.3,0,False,False,False,True,False,False
100.0,3,0,2155.0,15.3,70863,28.8,15.8,3,201.8,0,False,False,False,False,False,True
20.0,1,0,1935.5,19.1,96734,32.2,13.0,9,115.5,0,False,True,False,False,False,False
18.0,1,0,2155.0,15.3,70863,28.8,15.8,8,103.7,0,False,False,False,False,False,True
18.0,1,0,2324.5,16.1,83796,41.1,13.4,8,108.0,0,False,False,True,False,False,False
46.0,2,0,2324.5,16.1,83796,41.1,13.4,11,81.2,0,False,False,True,False,False,False
31.0,1,0,2324.5,16.1,83796,41.1,13.4,1,178.8,0,False,False,True,False,False,False
45.0,2,0,2324.5,16.1,83796,41.1,13.4,1,145.8,0,False,False,True,False,False,False
50.0,2,0,1529.5,36.2,105462,32.7,11.3,9,166.6,0,False,False,False,False,True,False
42.0,2,0,2155.0,15.3,70863,28.8,15.8,9,68.3,0,False,False,False,False,False,True
38.0,1,0,2324.5,16.1,83796,41.1,13.4,3,143.7,0,False,False,True,False,False,False
36.0,1,0,1529.5,36.2,105462,32.7,11.3,5,169.1,0,False,False,False,False,True,False
51.0,2,1,1529.5,36.2,105462,32.7,11.3,11,127.2,0,False,False,False,False,True,False
77.0,4,0,1638.4,25.8,70238,27.7,10.2,5,104.1,0,False,False,False,True,False,False
80.0,4,0,2155.0,15.3,70863,28.8,15.8,11,171.7,0,False,False,False,False,False,True
65.0,3,1,1638.4,25.8,70238,27.7,10.2,11,117.7,0,False,False,False,True,False,False
49.0,2,0,1638.4,25.8,70238,27.7,10.2,4,165.6,0,False,False,False,True,False,False
35.0,2,0,1935.5,19.1,96734,32.2,13.0,3,30.9,0,False,True,False,False,False,False
21.0,2,0,2155.0,15.3,70863,28.8,15.8,1,94.3,0,False,False,False,False,False,True
44.0,2,0,1956.6,18.3,66372,26.5,15.3,11,155.5,0,True,False,False,False,False,False
83.0,4,1,1956.6,18.3,66372,26.5,15.3,10,219.5,0,True,False,False,False,False,False
67.0,3,0,1529.5,36.2,105462,32.7,11.3,11,126.6,0,False,False,False,False,True,False
30.0,1,0,2324.5,16.1,83796,41.1,13.4,1,75.6,0,False,False,True,False,False,False
65.0,4,0,2324.5,16.1,83796,41.1,13.4,5,35.7,0,False,False,True,False,False,False
125.0,5,1,1638.4,25.8,70238,27.7,10.2,7,167.5,0,False,False,False,True,False,False
124.0,4,0,2324.5,16.1,83796,41.1,13.4,1,119.2,0,False,False,True,False,False,False
160.0,7,1,1638.4,25.8,70238,27.7,10.2,2,238.2,0,False,False,False,True,False,False
93.0,4,0,2324.5,16.1,83796,41.1,13.4,1,93.2,0,False,False,True,False,False,False
69.0,4,0,1638.4,25.8,70238,27.7,10.2,6,83.8,0,False,False,False,True,False,False
86.0,4,0,1935.5,19.1,96734,32.2,13.0,1,166.5,0,False,True,False,False,False,False
73.0,3,1,1956.6,18.3,66372,26.5,15.3,7,158.5,0,True,False,False,False,False,False
67.0,4,0,1529.5,36.2,105462,32.7,11.3,12,107.1,0,False,False,False,False,True,False
64.0,4,0,1529.5,36.2,105462,32.7,11.3,8,18.8,0,False,False,False,False,True,False
59.0,3,0,2155.0,15.3,70863,28.8,15.8,6,183.6,1,False,False,False,False,False,True
59.0,3,0,1638.4,25.8,70238,27.7,10.2,3,180.2,0,False,False,False,True,False,False
90.0,4,1,1935.5,19.1,96734,32.2,13.0,1,166.5,0,False,True,False,False,False,False
66.0,3,0,1529.5,36.2,105462,32.7,11.3,10,114.1,0,False,False,False,False,True,False
107.0,5,1,1529.5,36.2,105462,32.7,11.3,7,134.5,0,False,False,False,False,True,False
41.0,2,0,1638.4,25.8,70238,27.7,10.2,11,153.7,1,False,False,False,True,False,False
46.0,2,0,1956.6,18.3,66372,26.5,15.3,4,46.5,0,True,False,False,False,False,False
25.0,1,0,1638.4,25.8,70238,27.7,10.2,5,8.4,0,False,False,False,True,False,False
25.0,1,0,2324.5,16.1,83796,41.1,13.4,5,266.1,0,False,False,True,False,False,False
147.0,4,1,1638.4,25.8,70238,27.7,10.2,1,269.2,1,False,False,False,True,False,False
27.0,1,0,1935.5,19.1,96734,32.2,13.0,8,18.7,0,False,True,False,False,False,False
63.0,3,0,1935.5,19.1,96734,32.2,13.0,4,117.8,0,False,True,False,False,False,False
99.0,4,0,1529.5,36.2,105462,32.7,11.3,9,170.8,0,False,False,False,False,True,False
34.0,2,0,2155.0,15.3,70863,28.8,15.8,7,75.1,0,False,False,False,False,False,True
82.0,4,1,1956.6,18.3,66372,26.5,15.3,7,407.9,0,True,False,False,False,False,False
96.0,4,0,1638.4,25.8,70238,27.7,10.2,12,68.3,0,False,False,False,True,False,False
53.0,3,0,2155.0,15.3,70863,28.8,15.8,6,111.3,0,False,False,False,False,False,True
19.0,1,0,1638.4,25.8,70238,27.7,10.2,12,97.4,0,False,False,False,True,False,False
45.0,2,0,2324.5,16.1,83796,41.1,13.4,1,127.1,0,False,False,True,False,False,False
31.0,1,0,1638.4,25.8,70238,27.7,10.2,6,343.6,0,False,False,False,True,False,False
68.0,3,0,1529.5,36.2,105462,32.7,11.3,9,59.4,0,False,False,False,False,True,False
72.0,4,0,2324.5,16.1,83796,41.1,13.4,2,141.8,0,False,False,True,False,False,False
30.0,2,1,1529.5,36.2,105462,32.7,11.3,10,31.6,0,False,False,False,False,True,False
83.0,5,1,1956.6,18.3,66372,26.5,15.3,5,128.1,0,True,False,False,False,False,False
63.0,4,0,1956.6,18.3,66372,26.5,15.3,3,138.8,0,True,False,False,False,False,False
28.0,2,0,1529.5,36.2,105462,32.7,11.3,1,89.0,0,False,False,False,False,True,False
150.0,6,1,1529.5,36.2,105462,32.7,11.3,8,68.0,0,False,False,False,False,True,False
46.0,3,0,1638.4,25.8,70238,27.7,10.2,5,251.6,0,False,False,False,True,False,False
21.0,1,0,1956.6,18.3,66372,26.5,15.3,12,137.9,0,True,False,False,False,False,False
54.0,3,0,2155.0,15.3,70863,28.8,15.8,12,120.4,0,False,False,False,False,False,True
67.0,4,0,1529.5,36.2,105462,32.7,11.3,8,101.0,0,False,False,False,False,True,False
49.0,2,0,1638.4,25.8,70238,27.7,10.2,1,62.7,0,False,False,False,True,False,False
101.0,5,1,1935.5,19.1,96734,32.2,13.0,9,168.2,0,False,True,False,False,False,False
45.0,2,0,2324.5,16.1,83796,41.1,13.4,12,96.6,0,False,False,True,False,False,False
73.0,3,0,2155.0,15.3,70863,28.8,15.8,2,130.1,0,False,False,False,False,False,True
21.0,1,0,1638.4,25.8,70238,27.7,10.2,9,116.5,0,False,False,False,True,False,False
23.0,2,0,2324.5,16.1,83796,41.1,13.4,11,173.5,0,False,False,True,False,False,False
68.0,4,0,2155.0,15.3,70863,28.8,15.8,10,35.2,0,False,False,False,False,False,True
29.0,1,0,2324.5,16.1,83796,41.1,13.4,9,78.9,0,False,False,True,False,False,False
95.0,5,1,1956.6,18.3,66372,26.5,15.3,9,282.4,0,True,False,False,False,False,False
70.0,5,1,1638.4,25.8,70238,27.7,10.2,7,224.4,0,False,False,False,True,False,False
53.0,2,0,2324.5,16.1,83796,41.1,13.4,10,192.9,0,False,False,True,False,False,False
54.0,2,0,1638.4,25.8,70238,27.7,10.2,12,179.5,0,False,False,False,True,False,False
89.0,3,1,1638.4,25.8,70238,27.7,10.2,12,127.9,0,False,False,False,True,False,False
29.0,2,0,2324.5,16.1,83796,41.1,13.4,3,93.7,0,False,False,True,False,False,False
48.0,2,0,1956.6,18.3,66372,26.5,15.3,9,211.1,0,True,False,False,False,False,False
89.0,4,0,2155.0,15.3,70863,28.8,15.8,9,191.0,0,False,False,False,False,False,True
86.0,3,0,1935.5,19.1,96734,32.2,13.0,7,120.8,0,False,True,False,False,False,False
16.0,1,0,1529.5,36.2,105462,32.7,11.3,8,80.1,0,False,False,False,False,True,False
38.0,2,0,2324.5,16.1,83796,41.1,13.4,3,193.7,0,False,False,True,False,False,False
18.0,1,0,2324.5,16.1,83796,41.1,13.4,2,151.1,0,False,False,True,False,False,False
56.0,2,0,2324.5,16.1,83796,41.1,13.4,4,256.5,0,False,False,True,False,False,False
27.0,1,0,2155.0,15.3,70863,28.8,15.8,6,52.2,0,False,False,False,False,False,True
45.0,2,0,2155.0,15.3,70863,28.8,15.8,8,25.2,0,False,False,False,False,False,True
15.0,1,0,2155.0,15.3,70863,28.8,15.8,8,173.2,1,False,False,False,False,False,True
48.0,2,0,2155.0,15.3,70863,28.8,15.8,9,14.5,0,False,False,False,False,False,True
105.0,3,0,2324.5,16.1,83796,41.1,13.4,9,182.2,0,False,False,True,False,False,False
21.0,1,0,2155.0,15.3,70863,28.8,15.8,4,133.1,0,False,False,False,False,False,True
57.0,2,0,2324.5,16.1,83796,41.1,13.4,6,163.4,0,False,False,True,False,False,False
63.0,3,0,1529.5,36.2,105462,32.7,11.3,1,73.0,0,False,False,False,False,True,False
22.0,1,0,1529.5,36.2,105462,32.7,11.3,7,8.0,0,False,False,False,False,True,False
63.0,3,0,1956.6,18.3,66372,26.5,15.3,5,41.3,0,True,False,False,False,False,False
60.0,3,0,1935.5,19.1,96734,32.2,13.0,2,132.6,1,False,True,False,False,False,False
38.0,2,0,1638.4,25.8,70238,27.7,10.2,11,121.2,0,False,False,False,True,False,False
66.0,3,0,1935.5,19.1,96734,32.2,13.0,6,94.5,0,False,True,False,False,False,False
47.0,2,0,1956.6,18.3,66372,26.5,15.3,8,41.3,0,True,False,False,False,False,False
115.0,3,0,1529.5,36.2,105462,32.7,11.3,12,2.0,0,False,False,False,False,True,False
48.0,2,0,1935.5,19.1,96734,32.2,13.0,7,110.7,1,False,True,False,False,False,False
93.0,4,0,2324.5,16.1,83796,41.1,13.4,11,126.5,0,False,False,True,False,False,False
60.0,3,0,2155.0,15.3,70863,28.8,15.8,6,105.1,0,False,False,False,False,False,True
77.0,3,0,2324.5,16.1,83796,41.1,13.4,7,128.2,0,False,False,True,False,False,False
73.0,4,0,1956.6,18.3,66372,26.5,15.3,6,294.5,0,True,False,False,False,False,False
89.0,4,1,1638.4,25.8,70238,27.7,10.2,12,319.9,0,False,False,False,True,False,False
68.0,3,0,2155.0,15.3,70863,28.8,15.8,5,31.2,0,False,False,False,False,False,True
86.0,4,0,2155.0,15.3,70863,28.8,15.8,7,160.7,0,False,False,False,False,False,True
101.0,4,0,1529.5,36.2,105462,32.7,11.3,7,136.3,0,False,False,False,False,True,False
68.0,3,0,1935.5,19.1,96734,32.2,13.0,10,93.9,0,False,True,False,False,False,False
59.0,2,0,2324.5,16.1,83796,41.1,13.4,9,137.9,0,False,False,True,False,False,False
60.0,3,0,1638.4,25.8,70238,27.7,10.2,8,113.6,0,False,False,False,True,False,False
61.0,3,1,2155.0,15.3,70863,28.8,15.8,9,212.0,0,False,False,False,False,False,True
46.0,2,0,2324.5,16.1,83796,41.1,13.4,5,130.0,0,False,False,True,False,False,False
97.0,3,0,2324.5,16.1,83796,41.1,13.4,1,45.0,0,False,False,True,False,False,False
22.0,1,0,1529.5,36.2,105462,32.7,11.3,1,89.0,0,False,False,False,False,True,False
62.0,3,0,2324.5,16.1,83796,41.1,13.4,11,97.9,0,False,False,True,False,False,False
84.0,4,0,2324.5,16.1,83796,41.1,13.4,8,280.0,0,False,False,True,False,False,False
80.0,4,1,1956.6,18.3,66372,26.5,15.3,9,146.2,0,True,False,False,False,False,False
48.0,2,0,1529.5,36.2,105462,32.7,11.3,3,217.2,0,False,False,False,False,True,False
40.0,2,0,1935.5,19.1,96734,32.2,13.0,3,31.0,0,False,True,False,False,False,False
44.0,2,0,1529.5,36.2,105462,32.7,11.3,10,84.4,0,False,False,False,False,True,False
91.0,4,0,1935.5,19.1,96734,32.2,13.0,6,202.3,0,False,True,False,False,False,False
83.0,4,1,1638.4,25.8,70238,27.7,10.2,12,66.3,0,False,False,False,True,False,False
43.0,2,0,1935.5,19.1,96734,32.2,13.0,3,62.6,0,False,True,False,False,False,False
26.0,2,0,1638.4,25.8,70238,27.7,10.2,10,109.5,0,False,False,False,True,False,False
35.0,2,0,2324.5,16.1,83796,41.1,13.4,7,108.0,0,False,False,True,False,False,False
112.0,4,0,1638.4,25.8,70238,27.7,10.2,5,290.3,1,False,False,False,True,False,False
67.0,3,0,2324.5,16.1,83796,41.1,13.4,2,98.5,0,False,False,True,False,False,False
67.0,4,0,1529.5,36.2,105462,32.7,11.3,7,84.6,0,False,False,False,False,True,False
85.0,4,0,1956.6,18.3,66372,26.5,15.3,7,519.7,0,True,False,False,False,False,False
28.0,1,0,2324.5,16.1,83796,41.1,13.4,4,263.9,0,False,False,True,False,False,False
170.0,5,1,1935.5,19.1,96734,32.2,13.0,12,241.8,0,False,True,False,False,False,False
52.0,2,0,2324.5,16.1,83796,41.1,13.4,12,67.6,0,False,False,True,False,False,False
65.0,3,0,1935.5,19.1,96734,32.2,13.0,12,111.5,0,False,True,False,False,False,False
52.0,2,0,1935.5,19.1,96734,32.2,13.0,3,70.8,0,False,True,False,False,False,False
56.0,3,0,1935.5,19.1,96734,32.2,13.0,5,103.7,0,False,True,False,False,False,False
86.0,4,0,1638.4,25.8,70238,27.7,10.2,11,98.2,0,False,False,False,True,False,False
88.0,4,1,1935.5,19.1,96734,32.2,13.0,3,97.5,0,False,True,False,False,False,False
118.0,4,1,1956.6,18.3,66372,26.5,15.3,3,264.8,0,True,False,False,False,False,False
49.0,2,0,1956.6,18.3,66372,26.5,15.3,2,449.2,0,True,False,False,False,False,False
82.0,3,0,2324.5,16.1,83796,41.1,13.4,12,129.7,0,False,False,True,False,False,False
69.0,4,0,1529.5,36.2,105462,32.7,11.3,8,195.7,0,False,False,False,False,True,False
200.0,8,1,2324.5,16.1,83796,41.1,13.4,9,32.3,0,False,False,True,False,False,False
57.0,3,0,2324.5,16.1,83796,41.1,13.4,11,215.9,0,False,False,True,False,False,False
70.0,3,1,1935.5,19.1,96734,32.2,13.0,11,194.8,0,False,True,False,False,False,False
73.0,4,0,1935.5,19.1,96734,32.2,13.0,7,107.5,0,False,True,False,False,False,False
57.0,3,0,1935.5,19.1,96734,32.2,13.0,2,273.9,0,False,True,False,False,False,False
65.0,4,0,1935.5,19.1,96734,32.2,13.0,7,151.3,0,False,True,False,False,False,False
76.0,4,1,1956.6,18.3,66372,26.5,15.3,7,88.5,0,True,False,False,False,False,False
130.0,5,0,1529.5,36.2,105462,32.7,11.3,7,203.9,0,False,False,False,False,True,False
62.0,3,1,1529.5,36.2,105462,32.7,11.3,3,134.1,0,False,False,False,False,True,False
63.0,3,0,1638.4,25.8,70238,27.7,10.2,4,234.0,0,False,False,False,True,False,False
77.0,4,0,1956.6,18.3,66372,26.5,15.3,7,239.1,0,True,False,False,False,False,False
16.0,1,0,2324.5,16.1,83796,41.1,13.4,8,153.1,0,False,False,True,False,False,False
122.0,6,1,1529.5,36.2,105462,32.7,11.3,10,195.2,0,False,False,False,False,True,False
47.0,2,0,1638.4,25.8,70238,27.7,10.2,5,112.6,0,False,False,False,True,False,False
131.0,4,0,2324.5,16.1,83796,41.1,13.4,7,121.1,0,False,False,True,False,False,False
140.0,5,0,2155.0,15.3,70863,28.8,15.8,5,148.1,0,False,False,False,False,False,True
74.0,3,0,2324.5,16.1,83796,41.1,13.4,12,87.2,0,False,False,True,False,False,False
95.0,4,0,2155.0,15.3,70863,28.8,15.8,7,79.1,0,False,False,False,False,False,True
62.0,3,0,1529.5,36.2,105462,32.7,11.3,6,99.1,0,False,False,False,False,True,False
41.0,2,0,1935.5,19.1,96734,32.2,13.0,7,71.2,0,False,True,False,False,False,False
20.0,1,0,2324.5,16.1,83796,41.1,13.4,9,115.7,0,False,False,True,False,False,False
74.0,4,0,1935.5,19.1,96734,32.2,13.0,9,93.5,0,False,True,False,False,False,False
64.0,4,0,1638.4,25.8,70238,27.7,10.2,7,48.0,0,False,False,False,True,False,False
122.0,4,1,2324.5,16.1,83796,41.1,13.4,12,152.3,0,False,False,True,False,False,False
125.0,5,0,2324.5,16.1,83796,41.1,13.4,11,23.2,0,False,False,True,False,False,False
70.0,3,0,1935.5,19.1,96734,32.2,13.0,3,79.2,0,False,True,False,False,False,False
90.0,4,0,2155.0,15.3,70863,28.8,15.8,9,198.5,0,False,False,False,False,False,True
54.0,3,0,1935.5,19.1,96734,32.2,13.0,7,53.0,0,False,True,False,False,False,False
58.0,3,0,2155.0,15.3,70863,28.8,15.8,4,62.6,0,False,False,False,False,False,True
54.0,3,0,1638.4,25.8,70238,27.7,10.2,7,56.0,0,False,False,False,True,False,False
67.0,4,0,1638.4,25.8,70238,27.7,10.2,2,59.0,0,False,False,False,True,False,False
125.0,4,1,1638.4,25.8,70238,27.7,10.2,5,44.5,0,False,False,False,True,False,False
42.0,2,0,1935.5,19.1,96734,32.2,13.0,6,113.8,0,False,True,False,False,False,False
30.0,1,0,2324.5,16.1,83796,41.1,13.4,8,101.3,0,False,False,True,False,False,False
20.0,1,0,1529.5,36.2,105462,32.7,11.3,11,40.0,0,False,False,False,False,True,False
67.0,3,0,1529.5,36.2,105462,32.7,11.3,4,149.9,0,False,False,False,False,True,False
27.0,1,0,2324.5,16.1,83796,41.1,13.4,7,192.2,0,False,False,True,False,False,False
100.0,4,0,2324.5,16.1,83796,41.1,13.4,12,150.4,0,False,False,True,False,False,False
62.0,3,0,1956.6,18.3,66372,26.5,15.3,11,136.8,0,True,False,False,False,False,False
66.0,4,0,1529.5,36.2,105462,32.7,11.3,1,227.7,0,False,False,False,False,True,False
44.0,2,0,2155.0,15.3,70863,28.8,15.8,10,202.2,0,False,False,False,False,False,True
22.0,1,0,2324.5,16.1,83796,41.1,13.4,9,151.7,0,False,False,True,False,False,False
57.0,3,0,1529.5,36.2,105462,32.7,11.3,11,305.6,1,False,False,False,False,True,False
57.0,3,0,1529.5,36.2,105462,32.7,11.3,8,136.5,0,False,False,False,False,True,False
45.0,2,0,1935.5,19.1,96734,32.2,13.0,7,157.6,0,False,True,False,False,False,False
114.0,4,0,1935.5,19.1,96734,32.2,13.0,11,218.5,1,False,True,False,False,False,False
69.0,3,0,1935.5,19.1,96734,32.2,13.0,12,149.4,0,False,True,False,False,False,False
37.0,1,0,1638.4,25.8,70238,27.7,10.2,11,50.1,0,False,False,False,True,False,False
46.0,2,0,1529.5,36.2,105462,32.7,11.3,12,95.1,0,False,False,False,False,True,False
60.0,4,0,1638.4,25.8,70238,27.7,10.2,10,275.5,0,False,False,False,True,False,False
20.0,1,0,2155.0,15.3,70863,28.8,15.8,8,92.6,0,False,False,False,False,False,True
43.0,2,0,1529.5,36.2,105462,32.7,11.3,3,78.5,0,False,False,False,False,True,False
26.0,1,0,1935.5,19.1,96734,32.2,13.0,11,381.4,0,False,True,False,False,False,False
60.0,3,1,1956.6,18.3,66372,26.5,15.3,6,136.3,0,True,False,False,False,False,False
65.0,3,0,1935.5,19.1,96734,32.2,13.0,8,156.3,0,False,True,False,False,False,False
38.0,2,0,2155.0,15.3,70863,28.8,15.8,10,120.5,0,False,False,False,False,False,True
106.0,4,0,1956.6,18.3,66372,26.5,15.3,12,60.8,0,True,False,False,False,False,False
63.0,3,0,1935.5,19.1,96734,32.2,13.0,12,344.1,0,False,True,False,False,False,False
70.0,3,0,1638.4,25.8,70238,27.7,10.2,2,291.6,0,False,False,False,True,False,False
41.0,2,0,2324.5,16.1,83796,41.1,13.4,12,121.4,0,False,False,True,False,False,False
51.0,2,0,1935.5,19.1,96734,32.2,13.0,6,76.6,0,False,True,False,False,False,False
62.0,3,0,1529.5,36.2,105462,32.7,11.3,3,138.4,0,False,False,False,False,True,False
19.0,1,0,2324.5,16.1,83796,41.1,13.4,3,53.5,0,False,False,True,False,False,False
90.0,4,1,1529.5,36.2,105462,32.7,11.3,12,180.5,0,False,False,False,False,True,False
36.0,2,0,1935.5,19.1,96734,32.2,13.0,2,124.0,0,False,True,False,False,False,False
41.0,1,0,1638.4,25.8,70238,27.7,10.2,11,51.4,0,False,False,False,True,False,False
43.0,1,0,2324.5,16.1,83796,41.1,13.4,9,165.6,0,False,False,True,False,False,False
54.0,2,0,1935.5,19.1,96734,32.2,13.0,9,172.4,0,False,True,False,False,False,False
66.0,3,0,2155.0,15.3,70863,28.8,15.8,4,184.8,0,False,False,False,False,False,True
60.0,3,0,1529.5,36.2,105462,32.7,11.3,8,234.8,0,False,False,False,False,True,False
19.0,1,0,1529.5,36.2,105462,32.7,11.3,3,148.0,0,False,False,False,False,True,False
45.0,3,0,1935.5,19.1,96734,32.2,13.0,10,120.5,0,False,True,False,False,False,False
54.0,3,0,1529.5,36.2,105462,32.7,11.3,12,310.3,0,False,False,False,False,True,False
22.0,1,0,2155.0,15.3,70863,28.8,15.8,12,595.7,0,False,False,False,False,False,True
65.0,4,0,1638.4,25.8,70238,27.7,10.2,12,81.5,0,False,False,False,True,False,False
39.0,1,0,1638.4,25.8,70238,27.7,10.2,7,56.7,0,False,False,False,True,False,False
15.0,1,0,2324.5,16.1,83796,41.1,13.4,9,39.1,0,False,False,True,False,False,False
77.0,4,0,1638.4,25.8,70238,27.7,10.2,5,81.2,0,False,False,False,True,False,False
52.0,3,0,2155.0,15.3,70863,28.8,15.8,4,81.4,0,False,False,False,False,False,True
50.0,2,0,1956.6,18.3,66372,26.5,15.3,10,60.8,0,True,False,False,False,False,False
48.0,2,0,1935.5,19.1,96734,32.2,13.0,3,119.3,0,False,True,False,False,False,False
16.0,1,0,1529.5,36.2,105462,32.7,11.3,2,158.6,0,False,False,False,False,True,False
72.0,3,1,1935.5,19.1,96734,32.2,13.0,2,130.7,0,False,True,False,False,False,False
75.0,4,0,1935.5,19.1,96734,32.2,13.0,2,197.0,0,False,True,False,False,False,False
57.0,3,0,1935.5,19.1,96734,32.2,13.0,1,158.5,0,False,True,False,False,False,False
53.0,3,0,1638.4,25.8,70238,27.7,10.2,12,30.9,0,False,False,False,True,False,False
58.0,3,0,1935.5,19.1,96734,32.2,13.0,10,111.4,0,False,True,False,False,False,False
88.0,4,0,1529.5,36.2,105462,32.7,11.3,12,225.5,1,False,False,False,False,True,False
50.0,2,0,1935.5,19.1,96734,32.2,13.0,5,36.2,0,False,True,False,False,False,False
53.0,3,0,2155.0,15.3,70863,28.8,15.8,12,27.7,0,False,False,False,False,False,True
32.0,1,0,1935.5,19.1,96734,32.2,13.0,6,92.9,0,False,True,False,False,False,False
66.0,3,0,1935.5,19.1,96734,32.2,13.0,5,181.2,0,False,True,False,False,False,False
46.0,2,0,1638.4,25.8,70238,27.7,10.2,5,111.1,0,False,False,False,True,False,False
83.0,4,0,1529.5,36.2,105462,32.7,11.3,4,79.8,0,False,False,False,False,True,False
42.0,2,0,1935.5,19.1,96734,32.2,13.0,7,243.6,0,False,True,False,False,False,False
73.0,3,0,1956.6,18.3,66372,26.5,15.3,1,108.3,0,True,False,False,False,False,False
62.0,3,0,1935.5,19.1,96734,32.2,13.0,3,224.3,0,False,True,False,False,False,False
100.0,4,0,1638.4,25.8,70238,27.7,10.2,8,148.0,0,False,False,False,True,False,False
51.0,3,0,1956.6,18.3,66372,26.5,15.3,2,459.2,0,True,False,False,False,False,False
16.0,1,0,2324.5,16.1,83796,41.1,13.4,6,340.1,0,False,False,True,False,False,False
15.0,1,0,1529.5,36.2,105462,32.7,11.3,4,89.3,0,False,False,False,False,True,False
34.0,2,0,1638.4,25.8,70238,27.7,10.2,6,99.2,0,False,False,False,True,False,False
113.0,4,0,2324.5,16.1,83796,41.1,13.4,1,353.8,0,False,False,True,False,False,False
86.0,5,1,1956.6,18.3,66372,26.5,15.3,3,109.8,0,True,False,False,False,False,False
35.0,1,0,1956.6,18.3,66372,26.5,15.3,4,239.1,0,True,False,False,False,False,False
24.0,1,0,2324.5,16.1,83796,41.1,13.4,4,247.8,0,False,False,True,False,False,False
63.0,3,0,2155.0,15.3,70863,28.8,15.8,3,118.6,0,False,False,False,False,False,True
35.0,2,0,2155.0,15.3,70863,28.8,15.8,8,192.4,0,False,False,False,False,False,True
52.0,3,0,2155.0,15.3,70863,28.8,15.8,6,82.9,0,False,False,False,False,False,True
74.0,3,1,1529.5,36.2,105462,32.7,11.3,12,65.0,0,False,False,False,False,True,False
28.0,1,0,2155.0,15.3,70863,28.8,15.8,10,52.4,0,False,False,False,False,False,True
49.0,2,0,2155.0,15.3,70863,28.8,15.8,10,115.5,0,False,False,False,False,False,True
81.0,4,0,2155.0,15.3,70863,28.8,15.8,2,32.8,0,False,False,False,False,False,True
43.0,2,0,2155.0,15.3,70863,28.8,15.8,4,127.5,0,False,False,False,False,False,True
70.0,3,0,1638.4,25.8,70238,27.7,10.2,2,71.2,0,False,False,False,True,False,False
23.0,2,0,1935.5,19.1,96734,32.2,13.0,1,321.0,0,False,True,False,False,False,False
40.0,2,0,1529.5,36.2,105462,32.7,11.3,8,48.9,0,False,False,False,False,True,False
58.0,3,0,2324.5,16.1,83796,41.1,13.4,6,275.2,0,False,False,True,False,False,False
38.0,2,0,2324.5,16.1,83796,41.1,13.4,3,201.8,0,False,False,True,False,False,False
163.0,8,1,1638.4,25.8,70238,27.7,10.2,2,110.4,0,False,False,False,True,False,False
63.0,4,0,1935.5,19.1,96734,32.2,13.0,3,422.0,0,False,True,False,False,False,False
29.0,2,0,2324.5,16.1,83796,41.1,13.4,7,89.0,0,False,False,True,False,False,False
18.0,1,0,1956.6,18.3,66372,26.5,15.3,1,47.2,1,True,False,False,False,False,False
87.0,4,0,2155.0,15.3,70863,28.8,15.8,12,159.7,0,False,False,False,False,False,True
37.0,2,0,1529.5,36.2,105462,32.7,11.3,3,70.0,0,False,False,False,False,True,False
111.0,4,1,1529.5,36.2,105462,32.7,11.3,4,124.5,0,False,False,False,False,True,False
33.0,1,0,1529.5,36.2,105462,32.7,11.3,11,136.1,0,False,False,False,False,True,False
15.0,1,0,2324.5,16.1,83796,41.1,13.4,5,79.8,0,False,False,True,False,False,False
45.0,3,0,1935.5,19.1,96734,32.2,13.0,7,245.9,0,False,True,False,False,False,False
69.0,3,0,2155.0,15.3,70863,28.8,15.8,12,72.0,0,False,False,False,False,False,True
100.0,4,1,2155.0,15.3,70863,28.8,15.8,9,114.9,0,False,False,False,False,False,True
15.0,1,0,2155.0,15.3,70863,28.8,15.8,6,75.1,0,False,False,False,False,False,True
120.0,5,1,1956.6,18.3,66372,26.5,15.3,5,29.4,0,True,False,False,False,False,False
43.0,1,0,2155.0,15.3,70863,28.8,15.8,9,80.1,0,False,False,False,False,False,True
42.0,2,0,2324.5,16.1,83796,41.1,13.4,5,93.7,0,False,False,True,False,False,False
63.0,3,0,1935.5,19.1,96734,32.2,13.0,12,218.7,0,False,True,False,False,False,False
63.0,3,0,1956.6,18.3,66372,26.5,15.3,12,173.1,0,True,False,False,False,False,False
49.0,3,0,1956.6,18.3,66372,26.5,15.3,10,42.2,0,True,False,False,False,False,False
64.0,3,0,1935.5,19.1,96734,32.2,13.0,3,142.8,0,False,True,False,False,False,False
60.0,3,0,1529.5,36.2,105462,32.7,11.3,4,120.6,0,False,False,False,False,True,False
85.0,4,0,2324.5,16.1,83796,41.1,13.4,6,61.9,0,False,False,True,False,False,False
81.0,5,1,2324.5,16.1,83796,41.1,13.4,8,122.0,0,False,False,True,False,False,False
61.0,3,0,2155.0,15.3,70863,28.8,15.8,11,27.7,0,False,False,False,False,False,True
115.0,5,0,1956.6,18.3,66372,26.5,15.3,11,108.2,0,True,False,False,False,False,False
47.0,2,0,1935.5,19.1,96734,32.2,13.0,6,41.3,0,False,True,False,False,False,False
88.0,4,1,1638.4,25.8,70238,27.7,10.2,5,226.5,0,False,False,False,True,False,False
126.0,5,1,1935.5,19.1,96734,32.2,13.0,7,219.9,0,False,True,False,False,False,False
21.0,1,0,2155.0,15.3,70863,28.8,15.8,7,103.7,0,False,False,False,False,False,True
56.0,3,0,1935.5,19.1,96734,32.2,13.0,8,97.6,0,False,True,False,False,False,False
30.0,1,0,1956.6,18.3,66372,26.5,15.3,9,93.1,0,True,False,False,False,False,False
180.0,8,1,1935.5,19.1,96734,32.2,13.0,8,311.2,0,False,True,False,False,False,False
40.0,2,0,2324.5,16.1,83796,41.1,13.4,3,137.1,0,False,False,True,False,False,False
40.0,2,0,1638.4,25.8,70238,27.7,10.2,4,12.7,0,False,False,False,True,False,False
52.0,3,0,2155.0,15.3,70863,28.8,15.8,7,296.2,0,False,False,False,False,False,True
60.0,3,0,1956.6,18.3,66372,26.5,15.3,12,519.7,0,True,False,False,False,False,False
90.0,6,1,1529.5,36.2,105462,32.7,11.3,1,141.7,0,False,False,False,False,True,False
68.0,4,0,1638.4,25.8,70238,27.7,10.2,6,321.6,0,False,False,False,True,False,False
77.0,4,0,1935.5,19.1,96734,32.2,13.0,7,71.7,0,False,True,False,False,False,False
45.0,2,0,1935.5,19.1,96734,32.2,13.0,2,108.4,0,False,True,False,False,False,False
81.0,4,0,1529.5,36.2,105462,32.7,11.3,5,119.7,0,False,False,False,False,True,False
90.0,3,0,1638.4,25.8,70238,27.7,10.2,10,146.5,0,False,False,False,True,False,False
56.0,2,0,1529.5,36.2,105462,32.7,11.3,2,179.4,0,False,False,False,False,True,False
54.0,3,0,1638.4,25.8,70238,27.7,10.2,6,157.1,0,False,False,False,True,False,False
57.0,3,0,1638.4,25.8,70238,27.7,10.2,10,87.0,0,False,False,False,True,False,False
54.0,3,0,1935.5,19.1,96734,32.2,13.0,4,173.7,0,False,True,False,False,False,False
74.0,4,0,2155.0,15.3,70863,28.8,15.8,9,171.4,0,False,False,False,False,False,True
99.0,4,0,1529.5,36.2,105462,32.7,11.3,5,203.7,0,False,False,False,False,True,False
40.0,2,0,1935.5,19.1,96734,32.2,13.0,6,155.3,0,False,True,False,False,False,False
104.0,4,0,1956.6,18.3,66372,26.5,15.3,7,74.9,0,True,False,False,False,False,False
60.0,3,0,1935.5,19.1,96734,32.2,13.0,9,207.6,0,False,True,False,False,False,False
36.0,2,0,1935.5,19.1,96734,32.2,13.0,2,203.0,0,False,True,False,False,False,False
85.0,4,0,1529.5,36.2,105462,32.7,11.3,10,86.3,0,False,False,False,False,True,False
78.0,4,0,1529.5,36.2,105462,32.7,11.3,8,116.2,0,False,False,False,False,True,False
78.0,5,0,1935.5,19.1,96734,32.2,13.0,12,137.2,0,False,True,False,False,False,False
28.0,2,1,1638.4,25.8,70238,27.7,10.2,12,105.6,0,False,False,False,True,False,False
47.0,3,0,1956.6,18.3,66372,26.5,15.3,1,96.7,0,True,False,False,False,False,False
40.0,2,0,1638.4,25.8,70238,27.7,10.2,3,162.1,0,False,False,False,True,False,False
175.0,4,1,2324.5,16.1,83796,41.1,13.4,2,165.6,0,False,False,True,False,False,False
36.0,2,0,2155.0,15.3,70863,28.8,15.8,8,595.7,0,False,False,False,False,False,True
40.0,2,0,2155.0,15.3,70863,28.8,15.8,7,224.8,0,False,False,False,False,False,True
39.0,2,0,2155.0,15.3,70863,28.8,15.8,3,50.1,0,False,False,False,False,False,True
53.0,3,0,2324.5,16.1,83796,41.1,13.4,2,146.4,0,False,False,True,False,False,False
93.0,3,0,2324.5,16.1,83796,41.1,13.4,4,116.8,0,False,False,True,False,False,False
42.0,2,0,1529.5,36.2,105462,32.7,11.3,10,112.3,0,False,False,False,False,True,False
39.0,2,0,2155.0,15.3,70863,28.8,15.8,11,423.0,0,False,False,False,False,False,True
62.0,3,0,2155.0,15.3,70863,28.8,15.8,5,42.2,0,False,False,False,False,False,True
26.0,1,0,1638.4,25.8,70238,27.7,10.2,10,80.6,0,False,False,False,True,False,False
71.0,3,0,1935.5,19.1,96734,32.2,13.0,6,91.1,0,False,True,False,False,False,False
65.0,4,0,2155.0,15.3,70863,28.8,15.8,8,127.1,0,False,False,False,False,False,True
17.0,1,0,2324.5,16.1,83796,41.1,13.4,3,64.3,0,False,False,True,False,False,False
50.0,3,0,2155.0,15.3,70863,28.8,15.8,8,94.3,0,False,False,False,False,False,True
40.0,2,0,1529.5,36.2,105462,32.7,11.3,9,224.1,0,False,False,False,False,True,False
51.0,2,0,1529.5,36.2,105462,32.7,11.3,1,89.0,0,False,False,False,False,True,False
91.0,4,0,1935.5,19.1,96734,32.2,13.0,1,177.9,0,False,True,False,False,False,False
42.0,2,0,2155.0,15.3,70863,28.8,15.8,10,68.0,0,False,False,False,False,False,True
58.0,4,0,1956.6,18.3,66372,26.5,15.3,8,245.6,0,True,False,False,False,False,False
31.0,1,0,1529.5,36.2,105462,32.7,11.3,10,179.4,0,False,False,False,False,True,False
52.0,2,0,1638.4,25.8,70238,27.7,10.2,1,197.0,0,False,False,False,True,False,False
80.0,4,0,1935.5,19.1,96734,32.2,13.0,7,197.9,0,False,True,False,False,False,False
36.0,1,0,2324.5,16.1,83796,41.1,13.4,9,144.3,0,False,False,True,False,False,False
110.0,3,1,1529.5,36.2,105462,32.7,11.3,1,130.6,0,False,False,False,False,True,False
27.0,2,0,1529.5,36.2,105462,32.7,11.3,1,56.4,0,False,False,False,False,True,False
46.0,2,0,1935.5,19.1,96734,32.2,13.0,9,102.9,0,False,True,False,False,False,False
17.0,1,0,2324.5,16.1,83796,41.1,13.4,3,143.7,0,False,False,True,False,False,False
26.0,2,0,1529.5,36.2,105462,32.7,11.3,4,82.6,0,False,False,False,False,True,False
24.0,1,0,2324.5,16.1,83796,41.1,13.4,3,74.6,0,False,False,True,False,False,False
26.0,2,0,1529.5,36.2,105462,32.7,11.3,8,134.8,0,False,False,False,False,True,False
19.0,1,0,2324.5,16.1,83796,41.1,13.4,9,283.6,0,False,False,True,False,False,False
62.0,3,0,1638.4,25.8,70238,27.7,10.2,4,72.6,0,False,False,False,True,False,False
50.0,3,0,1529.5,36.2,105462,32.7,11.3,12,55.1,0,False,False,False,False,True,False
17.0,1,0,1638.4,25.8,70238,27.7,10.2,10,95.5,0,False,False,False,True,False,False
74.0,4,0,2155.0,15.3,70863,28.8,15.8,12,112.7,0,False,False,False,False,False,True
52.0,3,1,1935.5,19.1,96734,32.2,13.0,6,53.1,0,False,True,False,False,False,False
80.0,4,1,1638.4,25.8,70238,27.7,10.2,9,130.2,0,False,False,False,True,False,False
43.0,2,0,1529.5,36.2,105462,32.7,11.3,8,120.1,0,False,False,False,False,True,False
36.0,2,0,1935.5,19.1,96734,32.2,13.0,2,147.3,0,False,True,False,False,False,False
37.0,2,0,1935.5,19.1,96734,32.2,13.0,1,219.4,0,False,True,False,False,False,False
55.0,3,0,1935.5,19.1,96734,32.2,13.0,4,108.3,0,False,True,False,False,False,False
54.0,2,0,1529.5,36.2,105462,32.7,11.3,6,125.3,0,False,False,False,False,True,False
16.0,1,0,2155.0,15.3,70863,28.8,15.8,1,221.2,0,False,False,False,False,False,True
70.0,4,0,1935.5,19.1,96734,32.2,13.0,8,107.8,0,False,True,False,False,False,False
51.0,2,0,1638.4,25.8,70238,27.7,10.2,3,96.4,0,False,False,False,True,False,False
45.0,3,1,2324.5,16.1,83796,41.1,13.4,11,168.5,0,False,False,True,False,False,False
20.0,1,0,1935.5,19.1,96734,32.2,13.0,6,222.6,0,False,True,False,False,False,False
74.0,4,0,1638.4,25.8,70238,27.7,10.2,8,95.4,0,False,False,False,True,False,False
59.0,3,0,1638.4,25.8,70238,27.7,10.2,12,366.8,0,False,False,False,True,False,False
90.0,4,1,1935.5,19.1,96734,32.2,13.0,2,56.6,0,False,True,False,False,False,False
89.0,4,0,2155.0,15.3,70863,28.8,15.8,4,103.4,0,False,False,False,False,False,True
32.0,3,0,1529.5,36.2,105462,32.7,11.3,12,181.7,0,False,False,False,False,True,False
46.0,2,0,1935.5,19.1,96734,32.2,13.0,5,214.1,0,False,True,False,False,False,False
46.0,2,0,1935.5,19.1,96734,32.2,13.0,1,62.3,0,False,True,False,False,False,False
57.0,3,0,1935.5,19.1,96734,32.2,13.0,12,34.4,0,False,True,False,False,False,False
19.0,1,0,1638.4,25.8,70238,27.7,10.2,11,185.6,0,False,False,False,True,False,False
106.0,4,1,1638.4,25.8,70238,27.7,10.2,10,5.7,0,False,False,False,True,False,False
66.0,3,0,2155.0,15.3,70863,28.8,15.8,8,78.1,0,False,False,False,False,False,True
41.0,2,0,1956.6,18.3,66372,26.5,15.3,10,163.2,0,True,False,False,False,False,False
71.0,3,1,1956.6,18.3,66372,26.5,15.3,4,38.1,0,True,False,False,False,False,False
78.0,5,1,1529.5,36.2,105462,32.7,11.3,11,163.8,0,False,False,False,False,True,False
19.0,1,0,1529.5,36.2,105462,32.7,11.3,10,243.7,0,False,False,False,False,True,False
75.0,4,0,2324.5,16.1,83796,41.1,13.4,4,93.4,0,False,False,True,False,False,False
27.0,1,0,1638.4,25.8,70238,27.7,10.2,3,137.5,0,False,False,False,True,False,False
25.0,1,0,1529.5,36.2,105462,32.7,11.3,3,133.8,1,False,False,False,False,True,False
67.0,3,0,1529.5,36.2,105462,32.7,11.3,11,159.5,0,False,False,False,False,True,False
30.0,2,0,2324.5,16.1,83796,41.1,13.4,9,104.9,0,False,False,True,False,False,False
74.0,3,1,1935.5,19.1,96734,32.2,13.0,9,239.8,0,False,True,False,False,False,False
37.0,2,0,1529.5,36.2,105462,32.7,11.3,9,191.9,0,False,False,False,False,True,False
55.0,2,0,1529.5,36.2,105462,32.7,11.3,1,268.8,0,False,False,False,False,True,False
45.0,2,0,2324.5,16.1,83796,41.1,13.4,7,162.0,0,False,False,True,False,False,False
66.0,3,0,1935.5,19.1,96734,32.2,13.0,7,191.5,0,False,True,False,False,False,False
61.0,3,0,1638.4,25.8,70238,27.7,10.2,6,60.0,0,False,False,False,True,False,False
32.0,1,0,2155.0,15.3,70863,28.8,15.8,4,105.5,0,False,False,False,False,False,True
117.0,5,1,1935.5,19.1,96734,32.2,13.0,11,136.9,0,False,True,False,False,False,False
23.0,1,0,1529.5,36.2,105462,32.7,11.3,6,148.0,0,False,False,False,False,True,False
160.0,6,0,2324.5,16.1,83796,41.1,13.4,7,67.7,0,False,False,True,False,False,False
83.0,5,1,2155.0,15.3,70863,28.8,15.8,10,197.5,0,False,False,False,False,False,True
32.0,1,0,1529.5,36.2,105462,32.7,11.3,7,68.8,0,False,False,False,False,True,False
47.0,2,0,2155.0,15.3,70863,28.8,15.8,5,157.2,0,False,False,False,False,False,True
56.0,3,0,1956.6,18.3,66372,26.5,15.3,1,174.9,0,True,False,False,False,False,False
50.0,2,1,1638.4,25.8,70238,27.7,10.2,9,155.8,0,False,False,False,True,False,False
100.0,3,0,2155.0,15.3,70863,28.8,15.8,10,91.4,0,False,False,False,False,False,True
46.0,3,0,1638.4,25.8,70238,27.7,10.2,5,45.4,0,False,False,False,True,False,False
60.0,3,0,2324.5,16.1,83796,41.1,13.4,1,148.3,0,False,False,True,False,False,False
47.0,2,0,1529.5,36.2,105462,32.7,11.3,10,175.3,0,False,False,False,False,True,False
135.0,5,1,1638.4,25.8,70238,27.7,10.2,1,139.3,0,False,False,False,True,False,False
56.0,3,0,1935.5,19.1,96734,32.2,13.0,3,108.3,0,False,True,False,False,False,False
89.0,4,0,2155.0,15.3,70863,28.8,15.8,12,284.7,0,False,False,False,False,False,True
41.0,2,0,1529.5,36.2,105462,32.7,11.3,5,148.7,0,False,False,False,False,True,False
123.0,5,1,1956.6,18.3,66372,26.5,15.3,9,192.8,0,True,False,False,False,False,False
28.0,1,0,1638.4,25.8,70238,27.7,10.2,1,89.8,0,False,False,False,True,False,False
45.0,2,0,1529.5,36.2,105462,32.7,11.3,8,197.0,0,False,False,False,False,True,False
64.0,4,0,1529.5,36.2,105462,32.7,11.3,9,148.4,0,False,False,False,False,True,False
32.0,1,0,1956.6,18.3,66372,26.5,15.3,1,137.9,0,True,False,False,False,False,False
18.0,1,0,1529.5,36.2,105462,32.7,11.3,6,104.8,0,False,False,False,False,True,False
27.0,1,0,2155.0,15.3,70863,28.8,15.8,2,43.9,0,False,False,False,False,False,True
62.0,3,0,1935.5,19.1,96734,32.2,13.0,1,39.5,0,False,True,False,False,False,False
60.0,3,0,2155.0,15.3,70863,28.8,15.8,5,132.9,0,False,False,False,False,False,True
38.0,2,0,1638.4,25.8,70238,27.7,10.2,8,220.2,0,False,False,False,True,False,False
63.0,3,0,1935.5,19.1,96734,32.2,13.0,7,239.7,0,False,True,False,False,False,False
218.0,6,1,1529.5,36.2,105462,32.7,11.3,5,198.8,0,False,False,False,False,True,False
65.0,2,0,1935.5,19.1,96734,32.2,13.0,7,113.5,0,False,True,False,False,False,False
70.0,3,0,1956.6,18.3,66372,26.5,15.3,7,297.6,0,True,False,False,False,False,False
44.0,2,0,1529.5,36.2,105462,32.7,11.3,11,66.0,0,False,False,False,False,True,False
73.0,4,0,2324.5,16.1,83796,41.1,13.4,9,166.6,0,False,False,True,False,False,False
91.0,4,0,2324.5,16.1,83796,41.1,13.4,8,112.4,0,False,False,True,False,False,False
55.0,2,0,1529.5,36.2,105462,32.7,11.3,8,32.9,0,False,False,False,False,True,False
54.0,2,0,2324.5,16.1,83796,41.1,13.4,12,64.5,0,False,False,True,False,False,False
27.0,2,0,1935.5,19.1,96734,32.2,13.0,8,293.3,0,False,True,False,False,False,False
120.0,5,1,1529.5,36.2,105462,32.7,11.3,12,159.2,0,False,False,False,False,True,False
79.0,4,1,1638.4,25.8,70238,27.7,10.2,11,180.0,0,False,False,False,True,False,False
61.0,3,0,1935.5,19.1,96734,32.2,13.0,6,421.6,0,False,True,False,False,False,False
65.0,3,0,1956.6,18.3,66372,26.5,15.3,4,41.3,0,True,False,False,False,False,False
47.0,2,0,1638.4,25.8,70238,27.7,10.2,5,153.0,0,False,False,False,True,False,False
21.0,1,0,1529.5,36.2,105462,32.7,11.3,11,220.9,0,False,False,False,False,True,False
38.0,2,0,1529.5,36.2,105462,32.7,11.3,5,70.9,0,False,False,False,False,True,False
59.0,3,0,1935.5,19.1,96734,32.2,13.0,7,101.2,0,False,True,False,False,False,False
37.0,1,0,2324.5,16.1,83796,41.1,13.4,8,83.9,0,False,False,True,False,False,False
40.0,2,0,2324.5,16.1,83796,41.1,13.4,12,26.7,0,False,False,True,False,False,False
89.0,5,0,1638.4,25.8,70238,27.7,10.2,5,220.2,0,False,False,False,True,False,False
71.0,3,0,2155.0,15.3,70863,28.8,15.8,12,147.7,0,False,False,False,False,False,True
56.0,3,0,2155.0,15.3,70863,28.8,15.8,1,269.5,0,False,False,False,False,False,True
55.0,2,0,1529.5,36.2,105462,32.7,11.3,12,55.1,0,False,False,False,False,True,False
77.0,3,1,2155.0,15.3,70863,28.8,15.8,5,464.0,0,False,False,False,False,False,True
45.0,2,0,1638.4,25.8,70238,27.7,10.2,12,122.2,0,False,False,False,True,False,False
62.0,3,0,1638.4,25.8,70238,27.7,10.2,3,142.7,0,False,False,False,True,False,False
74.0,5,1,1529.5,36.2,105462,32.7,11.3,6,135.2,0,False,False,False,False,True,False
19.0,1,0,2155.0,15.3,70863,28.8,15.8,9,51.9,0,False,False,False,False,False,True
66.0,3,0,1529.5,36.2,105462,32.7,11.3,6,193.3,0,False,False,False,False,True,False
30.0,1,1,1529.5,36.2,105462,32.7,11.3,9,102.4,0,False,False,False,False,True,False
22.0,1,0,2324.5,16.1,83796,41.1,13.4,2,112.0,0,False,False,True,False,False,False
50.0,2,0,1935.5,19.1,96734,32.2,13.0,7,153.8,0,False,True,False,False,False,False
63.0,4,1,1638.4,25.8,70238,27.7,10.2,6,201.7,0,False,False,False,True,False,False
40.0,2,0,1935.5,19.1,96734,32.2,13.0,5,189.6,0,False,True,False,False,False,False
55.0,3,0,1956.6,18.3,66372,26.5,15.3,9,233.0,0,True,False,False,False,False,False
45.0,3,0,1529.5,36.2,105462,32.7,11.3,1,240.7,0,False,False,False,False,True,False
41.0,2,0,1529.5,36.2,105462,32.7,11.3,7,133.0,0,False,False,False,False,True,False
67.0,3,0,2155.0,15.3,70863,28.8,15.8,9,201.6,0,False,False,False,False,False,True
109.0,4,1,1935.5,19.1,96734,32.2,13.0,3,208.9,0,False,True,False,False,False,False
52.0,2,0,2155.0,15.3,70863,28.8,15.8,11,162.0,0,False,False,False,False,False,True
52.0,2,0,1638.4,25.8,70238,27.7,10.2,8,198.7,0,False,False,False,True,False,False
23.0,1,0,2155.0,15.3,70863,28.8,15.8,9,50.2,0,False,False,False,False,False,True
65.0,3,0,1638.4,25.8,70238,27.7,10.2,3,69.6,0,False,False,False,True,False,False
41.0,2,0,1935.5,19.1,96734,32.2,13.0,10,125.7,0,False,True,False,False,False,False
60.0,3,0,1638.4,25.8,70238,27.7,10.2,1,83.0,0,False,False,False,True,False,False
67.0,3,0,1956.6,18.3,66372,26.5,15.3,1,304.1,0,True,False,False,False,False,False
50.0,2,0,1935.5,19.1,96734,32.2,13.0,12,368.7,0,False,True,False,False,False,False
62.0,3,0,1529.5,36.2,105462,32.7,11.3,6,120.3,0,False,False,False,False,True,False
66.0,3,0,2155.0,15.3,70863,28.8,15.8,4,113.1,0,False,False,False,False,False,True
30.0,2,0,1638.4,25.8,70238,27.7,10.2,4,97.2,0,False,False,False,True,False,False
50.0,2,0,1529.5,36.2,105462,32.7,11.3,8,152.7,0,False,False,False,False,True,False
47.0,2,0,2324.5,16.1,83796,41.1,13.4,6,123.2,0,False,False,True,False,False,False
70.0,3,0,1638.4,25.8,70238,27.7,10.2,10,66.8,0,False,False,False,True,False,False
31.0,2,0,1935.5,19.1,96734,32.2,13.0,3,168.9,1,False,True,False,False,False,False
77.0,3,1,1638.4,25.8,70238,27.7,10.2,3,153.7,0,False,False,False,True,False,False
41.0,2,0,1956.6,18.3,66372,26.5,15.3,3,150.4,0,True,False,False,False,False,False
66.0,3,0,2155.0,15.3,70863,28.8,15.8,9,9.4,0,False,False,False,False,False,True
96.0,3,0,2324.5,16.1,83796,41.1,13.4,10,205.7,0,False,False,True,False,False,False
21.0,1,0,1529.5,36.2,105462,32.7,11.3,5,159.0,0,False,False,False,False,True,False
70.0,3,0,1935.5,19.1,96734,32.2,13.0,9,36.7,0,False,True,False,False,False,False
50.0,3,0,1935.5,19.1,96734,32.2,13.0,10,124.8,1,False,True,False,False,False,False
72.0,3,0,2155.0,15.3,70863,28.8,15.8,1,186.6,0,False,False,False,False,False,True
24.0,1,0,1638.4,25.8,70238,27.7,10.2,6,265.8,0,False,False,False,True,False,False
58.0,2,0,1935.5,19.1,96734,32.2,13.0,8,277.4,0,False,True,False,False,False,False
61.0,3,0,1529.5,36.2,105462,32.7,11.3,12,55.2,0,False,False,False,False,True,False
57.0,3,0,1935.5,19.1,96734,32.2,13.0,3,31.7,0,False,True,False,False,False,False
41.0,2,0,1935.5,19.1,96734,32.2,13.0,5,83.2,1,False,True,False,False,False,False
23.0,1,0,2324.5,16.1,83796,41.1,13.4,9,25.0,0,False,False,True,False,False,False
31.0,1,0,1529.5,36.2,105462,32.7,11.3,12,133.6,0,False,False,False,False,True,False
19.0,1,0,2324.5,16.1,83796,41.1,13.4,6,113.3,0,False,False,True,False,False,False
68.0,5,0,2155.0,15.3,70863,28.8,15.8,7,198.5,0,False,False,False,False,False,True
27.0,1,0,1935.5,19.1,96734,32.2,13.0,1,97.3,0,False,True,False,False,False,False
20.0,1,0,1529.5,36.2,105462,32.7,11.3,7,43.1,0,False,False,False,False,True,False
45.0,3,0,2155.0,15.3,70863,28.8,15.8,2,231.8,1,False,False,False,False,False,True
86.0,3,0,2324.5,16.1,83796,41.1,13.4,5,106.9,0,False,False,True,False,False,False
54.0,3,0,2155.0,15.3,70863,28.8,15.8,6,56.5,0,False,False,False,False,False,True
44.0,2,0,1529.5,36.2,105462,32.7,11.3,11,152.6,0,False,False,False,False,True,False
42.0,2,0,1935.5,19.1,96734,32.2,13.0,2,89.5,0,False,True,False,False,False,False
20.0,1,0,2155.0,15.3,70863,28.8,15.8,9,120.1,0,False,False,False,False,False,True
48.0,3,0,2324.5,16.1,83796,41.1,13.4,3,109.6,0,False,False,True,False,False,False
92.0,4,0,2155.0,15.3,70863,28.8,15.8,12,233.7,0,False,False,False,False,False,True
64.0,3,0,1638.4,25.8,70238,27.7,10.2,3,91.3,0,False,False,False,True,False,False
73.0,3,1,1935.5,19.1,96734,32.2,13.0,6,118.7,0,False,True,False,False,False,False
81.0,5,0,1529.5,36.2,105462,32.7,11.3,12,146.5,0,False,False,False,False,True,False
68.0,4,0,1956.6,18.3,66372,26.5,15.3,10,137.1,0,True,False,False,False,False,False
101.0,5,0,2155.0,15.3,70863,28.8,15.8,12,227.9,0,False,False,False,False,False,True
79.0,4,0,1935.5,19.1,96734,32.2,13.0,11,108.4,0,False,True,False,False,False,False
63.0,3,0,1638.4,25.8,70238,27.7,10.2,1,146.5,0,False,False,False,True,False,False
127.0,2,1,2155.0,15.3,70863,28.8,15.8,10,91.8,0,False,False,False,False,False,True
50.0,2,0,2155.0,15.3,70863,28.8,15.8,10,160.0,0,False,False,False,False,False,True
67.0,3,0,1638.4,25.8,70238,27.7,10.2,6,117.4,0,False,False,False,True,False,False
38.0,2,0,1638.4,25.8,70238,27.7,10.2,12,305.9,0,False,False,False,True,False,False
88.0,4,0,1935.5,19.1,96734,32.2,13.0,4,121.7,0,False,True,False,False,False,False
49.0,2,0,2155.0,15.3,70863,28.8,15.8,2,111.2,0,False,False,False,False,False,True
50.0,2,0,2155.0,15.3,70863,28.8,15.8,12,86.9,0,False,False,False,False,False,True
37.0,2,0,1935.5,19.1,96734,32.2,13.0,7,58.9,0,False,True,False,False,False,False
98.0,4,0,1529.5,36.2,105462,32.7,11.3,2,156.5,0,False,False,False,False,True,False
34.0,2,0,2155.0,15.3,70863,28.8,15.8,8,60.2,0,False,False,False,False,False,True
86.0,4,0,1956.6,18.3,66372,26.5,15.3,3,107.1,0,True,False,False,False,False,False
68.0,3,0,1529.5,36.2,105462,32.7,11.3,12,77.2,0,False,False,False,False,True,False
66.0,3,0,1935.5,19.1,96734,32.2,13.0,3,175.3,0,False,True,False,False,False,False
23.0,1,0,2155.0,15.3,70863,28.8,15.8,8,376.5,0,False,False,False,False,False,True
29.0,1,0,2324.5,16.1,83796,41.1,13.4,5,176.5,0,False,False,True,False,False,False
84.0,3,0,1529.5,36.2,105462,32.7,11.3,2,190.2,0,False,False,False,False,True,False
70.0,4,1,2155.0,15.3,70863,28.8,15.8,3,80.5,0,False,False,False,False,False,True
33.0,1,0,1638.4,25.8,70238,27.7,10.2,10,202.2,0,False,False,False,True,False,False
42.0,2,0,2155.0,15.3,70863,28.8,15.8,2,93.7,0,False,False,False,False,False,True
30.0,1,0,1638.4,25.8,70238,27.7,10.2,11,50.1,0,False,False,False,True,False,False
82.0,5,0,1638.4,25.8,70238,27.7,10.2,10,245.9,0,False,False,False,True,False,False
48.0,2,0,1935.5,19.1,96734,32.2,13.0,9,113.5,0,False,True,False,False,False,False
66.0,3,0,1935.5,19.1,96734,32.2,13.0,10,186.7,0,False,True,False,False,False,False
70.0,3,0,2324.5,16.1,83796,41.1,13.4,9,73.5,0,False,False,True,False,False,False
65.0,3,0,1638.4,25.8,70238,27.7,10.2,3,94.0,0,False,False,False,True,False,False
100.0,4,0,1529.5,36.2,105462,32.7,11.3,10,114.3,0,False,False,False,False,True,False
44.0,2,0,1638.4,25.8,70238,27.7,10.2,9,285.9,0,False,False,False,True,False,False
37.0,2,0,1935.5,19.1,96734,32.2,13.0,6,143.3,0,False,True,False,False,False,False
45.0,2,0,1529.5,36.2,105462,32.7,11.3,6,110.4,0,False,False,False,False,True,False
89.0,4,0,1956.6,18.3,66372,26.5,15.3,10,30.0,0,True,False,False,False,False,False
60.0,4,1,2155.0,15.3,70863,28.8,15.8,5,68.0,0,False,False,False,False,False,True
43.0,2,0,1956.6,18.3,66372,26.5,15.3,9,119.0,0,True,False,False,False,False,False
19.0,1,0,1529.5,36.2,105462,32.7,11.3,10,117.9,0,False,False,False,False,True,False
18.0,1,0,1529.5,36.2,105462,32.7,11.3,9,92.8,0,False,False,False,False,True,False
79.0,4,0,1956.6,18.3,66372,26.5,15.3,2,61.7,0,True,False,False,False,False,False
20.0,1,0,2155.0,15.3,70863,28.8,15.8,11,120.1,0,False,False,False,False,False,True
42.0,2,0,1935.5,19.1,96734,32.2,13.0,7,174.8,0,False,True,False,False,False,False
84.0,4,0,1935.5,19.1,96734,32.2,13.0,7,129.3,0,False,True,False,False,False,False
80.0,4,0,1638.4,25.8,70238,27.7,10.2,3,69.4,0,False,False,False,True,False,False
63.0,3,0,1935.5,19.1,96734,32.2,13.0,5,160.4,0,False,True,False,False,False,False
52.0,3,0,1935.5,19.1,96734,32.2,13.0,3,137.0,0,False,True,False,False,False,False
63.0,3,0,2155.0,15.3,70863,28.8,15.8,4,85.7,0,False,False,False,False,False,True
45.0,2,0,1638.4,25.8,70238,27.7,10.2,8,75.3,0,False,False,False,True,False,False
166.0,6,0,2324.5,16.1,83796,41.1,13.4,2,182.9,0,False,False,True,False,False,False
81.0,4,0,1529.5,36.2,105462,32.7,11.3,12,175.9,0,False,False,False,False,True,False
40.0,2,0,2324.5,16.1,83796,41.1,13.4,9,93.6,0,False,False,True,False,False,False
86.0,4,0,1935.5,19.1,96734,32.2,13.0,8,317.2,0,False,True,False,False,False,False
53.0,2,0,1935.5,19.1,96734,32.2,13.0,3,139.6,0,False,True,False,False,False,False
325.0,6,1,1638.4,25.8,70238,27.7,10.2,11,301.9,0,False,False,False,True,False,False
50.0,2,0,1935.5,19.1,96734,32.2,13.0,3,47.6,0,False,True,False,False,False,False
67.0,4,1,1638.4,25.8,70238,27.7,10.2,6,261.3,0,False,False,False,True,False,False
39.0,2,0,1935.5,19.1,96734,32.2,13.0,6,260.4,0,False,True,False,False,False,False
76.0,3,0,1638.4,25.8,70238,27.7,10.2,4,68.3,0,False,False,False,True,False,False
200.0,7,1,1529.5,36.2,105462,32.7,11.3,6,212.9,0,False,False,False,False,True,False
94.0,5,0,2324.5,16.1,83796,41.1,13.4,4,72.8,0,False,False,True,False,False,False
27.0,1,0,1529.5,36.2,105462,32.7,11.3,2,127.5,0,False,False,False,False,True,False
50.0,2,0,1638.4,25.8,70238,27.7,10.2,6,51.8,0,False,False,False,True,False,False
116.0,5,0,1529.5,36.2,105462,32.7,11.3,6,93.1,0,False,False,False,False,True,False
64.0,3,0,1935.5,19.1,96734,32.2,13.0,6,95.9,0,False,True,False,False,False,False
22.0,1,0,2324.5,16.1,83796,41.1,13.4,7,75.5,0,False,False,True,False,False,False
45.0,2,0,2324.5,16.1,83796,41.1,13.4,2,95.6,0,False,False,True,False,False,False
78.0,5,0,1638.4,25.8,70238,27.7,10.2,9,147.5,0,False,False,False,True,False,False
35.0,2,0,1529.5,36.2,105462,32.7,11.3,2,226.3,0,False,False,False,False,True,False
67.0,3,0,1935.5,19.1,96734,32.2,13.0,9,162.6,0,False,True,False,False,False,False
46.0,2,0,1956.6,18.3,66372,26.5,15.3,7,266.0,0,True,False,False,False,False,False
79.0,4,0,2155.0,15.3,70863,28.8,15.8,7,41.6,0,False,False,False,False,False,True
27.0,1,0,2324.5,16.1,83796,41.1,13.4,10,142.3,0,False,False,True,False,False,False
61.0,3,0,1935.5,19.1,96734,32.2,13.0,2,117.2,0,False,True,False,False,False,False
87.0,4,0,1956.6,18.3,66372,26.5,15.3,5,297.2,1,True,False,False,False,False,False
75.0,3,0,1529.5,36.2,105462,32.7,11.3,5,109.7,0,False,False,False,False,True,False
94.0,4,0,2155.0,15.3,70863,28.8,15.8,7,46.3,0,False,False,False,False,False,True
42.0,2,0,1935.5,19.1,96734,32.2,13.0,4,67.0,0,False,True,False,False,False,False
54.0,2,0,1956.6,18.3,66372,26.5,15.3,12,243.7,0,True,False,False,False,False,False
64.0,3,0,1638.4,25.8,70238,27.7,10.2,4,88.0,0,False,False,False,True,False,False
78.0,4,1,1956.6,18.3,66372,26.5,15.3,8,95.4,0,True,False,False,False,False,False
120.0,4,1,1638.4,25.8,70238,27.7,10.2,9,72.0,0,False,False,False,True,False,False
58.0,3,0,2155.0,15.3,70863,28.8,15.8,6,236.5,0,False,False,False,False,False,True
110.0,3,0,2324.5,16.1,83796,41.1,13.4,3,100.3,0,False,False,True,False,False,False
86.0,3,0,1529.5,36.2,105462,32.7,11.3,12,85.4,0,False,False,False,False,True,False
67.0,4,0,1638.4,25.8,70238,27.7,10.2,5,105.6,0,False,False,False,True,False,False
56.0,2,0,2324.5,16.1,83796,41.1,13.4,6,127.2,0,False,False,True,False,False,False
30.0,1,0,1638.4,25.8,70238,27.7,10.2,11,320.9,0,False,False,False,True,False,False
48.0,2,0,1935.5,19.1,96734,32.2,13.0,5,27.7,0,False,True,False,False,False,False
110.0,6,0,1638.4,25.8,70238,27.7,10.2,10,342.4,0,False,False,False,True,False,False
64.0,4,0,1638.4,25.8,70238,27.7,10.2,5,61.3,0,False,False,False,True,False,False
57.0,3,0,1935.5,19.1,96734,32.2,13.0,6,35.7,0,False,True,False,False,False,False
33.0,1,0,1638.4,25.8,70238,27.7,10.2,5,32.2,0,False,False,False,True,False,False
20.0,1,0,2324.5,16.1,83796,41.1,13.4,1,114.8,0,False,False,True,False,False,False
80.0,4,0,1935.5,19.1,96734,32.2,13.0,8,136.7,0,False,True,False,False,False,False
25.0,1,0,2155.0,15.3,70863,28.8,15.8,9,123.8,0,False,False,False,False,False,True
113.0,3,1,1935.5,19.1,96734,32.2,13.0,3,186.8,0,False,True,False,False,False,False
72.0,3,1,1638.4,25.8,70238,27.7,10.2,7,117.3,0,False,False,False,True,False,False
44.0,2,0,1935.5,19.1,96734,32.2,13.0,10,175.3,0,False,True,False,False,False,False
80.0,3,0,1638.4,25.8,70238,27.7,10.2,5,31.6,0,False,False,False,True,False,False
101.0,5,0,2155.0,15.3,70863,28.8,15.8,9,32.5,0,False,False,False,False,False,True
25.0,1,0,1529.5,36.2,105462,32.7,11.3,3,72.5,0,False,False,False,False,True,False
31.0,2,0,1935.5,19.1,96734,32.2,13.0,8,376.0,0,False,True,False,False,False,False
48.0,2,0,1956.6,18.3,66372,26.5,15.3,11,176.0,0,True,False,False,False,False,False
64.0,3,0,1935.5,19.1,96734,32.2,13.0,12,139.4,0,False,True,False,False,False,False
29.0,1,0,1638.4,25.8,70238,27.7,10.2,10,145.7,0,False,False,False,True,False,False
27.0,1,0,2324.5,16.1,83796,41.1,13.4,9,168.8,0,False,False,True,False,False,False
37.0,1,0,1638.4,25.8,70238,27.7,10.2,2,312.5,0,False,False,False,True,False,False
15.0,1,0,2324.5,16.1,83796,41.1,13.4,6,178.0,0,False,False,True,False,False,False
51.0,2,0,1956.6,18.3,66372,26.5,15.3,4,74.9,0,True,False,False,False,False,False
48.0,4,1,1956.6,18.3,66372,26.5,15.3,4,115.3,0,True,False,False,False,False,False
46.0,2,0,2155.0,15.3,70863,28.8,15.8,9,85.7,0,False,False,False,False,False,True
56.0,2,0,2324.5,16.1,83796,41.1,13.4,12,186.1,1,False,False,True,False,False,False
82.0,4,1,1956.6,18.3,66372,26.5,15.3,7,138.7,0,True,False,False,False,False,False
51.0,2,0,1638.4,25.8,70238,27.7,10.2,3,51.0,0,False,False,False,True,False,False
72.0,3,0,1529.5,36.2,105462,32.7,11.3,12,179.6,0,False,False,False,False,True,False
59.0,3,0,1529.5,36.2,105462,32.7,11.3,11,16.2,0,False,False,False,False,True,False
32.0,1,0,1638.4,25.8,70238,27.7,10.2,7,38.8,0,False,False,False,True,False,False
32.0,2,0,2324.5,16.1,83796,41.1,13.4,5,89.5,0,False,False,True,False,False,False
54.0,3,0,1529.5,36.2,105462,32.7,11.3,4,154.9,0,False,False,False,False,True,False
68.0,4,0,2155.0,15.3,70863,28.8,15.8,11,115.7,0,False,False,False,False,False,True
66.0,4,0,1935.5,19.1,96734,32.2,13.0,2,122.3,0,False,True,False,False,False,False
56.0,3,0,1529.5,36.2,105462,32.7,11.3,10,245.2,0,False,False,False,False,True,False
32.0,2,0,1956.6,18.3,66372,26.5,15.3,3,340.9,0,True,False,False,False,False,False
117.0,5,0,1638.4,25.8,70238,27.7,10.2,10,340.3,0,False,False,False,True,False,False
46.0,2,0,1638.4,25.8,70238,27.7,10.2,9,125.9,0,False,False,False,True,False,False
49.0,2,0,2155.0,15.3,70863,28.8,15.8,9,83.2,0,False,False,False,False,False,True
36.0,2,0,2155.0,15.3,70863,28.8,15.8,4,187.3,0,False,False,False,False,False,True
100.0,5,0,1529.5,36.2,105462,32.7,11.3,7,116.1,0,False,False,False,False,True,False
72.0,4,0,1935.5,19.1,96734,32.2,13.0,3,219.5,0,False,True,False,False,False,False
42.0,2,0,1956.6,18.3,66372,26.5,15.3,10,99.1,0,True,False,False,False,False,False
66.0,3,0,1935.5,19.1,96734,32.2,13.0,7,161.9,0,False,True,False,False,False,False
60.0,4,0,2155.0,15.3,70863,28.8,15.8,4,60.7,0,False,False,False,False,False,True
41.0,2,0,1529.5,36.2,105462,32.7,11.3,5,109.6,0,False,False,False,False,True,False
50.0,2,0,2324.5,16.1,83796,41.1,13.4,2,240.3,0,False,False,True,False,False,False
53.0,3,0,1956.6,18.3,66372,26.5,15.3,12,169.2,0,True,False,False,False,False,False
93.0,4,1,1956.6,18.3,66372,26.5,15.3,4,108.8,0,True,False,False,False,False,False
35.0,2,0,2324.5,16.1,83796,41.1,13.4,12,77.3,0,False,False,True,False,False,False
20.0,2,0,2155.0,15.3,70863,28.8,15.8,6,68.6,0,False,False,False,False,False,True
115.0,5,0,1935.5,19.1,96734,32.2,13.0,9,255.6,0,False,True,False,False,False,False
27.0,2,0,2155.0,15.3,70863,28.8,15.8,12,30.8,0,False,False,False,False,False,True
30.0,1,0,1638.4,25.8,70238,27.7,10.2,7,132.1,0,False,False,False,True,False,False
22.0,1,0,1935.5,19.1,96734,32.2,13.0,7,449.2,0,False,True,False,False,False,False
110.0,4,0,1638.4,25.8,70238,27.7,10.2,3,54.4,0,False,False,False,True,False,False
44.0,2,0,2155.0,15.3,70863,28.8,15.8,8,74.9,0,False,False,False,False,False,True
66.0,4,0,1529.5,36.2,105462,32.7,11.3,4,222.1,0,False,False,False,False,True,False
128.0,5,1,1935.5,19.1,96734,32.2,13.0,9,116.8,0,False,True,False,False,False,False
73.0,4,0,1638.4,25.8,70238,27.7,10.2,4,214.7,0,False,False,False,True,False,False
67.0,3,0,1529.5,36.2,105462,32.7,11.3,11,50.2,0,False,False,False,False,True,False
48.0,2,0,1935.5,19.1,96734,32.2,13.0,3,64.7,0,False,True,False,False,False,False
20.0,1,0,2155.0,15.3,70863,28.8,15.8,5,120.1,0,False,False,False,False,False,True
81.0,3,0,1529.5,36.2,105462,32.7,11.3,6,131.9,0,False,False,False,False,True,False
42.0,2,0,1935.5,19.1,96734,32.2,13.0,12,96.5,0,False,True,False,False,False,False
60.0,3,0,2155.0,15.3,70863,28.8,15.8,10,82.8,0,False,False,False,False,False,True
90.0,4,0,1956.6,18.3,66372,26.5,15.3,9,21.3,0,True,False,False,False,False,False
71.0,2,0,1529.5,36.2,105462,32.7,11.3,11,60.2,0,False,False,False,False,True,False
68.0,4,0,2155.0,15.3,70863,28.8,15.8,7,115.7,0,False,False,False,False,False,True
40.0,3,0,2155.0,15.3,70863,28.8,15.8,12,186.9,0,False,False,False,False,False,True
32.0,2,0,1935.5,19.1,96734,32.2,13.0,6,409.8,0,False,True,False,False,False,False
250.0,6,1,1638.4,25.8,70238,27.7,10.2,3,433.1,0,False,False,False,True,False,False
43.0,2,0,1529.5,36.2,105462,32.7,11.3,1,142.1,0,False,False,False,False,True,False
63.0,3,0,2155.0,15.3,70863,28.8,15.8,9,102.8,0,False,False,False,False,False,True
78.0,4,0,1935.5,19.1,96734,32.2,13.0,8,18.7,0,False,True,False,False,False,False
68.0,4,1,1638.4,25.8,70238,27.7,10.2,2,261.2,0,False,False,False,True,False,False
66.0,3,0,1935.5,19.1,96734,32.2,13.0,10,161.9,0,False,True,False,False,False,False
120.0,5,1,2324.5,16.1,83796,41.1,13.4,2,52.5,0,False,False,True,False,False,False
69.0,3,0,1529.5,36.2,105462,32.7,11.3,2,78.5,0,False,False,False,False,True,False
85.0,5,0,1935.5,19.1,96734,32.2,13.0,10,293.4,0,False,True,False,False,False,False
27.0,1,0,2324.5,16.1,83796,41.1,13.4,5,111.6,0,False,False,True,False,False,False
137.0,5,1,1956.6,18.3,66372,26.5,15.3,3,249.8,0,True,False,False,False,False,False
49.0,2,0,1638.4,25.8,70238,27.7,10.2,7,293.1,0,False,False,False,True,False,False
210.0,9,1,1529.5,36.2,105462,32.7,11.3,3,130.6,0,False,False,False,False,True,False
92.0,5,1,1638.4,25.8,70238,27.7,10.2,2,112.9,0,False,False,False,True,False,False
100.0,4,1,1956.6,18.3,66372,26.5,15.3,2,351.3,0,True,False,False,False,False,False
30.0,1,0,2155.0,15.3,70863,28.8,15.8,6,130.1,0,False,False,False,False,False,True
112.0,5,1,1956.6,18.3,66372,26.5,15.3,7,197.4,0,True,False,False,False,False,False
29.0,1,0,1638.4,25.8,70238,27.7,10.2,6,107.0,0,False,False,False,True,False,False
35.0,2,0,1935.5,19.1,96734,32.2,13.0,3,148.7,0,False,True,False,False,False,False
60.0,3,0,1935.5,19.1,96734,32.2,13.0,4,201.7,0,False,True,False,False,False,False
59.0,3,0,2155.0,15.3,70863,28.8,15.8,3,70.5,0,False,False,False,False,False,True
24.0,1,0,2324.5,16.1,83796,41.1,13.4,4,124.2,0,False,False,True,False,False,False
62.0,3,0,2324.5,16.1,83796,41.1,13.4,12,37.7,0,False,False,True,False,False,False
25.0,1,0,2324.5,16.1,83796,41.1,13.4,6,39.6,1,False,False,True,False,False,False
62.0,3,0,1638.4,25.8,70238,27.7,10.2,7,183.5,0,False,False,False,True,False,False
20.0,1,0,2155.0,15.3,70863,28.8,15.8,12,107.7,0,False,False,False,False,False,True
134.0,6,1,1935.5,19.1,96734,32.2,13.0,12,129.8,0,False,True,False,False,False,False
35.0,1,0,2324.5,16.1,83796,41.1,13.4,8,234.1,0,False,False,True,False,False,False
54.0,2,0,2155.0,15.3,70863,28.8,15.8,2,175.5,0,False,False,False,False,False,True
68.0,3,0,2155.0,15.3,70863,28.8,15.8,1,269.5,0,False,False,False,False,False,True
70.0,4,1,1956.6,18.3,66372,26.5,15.3,9,267.1,0,True,False,False,False,False,False
21.0,1,0,2155.0,15.3,70863,28.8,15.8,12,64.8,0,False,False,False,False,False,True
57.0,3,0,1638.4,25.8,70238,27.7,10.2,11,39.3,0,False,False,False,True,False,False
32.0,1,0,1529.5,36.2,105462,32.7,11.3,10,20.3,0,False,False,False,False,True,False
40.0,2,0,1638.4,25.8,70238,27.7,10.2,6,300.3,0,False,False,False,True,False,False
62.0,3,1,1956.6,18.3,66372,26.5,15.3,10,304.3,0,True,False,False,False,False,False
22.0,1,0,1529.5,36.2,105462,32.7,11.3,8,180.2,0,False,False,False,False,True,False
45.0,2,0,2155.0,15.3,70863,28.8,15.8,2,456.0,0,False,False,False,False,False,True
65.0,4,0,1638.4,25.8,70238,27.7,10.2,6,340.4,0,False,False,False,True,False,False
22.0,1,0,1956.6,18.3,66372,26.5,15.3,4,137.4,0,True,False,False,False,False,False
16.0,1,0,1529.5,36.2,105462,32.7,11.3,3,182.3,1,False,False,False,False,True,False
39.0,2,0,1638.4,25.8,70238,27.7,10.2,11,12.7,0,False,False,False,True,False,False
104.0,4,1,1529.5,36.2,105462,32.7,11.3,10,213.3,0,False,False,False,False,True,False
27.0,1,0,1956.6,18.3,66372,26.5,15.3,12,12.7,0,True,False,False,False,False,False
18.0,1,0,1956.6,18.3,66372,26.5,15.3,1,47.2,1,True,False,False,False,False,False
66.0,3,0,1529.5,36.2,105462,32.7,11.3,8,135.8,0,False,False,False,False,True,False
113.0,5,0,2324.5,16.1,83796,41.1,13.4,1,89.3,0,False,False,True,False,False,False
56.0,3,0,1935.5,19.1,96734,32.2,13.0,6,142.5,0,False,True,False,False,False,False
96.0,3,0,1638.4,25.8,70238,27.7,10.2,9,198.7,0,False,False,False,True,False,False
55.0,3,0,1529.5,36.2,105462,32.7,11.3,3,202.9,1,False,False,False,False,True,False
74.0,4,0,2324.5,16.1,83796,41.1,13.4,7,94.8,0,False,False,True,False,False,False
66.0,4,0,1529.5,36.2,105462,32.7,11.3,8,85.7,0,False,False,False,False,True,False
106.0,5,0,1638.4,25.8,70238,27.7,10.2,2,281.6,0,False,False,False,True,False,False
43.0,2,0,1529.5,36.2,105462,32.7,11.3,9,51.2,0,False,False,False,False,True,False
67.0,3,0,1529.5,36.2,105462,32.7,11.3,2,161.7,0,False,False,False,False,True,False
115.0,5,1,1935.5,19.1,96734,32.2,13.0,6,142.3,0,False,True,False,False,False,False
22.0,1,0,2324.5,16.1,83796,41.1,13.4,6,75.5,0,False,False,True,False,False,False
18.0,1,0,1529.5,36.2,105462,32.7,11.3,6,57.0,0,False,False,False,False,True,False
87.0,3,0,2324.5,16.1,83796,41.1,13.4,3,174.9,0,False,False,True,False,False,False
57.0,3,0,1935.5,19.1,96734,32.2,13.0,6,80.5,0,False,True,False,False,False,False
83.0,4,0,1529.5,36.2,105462,32.7,11.3,4,109.7,0,False,False,False,False,True,False
48.0,3,0,2155.0,15.3,70863,28.8,15.8,6,246.1,0,False,False,False,False,False,True
24.0,1,0,2324.5,16.1,83796,41.1,13.4,10,19.8,0,False,False,True,False,False,False
36.0,2,0,2324.5,16.1,83796,41.1,13.4,1,75.7,0,False,False,True,False,False,False
86.0,4,1,1956.6,18.3,66372,26.5,15.3,8,163.1,0,True,False,False,False,False,False
32.0,1,0,1935.5,19.1,96734,32.2,13.0,9,95.9,0,False,True,False,False,False,False
45.0,2,0,1638.4,25.8,70238,27.7,10.2,11,107.9,0,False,False,False,True,False,False
85.0,3,0,2324.5,16.1,83796,41.1,13.4,8,141.2,0,False,False,True,False,False,False
68.0,3,1,1529.5,36.2,105462,32.7,11.3,1,66.9,0,False,False,False,False,True,False
89.0,5,1,1529.5,36.2,105462,32.7,11.3,1,268.4,0,False,False,False,False,True,False
17.0,1,0,2155.0,15.3,70863,28.8,15.8,8,171.6,1,False,False,False,False,False,True
61.0,3,0,1638.4,25.8,70238,27.7,10.2,1,290.4,0,False,False,False,True,False,False
41.0,3,0,2155.0,15.3,70863,28.8,15.8,12,186.9,0,False,False,False,False,False,True
37.0,2,0,1529.5,36.2,105462,32.7,11.3,1,55.2,0,False,False,False,False,True,False
43.0,2,0,2155.0,15.3,70863,28.8,15.8,8,43.1,0,False,False,False,False,False,True
66.0,3,0,1956.6,18.3,66372,26.5,15.3,1,178.1,0,True,False,False,False,False,False
134.0,6,1,2155.0,15.3,70863,28.8,15.8,9,198.3,0,False,False,False,False,False,True
49.0,2,0,1935.5,19.1,96734,32.2,13.0,7,164.0,0,False,True,False,False,False,False
124.0,5,0,1638.4,25.8,70238,27.7,10.2,7,94.2,0,False,False,False,True,False,False
76.0,2,1,1638.4,25.8,70238,27.7,10.2,12,62.5,0,False,False,False,True,False,False
80.0,3,1,1956.6,18.3,66372,26.5,15.3,7,381.4,0,True,False,False,False,False,False
90.0,4,0,2155.0,15.3,70863,28.8,15.8,5,67.4,0,False,False,False,False,False,True
74.0,4,1,2155.0,15.3,70863,28.8,15.8,12,131.5,0,False,False,False,False,False,True
48.0,2,0,2324.5,16.1,83796,41.1,13.4,5,171.1,0,False,False,True,False,False,False
62.0,3,0,1529.5,36.2,105462,32.7,11.3,11,22.0,0,False,False,False,False,True,False
57.0,3,0,1638.4,25.8,70238,27.7,10.2,12,12.7,0,False,False,False,True,False,False
48.0,3,0,2324.5,16.1,83796,41.1,13.4,8,238.6,0,False,False,True,False,False,False
57.0,3,0,1935.5,19.1,96734,32.2,13.0,8,55.6,0,False,True,False,False,False,False
34.0,2,0,1935.5,19.1,96734,32.2,13.0,7,113.3,1,False,True,False,False,False,False
44.0,2,0,2155.0,15.3,70863,28.8,15.8,10,104.3,0,False,False,False,False,False,True
65.0,3,0,2324.5,16.1,83796,41.1,13.4,3,15.4,0,False,False,True,False,False,False
26.0,1,0,2324.5,16.1,83796,41.1,13.4,5,75.9,0,False,False,True,False,False,False
47.0,2,0,1529.5,36.2,105462,32.7,11.3,11,136.9,0,False,False,False,False,True,False
64.0,4,1,1956.6,18.3,66372,26.5,15.3,10,114.8,0,True,False,False,False,False,False
59.0,3,0,1529.5,36.2,105462,32.7,11.3,9,75.0,0,False,False,False,False,True,False
80.0,3,0,1935.5,19.1,96734,32.2,13.0,1,83.7,1,False,True,False,False,False,False
111.0,6,1,1529.5,36.2,105462,32.7,11.3,3,107.8,0,False,False,False,False,True,False
57.0,2,0,1935.5,19.1,96734,32.2,13.0,9,127.1,0,False,True,False,False,False,False
40.0,2,0,2324.5,16.1,83796,41.1,13.4,4,118.4,0,False,False,True,False,False,False
36.0,1,0,2155.0,15.3,70863,28.8,15.8,7,68.6,0,False,False,False,False,False,True
63.0,3,0,2155.0,15.3,70863,28.8,15.8,5,157.1,0,False,False,False,False,False,True
45.0,2,0,2155.0,15.3,70863,28.8,15.8,2,218.0,0,False,False,False,False,False,True
73.0,3,0,1529.5,36.2,105462,32.7,11.3,7,81.5,0,False,False,False,False,True,False
66.0,3,0,1935.5,19.1,96734,32.2,13.0,5,36.0,0,False,True,False,False,False,False
103.0,5,1,1935.5,19.1,96734,32.2,13.0,10,94.0,0,False,True,False,False,False,False
54.0,2,0,2324.5,16.1,83796,41.1,13.4,9,155.1,0,False,False,True,False,False,False
129.0,4,1,2324.5,16.1,83796,41.1,13.4,9,136.3,0,False,False,True,False,False,False
77.0,5,1,1638.4,25.8,70238,27.7,10.2,6,146.3,0,False,False,False,True,False,False
57.0,3,0,1935.5,19.1,96734,32.2,13.0,5,25.0,0,False,True,False,False,False,False
16.0,1,0,1529.5,36.2,105462,32.7,11.3,2,240.9,0,False,False,False,False,True,False
22.0,1,0,2324.5,16.1,83796,41.1,13.4,8,89.0,0,False,False,True,False,False,False
42.0,2,0,1638.4,25.8,70238,27.7,10.2,12,73.3,0,False,False,False,True,False,False
120.0,5,1,1638.4,25.8,70238,27.7,10.2,2,137.0,0,False,False,False,True,False,False
63.0,3,0,2155.0,15.3,70863,28.8,15.8,4,93.4,0,False,False,False,False,False,True
29.0,2,0,2324.5,16.1,83796,41.1,13.4,10,28.3,0,False,False,True,False,False,False
65.0,3,0,1935.5,19.1,96734,32.2,13.0,2,65.1,0,False,True,False,False,False,False
90.0,3,0,1529.5,36.2,105462,32.7,11.3,10,199.9,0,False,False,False,False,True,False
36.0,1,0,1935.5,19.1,96734,32.2,13.0,8,108.6,0,False,True,False,False,False,False
214.0,7,0,2324.5,16.1,83796,41.1,13.4,1,107.9,0,False,False,True,False,False,False
56.0,3,0,1529.5,36.2,105462,32.7,11.3,7,51.7,0,False,False,False,False,True,False
51.0,3,0,1638.4,25.8,70238,27.7,10.2,7,200.4,0,False,False,False,True,False,False
75.0,4,0,1956.6,18.3,66372,26.5,15.3,12,173.1,0,True,False,False,False,False,False
48.0,2,0,2155.0,15.3,70863,28.8,15.8,7,42.1,0,False,False,False,False,False,True
63.0,3,0,1638.4,25.8,70238,27.7,10.2,11,370.8,0,False,False,False,True,False,False
90.0,5,1,1638.4,25.8,70238,27.7,10.2,10,5.7,0,False,False,False,True,False,False
61.0,3,0,1935.5,19.1,96734,32.2,13.0,7,274.9,0,False,True,False,False,False,False
51.0,2,0,2155.0,15.3,70863,28.8,15.8,7,17.5,0,False,False,False,False,False,True
30.0,2,0,1529.5,36.2,105462,32.7,11.3,7,150.1,0,False,False,False,False,True,False
27.0,1,0,2155.0,15.3,70863,28.8,15.8,5,80.1,0,False,False,False,False,False,True
89.0,4,0,1935.5,19.1,96734,32.2,13.0,7,91.1,0,False,True,False,False,False,False
85.0,4,0,1638.4,25.8,70238,27.7,10.2,1,168.4,0,False,False,False,True,False,False
94.0,3,0,1956.6,18.3,66372,26.5,15.3,3,20.3,0,True,False,False,False,False,False
41.0,2,0,1935.5,19.1,96734,32.2,13.0,1,133.6,0,False,True,False,False,False,False
61.0,3,0,1935.5,19.1,96734,32.2,13.0,10,147.1,0,False,True,False,False,False,False
35.0,2,0,1529.5,36.2,105462,32.7,11.3,1,173.1,0,False,False,False,False,True,False
23.0,1,0,1638.4,25.8,70238,27.7,10.2,7,59.5,0,False,False,False,True,False,False
32.0,2,0,2324.5,16.1,83796,41.1,13.4,12,56.2,0,False,False,True,False,False,False
52.0,2,0,1935.5,19.1,96734,32.2,13.0,1,69.5,0,False,True,False,False,False,False
37.0,2,0,2155.0,15.3,70863,28.8,15.8,9,127.1,0,False,False,False,False,False,True
115.0,4,1,1935.5,19.1,96734,32.2,13.0,7,339.1,0,False,True,False,False,False,False
113.0,4,1,1638.4,25.8,70238,27.7,10.2,1,129.1,0,False,False,False,True,False,False
37.0,2,0,1529.5,36.2,105462,32.7,11.3,10,55.2,0,False,False,False,False,True,False
49.0,2,0,1935.5,19.1,96734,32.2,13.0,10,103.5,0,False,True,False,False,False,False
41.0,2,0,2324.5,16.1,83796,41.1,13.4,11,97.9,0,False,False,True,False,False,False
50.0,2,0,2324.5,16.1,83796,41.1,13.4,8,232.3,0,False,False,True,False,False,False
52.0,3,0,1935.5,19.1,96734,32.2,13.0,4,182.3,1,False,True,False,False,False,False
94.0,4,1,1638.4,25.8,70238,27.7,10.2,9,106.7,0,False,False,False,True,False,False
24.0,1,0,1956.6,18.3,66372,26.5,15.3,11,112.0,0,True,False,False,False,False,False
55.0,3,0,2324.5,16.1,83796,41.1,13.4,1,193.3,0,False,False,True,False,False,False
74.0,4,0,1935.5,19.1,96734,32.2,13.0,5,163.1,0,False,True,False,False,False,False
49.0,2,0,2324.5,16.1,83796,41.1,13.4,10,140.5,0,False,False,True,False,False,False
44.0,2,0,1935.5,19.1,96734,32.2,13.0,9,278.0,0,False,True,False,False,False,False
100.0,5,0,1529.5,36.2,105462,32.7,11.3,6,207.9,0,False,False,False,False,True,False
57.0,3,0,1935.5,19.1,96734,32.2,13.0,9,273.8,0,False,True,False,False,False,False
85.0,3,0,2155.0,15.3,70863,28.8,15.8,10,89.4,0,False,False,False,False,False,True
37.0,1,0,1529.5,36.2,105462,32.7,11.3,9,213.7,0,False,False,False,False,True,False
150.0,4,0,2324.5,16.1,83796,41.1,13.4,9,14.1,0,False,False,True,False,False,False
99.0,5,0,1529.5,36.2,105462,32.7,11.3,9,199.6,0,False,False,False,False,True,False
112.0,4,0,2155.0,15.3,70863,28.8,15.8,5,177.8,0,False,False,False,False,False,True
48.0,2,0,1529.5,36.2,105462,32.7,11.3,5,142.3,0,False,False,False,False,True,False
51.0,2,0,1935.5,19.1,96734,32.2,13.0,7,144.2,0,False,True,False,False,False,False
42.0,2,0,1638.4,25.8,70238,27.7,10.2,1,175.6,0,False,False,False,True,False,False
42.0,2,0,1935.5,19.1,96734,32.2,13.0,9,202.3,0,False,True,False,False,False,False
46.0,3,0,1638.4,25.8,70238,27.7,10.2,11,72.4,0,False,False,False,True,False,False
25.0,1,0,1638.4,25.8,70238,27.7,10.2,10,95.5,0,False,False,False,True,False,False
33.0,2,0,1529.5,36.2,105462,32.7,11.3,6,40.8,0,False,False,False,False,True,False
49.0,2,0,1956.6,18.3,66372,26.5,15.3,10,140.1,0,True,False,False,False,False,False
56.0,3,0,1529.5,36.2,105462,32.7,11.3,9,297.3,1,False,False,False,False,True,False
57.0,3,1,1956.6,18.3,66372,26.5,15.3,10,183.6,0,True,False,False,False,False,False
71.0,3,0,1638.4,25.8,70238,27.7,10.2,7,236.5,1,False,False,False,True,False,False
60.0,3,0,2324.5,16.1,83796,41.1,13.4,6,18.9,0,False,False,True,False,False,False
87.0,4,1,1956.6,18.3,66372,26.5,15.3,7,384.6,0,True,False,False,False,False,False
29.0,2,0,1529.5,36.2,105462,32.7,11.3,8,160.1,1,False,False,False,False,True,False
47.0,2,0,1529.5,36.2,105462,32.7,11.3,7,21.6,0,False,False,False,False,True,False
230.0,7,1,2324.5,16.1,83796,41.1,13.4,5,34.0,0,False,False,True,False,False,False
69.0,4,0,1638.4,25.8,70238,27.7,10.2,5,90.7,0,False,False,False,True,False,False
66.0,3,0,1935.5,19.1,96734,32.2,13.0,12,156.0,0,False,True,False,False,False,False
69.0,3,0,1935.5,19.1,96734,32.2,13.0,6,281.7,0,False,True,False,False,False,False
48.0,2,0,1935.5,19.1,96734,32.2,13.0,9,192.9,0,False,True,False,False,False,False
62.0,3,0,2155.0,15.3,70863,28.8,15.8,5,346.3,0,False,False,False,False,False,True
60.0,4,0,1638.4,25.8,70238,27.7,10.2,11,260.2,0,False,False,False,True,False,False
94.0,4,1,1935.5,19.1,96734,32.2,13.0,6,134.1,0,False,True,False,False,False,False
173.0,5,1,2155.0,15.3,70863,28.8,15.8,8,245.4,0,False,False,False,False,False,True
120.0,5,0,2324.5,16.1,83796,41.1,13.4,4,93.4,0,False,False,True,False,False,False
146.0,6,1,2324.5,16.1,83796,41.1,13.4,2,140.4,0,False,False,True,False,False,False
30.0,2,0,2324.5,16.1,83796,41.1,13.4,9,220.7,0,False,False,True,False,False,False
49.0,2,0,1638.4,25.8,70238,27.7,10.2,9,120.1,0,False,False,False,True,False,False
55.0,3,0,1935.5,19.1,96734,32.2,13.0,6,228.1,0,False,True,False,False,False,False
40.0,2,0,1935.5,19.1,96734,32.2,13.0,7,108.4,0,False,True,False,False,False,False
57.0,2,0,2155.0,15.3,70863,28.8,15.8,7,22.0,0,False,False,False,False,False,True
37.0,2,0,1956.6,18.3,66372,26.5,15.3,6,103.7,0,True,False,False,False,False,False
28.0,1,0,1529.5,36.2,105462,32.7,11.3,9,92.8,0,False,False,False,False,True,False
83.0,4,0,1638.4,25.8,70238,27.7,10.2,8,75.0,0,False,False,False,True,False,False
116.0,5,0,2324.5,16.1,83796,41.1,13.4,7,193.3,0,False,False,True,False,False,False
120.0,5,1,1956.6,18.3,66372,26.5,15.3,5,3.1,0,True,False,False,False,False,False
43.0,2,0,2155.0,15.3,70863,28.8,15.8,8,56.1,0,False,False,False,False,False,True
58.0,1,0,2324.5,16.1,83796,41.1,13.4,2,172.6,0,False,False,True,False,False,False
204.0,5,1,1638.4,25.8,70238,27.7,10.2,10,49.0,0,False,False,False,True,False,False
56.0,3,0,1935.5,19.1,96734,32.2,13.0,10,175.3,0,False,True,False,False,False,False
94.0,4,0,1956.6,18.3,66372,26.5,15.3,10,179.4,0,True,False,False,False,False,False
311.0,7,0,2324.5,16.1,83796,41.1,13.4,9,63.7,0,False,False,True,False,False,False
59.0,3,0,2155.0,15.3,70863,28.8,15.8,7,56.1,0,False,False,False,False,False,True
46.0,2,0,1529.5,36.2,105462,32.7,11.3,8,92.7,0,False,False,False,False,True,False
32.0,2,0,1529.5,36.2,105462,32.7,11.3,12,135.3,0,False,False,False,False,True,False
134.0,4,0,2324.5,16.1,83796,41.1,13.4,11,154.0,0,False,False,True,False,False,False
31.0,2,0,1935.5,19.1,96734,32.2,13.0,1,217.2,0,False,True,False,False,False,False
67.0,4,0,1935.5,19.1,96734,32.2,13.0,4,416.1,0,False,True,False,False,False,False
60.0,3,0,1529.5,36.2,105462,32.7,11.3,9,141.3,0,False,False,False,False,True,False
75.0,4,0,1935.5,19.1,96734,32.2,13.0,10,127.1,0,False,True,False,False,False,False
140.0,5,0,1935.5,19.1,96734,32.2,13.0,4,72.2,0,False,True,False,False,False,False
135.0,4,1,1956.6,18.3,66372,26.5,15.3,6,122.3,0,True,False,False,False,False,False
34.0,2,0,1529.5,36.2,105462,32.7,11.3,8,82.9,0,False,False,False,False,True,False
61.0,4,0,1529.5,36.2,105462,32.7,11.3,7,68.3,0,False,False,False,False,True,False
46.0,2,0,1638.4,25.8,70238,27.7,10.2,4,156.9,1,False,False,False,True,False,False
54.0,3,0,2155.0,15.3,70863,28.8,15.8,3,96.8,0,False,False,False,False,False,True
40.0,2,0,1935.5,19.1,96734,32.2,13.0,4,104.7,0,False,True,False,False,False,False
85.0,4,0,1529.5,36.2,105462,32.7,11.3,3,97.6,0,False,False,False,False,True,False
55.0,4,0,1529.5,36.2,105462,32.7,11.3,4,149.9,0,False,False,False,False,True,False
42.0,2,0,1529.5,36.2,105462,32.7,11.3,10,125.7,0,False,False,False,False,True,False
71.0,3,1,1935.5,19.1,96734,32.2,13.0,5,64.5,0,False,True,False,False,False,False
180.0,5,1,1638.4,25.8,70238,27.7,10.2,2,253.8,0,False,False,False,True,False,False
90.0,4,0,1529.5,36.2,105462,32.7,11.3,3,157.2,0,False,False,False,False,True,False
108.0,5,0,2324.5,16.1,83796,41.1,13.4,9,113.1,0,False,False,True,False,False,False
23.0,1,0,1935.5,19.1,96734,32.2,13.0,11,129.7,0,False,True,False,False,False,False
68.0,3,0,1638.4,25.8,70238,27.7,10.2,12,183.5,0,False,False,False,True,False,False
32.0,2,0,2324.5,16.1,83796,41.1,13.4,8,226.5,0,False,False,True,False,False,False
24.0,1,0,1529.5,36.2,105462,32.7,11.3,12,84.3,0,False,False,False,False,True,False
34.0,2,0,2155.0,15.3,70863,28.8,15.8,10,88.5,0,False,False,False,False,False,True
50.0,2,0,2324.5,16.1,83796,41.1,13.4,11,132.0,0,False,False,True,False,False,False
99.0,4,1,1956.6,18.3,66372,26.5,15.3,12,98.1,0,True,False,False,False,False,False
90.0,4,0,2155.0,15.3,70863,28.8,15.8,4,24.6,0,False,False,False,False,False,True
27.0,1,0,1529.5,36.2,105462,32.7,11.3,9,175.1,0,False,False,False,False,True,False
138.0,5,1,1529.5,36.2,105462,32.7,11.3,6,67.8,0,False,False,False,False,True,False
46.0,2,0,1935.5,19.1,96734,32.2,13.0,1,78.4,0,False,True,False,False,False,False
90.0,4,1,1956.6,18.3,66372,26.5,15.3,11,94.1,0,True,False,False,False,False,False
83.0,4,0,1638.4,25.8,70238,27.7,10.2,7,112.2,0,False,False,False,True,False,False
70.0,4,0,2155.0,15.3,70863,28.8,15.8,9,118.0,0,False,False,False,False,False,True
140.0,4,0,1529.5,36.2,105462,32.7,11.3,6,160.6,0,False,False,False,False,True,False
80.0,4,0,1935.5,19.1,96734,32.2,13.0,7,259.3,0,False,True,False,False,False,False
49.0,2,0,2155.0,15.3,70863,28.8,15.8,9,159.9,0,False,False,False,False,False,True
83.0,4,0,1956.6,18.3,66372,26.5,15.3,7,167.7,0,True,False,False,False,False,False
33.0,2,0,1935.5,19.1,96734,32.2,13.0,6,30.9,0,False,True,False,False,False,False
70.0,4,0,1935.5,19.1,96734,32.2,13.0,9,84.6,0,False,True,False,False,False,False
82.0,5,1,1529.5,36.2,105462,32.7,11.3,9,75.3,0,False,False,False,False,True,False
27.0,1,0,2324.5,16.1,83796,41.1,13.4,6,183.3,0,False,False,True,False,False,False
81.0,4,0,1529.5,36.2,105462,32.7,11.3,7,156.5,0,False,False,False,False,True,False
44.0,2,0,1935.5,19.1,96734,32.2,13.0,10,110.7,0,False,True,False,False,False,False
59.0,3,0,1956.6,18.3,66372,26.5,15.3,6,148.0,0,True,False,False,False,False,False
49.0,2,0,2155.0,15.3,70863,28.8,15.8,3,298.3,0,False,False,False,False,False,True
71.0,4,0,1638.4,25.8,70238,27.7,10.2,7,90.7,0,False,False,False,True,False,False
48.0,3,0,2324.5,16.1,83796,41.1,13.4,7,105.9,0,False,False,True,False,False,False
77.0,3,0,1935.5,19.1,96734,32.2,13.0,9,48.8,0,False,True,False,False,False,False
46.0,2,0,1529.5,36.2,105462,32.7,11.3,3,212.8,0,False,False,False,False,True,False
55.0,3,0,2324.5,16.1,83796,41.1,13.4,5,127.0,0,False,False,True,False,False,False
64.0,3,1,1529.5,36.2,105462,32.7,11.3,6,173.3,0,False,False,False,False,True,False
100.0,4,0,2324.5,16.1,83796,41.1,13.4,11,138.4,0,False,False,True,False,False,False
140.0,5,1,1638.4,25.8,70238,27.7,10.2,6,293.1,0,False,False,False,True,False,False
106.0,6,1,1935.5,19.1,96734,32.2,13.0,4,194.6,0,False,True,False,False,False,False
53.0,3,0,2324.5,16.1,83796,41.1,13.4,8,129.9,0,False,False,True,False,False,False
75.0,3,0,1956.6,18.3,66372,26.5,15.3,9,297.6,0,True,False,False,False,False,False
69.0,3,0,2155.0,15.3,70863,28.8,15.8,6,312.8,0,False,False,False,False,False,True
137.0,5,1,1638.4,25.8,70238,27.7,10.2,7,307.4,0,False,False,False,True,False,False
62.0,3,0,1935.5,19.1,96734,32.2,13.0,12,201.4,0,False,True,False,False,False,False
82.0,3,1,1935.5,19.1,96734,32.2,13.0,12,123.8,0,False,True,False,False,False,False
33.0,2,0,1529.5,36.2,105462,32.7,11.3,3,111.3,0,False,False,False,False,True,False
33.0,2,0,1935.5,19.1,96734,32.2,13.0,7,339.9,0,False,True,False,False,False,False
30.0,2,0,1529.5,36.2,105462,32.7,11.3,12,124.5,0,False,False,False,False,True,False
58.0,3,0,1529.5,36.2,105462,32.7,11.3,8,204.2,0,False,False,False,False,True,False
59.0,3,0,1935.5,19.1,96734,32.2,13.0,8,133.1,0,False,True,False,False,False,False
26.0,1,0,2155.0,15.3,70863,28.8,15.8,12,215.5,0,False,False,False,False,False,True
20.0,2,0,2324.5,16.1,83796,41.1,13.4,9,126.2,0,False,False,True,False,False,False
50.0,2,0,2324.5,16.1,83796,41.1,13.4,11,112.2,0,False,False,True,False,False,False
70.0,3,1,1529.5,36.2,105462,32.7,11.3,6,302.0,0,False,False,False,False,True,False
89.0,4,0,1529.5,36.2,105462,32.7,11.3,10,165.6,0,False,False,False,False,True,False
38.0,2,0,2155.0,15.3,70863,28.8,15.8,7,202.7,0,False,False,False,False,False,True
71.0,3,1,1956.6,18.3,66372,26.5,15.3,12,102.7,0,True,False,False,False,False,False
64.0,2,0,2324.5,16.1,83796,41.1,13.4,7,241.1,1,False,False,True,False,False,False
19.0,1,0,2324.5,16.1,83796,41.1,13.4,1,140.4,0,False,False,True,False,False,False
60.0,3,0,1638.4,25.8,70238,27.7,10.2,2,153.0,0,False,False,False,True,False,False
42.0,2,0,2155.0,15.3,70863,28.8,15.8,6,9.4,0,False,False,False,False,False,True
61.0,3,0,1638.4,25.8,70238,27.7,10.2,1,80.6,0,False,False,False,True,False,False
61.0,4,0,1935.5,19.1,96734,32.2,13.0,9,166.4,0,False,True,False,False,False,False
30.0,2,0,1529.5,36.2,105462,32.7,11.3,7,162.9,0,False,False,False,False,True,False
104.0,3,0,2324.5,16.1,83796,41.1,13.4,7,130.3,0,False,False,True,False,False,False
85.0,4,0,2155.0,15.3,70863,28.8,15.8,4,167.0,0,False,False,False,False,False,True
73.0,3,0,1956.6,18.3,66372,26.5,15.3,7,107.1,0,True,False,False,False,False,False
63.0,3,0,1935.5,19.1,96734,32.2,13.0,4,146.0,0,False,True,False,False,False,False
90.0,3,0,1529.5,36.2,105462,32.7,11.3,1,85.4,0,False,False,False,False,True,False
56.0,2,0,1638.4,25.8,70238,27.7,10.2,7,250.5,0,False,False,False,True,False,False
59.0,3,0,1956.6,18.3,66372,26.5,15.3,9,57.5,0,True,False,False,False,False,False
42.0,2,0,2155.0,15.3,70863,28.8,15.8,10,119.9,0,False,False,False,False,False,True
92.0,4,0,2324.5,16.1,83796,41.1,13.4,7,45.1,0,False,False,True,False,False,False
40.0,2,0,1956.6,18.3,66372,26.5,15.3,2,28.3,0,True,False,False,False,False,False
88.0,5,0,1935.5,19.1,96734,32.2,13.0,6,108.4,0,False,True,False,False,False,False
104.0,4,0,1935.5,19.1,96734,32.2,13.0,7,37.4,0,False,True,False,False,False,False
82.0,4,0,1638.4,25.8,70238,27.7,10.2,5,34.6,0,False,False,False,True,False,False
34.0,1,0,2324.5,16.1,83796,41.1,13.4,8,183.2,0,False,False,True,False,False,False
25.0,1,0,2324.5,16.1,83796,41.1,13.4,4,230.8,0,False,False,True,False,False,False
27.0,1,0,2155.0,15.3,70863,28.8,15.8,11,43.9,0,False,False,False,False,False,True
85.0,4,0,2155.0,15.3,70863,28.8,15.8,3,112.7,0,False,False,False,False,False,True
97.0,4,1,1956.6,18.3,66372,26.5,15.3,12,197.7,0,True,False,False,False,False,False
53.0,3,0,1638.4,25.8,70238,27.7,10.2,1,61.3,0,False,False,False,True,False,False
150.0,6,1,1935.5,19.1,96734,32.2,13.0,7,104.7,0,False,True,False,False,False,False
55.0,3,0,1529.5,36.2,105462,32.7,11.3,5,91.4,0,False,False,False,False,True,False
128.0,5,1,1638.4,25.8,70238,27.7,10.2,3,135.7,0,False,False,False,True,False,False
78.0,5,0,1935.5,19.1,96734,32.2,13.0,1,61.2,0,False,True,False,False,False,False
165.0,6,1,1935.5,19.1,96734,32.2,13.0,12,141.3,0,False,True,False,False,False,False
36.0,2,0,1935.5,19.1,96734,32.2,13.0,11,146.7,0,False,True,False,False,False,False
23.0,1,0,2155.0,15.3,70863,28.8,15.8,2,144.1,0,False,False,False,False,False,True
80.0,4,0,1935.5,19.1,96734,32.2,13.0,6,41.0,1,False,True,False,False,False,False
89.0,3,0,1529.5,36.2,105462,32.7,11.3,8,137.9,0,False,False,False,False,True,False
60.0,2,0,2324.5,16.1,83796,41.1,13.4,6,185.9,0,False,False,True,False,False,False
51.0,2,0,1638.4,25.8,70238,27.7,10.2,9,45.4,0,False,False,False,True,False,False
59.0,3,0,2324.5,16.1,83796,41.1,13.4,11,155.3,0,False,False,True,False,False,False
93.0,4,1,1935.5,19.1,96734,32.2,13.0,5,126.5,0,False,True,False,False,False,False
70.0,3,0,1638.4,25.8,70238,27.7,10.2,6,358.1,0,False,False,False,True,False,False
18.0,1,0,2324.5,16.1,83796,41.1,13.4,11,96.1,0,False,False,True,False,False,False
139.0,3,0,2324.5,16.1,83796,41.1,13.4,12,175.8,0,False,False,True,False,False,False
47.0,3,0,2155.0,15.3,70863,28.8,15.8,9,87.6,0,False,False,False,False,False,True
26.0,1,0,1638.4,25.8,70238,27.7,10.2,7,95.2,0,False,False,False,True,False,False
83.0,4,1,1935.5,19.1,96734,32.2,13.0,6,213.4,0,False,True,False,False,False,False
154.0,5,1,1638.4,25.8,70238,27.7,10.2,9,133.2,0,False,False,False,True,False,False
91.0,3,1,1638.4,25.8,70238,27.7,10.2,6,185.2,0,False,False,False,True,False,False
33.0,1,0,1956.6,18.3,66372,26.5,15.3,7,16.3,0,True,False,False,False,False,False
42.0,2,0,2324.5,16.1,83796,41.1,13.4,9,95.2,0,False,False,True,False,False,False
30.0,2,1,1638.4,25.8,70238,27.7,10.2,4,228.5,0,False,False,False,True,False,False
141.0,5,0,2324.5,16.1,83796,41.1,13.4,12,83.9,0,False,False,True,False,False,False
56.0,2,0,2324.5,16.1,83796,41.1,13.4,11,138.4,0,False,False,True,False,False,False
38.0,2,0,2155.0,15.3,70863,28.8,15.8,12,188.3,0,False,False,False,False,False,True
60.0,3,0,1638.4,25.8,70238,27.7,10.2,4,223.3,0,False,False,False,True,False,False
41.0,2,0,1935.5,19.1,96734,32.2,13.0,2,124.8,1,False,True,False,False,False,False
35.0,2,0,1638.4,25.8,70238,27.7,10.2,10,76.5,0,False,False,False,True,False,False
52.0,2,0,2155.0,15.3,70863,28.8,15.8,11,33.4,0,False,False,False,False,False,True
69.0,3,0,1956.6,18.3,66372,26.5,15.3,2,69.5,0,True,False,False,False,False,False
60.0,3,0,1935.5,19.1,96734,32.2,13.0,1,160.3,0,False,True,False,False,False,False
49.0,2,0,1638.4,25.8,70238,27.7,10.2,5,212.1,0,False,False,False,True,False,False
120.0,4,1,1956.6,18.3,66372,26.5,15.3,6,71.8,0,True,False,False,False,False,False
45.0,3,0,1529.5,36.2,105462,32.7,11.3,7,77.2,0,False,False,False,False,True,False
75.0,3,0,2324.5,16.1,83796,41.1,13.4,8,159.3,0,False,False,True,False,False,False
60.0,3,0,1529.5,36.2,105462,32.7,11.3,2,55.2,0,False,False,False,False,True,False
19.0,1,0,2324.5,16.1,83796,41.1,13.4,8,287.2,0,False,False,True,False,False,False
79.0,4,0,2155.0,15.3,70863,28.8,15.8,4,259.5,0,False,False,False,False,False,True
40.0,2,0,1638.4,25.8,70238,27.7,10.2,7,72.6,0,False,False,False,True,False,False
88.0,4,0,2324.5,16.1,83796,41.1,13.4,5,100.2,0,False,False,True,False,False,False
57.0,3,0,1935.5,19.1,96734,32.2,13.0,3,148.5,0,False,True,False,False,False,False
56.0,3,0,2324.5,16.1,83796,41.1,13.4,10,61.4,0,False,False,True,False,False,False
90.0,5,1,1529.5,36.2,105462,32.7,11.3,1,161.6,0,False,False,False,False,True,False
52.0,3,0,1956.6,18.3,66372,26.5,15.3,2,180.5,0,True,False,False,False,False,False
60.0,3,0,1529.5,36.2,105462,32.7,11.3,4,113.5,0,False,False,False,False,True,False
64.0,3,0,1935.5,19.1,96734,32.2,13.0,8,164.9,0,False,True,False,False,False,False
49.0,2,0,1935.5,19.1,96734,32.2,13.0,6,168.9,1,False,True,False,False,False,False
24.0,2,0,2324.5,16.1,83796,41.1,13.4,1,323.6,0,False,False,True,False,False,False
120.0,5,1,1638.4,25.8,70238,27.7,10.2,7,93.4,0,False,False,False,True,False,False
125.0,5,1,1935.5,19.1,96734,32.2,13.0,4,145.6,0,False,True,False,False,False,False
90.0,4,1,1956.6,18.3,66372,26.5,15.3,5,34.6,0,True,False,False,False,False,False
36.0,1,1,1529.5,36.2,105462,32.7,11.3,11,148.0,1,False,False,False,False,True,False
44.0,2,0,1935.5,19.1,96734,32.2,13.0,11,157.8,1,False,True,False,False,False,False
58.0,3,0,2155.0,15.3,70863,28.8,15.8,3,24.5,0,False,False,False,False,False,True
22.0,1,0,2324.5,16.1,83796,41.1,13.4,8,226.9,0,False,False,True,False,False,False
47.0,2,0,1638.4,25.8,70238,27.7,10.2,2,96.9,0,False,False,False,True,False,False
67.0,3,0,1935.5,19.1,96734,32.2,13.0,1,63.2,0,False,True,False,False,False,False
53.0,2,0,1935.5,19.1,96734,32.2,13.0,4,174.3,0,False,True,False,False,False,False
77.0,4,0,1956.6,18.3,66372,26.5,15.3,11,239.1,0,True,False,False,False,False,False
68.0,3,0,1638.4,25.8,70238,27.7,10.2,5,52.3,0,False,False,False,True,False,False
30.0,1,0,1529.5,36.2,105462,32.7,11.3,6,162.1,0,False,False,False,False,True,False
47.0,2,0,2155.0,15.3,70863,28.8,15.8,5,213.5,0,False,False,False,False,False,True
58.0,3,0,1935.5,19.1,96734,32.2,13.0,3,219.5,0,False,True,False,False,False,False
38.0,2,0,1638.4,25.8,70238,27.7,10.2,6,43.4,0,False,False,False,True,False,False
42.0,2,0,1529.5,36.2,105462,32.7,11.3,4,55.2,0,False,False,False,False,True,False
90.0,4,0,1638.4,25.8,70238,27.7,10.2,3,367.6,0,False,False,False,True,False,False
43.0,2,0,2324.5,16.1,83796,41.1,13.4,10,49.8,0,False,False,True,False,False,False
66.0,3,0,1935.5,19.1,96734,32.2,13.0,5,155.8,0,False,True,False,False,False,False
104.0,4,0,2324.5,16.1,83796,41.1,13.4,3,163.8,0,False,False,True,False,False,False
68.0,3,0,1529.5,36.2,105462,32.7,11.3,3,60.7,0,False,False,False,False,True,False
75.0,4,1,1638.4,25.8,70238,27.7,10.2,6,222.4,0,False,False,False,True,False,False
56.0,3,0,1935.5,19.1,96734,32.2,13.0,2,289.4,0,False,True,False,False,False,False
81.0,4,1,1935.5,19.1,96734,32.2,13.0,8,137.0,0,False,True,False,False,False,False
74.0,3,0,1638.4,25.8,70238,27.7,10.2,12,160.0,0,False,False,False,True,False,False
170.0,6,1,1638.4,25.8,70238,27.7,10.2,3,138.0,0,False,False,False,True,False,False
95.0,5,0,1935.5,19.1,96734,32.2,13.0,11,107.5,0,False,True,False,False,False,False
44.0,2,0,1935.5,19.1,96734,32.2,13.0,6,36.7,0,False,True,False,False,False,False
21.0,1,0,1529.5,36.2,105462,32.7,11.3,2,181.9,0,False,False,False,False,True,False
39.0,2,0,1529.5,36.2,105462,32.7,11.3,3,162.0,0,False,False,False,False,True,False
45.0,2,0,1935.5,19.1,96734,32.2,13.0,8,70.4,0,False,True,False,False,False,False
70.0,3,1,1529.5,36.2,105462,32.7,11.3,8,134.5,0,False,False,False,False,True,False
53.0,2,0,2324.5,16.1,83796,41.1,13.4,7,133.9,0,False,False,True,False,False,False
25.0,1,0,2324.5,16.1,83796,41.1,13.4,1,131.5,0,False,False,True,False,False,False
55.0,3,0,2155.0,15.3,70863,28.8,15.8,8,17.5,0,False,False,False,False,False,True
48.0,2,0,1529.5,36.2,105462,32.7,11.3,5,132.4,0,False,False,False,False,True,False
162.0,4,0,2324.5,16.1,83796,41.1,13.4,6,147.6,1,False,False,True,False,False,False
64.0,3,0,1638.4,25.8,70238,27.7,10.2,3,71.2,0,False,False,False,True,False,False
57.0,3,0,2155.0,15.3,70863,28.8,15.8,10,102.8,0,False,False,False,False,False,True
56.0,3,0,1529.5,36.2,105462,32.7,11.3,7,45.4,1,False,False,False,False,True,False
72.0,4,0,1935.5,19.1,96734,32.2,13.0,5,236.6,0,False,True,False,False,False,False
20.0,1,0,2155.0,15.3,70863,28.8,15.8,9,120.1,0,False,False,False,False,False,True
65.0,3,0,1956.6,18.3,66372,26.5,15.3,11,48.5,0,True,False,False,False,False,False
43.0,2,0,1529.5,36.2,105462,32.7,11.3,3,195.4,0,False,False,False,False,True,False
72.0,3,0,1529.5,36.2,105462,32.7,11.3,4,129.2,0,False,False,False,False,True,False
66.0,3,0,2155.0,15.3,70863,28.8,15.8,3,168.4,0,False,False,False,False,False,True
123.0,8,1,1638.4,25.8,70238,27.7,10.2,6,113.8,0,False,False,False,True,False,False
42.0,2,0,1529.5,36.2,105462,32.7,11.3,10,22.0,0,False,False,False,False,True,False
20.0,2,0,1529.5,36.2,105462,32.7,11.3,5,18.1,0,False,False,False,False,True,False
84.0,4,0,1956.6,18.3,66372,26.5,15.3,3,83.3,0,True,False,False,False,False,False
56.0,2,0,1638.4,25.8,70238,27.7,10.2,1,75.6,0,False,False,False,True,False,False
89.0,4,0,1956.6,18.3,66372,26.5,15.3,3,200.1,0,True,False,False,False,False,False
57.0,3,0,1638.4,25.8,70238,27.7,10.2,2,162.1,0,False,False,False,True,False,False
39.0,1,0,2324.5,16.1,83796,41.1,13.4,12,106.3,0,False,False,True,False,False,False
14.0,1,0,1529.5,36.2,105462,32.7,11.3,1,90.8,0,False,False,False,False,True,False
83.0,4,0,1638.4,25.8,70238,27.7,10.2,2,165.8,0,False,False,False,True,False,False
54.0,3,0,2324.5,16.1,83796,41.1,13.4,7,188.4,0,False,False,True,False,False,False
250.0,7,1,1956.6,18.3,66372,26.5,15.3,11,15.5,0,True,False,False,False,False,False
83.0,4,0,1935.5,19.1,96734,32.2,13.0,8,110.9,1,False,True,False,False,False,False
84.0,4,1,1935.5,19.1,96734,32.2,13.0,3,369.6,0,False,True,False,False,False,False
32.0,1,0,1956.6,18.3,66372,26.5,15.3,4,413.5,0,True,False,False,False,False,False
70.0,3,1,1935.5,19.1,96734,32.2,13.0,6,88.4,0,False,True,False,False,False,False
162.0,9,1,1529.5,36.2,105462,32.7,11.3,2,727.4,0,False,False,False,False,True,False
170.0,5,1,2155.0,15.3,70863,28.8,15.8,1,94.3,0,False,False,False,False,False,True
160.0,5,1,1638.4,25.8,70238,27.7,10.2,3,399.7,1,False,False,False,True,False,False
46.0,4,0,2324.5,16.1,83796,41.1,13.4,2,155.9,0,False,False,True,False,False,False
128.0,6,1,1935.5,19.1,96734,32.2,13.0,11,169.4,0,False,True,False,False,False,False
60.0,3,0,1529.5,36.2,105462,32.7,11.3,3,173.9,0,False,False,False,False,True,False
64.0,4,0,1529.5,36.2,105462,32.7,11.3,4,135.3,0,False,False,False,False,True,False
38.0,2,0,1935.5,19.1,96734,32.2,13.0,6,102.9,0,False,True,False,False,False,False
38.0,2,0,1638.4,25.8,70238,27.7,10.2,2,198.1,0,False,False,False,True,False,False
63.0,4,0,2155.0,15.3,70863,28.8,15.8,9,84.4,0,False,False,False,False,False,True
61.0,3,0,2155.0,15.3,70863,28.8,15.8,8,251.2,0,False,False,False,False,False,True
96.0,5,1,1956.6,18.3,66372,26.5,15.3,6,53.9,0,True,False,False,False,False,False
37.0,2,0,2324.5,16.1,83796,41.1,13.4,9,180.7,1,False,False,True,False,False,False
73.0,2,0,1529.5,36.2,105462,32.7,11.3,4,149.0,0,False,False,False,False,True,False
32.0,2,0,2155.0,15.3,70863,28.8,15.8,6,187.3,0,False,False,False,False,False,True
48.0,3,0,1956.6,18.3,66372,26.5,15.3,4,135.7,0,True,False,False,False,False,False
56.0,3,0,2155.0,15.3,70863,28.8,15.8,9,65.4,0,False,False,False,False,False,True
52.0,2,0,1529.5,36.2,105462,32.7,11.3,6,129.4,0,False,False,False,False,True,False
22.0,1,0,1529.5,36.2,105462,32.7,11.3,3,135.3,0,False,False,False,False,True,False
49.0,3,0,1956.6,18.3,66372,26.5,15.3,4,56.4,0,True,False,False,False,False,False
44.0,2,0,1638.4,25.8,70238,27.7,10.2,3,235.9,0,False,False,False,True,False,False
76.0,4,1,1956.6,18.3,66372,26.5,15.3,7,139.4,0,True,False,False,False,False,False
69.0,3,0,1529.5,36.2,105462,32.7,11.3,2,116.3,0,False,False,False,False,True,False
16.0,1,0,1638.4,25.8,70238,27.7,10.2,7,204.8,0,False,False,False,True,False,False
106.0,4,0,1638.4,25.8,70238,27.7,10.2,4,109.6,0,False,False,False,True,False,False
39.0,2,0,1638.4,25.8,70238,27.7,10.2,12,193.8,0,False,False,False,True,False,False
54.0,3,1,1935.5,19.1,96734,32.2,13.0,12,231.5,0,False,True,False,False,False,False
91.0,4,0,2155.0,15.3,70863,28.8,15.8,1,229.9,0,False,False,False,False,False,True
80.0,4,0,2324.5,16.1,83796,41.1,13.4,1,43.7,0,False,False,True,False,False,False
30.0,1,0,2155.0,15.3,70863,28.8,15.8,9,96.7,0,False,False,False,False,False,True
41.0,2,0,2155.0,15.3,70863,28.8,15.8,9,99.5,0,False,False,False,False,False,True
37.0,2,0,2324.5,16.1,83796,41.1,13.4,2,172.4,0,False,False,True,False,False,False
53.0,2,0,2324.5,16.1,83796,41.1,13.4,12,121.0,1,False,False,True,False,False,False
69.0,3,0,1956.6,18.3,66372,26.5,15.3,5,120.5,0,True,False,False,False,False,False
22.0,1,0,1638.4,25.8,70238,27.7,10.2,5,98.3,0,False,False,False,True,False,False
60.0,3,0,1935.5,19.1,96734,32.2,13.0,5,51.9,0,False,True,False,False,False,False
69.0,3,0,1638.4,25.8,70238,27.7,10.2,6,169.4,0,False,False,False,True,False,False
21.0,1,0,2324.5,16.1,83796,41.1,13.4,6,67.9,0,False,False,True,False,False,False
84.0,4,1,1956.6,18.3,66372,26.5,15.3,5,257.7,0,True,False,False,False,False,False
36.0,1,0,1529.5,36.2,105462,32.7,11.3,6,214.1,0,False,False,False,False,True,False
80.0,3,0,2324.5,16.1,83796,41.1,13.4,3,116.8,0,False,False,True,False,False,False
58.0,3,0,1935.5,19.1,96734,32.2,13.0,3,269.5,0,False,True,False,False,False,False
180.0,7,1,1638.4,25.8,70238,27.7,10.2,9,139.6,0,False,False,False,True,False,False
97.0,5,0,1935.5,19.1,96734,32.2,13.0,7,298.9,0,False,True,False,False,False,False
33.0,2,0,1935.5,19.1,96734,32.2,13.0,2,70.0,0,False,True,False,False,False,False
70.0,3,0,1935.5,19.1,96734,32.2,13.0,4,120.1,0,False,True,False,False,False,False
44.0,2,0,2324.5,16.1,83796,41.1,13.4,3,207.7,0,False,False,True,False,False,False
67.0,3,0,1638.4,25.8,70238,27.7,10.2,3,66.2,0,False,False,False,True,False,False
67.0,3,0,1638.4,25.8,70238,27.7,10.2,8,113.7,0,False,False,False,True,False,False
90.0,4,0,1638.4,25.8,70238,27.7,10.2,6,66.8,0,False,False,False,True,False,False
32.0,2,0,1529.5,36.2,105462,32.7,11.3,5,135.3,0,False,False,False,False,True,False
41.0,2,0,1529.5,36.2,105462,32.7,11.3,7,188.1,0,False,False,False,False,True,False
85.0,2,0,1529.5,36.2,105462,32.7,11.3,6,30.3,0,False,False,False,False,True,False
68.0,3,1,1638.4,25.8,70238,27.7,10.2,7,166.8,0,False,False,False,True,False,False
83.0,4,1,1956.6,18.3,66372,26.5,15.3,9,312.9,0,True,False,False,False,False,False
81.0,4,0,1638.4,25.8,70238,27.7,10.2,9,311.5,0,False,False,False,True,False,False
34.0,2,0,2155.0,15.3,70863,28.8,15.8,7,105.1,0,False,False,False,False,False,True
46.0,2,0,1638.4,25.8,70238,27.7,10.2,10,71.2,0,False,False,False,True,False,False
72.0,3,0,1638.4,25.8,70238,27.7,10.2,3,207.5,1,False,False,False,True,False,False
33.0,1,0,2155.0,15.3,70863,28.8,15.8,7,117.8,0,False,False,False,False,False,True
21.0,1,0,2324.5,16.1,83796,41.1,13.4,12,114.0,0,False,False,True,False,False,False
68.0,3,0,1638.4,25.8,70238,27.7,10.2,10,216.3,1,False,False,False,True,False,False
42.0,2,0,2324.5,16.1,83796,41.1,13.4,6,167.3,0,False,False,True,False,False,False
46.0,2,0,1935.5,19.1,96734,32.2,13.0,6,114.3,0,False,True,False,False,False,False
22.0,2,0,2324.5,16.1,83796,41.1,13.4,5,210.0,0,False,False,True,False,False,False
31.0,1,0,2324.5,16.1,83796,41.1,13.4,10,75.5,0,False,False,True,False,False,False
46.0,2,0,1956.6,18.3,66372,26.5,15.3,3,15.0,0,True,False,False,False,False,False
17.0,1,0,2324.5,16.1,83796,41.1,13.4,8,237.0,0,False,False,True,False,False,False
49.0,3,0,2155.0,15.3,70863,28.8,15.8,10,59.1,0,False,False,False,False,False,True
65.0,3,0,1529.5,36.2,105462,32.7,11.3,9,149.4,0,False,False,False,False,True,False
51.0,3,0,1529.5,36.2,105462,32.7,11.3,4,186.0,0,False,False,False,False,True,False
57.0,3,0,1529.5,36.2,105462,32.7,11.3,3,19.2,0,False,False,False,False,True,False
50.0,3,0,2324.5,16.1,83796,41.1,13.4,5,71.5,1,False,False,True,False,False,False
90.0,4,1,1529.5,36.2,105462,32.7,11.3,8,109.6,0,False,False,False,False,True,False
58.0,3,0,2155.0,15.3,70863,28.8,15.8,11,83.4,0,False,False,False,False,False,True
58.0,3,0,1638.4,25.8,70238,27.7,10.2,1,112.6,0,False,False,False,True,False,False
23.0,1,0,1529.5,36.2,105462,32.7,11.3,6,40.8,0,False,False,False,False,True,False
105.0,5,1,1935.5,19.1,96734,32.2,13.0,6,266.0,0,False,True,False,False,False,False
84.0,4,0,1935.5,19.1,96734,32.2,13.0,10,176.5,0,False,True,False,False,False,False
44.0,2,0,1529.5,36.2,105462,32.7,11.3,6,297.3,1,False,False,False,False,True,False
17.0,1,0,2324.5,16.1,83796,41.1,13.4,1,117.0,0,False,False,True,False,False,False
56.0,2,0,1935.5,19.1,96734,32.2,13.0,9,71.2,0,False,True,False,False,False,False
58.0,3,0,1935.5,19.1,96734,32.2,13.0,11,416.5,0,False,True,False,False,False,False
18.0,1,0,1529.5,36.2,105462,32.7,11.3,7,108.8,0,False,False,False,False,True,False
43.0,2,0,1529.5,36.2,105462,32.7,11.3,3,142.2,0,False,False,False,False,True,False
50.0,2,0,1935.5,19.1,96734,32.2,13.0,10,27.7,0,False,True,False,False,False,False
29.0,1,0,2324.5,16.1,83796,41.1,13.4,10,164.7,0,False,False,True,False,False,False
56.0,3,0,1935.5,19.1,96734,32.2,13.0,4,156.0,0,False,True,False,False,False,False
110.0,4,0,1956.6,18.3,66372,26.5,15.3,4,164.8,0,True,False,False,False,False,False
64.0,3,0,1529.5,36.2,105462,32.7,11.3,10,178.1,0,False,False,False,False,True,False
139.0,5,0,1638.4,25.8,70238,27.7,10.2,2,115.9,0,False,False,False,True,False,False
61.0,3,0,1935.5,19.1,96734,32.2,13.0,4,149.7,1,False,True,False,False,False,False
40.0,1,0,2155.0,15.3,70863,28.8,15.8,1,134.5,0,False,False,False,False,False,True
43.0,2,0,1529.5,36.2,105462,32.7,11.3,4,75.9,0,False,False,False,False,True,False
38.0,1,0,2324.5,16.1,83796,41.1,13.4,4,98.5,0,False,False,True,False,False,False
43.0,2,0,1935.5,19.1,96734,32.2,13.0,10,256.1,0,False,True,False,False,False,False
57.0,3,0,2155.0,15.3,70863,28.8,15.8,9,125.8,0,False,False,False,False,False,True
78.0,4,0,1956.6,18.3,66372,26.5,15.3,5,150.4,0,True,False,False,False,False,False
74.0,4,0,1638.4,25.8,70238,27.7,10.2,4,236.5,0,False,False,False,True,False,False
86.0,4,0,1638.4,25.8,70238,27.7,10.2,10,111.2,0,False,False,False,True,False,False
64.0,3,0,1935.5,19.1,96734,32.2,13.0,12,225.2,0,False,True,False,False,False,False
174.0,5,1,1638.4,25.8,70238,27.7,10.2,6,107.5,0,False,False,False,True,False,False
138.0,4,0,2324.5,16.1,83796,41.1,13.4,3,139.1,0,False,False,True,False,False,False
45.0,2,0,2155.0,15.3,70863,28.8,15.8,1,68.0,0,False,False,False,False,False,True
98.0,3,0,1638.4,25.8,70238,27.7,10.2,2,123.7,0,False,False,False,True,False,False
68.0,3,0,1638.4,25.8,70238,27.7,10.2,11,407.1,0,False,False,False,True,False,False
135.0,4,1,1529.5,36.2,105462,32.7,11.3,12,87.5,0,False,False,False,False,True,False
120.0,4,0,2324.5,16.1,83796,41.1,13.4,7,29.4,0,False,False,True,False,False,False
60.0,2,0,2324.5,16.1,83796,41.1,13.4,12,73.9,0,False,False,True,False,False,False
58.0,3,0,1935.5,19.1,96734,32.2,13.0,9,232.1,0,False,True,False,False,False,False
13.0,1,0,2324.5,16.1,83796,41.1,13.4,12,187.2,0,False,False,True,False,False,False
65.0,3,0,1935.5,19.1,96734,32.2,13.0,8,14.5,0,False,True,False,False,False,False
30.0,1,0,1956.6,18.3,66372,26.5,15.3,5,153.6,0,True,False,False,False,False,False
47.0,2,0,2324.5,16.1,83796,41.1,13.4,8,29.0,0,False,False,True,False,False,False
35.0,2,0,1935.5,19.1,96734,32.2,13.0,3,66.9,0,False,True,False,False,False,False
43.0,2,0,2324.5,16.1,83796,41.1,13.4,12,154.2,0,False,False,True,False,False,False
41.0,2,0,1935.5,19.1,96734,32.2,13.0,4,115.8,0,False,True,False,False,False,False
43.0,2,0,2155.0,15.3,70863,28.8,15.8,12,94.3,0,False,False,False,False,False,True
14.0,1,0,1529.5,36.2,105462,32.7,11.3,5,110.4,0,False,False,False,False,True,False
44.0,2,0,2324.5,16.1,83796,41.1,13.4,2,217.8,0,False,False,True,False,False,False
75.0,4,0,2324.5,16.1,83796,41.1,13.4,12,45.9,0,False,False,True,False,False,False
25.0,1,0,2324.5,16.1,83796,41.1,13.4,10,94.3,0,False,False,True,False,False,False
67.0,3,0,1956.6,18.3,66372,26.5,15.3,5,221.3,0,True,False,False,False,False,False
60.0,3,0,1935.5,19.1,96734,32.2,13.0,2,149.4,0,False,True,False,False,False,False
63.0,3,0,2155.0,15.3,70863,28.8,15.8,10,115.5,0,False,False,False,False,False,True
20.0,1,0,2155.0,15.3,70863,28.8,15.8,10,150.7,0,False,False,False,False,False,True
63.0,4,0,1638.4,25.8,70238,27.7,10.2,8,121.9,0,False,False,False,True,False,False
39.0,2,0,2155.0,15.3,70863,28.8,15.8,6,17.7,0,False,False,False,False,False,True
54.0,2,0,1529.5,36.2,105462,32.7,11.3,3,141.6,0,False,False,False,False,True,False
64.0,3,0,1638.4,25.8,70238,27.7,10.2,3,46.4,0,False,False,False,True,False,False
27.0,1,0,2324.5,16.1,83796,41.1,13.4,1,147.9,0,False,False,True,False,False,False
32.0,1,0,2324.5,16.1,83796,41.1,13.4,11,137.4,0,False,False,True,False,False,False
28.0,1,0,1638.4,25.8,70238,27.7,10.2,3,58.8,0,False,False,False,True,False,False
111.0,1,1,1935.5,19.1,96734,32.2,13.0,7,10.4,0,False,True,False,False,False,False
22.0,1,0,1529.5,36.2,105462,32.7,11.3,4,173.5,0,False,False,False,False,True,False
32.0,2,0,2324.5,16.1,83796,41.1,13.4,7,115.5,0,False,False,True,False,False,False
81.0,4,0,1935.5,19.1,96734,32.2,13.0,10,92.9,0,False,True,False,False,False,False
39.0,2,0,2155.0,15.3,70863,28.8,15.8,12,298.2,0,False,False,False,False,False,True
95.0,4,0,1638.4,25.8,70238,27.7,10.2,5,45.5,0,False,False,False,True,False,False
120.0,5,0,2324.5,16.1,83796,41.1,13.4,8,109.7,0,False,False,True,False,False,False
44.0,2,0,1935.5,19.1,96734,32.2,13.0,5,40.8,0,False,True,False,False,False,False
132.0,5,1,2155.0,15.3,70863,28.8,15.8,10,86.6,0,False,False,False,False,False,True
68.0,4,0,2324.5,16.1,83796,41.1,13.4,9,66.8,0,False,False,True,False,False,False
61.0,3,0,1529.5,36.2,105462,32.7,11.3,10,55.2,0,False,False,False,False,True,False
43.0,2,0,1935.5,19.1,96734,32.2,13.0,12,99.9,0,False,True,False,False,False,False
30.0,1,0,2155.0,15.3,70863,28.8,15.8,8,92.2,0,False,False,False,False,False,True
89.0,4,0,1935.5,19.1,96734,32.2,13.0,12,120.8,0,False,True,False,False,False,False
79.0,2,0,1529.5,36.2,105462,32.7,11.3,7,11.2,0,False,False,False,False,True,False
21.0,1,0,1956.6,18.3,66372,26.5,15.3,11,72.4,0,True,False,False,False,False,False
180.0,6,1,1529.5,36.2,105462,32.7,11.3,4,143.2,0,False,False,False,False,True,False
34.0,1,0,2324.5,16.1,83796,41.1,13.4,7,188.6,0,False,False,True,False,False,False
60.0,4,0,1529.5,36.2,105462,32.7,11.3,1,279.5,1,False,False,False,False,True,False
100.0,5,1,1956.6,18.3,66372,26.5,15.3,9,269.9,0,True,False,False,False,False,False
72.0,4,0,1956.6,18.3,66372,26.5,15.3,2,252.0,0,True,False,False,False,False,False
87.0,4,0,1956.6,18.3,66372,26.5,15.3,10,339.9,0,True,False,False,False,False,False
60.0,3,0,1638.4,25.8,70238,27.7,10.2,12,41.3,0,False,False,False,True,False,False
33.0,2,0,1935.5,19.1,96734,32.2,13.0,11,198.0,0,False,True,False,False,False,False
62.0,3,1,1638.4,25.8,70238,27.7,10.2,1,336.3,0,False,False,False,True,False,False
64.0,3,0,1935.5,19.1,96734,32.2,13.0,2,61.8,0,False,True,False,False,False,False
60.0,3,0,1935.5,19.1,96734,32.2,13.0,10,142.1,0,False,True,False,False,False,False
54.0,3,0,1638.4,25.8,70238,27.7,10.2,9,159.7,1,False,False,False,True,False,False
67.0,3,0,2155.0,15.3,70863,28.8,15.8,3,151.6,0,False,False,False,False,False,True
83.0,4,0,2155.0,15.3,70863,28.8,15.8,12,110.2,0,False,False,False,False,False,True
55.0,3,0,1956.6,18.3,66372,26.5,15.3,7,178.4,0,True,False,False,False,False,False
62.0,3,0,1935.5,19.1,96734,32.2,13.0,5,17.8,0,False,True,False,False,False,False
93.0,3,0,1529.5,36.2,105462,32.7,11.3,6,15.1,0,False,False,False,False,True,False
123.0,4,1,1956.6,18.3,66372,26.5,15.3,3,37.7,0,True,False,False,False,False,False
51.0,2,0,2324.5,16.1,83796,41.1,13.4,3,165.3,0,False,False,True,False,False,False
64.0,3,0,1529.5,36.2,105462,32.7,11.3,2,77.6,0,False,False,False,False,True,False
22.0,2,0,1529.5,36.2,105462,32.7,11.3,1,173.8,0,False,False,False,False,True,False
81.0,3,0,1638.4,25.8,70238,27.7,10.2,4,30.8,0,False,False,False,True,False,False
45.0,2,0,2155.0,15.3,70863,28.8,15.8,6,191.3,0,False,False,False,False,False,True
63.0,3,0,1529.5,36.2,105462,32.7,11.3,5,147.2,0,False,False,False,False,True,False
43.0,2,0,1935.5,19.1,96734,32.2,13.0,9,135.5,0,False,True,False,False,False,False
90.0,4,0,1529.5,36.2,105462,32.7,11.3,4,163.0,0,False,False,False,False,True,False
68.0,3,0,1638.4,25.8,70238,27.7,10.2,3,286.3,0,False,False,False,True,False,False
100.0,4,1,1638.4,25.8,70238,27.7,10.2,7,107.0,0,False,False,False,True,False,False
46.0,2,0,1935.5,19.1,96734,32.2,13.0,5,153.1,0,False,True,False,False,False,False
28.0,1,0,1638.4,25.8,70238,27.7,10.2,1,65.5,0,False,False,False,True,False,False
62.0,3,0,1935.5,19.1,96734,32.2,13.0,10,186.6,0,False,True,False,False,False,False
31.0,1,0,1529.5,36.2,105462,32.7,11.3,1,179.4,0,False,False,False,False,True,False
26.0,1,0,2324.5,16.1,83796,41.1,13.4,2,47.0,0,False,False,True,False,False,False
79.0,4,0,1935.5,19.1,96734,32.2,13.0,4,101.6,0,False,True,False,False,False,False
100.0,5,1,1956.6,18.3,66372,26.5,15.3,10,185.7,0,True,False,False,False,False,False
69.0,3,0,1529.5,36.2,105462,32.7,11.3,5,30.2,0,False,False,False,False,True,False
21.0,1,0,2155.0,15.3,70863,28.8,15.8,3,129.4,0,False,False,False,False,False,True
72.0,3,0,1638.4,25.8,70238,27.7,10.2,6,250.5,0,False,False,False,True,False,False
135.0,6,1,1935.5,19.1,96734,32.2,13.0,3,147.4,0,False,True,False,False,False,False
56.0,2,0,2324.5,16.1,83796,41.1,13.4,7,78.4,0,False,False,True,False,False,False
45.0,2,0,1935.5,19.1,96734,32.2,13.0,6,139.7,0,False,True,False,False,False,False
100.0,2,0,2324.5,16.1,83796,41.1,13.4,7,134.0,0,False,False,True,False,False,False
72.0,3,0,2324.5,16.1,83796,41.1,13.4,6,171.8,0,False,False,True,False,False,False
60.0,3,1,1935.5,19.1,96734,32.2,13.0,7,260.9,0,False,True,False,False,False,False
11.0,1,0,2324.5,16.1,83796,41.1,13.4,12,104.9,0,False,False,True,False,False,False
57.0,3,0,1956.6,18.3,66372,26.5,15.3,8,449.2,0,True,False,False,False,False,False
51.0,2,0,1529.5,36.2,105462,32.7,11.3,11,156.8,0,False,False,False,False,True,False
63.0,3,0,1935.5,19.1,96734,32.2,13.0,5,329.2,0,False,True,False,False,False,False
100.0,4,0,2155.0,15.3,70863,28.8,15.8,7,324.8,0,False,False,False,False,False,True
58.0,3,0,1935.5,19.1,96734,32.2,13.0,2,76.8,0,False,True,False,False,False,False
66.0,3,0,1956.6,18.3,66372,26.5,15.3,11,89.9,0,True,False,False,False,False,False
88.0,5,1,1956.6,18.3,66372,26.5,15.3,12,92.5,0,True,False,False,False,False,False
74.0,3,0,1529.5,36.2,105462,32.7,11.3,4,176.1,0,False,False,False,False,True,False
21.0,1,0,2324.5,16.1,83796,41.1,13.4,9,134.8,0,False,False,True,False,False,False
52.0,3,0,2324.5,16.1,83796,41.1,13.4,12,106.9,0,False,False,True,False,False,False
44.0,2,0,1638.4,25.8,70238,27.7,10.2,10,115.7,0,False,False,False,True,False,False
40.0,2,0,1529.5,36.2,105462,32.7,11.3,9,68.8,0,False,False,False,False,True,False
65.0,3,0,1935.5,19.1,96734,32.2,13.0,3,90.5,0,False,True,False,False,False,False
86.0,4,0,2324.5,16.1,83796,41.1,13.4,8,149.1,0,False,False,True,False,False,False
86.0,5,1,1956.6,18.3,66372,26.5,15.3,10,178.8,0,True,False,False,False,False,False
109.0,4,0,2324.5,16.1,83796,41.1,13.4,3,273.3,0,False,False,True,False,False,False
44.0,2,0,1935.5,19.1,96734,32.2,13.0,3,78.6,0,False,True,False,False,False,False
43.0,1,0,2155.0,15.3,70863,28.8,15.8,8,153.3,0,False,False,False,False,False,True
39.0,1,0,1529.5,36.2,105462,32.7,11.3,10,112.3,0,False,False,False,False,True,False
56.0,3,0,1529.5,36.2,105462,32.7,11.3,7,39.5,0,False,False,False,False,True,False
125.0,6,1,1638.4,25.8,70238,27.7,10.2,10,175.8,0,False,False,False,True,False,False
20.0,1,0,1529.5,36.2,105462,32.7,11.3,8,147.9,0,False,False,False,False,True,False
70.0,3,0,1935.5,19.1,96734,32.2,13.0,12,83.3,0,False,True,False,False,False,False
80.0,3,0,2155.0,15.3,70863,28.8,15.8,9,15.2,0,False,False,False,False,False,True
91.0,4,1,1935.5,19.1,96734,32.2,13.0,12,134.1,0,False,True,False,False,False,False
46.0,2,0,2324.5,16.1,83796,41.1,13.4,9,274.8,0,False,False,True,False,False,False
185.0,5,0,1638.4,25.8,70238,27.7,10.2,4,119.1,0,False,False,False,True,False,False
43.0,2,0,1935.5,19.1,96734,32.2,13.0,7,88.1,0,False,True,False,False,False,False
66.0,3,0,1935.5,19.1,96734,32.2,13.0,1,46.8,0,False,True,False,False,False,False
64.0,3,0,2155.0,15.3,70863,28.8,15.8,1,35.2,0,False,False,False,False,False,True
69.0,2,0,1935.5,19.1,96734,32.2,13.0,5,49.9,0,False,True,False,False,False,False
36.0,1,0,1956.6,18.3,66372,26.5,15.3,9,284.5,0,True,False,False,False,False,False
73.0,3,1,1935.5,19.1,96734,32.2,13.0,2,118.7,0,False,True,False,False,False,False
91.0,4,0,1529.5,36.2,105462,32.7,11.3,2,30.3,0,False,False,False,False,True,False
42.0,2,0,2155.0,15.3,70863,28.8,15.8,4,29.7,0,False,False,False,False,False,True
68.0,3,0,1529.5,36.2,105462,32.7,11.3,10,59.0,0,False,False,False,False,True,False
67.0,4,0,1529.5,36.2,105462,32.7,11.3,4,101.6,0,False,False,False,False,True,False
20.0,1,0,1529.5,36.2,105462,32.7,11.3,9,135.3,0,False,False,False,False,True,False
42.0,2,0,1638.4,25.8,70238,27.7,10.2,10,70.0,0,False,False,False,True,False,False
47.0,2,0,1638.4,25.8,70238,27.7,10.2,12,59.0,0,False,False,False,True,False,False
78.0,3,0,1935.5,19.1,96734,32.2,13.0,1,93.3,0,False,True,False,False,False,False
64.0,3,0,2155.0,15.3,70863,28.8,15.8,11,217.9,0,False,False,False,False,False,True
50.0,2,1,1638.4,25.8,70238,27.7,10.2,12,263.2,0,False,False,False,True,False,False
105.0,3,1,2155.0,15.3,70863,28.8,15.8,8,26.7,0,False,False,False,False,False,True
115.0,4,0,2324.5,16.1,83796,41.1,13.4,7,128.2,0,False,False,True,False,False,False
39.0,2,0,2324.5,16.1,83796,41.1,13.4,9,97.8,0,False,False,True,False,False,False
82.0,4,0,1935.5,19.1,96734,32.2,13.0,7,45.0,0,False,True,False,False,False,False
50.0,2,0,2324.5,16.1,83796,41.1,13.4,7,75.9,0,False,False,True,False,False,False
55.0,3,0,1956.6,18.3,66372,26.5,15.3,6,47.6,0,True,False,False,False,False,False
40.0,1,0,1935.5,19.1,96734,32.2,13.0,5,79.5,0,False,True,False,False,False,False
63.0,3,1,1638.4,25.8,70238,27.7,10.2,7,66.0,0,False,False,False,True,False,False
55.0,2,0,2324.5,16.1,83796,41.1,13.4,3,165.3,0,False,False,True,False,False,False
71.0,3,0,1935.5,19.1,96734,32.2,13.0,7,349.7,0,False,True,False,False,False,False
46.0,2,0,2155.0,15.3,70863,28.8,15.8,8,84.6,0,False,False,False,False,False,True
110.0,5,1,2155.0,15.3,70863,28.8,15.8,6,220.2,0,False,False,False,False,False,True
30.0,2,0,2324.5,16.1,83796,41.1,13.4,3,122.3,0,False,False,True,False,False,False
31.0,2,0,1529.5,36.2,105462,32.7,11.3,3,105.3,0,False,False,False,False,True,False
31.0,1,0,1529.5,36.2,105462,32.7,11.3,2,149.4,0,False,False,False,False,True,False
12.0,1,0,1638.4,25.8,70238,27.7,10.2,4,56.3,0,False,False,False,True,False,False
74.0,3,0,1529.5,36.2,105462,32.7,11.3,10,32.8,0,False,False,False,False,True,False
40.0,2,0,1529.5,36.2,105462,32.7,11.3,9,171.2,0,False,False,False,False,True,False
59.0,3,0,1529.5,36.2,105462,32.7,11.3,12,129.2,0,False,False,False,False,True,False
49.0,3,0,2155.0,15.3,70863,28.8,15.8,9,24.9,0,False,False,False,False,False,True
70.0,3,0,1935.5,19.1,96734,32.2,13.0,11,114.0,0,False,True,False,False,False,False
61.0,3,0,1529.5,36.2,105462,32.7,11.3,12,55.2,0,False,False,False,False,True,False
114.0,5,1,1935.5,19.1,96734,32.2,13.0,7,377.2,1,False,True,False,False,False,False
115.0,4,1,1956.6,18.3,66372,26.5,15.3,12,163.7,0,True,False,False,False,False,False
55.0,3,0,1529.5,36.2,105462,32.7,11.3,7,126.2,0,False,False,False,False,True,False
48.0,2,0,2155.0,15.3,70863,28.8,15.8,3,52.3,1,False,False,False,False,False,True
53.0,2,0,1638.4,25.8,70238,27.7,10.2,3,71.2,0,False,False,False,True,False,False
49.0,3,0,2324.5,16.1,83796,41.1,13.4,11,84.3,0,False,False,True,False,False,False
42.0,2,0,1935.5,19.1,96734,32.2,13.0,6,172.9,0,False,True,False,False,False,False
85.0,3,0,1935.5,19.1,96734,32.2,13.0,11,93.7,0,False,True,False,False,False,False
28.0,1,0,1529.5,36.2,105462,32.7,11.3,4,169.1,0,False,False,False,False,True,False
51.0,2,0,1529.5,36.2,105462,32.7,11.3,12,222.3,0,False,False,False,False,True,False
61.0,3,0,1638.4,25.8,70238,27.7,10.2,3,71.2,0,False,False,False,True,False,False
18.0,1,0,2155.0,15.3,70863,28.8,15.8,9,103.7,0,False,False,False,False,False,True
93.0,4,1,1638.4,25.8,70238,27.7,10.2,4,267.7,0,False,False,False,True,False,False
55.0,2,0,1638.4,25.8,70238,27.7,10.2,4,152.4,0,False,False,False,True,False,False
45.0,2,0,1956.6,18.3,66372,26.5,15.3,2,109.4,0,True,False,False,False,False,False
80.0,4,0,1935.5,19.1,96734,32.2,13.0,2,224.1,0,False,True,False,False,False,False
42.0,2,0,1529.5,36.2,105462,32.7,11.3,12,19.1,0,False,False,False,False,True,False
40.0,2,0,1956.6,18.3,66372,26.5,15.3,3,148.0,0,True,False,False,False,False,False
44.0,2,0,1935.5,19.1,96734,32.2,13.0,7,151.3,0,False,True,False,False,False,False
34.0,2,0,1956.6,18.3,66372,26.5,15.3,3,135.7,0,True,False,False,False,False,False
66.0,3,0,1935.5,19.1,96734,32.2,13.0,10,161.9,0,False,True,False,False,False,False
67.0,4,0,1529.5,36.2,105462,32.7,11.3,1,85.6,0,False,False,False,False,True,False
57.0,2,0,1638.4,25.8,70238,27.7,10.2,10,34.9,0,False,False,False,True,False,False
16.0,1,0,2155.0,15.3,70863,28.8,15.8,1,101.1,0,False,False,False,False,False,True
45.0,2,0,2324.5,16.1,83796,41.1,13.4,8,180.8,0,False,False,True,False,False,False
134.0,4,1,1956.6,18.3,66372,26.5,15.3,12,153.6,0,True,False,False,False,False,False
79.0,4,0,1956.6,18.3,66372,26.5,15.3,11,99.8,1,True,False,False,False,False,False
200.0,5,0,2324.5,16.1,83796,41.1,13.4,11,158.7,1,False,False,True,False,False,False
88.0,5,0,1638.4,25.8,70238,27.7,10.2,11,82.0,0,False,False,False,True,False,False
68.0,3,0,1638.4,25.8,70238,27.7,10.2,2,45.4,0,False,False,False,True,False,False
63.0,3,0,1529.5,36.2,105462,32.7,11.3,10,56.3,0,False,False,False,False,True,False
27.0,1,0,2155.0,15.3,70863,28.8,15.8,7,89.1,1,False,False,False,False,False,True
30.0,1,0,1529.5,36.2,105462,32.7,11.3,11,110.9,0,False,False,False,False,True,False
64.0,3,0,1529.5,36.2,105462,32.7,11.3,1,6.4,0,False,False,False,False,True,False
45.0,1,0,1935.5,19.1,96734,32.2,13.0,6,100.2,0,False,True,False,False,False,False
75.0,3,0,1956.6,18.3,66372,26.5,15.3,8,297.6,0,True,False,False,False,False,False
27.0,2,0,1638.4,25.8,70238,27.7,10.2,9,164.8,0,False,False,False,True,False,False
24.0,1,0,2155.0,15.3,70863,28.8,15.8,11,166.8,0,False,False,False,False,False,True
67.0,3,0,1638.4,25.8,70238,27.7,10.2,4,199.5,0,False,False,False,True,False,False
57.0,3,0,1638.4,25.8,70238,27.7,10.2,3,56.0,0,False,False,False,True,False,False
47.0,2,0,1529.5,36.2,105462,32.7,11.3,12,47.9,0,False,False,False,False,True,False
141.0,5,0,2324.5,16.1,83796,41.1,13.4,5,90.1,0,False,False,True,False,False,False
86.0,3,0,2324.5,16.1,83796,41.1,13.4,5,266.7,0,False,False,True,False,False,False
69.0,3,1,2155.0,15.3,70863,28.8,15.8,8,172.7,0,False,False,False,False,False,True
36.0,2,0,2155.0,15.3,70863,28.8,15.8,12,385.7,0,False,False,False,False,False,True
80.0,3,1,1935.5,19.1,96734,32.2,13.0,6,102.5,0,False,True,False,False,False,False
61.0,2,1,1638.4,25.8,70238,27.7,10.2,1,284.9,0,False,False,False,True,False,False
62.0,3,0,1935.5,19.1,96734,32.2,13.0,7,117.2,0,False,True,False,False,False,False
40.0,1,0,2324.5,16.1,83796,41.1,13.4,2,49.1,0,False,False,True,False,False,False
20.0,1,0,1956.6,18.3,66372,26.5,15.3,11,132.0,0,True,False,False,False,False,False
64.0,4,0,2155.0,15.3,70863,28.8,15.8,7,272.2,0,False,False,False,False,False,True
67.0,3,0,1935.5,19.1,96734,32.2,13.0,10,280.5,0,False,True,False,False,False,False
42.0,2,0,1529.5,36.2,105462,32.7,11.3,3,308.5,0,False,False,False,False,True,False
34.0,2,0,2324.5,16.1,83796,41.1,13.4,5,56.4,0,False,False,True,False,False,False
68.0,3,0,1935.5,19.1,96734,32.2,13.0,3,113.5,0,False,True,False,False,False,False
18.0,1,0,1529.5,36.2,105462,32.7,11.3,12,265.4,0,False,False,False,False,True,False
49.0,3,0,1956.6,18.3,66372,26.5,15.3,9,176.6,0,True,False,False,False,False,False
41.0,2,0,1935.5,19.1,96734,32.2,13.0,10,167.2,0,False,True,False,False,False,False
162.0,5,1,1529.5,36.2,105462,32.7,11.3,9,57.7,0,False,False,False,False,True,False
45.0,2,0,2155.0,15.3,70863,28.8,15.8,1,34.5,0,False,False,False,False,False,True
73.0,3,0,1935.5,19.1,96734,32.2,13.0,2,69.5,0,False,True,False,False,False,False
90.0,3,0,2324.5,16.1,83796,41.1,13.4,3,109.1,0,False,False,True,False,False,False
184.0,7,1,1956.6,18.3,66372,26.5,15.3,9,195.4,0,True,False,False,False,False,False
32.0,1,0,2155.0,15.3,70863,28.8,15.8,12,108.1,0,False,False,False,False,False,True
21.0,1,0,1935.5,19.1,96734,32.2,13.0,3,95.9,0,False,True,False,False,False,False
46.0,2,0,1935.5,19.1,96734,32.2,13.0,8,108.4,0,False,True,False,False,False,False
66.0,2,1,1956.6,18.3,66372,26.5,15.3,8,7.6,0,True,False,False,False,False,False
62.0,3,0,1529.5,36.2,105462,32.7,11.3,9,128.4,0,False,False,False,False,True,False
52.0,3,0,2324.5,16.1,83796,41.1,13.4,5,135.7,0,False,False,True,False,False,False
65.0,3,0,1935.5,19.1,96734,32.2,13.0,4,130.9,0,False,True,False,False,False,False
88.0,3,0,1529.5,36.2,105462,32.7,11.3,6,619.9,0,False,False,False,False,True,False
90.0,3,0,1529.5,36.2,105462,32.7,11.3,10,198.3,0,False,False,False,False,True,False
77.0,4,0,1956.6,18.3,66372,26.5,15.3,5,239.1,0,True,False,False,False,False,False
46.0,2,0,1529.5,36.2,105462,32.7,11.3,12,138.6,0,False,False,False,False,True,False
87.0,4,0,1935.5,19.1,96734,32.2,13.0,8,48.8,0,False,True,False,False,False,False
72.0,3,0,1935.5,19.1,96734,32.2,13.0,12,90.0,0,False,True,False,False,False,False
95.0,4,1,1935.5,19.1,96734,32.2,13.0,8,76.6,0,False,True,False,False,False,False
59.0,3,0,1935.5,19.1,96734,32.2,13.0,9,175.2,0,False,True,False,False,False,False
115.0,5,1,1529.5,36.2,105462,32.7,11.3,3,270.5,0,False,False,False,False,True,False
49.0,2,0,2155.0,15.3,70863,28.8,15.8,6,43.9,0,False,False,False,False,False,True
62.0,3,0,1935.5,19.1,96734,32.2,13.0,3,11.8,0,False,True,False,False,False,False
47.0,2,0,2155.0,15.3,70863,28.8,15.8,11,362.8,0,False,False,False,False,False,True
44.0,2,0,1529.5,36.2,105462,32.7,11.3,9,613.0,0,False,False,False,False,True,False
80.0,3,0,2324.5,16.1,83796,41.1,13.4,11,123.5,0,False,False,True,False,False,False
67.0,2,0,2324.5,16.1,83796,41.1,13.4,9,200.6,0,False,False,True,False,False,False
42.0,2,0,1529.5,36.2,105462,32.7,11.3,9,19.1,0,False,False,False,False,True,False
42.0,2,0,1956.6,18.3,66372,26.5,15.3,12,169.4,0,True,False,False,False,False,False
52.0,2,0,1638.4,25.8,70238,27.7,10.2,7,81.6,0,False,False,False,True,False,False
60.0,2,0,2324.5,16.1,83796,41.1,13.4,12,114.9,0,False,False,True,False,False,False
105.0,6,1,1638.4,25.8,70238,27.7,10.2,8,83.2,0,False,False,False,True,False,False
57.0,3,0,2324.5,16.1,83796,41.1,13.4,12,9.9,0,False,False,True,False,False,False
44.0,2,0,2155.0,15.3,70863,28.8,15.8,3,71.9,0,False,False,False,False,False,True
152.0,4,1,1529.5,36.2,105462,32.7,11.3,1,116.8,0,False,False,False,False,True,False
40.0,2,0,1529.5,36.2,105462,32.7,11.3,7,45.3,0,False,False,False,False,True,False
70.0,4,1,2155.0,15.3,70863,28.8,15.8,9,123.1,0,False,False,False,False,False,True
130.0,6,1,1638.4,25.8,70238,27.7,10.2,4,161.8,0,False,False,False,True,False,False
140.0,5,1,1638.4,25.8,70238,27.7,10.2,9,181.8,0,False,False,False,True,False,False
108.0,5,1,1935.5,19.1,96734,32.2,13.0,7,83.7,0,False,True,False,False,False,False
30.0,1,0,2155.0,15.3,70863,28.8,15.8,10,52.4,0,False,False,False,False,False,True
176.0,3,0,2324.5,16.1,83796,41.1,13.4,9,149.6,0,False,False,True,False,False,False
69.0,3,1,1935.5,19.1,96734,32.2,13.0,4,133.5,0,False,True,False,False,False,False
18.0,1,0,1529.5,36.2,105462,32.7,11.3,6,181.2,0,False,False,False,False,True,False
73.0,4,0,1638.4,25.8,70238,27.7,10.2,3,334.6,0,False,False,False,True,False,False
49.0,2,0,1935.5,19.1,96734,32.2,13.0,9,159.1,0,False,True,False,False,False,False
160.0,6,1,1529.5,36.2,105462,32.7,11.3,12,161.4,0,False,False,False,False,True,False
43.0,2,0,2324.5,16.1,83796,41.1,13.4,9,140.3,0,False,False,True,False,False,False
32.0,1,0,2324.5,16.1,83796,41.1,13.4,1,79.2,0,False,False,True,False,False,False
82.0,3,0,2324.5,16.1,83796,41.1,13.4,2,154.0,0,False,False,True,False,False,False
85.0,3,0,1529.5,36.2,105462,32.7,11.3,3,164.2,0,False,False,False,False,True,False
18.0,1,0,2324.5,16.1,83796,41.1,13.4,10,153.1,0,False,False,True,False,False,False
58.0,3,0,1956.6,18.3,66372,26.5,15.3,2,221.0,0,True,False,False,False,False,False
65.0,3,0,1529.5,36.2,105462,32.7,11.3,3,177.1,0,False,False,False,False,True,False
36.0,1,0,2155.0,15.3,70863,28.8,15.8,7,97.9,0,False,False,False,False,False,True
70.0,3,0,1638.4,25.8,70238,27.7,10.2,8,168.4,0,False,False,False,True,False,False
55.0,3,0,1935.5,19.1,96734,32.2,13.0,2,163.9,0,False,True,False,False,False,False
37.0,2,0,1935.5,19.1,96734,32.2,13.0,6,131.7,0,False,True,False,False,False,False
31.0,1,0,2324.5,16.1,83796,41.1,13.4,5,93.4,0,False,False,True,False,False,False
62.0,3,0,1935.5,19.1,96734,32.2,13.0,6,71.2,0,False,True,False,False,False,False
67.0,3,0,2324.5,16.1,83796,41.1,13.4,9,47.3,0,False,False,True,False,False,False
21.0,1,0,1956.6,18.3,66372,26.5,15.3,9,94.1,0,True,False,False,False,False,False
85.0,4,1,1638.4,25.8,70238,27.7,10.2,7,69.3,0,False,False,False,True,False,False
57.0,3,0,1529.5,36.2,105462,32.7,11.3,10,141.2,0,False,False,False,False,True,False
66.0,3,0,1956.6,18.3,66372,26.5,15.3,12,239.1,0,True,False,False,False,False,False
55.0,3,0,1935.5,19.1,96734,32.2,13.0,9,247.2,0,False,True,False,False,False,False
83.0,5,1,1956.6,18.3,66372,26.5,15.3,11,152.6,0,True,False,False,False,False,False
31.0,2,0,2324.5,16.1,83796,41.1,13.4,4,68.8,0,False,False,True,False,False,False
30.0,2,0,2324.5,16.1,83796,41.1,13.4,8,23.0,0,False,False,True,False,False,False
71.0,3,0,1529.5,36.2,105462,32.7,11.3,3,19.2,0,False,False,False,False,True,False
104.0,5,0,1956.6,18.3,66372,26.5,15.3,5,200.1,0,True,False,False,False,False,False
76.0,4,0,2155.0,15.3,70863,28.8,15.8,1,129.0,0,False,False,False,False,False,True
71.0,3,0,1638.4,25.8,70238,27.7,10.2,10,24.5,0,False,False,False,True,False,False
41.0,2,0,1956.6,18.3,66372,26.5,15.3,6,46.5,0,True,False,False,False,False,False
55.0,3,0,1529.5,36.2,105462,32.7,11.3,2,217.8,1,False,False,False,False,True,False
40.0,3,0,1638.4,25.8,70238,27.7,10.2,6,197.2,0,False,False,False,True,False,False
25.0,1,0,2324.5,16.1,83796,41.1,13.4,11,150.1,0,False,False,True,False,False,False
56.0,3,0,2155.0,15.3,70863,28.8,15.8,12,104.3,0,False,False,False,False,False,True
98.0,3,1,1529.5,36.2,105462,32.7,11.3,12,177.8,0,False,False,False,False,True,False
95.0,4,1,2155.0,15.3,70863,28.8,15.8,10,144.9,0,False,False,False,False,False,True
69.0,4,0,1529.5,36.2,105462,32.7,11.3,8,215.7,0,False,False,False,False,True,False
60.0,3,0,1956.6,18.3,66372,26.5,15.3,12,519.7,0,True,False,False,False,False,False
77.0,4,0,1638.4,25.8,70238,27.7,10.2,11,110.3,0,False,False,False,True,False,False
54.0,2,0,2324.5,16.1,83796,41.1,13.4,3,22.5,1,False,False,True,False,False,False
41.0,2,0,2155.0,15.3,70863,28.8,15.8,2,389.6,0,False,False,False,False,False,True
33.0,1,0,1935.5,19.1,96734,32.2,13.0,7,298.1,0,False,True,False,False,False,False
34.0,1,0,1638.4,25.8,70238,27.7,10.2,3,66.1,0,False,False,False,True,False,False
53.0,3,0,1956.6,18.3,66372,26.5,15.3,9,146.6,0,True,False,False,False,False,False
40.0,2,0,1529.5,36.2,105462,32.7,11.3,3,224.1,0,False,False,False,False,True,False
94.0,3,0,1956.6,18.3,66372,26.5,15.3,2,46.5,0,True,False,False,False,False,False
73.0,4,1,2155.0,15.3,70863,28.8,15.8,9,22.1,0,False,False,False,False,False,True
58.0,2,0,1638.4,25.8,70238,27.7,10.2,1,109.3,0,False,False,False,True,False,False
113.0,5,0,1638.4,25.8,70238,27.7,10.2,3,88.8,0,False,False,False,True,False,False
83.0,4,0,1529.5,36.2,105462,32.7,11.3,12,211.3,1,False,False,False,False,True,False
48.0,3,0,1935.5,19.1,96734,32.2,13.0,5,171.5,0,False,True,False,False,False,False
51.0,3,0,1529.5,36.2,105462,32.7,11.3,7,51.3,0,False,False,False,False,True,False
18.0,1,0,2324.5,16.1,83796,41.1,13.4,12,96.1,0,False,False,True,False,False,False
77.0,4,0,1956.6,18.3,66372,26.5,15.3,12,239.1,0,True,False,False,False,False,False
34.0,2,0,1638.4,25.8,70238,27.7,10.2,4,32.4,0,False,False,False,True,False,False
78.0,3,0,1935.5,19.1,96734,32.2,13.0,11,89.0,0,False,True,False,False,False,False
65.0,3,0,1935.5,19.1,96734,32.2,13.0,8,150.2,0,False,True,False,False,False,False
73.0,4,0,1529.5,36.2,105462,32.7,11.3,12,189.1,0,False,False,False,False,True,False
38.0,2,0,2324.5,16.1,83796,41.1,13.4,6,295.7,0,False,False,True,False,False,False
68.0,3,0,2324.5,16.1,83796,41.1,13.4,11,152.9,0,False,False,True,False,False,False
48.0,2,0,1638.4,25.8,70238,27.7,10.2,10,80.4,0,False,False,False,True,False,False
77.0,3,0,1529.5,36.2,105462,32.7,11.3,9,44.2,1,False,False,False,False,True,False
58.0,3,1,1935.5,19.1,96734,32.2,13.0,2,111.3,0,False,True,False,False,False,False
60.0,4,0,1529.5,36.2,105462,32.7,11.3,2,115.7,0,False,False,False,False,True,False
32.0,2,1,2155.0,15.3,70863,28.8,15.8,12,145.2,0,False,False,False,False,False,True
39.0,2,0,1638.4,25.8,70238,27.7,10.2,12,12.7,0,False,False,False,True,False,False
111.0,5,0,2324.5,16.1,83796,41.1,13.4,8,159.8,0,False,False,True,False,False,False
16.0,1,0,2155.0,15.3,70863,28.8,15.8,4,104.3,0,False,False,False,False,False,True
62.0,3,0,1935.5,19.1,96734,32.2,13.0,11,148.9,0,False,True,False,False,False,False
72.0,3,0,1935.5,19.1,96734,32.2,13.0,2,75.3,0,False,True,False,False,False,False
65.0,3,0,1935.5,19.1,96734,32.2,13.0,5,248.0,0,False,True,False,False,False,False
27.0,2,0,1529.5,36.2,105462,32.7,11.3,8,99.7,0,False,False,False,False,True,False
40.0,2,1,2155.0,15.3,70863,28.8,15.8,7,330.1,0,False,False,False,False,False,True
85.0,3,0,1935.5,19.1,96734,32.2,13.0,2,156.6,0,False,True,False,False,False,False
60.0,3,0,2324.5,16.1,83796,41.1,13.4,8,169.6,0,False,False,True,False,False,False
38.0,2,0,1529.5,36.2,105462,32.7,11.3,6,105.4,0,False,False,False,False,True,False
59.0,3,0,1529.5,36.2,105462,32.7,11.3,10,154.6,0,False,False,False,False,True,False
53.0,2,0,1956.6,18.3,66372,26.5,15.3,4,449.3,0,True,False,False,False,False,False
22.0,1,0,1529.5,36.2,105462,32.7,11.3,7,16.2,0,False,False,False,False,True,False
99.0,4,0,1638.4,25.8,70238,27.7,10.2,6,265.2,0,False,False,False,True,False,False
130.0,6,1,1638.4,25.8,70238,27.7,10.2,9,87.0,0,False,False,False,True,False,False
68.0,4,0,1529.5,36.2,105462,32.7,11.3,11,206.7,0,False,False,False,False,True,False
39.0,1,0,2324.5,16.1,83796,41.1,13.4,12,225.0,0,False,False,True,False,False,False
97.0,5,0,1935.5,19.1,96734,32.2,13.0,2,378.1,0,False,True,False,False,False,False
31.0,1,0,1529.5,36.2,105462,32.7,11.3,6,35.1,0,False,False,False,False,True,False
32.0,1,0,2155.0,15.3,70863,28.8,15.8,4,137.4,0,False,False,False,False,False,True
181.0,7,1,2324.5,16.1,83796,41.1,13.4,1,84.2,0,False,False,True,False,False,False
122.0,4,0,2324.5,16.1,83796,41.1,13.4,10,66.2,0,False,False,True,False,False,False
204.0,6,0,2324.5,16.1,83796,41.1,13.4,6,29.9,0,False,False,True,False,False,False
55.0,3,0,1935.5,19.1,96734,32.2,13.0,12,123.4,0,False,True,False,False,False,False
40.0,2,0,2155.0,15.3,70863,28.8,15.8,10,217.9,0,False,False,False,False,False,True
42.0,2,0,1935.5,19.1,96734,32.2,13.0,7,233.8,0,False,True,False,False,False,False
62.0,3,0,1935.5,19.1,96734,32.2,13.0,12,65.6,0,False,True,False,False,False,False
20.0,1,0,1529.5,36.2,105462,32.7,11.3,2,80.9,0,False,False,False,False,True,False
61.0,3,0,1638.4,25.8,70238,27.7,10.2,12,446.7,0,False,False,False,True,False,False
50.0,2,0,1529.5,36.2,105462,32.7,11.3,10,91.1,0,False,False,False,False,True,False
102.0,4,0,2324.5,16.1,83796,41.1,13.4,6,115.6,0,False,False,True,False,False,False
59.0,3,0,2155.0,15.3,70863,28.8,15.8,11,77.5,0,False,False,False,False,False,True
125.0,4,1,2155.0,15.3,70863,28.8,15.8,5,201.7,0,False,False,False,False,False,True
69.0,3,0,2324.5,16.1,83796,41.1,13.4,9,152.9,0,False,False,True,False,False,False
47.0,2,0,1638.4,25.8,70238,27.7,10.2,6,59.0,0,False,False,False,True,False,False
42.0,1,0,1956.6,18.3,66372,26.5,15.3,12,159.4,0,True,False,False,False,False,False
180.0,5,1,2155.0,15.3,70863,28.8,15.8,7,87.9,0,False,False,False,False,False,True
133.0,4,0,2324.5,16.1,83796,41.1,13.4,5,95.6,0,False,False,True,False,False,False
110.0,3,1,2155.0,15.3,70863,28.8,15.8,7,62.1,0,False,False,False,False,False,True
71.0,3,0,1935.5,19.1,96734,32.2,13.0,8,29.6,0,False,True,False,False,False,False
93.0,5,0,2155.0,15.3,70863,28.8,15.8,5,62.6,0,False,False,False,False,False,True
55.0,3,0,1935.5,19.1,96734,32.2,13.0,11,84.0,0,False,True,False,False,False,False
69.0,3,1,1935.5,19.1,96734,32.2,13.0,12,29.2,0,False,True,False,False,False,False
32.0,2,0,1935.5,19.1,96734,32.2,13.0,5,194.1,0,False,True,False,False,False,False
77.0,4,0,1638.4,25.8,70238,27.7,10.2,7,58.0,0,False,False,False,True,False,False
66.0,4,0,1529.5,36.2,105462,32.7,11.3,4,115.7,0,False,False,False,False,True,False
35.0,2,0,1638.4,25.8,70238,27.7,10.2,8,137.1,0,False,False,False,True,False,False
66.0,3,0,2155.0,15.3,70863,28.8,15.8,1,34.9,0,False,False,False,False,False,True
98.0,4,0,1935.5,19.1,96734,32.2,13.0,7,72.5,0,False,True,False,False,False,False
63.0,3,1,1956.6,18.3,66372,26.5,15.3,9,63.5,0,True,False,False,False,False,False
83.0,5,0,1956.6,18.3,66372,26.5,15.3,4,316.3,0,True,False,False,False,False,False
42.0,2,0,1935.5,19.1,96734,32.2,13.0,11,77.6,0,False,True,False,False,False,False
41.0,2,0,1935.5,19.1,96734,32.2,13.0,10,257.1,0,False,True,False,False,False,False
131.0,5,1,1529.5,36.2,105462,32.7,11.3,10,186.7,0,False,False,False,False,True,False
20.0,2,0,2324.5,16.1,83796,41.1,13.4,5,145.8,0,False,False,True,False,False,False
65.0,3,0,1638.4,25.8,70238,27.7,10.2,4,308.9,0,False,False,False,True,False,False
65.0,4,0,1935.5,19.1,96734,32.2,13.0,2,179.1,0,False,True,False,False,False,False
44.0,2,0,1935.5,19.1,96734,32.2,13.0,11,2.0,0,False,True,False,False,False,False
40.0,2,0,1956.6,18.3,66372,26.5,15.3,9,329.6,0,True,False,False,False,False,False
70.0,3,1,1935.5,19.1,96734,32.2,13.0,11,99.9,0,False,True,False,False,False,False
43.0,2,0,1935.5,19.1,96734,32.2,13.0,7,201.7,0,False,True,False,False,False,False
81.0,3,0,1935.5,19.1,96734,32.2,13.0,7,193.6,0,False,True,False,False,False,False
90.0,4,1,1529.5,36.2,105462,32.7,11.3,2,147.2,0,False,False,False,False,True,False
45.0,2,0,2324.5,16.1,83796,41.1,13.4,9,54.9,0,False,False,True,False,False,False
125.0,6,1,1638.4,25.8,70238,27.7,10.2,7,149.6,0,False,False,False,True,False,False
75.0,3,1,1956.6,18.3,66372,26.5,15.3,6,202.5,0,True,False,False,False,False,False
50.0,3,0,2324.5,16.1,83796,41.1,13.4,10,46.3,0,False,False,True,False,False,False
83.0,3,0,2155.0,15.3,70863,28.8,15.8,11,31.4,0,False,False,False,False,False,True
71.0,4,1,2155.0,15.3,70863,28.8,15.8,5,250.6,0,False,False,False,False,False,True
65.0,3,0,1935.5,19.1,96734,32.2,13.0,6,138.8,0,False,True,False,False,False,False
110.0,3,1,1935.5,19.1,96734,32.2,13.0,6,140.1,0,False,True,False,False,False,False
125.0,5,1,1935.5,19.1,96734,32.2,13.0,12,187.7,0,False,True,False,False,False,False
50.0,4,0,1956.6,18.3,66372,26.5,15.3,7,249.5,0,True,False,False,False,False,False
128.0,3,1,1638.4,25.8,70238,27.7,10.2,4,277.2,0,False,False,False,True,False,False
35.0,2,0,1935.5,19.1,96734,32.2,13.0,5,239.9,0,False,True,False,False,False,False
45.0,2,0,2155.0,15.3,70863,28.8,15.8,4,234.2,0,False,False,False,False,False,True
37.0,2,0,1935.5,19.1,96734,32.2,13.0,9,56.3,0,False,True,False,False,False,False
41.0,2,0,2155.0,15.3,70863,28.8,15.8,2,105.5,0,False,False,False,False,False,True
28.0,2,0,2155.0,15.3,70863,28.8,15.8,6,100.5,0,False,False,False,False,False,True
67.0,3,0,1638.4,25.8,70238,27.7,10.2,12,311.9,0,False,False,False,True,False,False
55.0,3,0,2324.5,16.1,83796,41.1,13.4,10,156.3,0,False,False,True,False,False,False
30.0,1,0,1935.5,19.1,96734,32.2,13.0,4,121.9,0,False,True,False,False,False,False
30.0,1,0,2324.5,16.1,83796,41.1,13.4,7,197.0,0,False,False,True,False,False,False
62.0,3,0,2155.0,15.3,70863,28.8,15.8,7,304.5,0,False,False,False,False,False,True
39.0,2,0,2155.0,15.3,70863,28.8,15.8,11,59.0,0,False,False,False,False,False,True
95.0,5,1,1956.6,18.3,66372,26.5,15.3,2,386.2,0,True,False,False,False,False,False
77.0,4,0,1638.4,25.8,70238,27.7,10.2,9,71.2,0,False,False,False,True,False,False
71.0,3,0,1956.6,18.3,66372,26.5,15.3,12,297.6,0,True,False,False,False,False,False
28.0,1,0,2324.5,16.1,83796,41.1,13.4,3,180.7,0,False,False,True,False,False,False
26.0,1,0,1529.5,36.2,105462,32.7,11.3,3,111.8,0,False,False,False,False,True,False
95.0,4,0,1935.5,19.1,96734,32.2,13.0,12,106.5,0,False,True,False,False,False,False
77.0,4,0,1529.5,36.2,105462,32.7,11.3,6,173.5,0,False,False,False,False,True,False
170.0,6,0,1638.4,25.8,70238,27.7,10.2,7,126.2,0,False,False,False,True,False,False
46.0,2,0,1935.5,19.1,96734,32.2,13.0,10,156.3,0,False,True,False,False,False,False
66.0,3,0,2155.0,15.3,70863,28.8,15.8,2,330.6,0,False,False,False,False,False,True
45.0,2,0,1529.5,36.2,105462,32.7,11.3,11,64.4,0,False,False,False,False,True,False
69.0,3,0,1638.4,25.8,70238,27.7,10.2,10,228.8,0,False,False,False,True,False,False
70.0,4,1,1935.5,19.1,96734,32.2,13.0,10,171.4,0,False,True,False,False,False,False
126.0,4,1,1638.4,25.8,70238,27.7,10.2,6,323.0,0,False,False,False,True,False,False
67.0,4,0,2155.0,15.3,70863,28.8,15.8,3,43.5,0,False,False,False,False,False,True
40.0,2,0,1638.4,25.8,70238,27.7,10.2,4,89.8,0,False,False,False,True,False,False
75.0,3,0,2324.5,16.1,83796,41.1,13.4,7,149.1,0,False,False,True,False,False,False
86.0,4,0,2155.0,15.3,70863,28.8,15.8,6,213.5,0,False,False,False,False,False,True
66.0,3,0,1956.6,18.3,66372,26.5,15.3,11,297.2,1,True,False,False,False,False,False
69.0,3,0,2324.5,16.1,83796,41.1,13.4,6,130.0,0,False,False,True,False,False,False
74.0,4,0,1529.5,36.2,105462,32.7,11.3,7,30.4,0,False,False,False,False,True,False
16.0,1,0,1529.5,36.2,105462,32.7,11.3,7,27.4,0,False,False,False,False,True,False
80.0,3,1,2155.0,15.3,70863,28.8,15.8,12,105.3,0,False,False,False,False,False,True
40.0,2,0,1935.5,19.1,96734,32.2,13.0,6,155.8,0,False,True,False,False,False,False
31.0,1,0,2155.0,15.3,70863,28.8,15.8,9,23.5,0,False,False,False,False,False,True
75.0,3,1,1638.4,25.8,70238,27.7,10.2,11,57.2,0,False,False,False,True,False,False
53.0,3,0,1638.4,25.8,70238,27.7,10.2,7,61.3,0,False,False,False,True,False,False
86.0,4,0,1935.5,19.1,96734,32.2,13.0,2,389.9,0,False,True,False,False,False,False
52.0,3,0,1529.5,36.2,105462,32.7,11.3,4,245.2,0,False,False,False,False,True,False
43.0,2,0,2155.0,15.3,70863,28.8,15.8,1,15.2,0,False,False,False,False,False,True
125.0,5,0,2155.0,15.3,70863,28.8,15.8,3,46.3,0,False,False,False,False,False,True
53.0,3,0,1529.5,36.2,105462,32.7,11.3,6,102.3,0,False,False,False,False,True,False
78.0,4,0,1638.4,25.8,70238,27.7,10.2,12,108.4,0,False,False,False,True,False,False
69.0,4,0,2155.0,15.3,70863,28.8,15.8,4,141.1,0,False,False,False,False,False,True
32.0,2,0,2324.5,16.1,83796,41.1,13.4,6,122.8,0,False,False,True,False,False,False
32.0,2,0,2324.5,16.1,83796,41.1,13.4,4,199.0,0,False,False,True,False,False,False
65.0,3,0,1935.5,19.1,96734,32.2,13.0,11,123.0,0,False,True,False,False,False,False
34.0,2,0,1529.5,36.2,105462,32.7,11.3,12,77.2,0,False,False,False,False,True,False
110.0,4,1,1935.5,19.1,96734,32.2,13.0,1,315.8,0,False,True,False,False,False,False
18.0,1,0,1529.5,36.2,105462,32.7,11.3,6,59.1,0,False,False,False,False,True,False
42.0,2,0,1529.5,36.2,105462,32.7,11.3,8,79.1,0,False,False,False,False,True,False
15.0,1,0,2324.5,16.1,83796,41.1,13.4,5,76.1,0,False,False,True,False,False,False
73.0,4,0,1956.6,18.3,66372,26.5,15.3,7,292.3,0,True,False,False,False,False,False
74.0,3,0,1529.5,36.2,105462,32.7,11.3,2,143.6,0,False,False,False,False,True,False
18.0,1,0,1529.5,36.2,105462,32.7,11.3,7,59.5,0,False,False,False,False,True,False
44.0,2,0,1529.5,36.2,105462,32.7,11.3,4,159.6,0,False,False,False,False,True,False
84.0,4,1,1935.5,19.1,96734,32.2,13.0,3,89.1,0,False,True,False,False,False,False
42.0,3,0,2324.5,16.1,83796,41.1,13.4,6,203.6,0,False,False,True,False,False,False
23.0,1,0,1638.4,25.8,70238,27.7,10.2,11,31.6,0,False,False,False,True,False,False
107.0,4,0,1935.5,19.1,96734,32.2,13.0,4,33.5,0,False,True,False,False,False,False
22.0,1,0,2155.0,15.3,70863,28.8,15.8,1,595.7,0,False,False,False,False,False,True
91.0,4,0,1935.5,19.1,96734,32.2,13.0,7,90.6,0,False,True,False,False,False,False
72.0,6,0,1956.6,18.3,66372,26.5,15.3,9,33.5,0,True,False,False,False,False,False
62.0,3,0,1956.6,18.3,66372,26.5,15.3,8,136.8,0,True,False,False,False,False,False
144.0,5,1,1638.4,25.8,70238,27.7,10.2,6,245.1,0,False,False,False,True,False,False
17.0,1,0,2324.5,16.1,83796,41.1,13.4,3,320.7,0,False,False,True,False,False,False
28.0,1,0,2324.5,16.1,83796,41.1,13.4,7,288.0,0,False,False,True,False,False,False
65.0,3,0,1935.5,19.1,96734,32.2,13.0,3,99.9,0,False,True,False,False,False,False
34.0,2,0,2155.0,15.3,70863,28.8,15.8,3,64.2,0,False,False,False,False,False,True
69.0,3,0,1935.5,19.1,96734,32.2,13.0,9,198.9,0,False,True,False,False,False,False
66.0,3,0,1638.4,25.8,70238,27.7,10.2,8,336.3,0,False,False,False,True,False,False
199.0,6,1,1935.5,19.1,96734,32.2,13.0,4,158.0,0,False,True,False,False,False,False
118.0,4,1,1956.6,18.3,66372,26.5,15.3,4,111.8,0,True,False,False,False,False,False
61.0,3,0,2155.0,15.3,70863,28.8,15.8,12,85.1,0,False,False,False,False,False,True
43.0,2,0,1638.4,25.8,70238,27.7,10.2,9,285.9,0,False,False,False,True,False,False
28.0,2,0,2324.5,16.1,83796,41.1,13.4,11,154.2,0,False,False,True,False,False,False
18.0,1,0,2324.5,16.1,83796,41.1,13.4,7,94.1,0,False,False,True,False,False,False
45.0,2,0,1638.4,25.8,70238,27.7,10.2,7,240.5,0,False,False,False,True,False,False
50.0,3,0,1935.5,19.1,96734,32.2,13.0,6,68.3,0,False,True,False,False,False,False
15.0,1,0,2155.0,15.3,70863,28.8,15.8,4,105.5,0,False,False,False,False,False,True
18.0,1,0,1956.6,18.3,66372,26.5,15.3,2,125.2,0,True,False,False,False,False,False
42.0,1,0,2324.5,16.1,83796,41.1,13.4,2,45.9,0,False,False,True,False,False,False
53.0,2,0,1638.4,25.8,70238,27.7,10.2,11,316.2,0,False,False,False,True,False,False
190.0,7,1,1529.5,36.2,105462,32.7,11.3,1,165.6,0,False,False,False,False,True,False
45.0,2,0,1956.6,18.3,66372,26.5,15.3,8,34.9,0,True,False,False,False,False,False
47.0,2,0,1935.5,19.1,96734,32.2,13.0,6,190.8,1,False,True,False,False,False,False
88.0,4,1,1956.6,18.3,66372,26.5,15.3,6,226.3,0,True,False,False,False,False,False
145.0,6,1,2324.5,16.1,83796,41.1,13.4,10,147.5,0,False,False,True,False,False,False
64.0,3,0,1956.6,18.3,66372,26.5,15.3,5,148.6,0,True,False,False,False,False,False
85.0,4,0,1935.5,19.1,96734,32.2,13.0,3,202.3,0,False,True,False,False,False,False
110.0,3,0,2324.5,16.1,83796,41.1,13.4,1,82.5,0,False,False,True,False,False,False
56.0,2,0,2324.5,16.1,83796,41.1,13.4,3,171.8,0,False,False,True,False,False,False
52.0,1,1,1638.4,25.8,70238,27.7,10.2,1,43.2,0,False,False,False,True,False,False
95.0,4,0,2324.5,16.1,83796,41.1,13.4,4,249.0,0,False,False,True,False,False,False
52.0,3,0,1935.5,19.1,96734,32.2,13.0,4,271.9,0,False,True,False,False,False,False
42.0,2,0,1529.5,36.2,105462,32.7,11.3,8,190.9,1,False,False,False,False,True,False
48.0,2,0,1638.4,25.8,70238,27.7,10.2,3,87.6,0,False,False,False,True,False,False
80.0,3,1,1638.4,25.8,70238,27.7,10.2,7,77.8,0,False,False,False,True,False,False
95.0,3,0,1529.5,36.2,105462,32.7,11.3,7,35.4,0,False,False,False,False,True,False
61.0,3,0,1935.5,19.1,96734,32.2,13.0,1,38.5,0,False,True,False,False,False,False
68.0,3,0,1638.4,25.8,70238,27.7,10.2,10,262.0,0,False,False,False,True,False,False
67.0,3,0,2155.0,15.3,70863,28.8,15.8,6,83.9,0,False,False,False,False,False,True
58.0,2,1,1956.6,18.3,66372,26.5,15.3,6,144.7,0,True,False,False,False,False,False
27.0,2,0,2324.5,16.1,83796,41.1,13.4,6,215.5,0,False,False,True,False,False,False
105.0,4,0,1935.5,19.1,96734,32.2,13.0,12,62.3,0,False,True,False,False,False,False
33.0,1,0,1638.4,25.8,70238,27.7,10.2,7,260.4,0,False,False,False,True,False,False
74.0,3,1,1935.5,19.1,96734,32.2,13.0,10,339.7,1,False,True,False,False,False,False
30.0,1,0,2324.5,16.1,83796,41.1,13.4,12,233.7,0,False,False,True,False,False,False
46.0,2,0,2324.5,16.1,83796,41.1,13.4,5,114.7,0,False,False,True,False,False,False
87.0,4,0,2155.0,15.3,70863,28.8,15.8,4,160.7,0,False,False,False,False,False,True
67.0,3,0,2155.0,15.3,70863,28.8,15.8,6,41.6,0,False,False,False,False,False,True
80.0,4,0,1638.4,25.8,70238,27.7,10.2,4,86.3,0,False,False,False,True,False,False
70.0,3,0,1638.4,25.8,70238,27.7,10.2,3,71.2,0,False,False,False,True,False,False
70.0,3,0,2324.5,16.1,83796,41.1,13.4,7,57.7,0,False,False,True,False,False,False
85.0,4,0,1638.4,25.8,70238,27.7,10.2,7,132.6,0,False,False,False,True,False,False
47.0,2,0,1935.5,19.1,96734,32.2,13.0,4,172.9,0,False,True,False,False,False,False
46.0,2,0,1529.5,36.2,105462,32.7,11.3,6,179.4,0,False,False,False,False,True,False
64.0,3,0,1935.5,19.1,96734,32.2,13.0,11,122.0,0,False,True,False,False,False,False
47.0,1,1,1638.4,25.8,70238,27.7,10.2,12,341.6,1,False,False,False,True,False,False
180.0,5,1,1529.5,36.2,105462,32.7,11.3,3,260.7,0,False,False,False,False,True,False
66.0,3,0,2155.0,15.3,70863,28.8,15.8,1,64.9,0,False,False,False,False,False,True
44.0,3,0,1935.5,19.1,96734,32.2,13.0,9,115.5,0,False,True,False,False,False,False
42.0,2,0,1529.5,36.2,105462,32.7,11.3,11,26.2,0,False,False,False,False,True,False
64.0,3,0,1529.5,36.2,105462,32.7,11.3,8,60.2,0,False,False,False,False,True,False
29.0,1,0,2324.5,16.1,83796,41.1,13.4,3,124.6,0,False,False,True,False,False,False
74.0,4,0,1935.5,19.1,96734,32.2,13.0,1,122.0,0,False,True,False,False,False,False
80.0,4,1,2155.0,15.3,70863,28.8,15.8,10,252.1,0,False,False,False,False,False,True
48.0,2,0,2324.5,16.1,83796,41.1,13.4,8,66.2,0,False,False,True,False,False,False
36.0,2,0,1935.5,19.1,96734,32.2,13.0,3,83.2,1,False,True,False,False,False,False
40.0,2,0,1529.5,36.2,105462,32.7,11.3,7,175.6,0,False,False,False,False,True,False
88.0,4,1,1956.6,18.3,66372,26.5,15.3,6,108.4,0,True,False,False,False,False,False
70.0,3,0,1935.5,19.1,96734,32.2,13.0,7,79.2,0,False,True,False,False,False,False
33.0,2,0,1935.5,19.1,96734,32.2,13.0,12,214.2,0,False,True,False,False,False,False
62.0,3,0,1638.4,25.8,70238,27.7,10.2,11,63.6,0,False,False,False,True,False,False
32.0,2,0,2155.0,15.3,70863,28.8,15.8,3,595.7,0,False,False,False,False,False,True
93.0,5,0,2155.0,15.3,70863,28.8,15.8,7,233.7,0,False,False,False,False,False,True
51.0,3,0,2324.5,16.1,83796,41.1,13.4,10,94.8,0,False,False,True,False,False,False
42.0,2,0,1638.4,25.8,70238,27.7,10.2,1,315.3,0,False,False,False,True,False,False
45.0,2,0,1638.4,25.8,70238,27.7,10.2,7,36.8,0,False,False,False,True,False,False
82.0,4,1,1956.6,18.3,66372,26.5,15.3,2,313.6,0,True,False,False,False,False,False
60.0,3,0,1638.4,25.8,70238,27.7,10.2,12,108.7,0,False,False,False,True,False,False
42.0,2,0,1935.5,19.1,96734,32.2,13.0,3,176.1,0,False,True,False,False,False,False
72.0,4,0,1956.6,18.3,66372,26.5,15.3,7,252.0,0,True,False,False,False,False,False
20.0,1,0,2324.5,16.1,83796,41.1,13.4,3,80.4,0,False,False,True,False,False,False
49.0,2,0,2155.0,15.3,70863,28.8,15.8,3,217.9,0,False,False,False,False,False,True
54.0,3,0,1935.5,19.1,96734,32.2,13.0,12,92.1,0,False,True,False,False,False,False
24.0,1,0,2324.5,16.1,83796,41.1,13.4,3,102.8,0,False,False,True,False,False,False
82.0,4,0,2324.5,16.1,83796,41.1,13.4,8,167.6,0,False,False,True,False,False,False
130.0,6,1,2324.5,16.1,83796,41.1,13.4,10,27.3,0,False,False,True,False,False,False
28.0,1,0,1529.5,36.2,105462,32.7,11.3,10,133.9,0,False,False,False,False,True,False
31.0,2,0,1529.5,36.2,105462,32.7,11.3,4,129.4,0,False,False,False,False,True,False
60.0,3,0,1529.5,36.2,105462,32.7,11.3,2,91.4,0,False,False,False,False,True,False
40.0,2,0,2155.0,15.3,70863,28.8,15.8,7,1.6,0,False,False,False,False,False,True
19.0,1,0,1956.6,18.3,66372,26.5,15.3,3,161.0,0,True,False,False,False,False,False
46.0,2,0,2155.0,15.3,70863,28.8,15.8,4,32.7,0,False,False,False,False,False,True
39.0,2,0,1935.5,19.1,96734,32.2,13.0,2,127.7,0,False,True,False,False,False,False
43.0,2,1,1935.5,19.1,96734,32.2,13.0,1,48.5,0,False,True,False,False,False,False
43.0,2,0,1529.5,36.2,105462,32.7,11.3,10,120.2,0,False,False,False,False,True,False
38.0,1,0,2324.5,16.1,83796,41.1,13.4,7,114.2,0,False,False,True,False,False,False
21.0,1,0,1529.5,36.2,105462,32.7,11.3,1,227.3,0,False,False,False,False,True,False
41.0,2,0,1935.5,19.1,96734,32.2,13.0,3,158.9,0,False,True,False,False,False,False
76.0,4,1,1638.4,25.8,70238,27.7,10.2,8,40.4,0,False,False,False,True,False,False
66.0,3,0,2155.0,15.3,70863,28.8,15.8,5,73.8,0,False,False,False,False,False,True
90.0,6,1,1935.5,19.1,96734,32.2,13.0,3,80.0,1,False,True,False,False,False,False
42.0,2,0,1529.5,36.2,105462,32.7,11.3,7,136.1,0,False,False,False,False,True,False
36.0,2,0,2155.0,15.3,70863,28.8,15.8,8,82.4,0,False,False,False,False,False,True
18.0,1,0,2324.5,16.1,83796,41.1,13.4,2,44.5,0,False,False,True,False,False,False
40.0,2,1,1935.5,19.1,96734,32.2,13.0,3,303.9,0,False,True,False,False,False,False
70.0,3,0,1529.5,36.2,105462,32.7,11.3,6,24.8,0,False,False,False,False,True,False
18.0,1,0,2324.5,16.1,83796,41.1,13.4,3,86.6,0,False,False,True,False,False,False
97.0,4,0,1956.6,18.3,66372,26.5,15.3,1,137.9,0,True,False,False,False,False,False
30.0,1,0,1529.5,36.2,105462,32.7,11.3,4,70.2,1,False,False,False,False,True,False
106.0,6,1,1935.5,19.1,96734,32.2,13.0,4,173.7,0,False,True,False,False,False,False
45.0,2,0,1529.5,36.2,105462,32.7,11.3,12,61.7,0,False,False,False,False,True,False
37.0,2,0,1638.4,25.8,70238,27.7,10.2,6,310.8,1,False,False,False,True,False,False
62.0,2,1,2155.0,15.3,70863,28.8,15.8,6,131.0,0,False,False,False,False,False,True
37.0,2,0,2324.5,16.1,83796,41.1,13.4,3,142.3,0,False,False,True,False,False,False
45.0,2,0,1935.5,19.1,96734,32.2,13.0,10,36.7,0,False,True,False,False,False,False
78.0,3,0,2324.5,16.1,83796,41.1,13.4,4,94.0,1,False,False,True,False,False,False
66.0,4,0,1935.5,19.1,96734,32.2,13.0,4,84.8,0,False,True,False,False,False,False
123.0,4,1,1638.4,25.8,70238,27.7,10.2,2,54.3,0,False,False,False,True,False,False
67.0,3,0,1638.4,25.8,70238,27.7,10.2,5,254.6,0,False,False,False,True,False,False
52.0,3,0,2155.0,15.3,70863,28.8,15.8,5,187.2,0,False,False,False,False,False,True
62.0,3,0,1935.5,19.1,96734,32.2,13.0,1,58.2,0,False,True,False,False,False,False
67.0,3,0,1956.6,18.3,66372,26.5,15.3,5,221.3,0,True,False,False,False,False,False
82.0,3,1,1956.6,18.3,66372,26.5,15.3,12,77.7,0,True,False,False,False,False,False
55.0,2,0,2324.5,16.1,83796,41.1,13.4,10,165.0,0,False,False,True,False,False,False
108.0,4,0,1529.5,36.2,105462,32.7,11.3,10,29.9,0,False,False,False,False,True,False
33.0,2,0,1935.5,19.1,96734,32.2,13.0,12,78.3,0,False,True,False,False,False,False
23.0,1,0,1956.6,18.3,66372,26.5,15.3,7,28.6,0,True,False,False,False,False,False
21.0,1,0,1638.4,25.8,70238,27.7,10.2,7,41.2,0,False,False,False,True,False,False
23.0,1,0,1638.4,25.8,70238,27.7,10.2,2,182.6,0,False,False,False,True,False,False
124.0,4,1,1529.5,36.2,105462,32.7,11.3,1,302.0,0,False,False,False,False,True,False
65.0,4,1,1638.4,25.8,70238,27.7,10.2,3,49.6,0,False,False,False,True,False,False
80.0,3,0,1638.4,25.8,70238,27.7,10.2,6,225.5,0,False,False,False,True,False,False
57.0,3,0,1935.5,19.1,96734,32.2,13.0,6,274.9,0,False,True,False,False,False,False
100.0,4,0,2155.0,15.3,70863,28.8,15.8,12,135.0,0,False,False,False,False,False,True
60.0,3,0,1935.5,19.1,96734,32.2,13.0,5,197.0,0,False,True,False,False,False,False
63.0,3,0,1529.5,36.2,105462,32.7,11.3,11,18.8,0,False,False,False,False,True,False
95.0,5,1,1956.6,18.3,66372,26.5,15.3,6,160.9,0,True,False,False,False,False,False
60.0,3,0,1935.5,19.1,96734,32.2,13.0,6,133.6,0,False,True,False,False,False,False
143.0,5,1,1638.4,25.8,70238,27.7,10.2,10,365.1,1,False,False,False,True,False,False
75.0,3,1,1529.5,36.2,105462,32.7,11.3,10,66.8,0,False,False,False,False,True,False
73.0,4,0,1529.5,36.2,105462,32.7,11.3,6,75.0,0,False,False,False,False,True,False
63.0,3,0,2155.0,15.3,70863,28.8,15.8,10,278.5,0,False,False,False,False,False,True
70.0,3,0,1638.4,25.8,70238,27.7,10.2,7,228.2,0,False,False,False,True,False,False
58.0,3,0,2155.0,15.3,70863,28.8,15.8,6,61.9,0,False,False,False,False,False,True
63.0,3,0,1935.5,19.1,96734,32.2,13.0,5,105.7,0,False,True,False,False,False,False
20.0,1,0,1956.6,18.3,66372,26.5,15.3,9,127.2,0,True,False,False,False,False,False
63.0,2,0,2324.5,16.1,83796,41.1,13.4,12,146.7,0,False,False,True,False,False,False
26.0,2,0,1956.6,18.3,66372,26.5,15.3,7,140.1,0,True,False,False,False,False,False
39.0,2,0,1935.5,19.1,96734,32.2,13.0,4,143.3,0,False,True,False,False,False,False
57.0,3,0,2324.5,16.1,83796,41.1,13.4,1,290.6,0,False,False,True,False,False,False
24.0,1,0,2324.5,16.1,83796,41.1,13.4,12,98.7,0,False,False,True,False,False,False
37.0,2,0,1935.5,19.1,96734,32.2,13.0,1,141.8,0,False,True,False,False,False,False
63.0,3,0,1638.4,25.8,70238,27.7,10.2,7,138.4,0,False,False,False,True,False,False
160.0,6,1,1935.5,19.1,96734,32.2,13.0,3,134.7,0,False,True,False,False,False,False
69.0,3,0,1935.5,19.1,96734,32.2,13.0,7,164.0,0,False,True,False,False,False,False
57.0,3,0,1529.5,36.2,105462,32.7,11.3,7,39.5,0,False,False,False,False,True,False
66.0,2,0,2324.5,16.1,83796,41.1,13.4,10,150.6,0,False,False,True,False,False,False
56.0,3,0,1638.4,25.8,70238,27.7,10.2,11,147.5,0,False,False,False,True,False,False
184.0,5,0,2324.5,16.1,83796,41.1,13.4,9,36.8,0,False,False,True,False,False,False
59.0,3,0,1638.4,25.8,70238,27.7,10.2,7,180.2,0,False,False,False,True,False,False
43.0,2,0,1935.5,19.1,96734,32.2,13.0,7,250.4,0,False,True,False,False,False,False
12.0,1,0,1638.4,25.8,70238,27.7,10.2,5,67.1,0,False,False,False,True,False,False
46.0,2,0,2324.5,16.1,83796,41.1,13.4,3,79.8,0,False,False,True,False,False,False
47.0,2,0,1935.5,19.1,96734,32.2,13.0,4,37.4,0,False,True,False,False,False,False
43.0,2,0,2155.0,15.3,70863,28.8,15.8,7,64.9,0,False,False,False,False,False,True
91.0,4,0,1956.6,18.3,66372,26.5,15.3,7,146.3,0,True,False,False,False,False,False
89.0,4,0,1638.4,25.8,70238,27.7,10.2,6,250.5,0,False,False,False,True,False,False
64.0,3,0,2155.0,15.3,70863,28.8,15.8,5,195.6,0,False,False,False,False,False,True
35.0,2,0,1935.5,19.1,96734,32.2,13.0,5,239.9,0,False,True,False,False,False,False
150.0,6,1,1956.6,18.3,66372,26.5,15.3,9,11.9,0,True,False,False,False,False,False
107.0,4,0,1529.5,36.2,105462,32.7,11.3,2,130.5,0,False,False,False,False,True,False
100.0,4,0,2324.5,16.1,83796,41.1,13.4,6,50.6,0,False,False,True,False,False,False
17.0,1,0,1956.6,18.3,66372,26.5,15.3,6,132.0,0,True,False,False,False,False,False
48.0,2,0,2155.0,15.3,70863,28.8,15.8,8,135.0,0,False,False,False,False,False,True
22.0,1,0,1935.5,19.1,96734,32.2,13.0,9,205.5,0,False,True,False,False,False,False
67.0,3,0,1529.5,36.2,105462,32.7,11.3,12,32.2,0,False,False,False,False,True,False
28.0,1,0,2324.5,16.1,83796,41.1,13.4,7,277.8,0,False,False,True,False,False,False
85.0,5,0,1935.5,19.1,96734,32.2,13.0,5,416.1,0,False,True,False,False,False,False
40.0,2,0,1935.5,19.1,96734,32.2,13.0,7,151.3,0,False,True,False,False,False,False
85.0,5,1,1935.5,19.1,96734,32.2,13.0,10,127.0,0,False,True,False,False,False,False
42.0,2,0,1529.5,36.2,105462,32.7,11.3,7,172.1,0,False,False,False,False,True,False
26.0,1,0,2324.5,16.1,83796,41.1,13.4,6,47.4,1,False,False,True,False,False,False
140.0,4,1,2155.0,15.3,70863,28.8,15.8,5,76.0,0,False,False,False,False,False,True
51.0,2,0,2324.5,16.1,83796,41.1,13.4,9,69.6,0,False,False,True,False,False,False
67.0,4,0,2155.0,15.3,70863,28.8,15.8,2,115.9,0,False,False,False,False,False,True
105.0,4,0,2324.5,16.1,83796,41.1,13.4,9,29.9,0,False,False,True,False,False,False
104.0,3,0,1956.6,18.3,66372,26.5,15.3,9,70.5,0,True,False,False,False,False,False
65.0,3,0,1935.5,19.1,96734,32.2,13.0,12,202.4,0,False,True,False,False,False,False
62.0,3,0,2155.0,15.3,70863,28.8,15.8,10,83.0,0,False,False,False,False,False,True
46.0,3,0,2324.5,16.1,83796,41.1,13.4,10,155.2,0,False,False,True,False,False,False
61.0,3,0,1529.5,36.2,105462,32.7,11.3,3,174.7,1,False,False,False,False,True,False
182.0,8,1,1529.5,36.2,105462,32.7,11.3,6,225.7,0,False,False,False,False,True,False
61.0,3,0,1935.5,19.1,96734,32.2,13.0,3,89.1,0,False,True,False,False,False,False
92.0,4,0,1638.4,25.8,70238,27.7,10.2,10,77.9,0,False,False,False,True,False,False
19.0,1,0,1935.5,19.1,96734,32.2,13.0,6,222.6,0,False,True,False,False,False,False
55.0,2,0,1956.6,18.3,66372,26.5,15.3,7,58.8,0,True,False,False,False,False,False
54.0,3,0,2155.0,15.3,70863,28.8,15.8,7,126.4,0,False,False,False,False,False,True
64.0,3,0,1529.5,36.2,105462,32.7,11.3,12,39.4,0,False,False,False,False,True,False
64.0,3,0,2155.0,15.3,70863,28.8,15.8,2,108.4,0,False,False,False,False,False,True
57.0,3,0,2324.5,16.1,83796,41.1,13.4,11,141.2,0,False,False,True,False,False,False
44.0,2,0,1935.5,19.1,96734,32.2,13.0,7,61.6,0,False,True,False,False,False,False
36.0,2,0,2324.5,16.1,83796,41.1,13.4,9,220.7,0,False,False,True,False,False,False
31.0,2,0,1935.5,19.1,96734,32.2,13.0,7,339.9,0,False,True,False,False,False,False
132.0,5,1,1956.6,18.3,66372,26.5,15.3,1,224.5,0,True,False,False,False,False,False
20.0,1,0,2155.0,15.3,70863,28.8,15.8,5,19.3,0,False,False,False,False,False,True
80.0,4,0,1956.6,18.3,66372,26.5,15.3,7,245.1,0,True,False,False,False,False,False
17.0,1,0,1529.5,36.2,105462,32.7,11.3,1,143.4,0,False,False,False,False,True,False
48.0,2,0,1956.6,18.3,66372,26.5,15.3,10,83.3,0,True,False,False,False,False,False
81.0,4,0,2155.0,15.3,70863,28.8,15.8,7,56.1,0,False,False,False,False,False,True
31.0,1,0,2155.0,15.3,70863,28.8,15.8,3,66.6,0,False,False,False,False,False,True
78.0,4,0,1956.6,18.3,66372,26.5,15.3,9,61.7,0,True,False,False,False,False,False
64.0,3,0,1935.5,19.1,96734,32.2,13.0,1,200.3,0,False,True,False,False,False,False
67.0,3,0,1935.5,19.1,96734,32.2,13.0,6,38.4,0,False,True,False,False,False,False
50.0,2,0,2155.0,15.3,70863,28.8,15.8,12,126.1,0,False,False,False,False,False,True
76.0,4,0,1529.5,36.2,105462,32.7,11.3,3,177.6,0,False,False,False,False,True,False
46.0,2,0,2324.5,16.1,83796,41.1,13.4,12,113.0,0,False,False,True,False,False,False
76.0,4,0,1638.4,25.8,70238,27.7,10.2,5,61.2,0,False,False,False,True,False,False
100.0,4,0,2324.5,16.1,83796,41.1,13.4,4,133.8,0,False,False,True,False,False,False
57.0,3,0,2155.0,15.3,70863,28.8,15.8,8,81.4,0,False,False,False,False,False,True
70.0,3,0,2324.5,16.1,83796,41.1,13.4,5,106.7,0,False,False,True,False,False,False
53.0,3,0,1935.5,19.1,96734,32.2,13.0,2,256.5,0,False,True,False,False,False,False
20.0,1,0,1529.5,36.2,105462,32.7,11.3,12,59.2,0,False,False,False,False,True,False
41.0,2,0,1529.5,36.2,105462,32.7,11.3,3,135.6,0,False,False,False,False,True,False
47.0,2,0,1638.4,25.8,70238,27.7,10.2,2,217.0,0,False,False,False,True,False,False
63.0,3,0,1529.5,36.2,105462,32.7,11.3,8,248.4,0,False,False,False,False,True,False
105.0,5,1,1956.6,18.3,66372,26.5,15.3,1,291.3,0,True,False,False,False,False,False
29.0,1,0,1956.6,18.3,66372,26.5,15.3,10,168.3,0,True,False,False,False,False,False
104.0,5,0,1956.6,18.3,66372,26.5,15.3,8,81.6,0,True,False,False,False,False,False
46.0,2,0,2324.5,16.1,83796,41.1,13.4,7,61.5,0,False,False,True,False,False,False
50.0,2,0,1638.4,25.8,70238,27.7,10.2,1,269.1,0,False,False,False,True,False,False
78.0,4,1,1956.6,18.3,66372,26.5,15.3,12,154.9,0,True,False,False,False,False,False
124.0,5,1,1638.4,25.8,70238,27.7,10.2,4,284.0,0,False,False,False,True,False,False
83.0,3,1,1956.6,18.3,66372,26.5,15.3,5,315.6,0,True,False,False,False,False,False
77.0,4,0,1956.6,18.3,66372,26.5,15.3,12,239.1,0,True,False,False,False,False,False
95.0,5,0,2324.5,16.1,83796,41.1,13.4,3,153.3,0,False,False,True,False,False,False
33.0,2,0,1956.6,18.3,66372,26.5,15.3,1,67.7,0,True,False,False,False,False,False
34.0,1,0,1935.5,19.1,96734,32.2,13.0,4,194.1,0,False,True,False,False,False,False
109.0,4,0,2324.5,16.1,83796,41.1,13.4,8,86.3,0,False,False,True,False,False,False
83.0,4,0,1935.5,19.1,96734,32.2,13.0,4,92.9,0,False,True,False,False,False,False
140.0,6,1,1956.6,18.3,66372,26.5,15.3,5,359.1,0,True,False,False,False,False,False
143.0,5,1,1956.6,18.3,66372,26.5,15.3,9,57.6,0,True,False,False,False,False,False
67.0,3,0,1935.5,19.1,96734,32.2,13.0,10,51.5,0,False,True,False,False,False,False
35.0,1,0,1956.6,18.3,66372,26.5,15.3,4,107.1,0,True,False,False,False,False,False
80.0,5,1,1956.6,18.3,66372,26.5,15.3,8,119.9,0,True,False,False,False,False,False
103.0,5,0,1935.5,19.1,96734,32.2,13.0,5,59.2,0,False,True,False,False,False,False
141.0,5,1,1935.5,19.1,96734,32.2,13.0,6,69.8,0,False,True,False,False,False,False
56.0,2,0,1638.4,25.8,70238,27.7,10.2,9,34.6,0,False,False,False,True,False,False
65.0,3,0,1935.5,19.1,96734,32.2,13.0,3,179.7,0,False,True,False,False,False,False
50.0,2,0,1935.5,19.1,96734,32.2,13.0,7,161.9,0,False,True,False,False,False,False
56.0,3,0,1935.5,19.1,96734,32.2,13.0,5,151.3,0,False,True,False,False,False,False
56.0,3,0,2155.0,15.3,70863,28.8,15.8,4,118.6,0,False,False,False,False,False,True
93.0,5,0,1956.6,18.3,66372,26.5,15.3,7,276.8,0,True,False,False,False,False,False
60.0,3,0,1935.5,19.1,96734,32.2,13.0,12,90.5,0,False,True,False,False,False,False
50.0,2,0,1935.5,19.1,96734,32.2,13.0,11,204.0,0,False,True,False,False,False,False
30.0,1,0,1638.4,25.8,70238,27.7,10.2,10,137.5,0,False,False,False,True,False,False
25.0,1,0,2324.5,16.1,83796,41.1,13.4,8,198.2,0,False,False,True,False,False,False
36.0,2,0,2324.5,16.1,83796,41.1,13.4,6,92.5,0,False,False,True,False,False,False
34.0,2,0,2324.5,16.1,83796,41.1,13.4,10,142.2,0,False,False,True,False,False,False
66.0,4,0,1935.5,19.1,96734,32.2,13.0,4,376.3,0,False,True,False,False,False,False
29.0,1,0,1956.6,18.3,66372,26.5,15.3,2,126.3,0,True,False,False,False,False,False
68.0,3,0,2155.0,15.3,70863,28.8,15.8,10,92.5,0,False,False,False,False,False,True
88.0,4,1,1935.5,19.1,96734,32.2,13.0,2,251.3,0,False,True,False,False,False,False
25.0,2,0,2324.5,16.1,83796,41.1,13.4,12,102.4,0,False,False,True,False,False,False
58.0,2,0,2324.5,16.1,83796,41.1,13.4,3,168.4,0,False,False,True,False,False,False
103.0,5,0,2155.0,15.3,70863,28.8,15.8,12,175.8,0,False,False,False,False,False,True
25.0,1,0,2324.5,16.1,83796,41.1,13.4,4,162.9,0,False,False,True,False,False,False
71.0,4,0,1529.5,36.2,105462,32.7,11.3,11,189.1,0,False,False,False,False,True,False
79.0,4,0,1935.5,19.1,96734,32.2,13.0,8,88.7,0,False,True,False,False,False,False
47.0,2,0,2324.5,16.1,83796,41.1,13.4,4,147.8,1,False,False,True,False,False,False
19.0,1,0,1529.5,36.2,105462,32.7,11.3,5,94.6,0,False,False,False,False,True,False
21.0,1,0,1529.5,36.2,105462,32.7,11.3,6,108.5,0,False,False,False,False,True,False
58.0,3,0,1638.4,25.8,70238,27.7,10.2,5,64.0,0,False,False,False,True,False,False
54.0,3,0,1935.5,19.1,96734,32.2,13.0,10,147.3,0,False,True,False,False,False,False
77.0,5,0,1529.5,36.2,105462,32.7,11.3,1,6.4,0,False,False,False,False,True,False
64.0,3,0,1956.6,18.3,66372,26.5,15.3,6,233.7,0,True,False,False,False,False,False
81.0,4,0,1529.5,36.2,105462,32.7,11.3,11,94.0,0,False,False,False,False,True,False
39.0,2,0,1935.5,19.1,96734,32.2,13.0,12,288.3,0,False,True,False,False,False,False
21.0,1,0,1529.5,36.2,105462,32.7,11.3,2,115.4,1,False,False,False,False,True,False
32.0,2,0,1638.4,25.8,70238,27.7,10.2,1,197.0,0,False,False,False,True,False,False
60.0,3,0,1935.5,19.1,96734,32.2,13.0,6,33.1,0,False,True,False,False,False,False
84.0,1,0,1529.5,36.2,105462,32.7,11.3,7,143.3,0,False,False,False,False,True,False
65.0,3,0,2155.0,15.3,70863,28.8,15.8,1,87.7,0,False,False,False,False,False,True
22.0,1,0,2155.0,15.3,70863,28.8,15.8,3,93.4,0,False,False,False,False,False,True
76.0,4,0,1529.5,36.2,105462,32.7,11.3,8,203.2,0,False,False,False,False,True,False
90.0,4,1,1956.6,18.3,66372,26.5,15.3,8,210.2,0,True,False,False,False,False,False
110.0,4,0,2155.0,15.3,70863,28.8,15.8,3,177.8,0,False,False,False,False,False,True
104.0,4,1,1935.5,19.1,96734,32.2,13.0,6,130.2,0,False,True,False,False,False,False
35.0,1,0,1638.4,25.8,70238,27.7,10.2,4,129.4,1,False,False,False,True,False,False
89.0,4,0,2324.5,16.1,83796,41.1,13.4,12,219.1,0,False,False,True,False,False,False
40.0,2,0,2324.5,16.1,83796,41.1,13.4,4,351.7,0,False,False,True,False,False,False
91.0,4,0,2155.0,15.3,70863,28.8,15.8,7,106.5,0,False,False,False,False,False,True
17.0,1,0,1638.4,25.8,70238,27.7,10.2,3,66.7,0,False,False,False,True,False,False
55.0,2,0,2155.0,15.3,70863,28.8,15.8,9,18.2,0,False,False,False,False,False,True
69.0,3,0,1529.5,36.2,105462,32.7,11.3,9,49.8,0,False,False,False,False,True,False
63.0,3,0,1638.4,25.8,70238,27.7,10.2,3,97.8,0,False,False,False,True,False,False
50.0,3,1,1529.5,36.2,105462,32.7,11.3,7,129.9,0,False,False,False,False,True,False
75.0,3,0,1956.6,18.3,66372,26.5,15.3,6,74.2,0,True,False,False,False,False,False
57.0,3,0,1638.4,25.8,70238,27.7,10.2,7,54.3,0,False,False,False,True,False,False
32.0,2,1,1956.6,18.3,66372,26.5,15.3,2,247.5,0,True,False,False,False,False,False
169.0,5,1,1529.5,36.2,105462,32.7,11.3,10,102.9,0,False,False,False,False,True,False
36.0,2,0,1956.6,18.3,66372,26.5,15.3,12,96.7,0,True,False,False,False,False,False
69.0,3,0,1529.5,36.2,105462,32.7,11.3,11,68.5,0,False,False,False,False,True,False
110.0,6,1,1956.6,18.3,66372,26.5,15.3,8,149.7,0,True,False,False,False,False,False
19.0,1,0,2155.0,15.3,70863,28.8,15.8,2,51.9,0,False,False,False,False,False,True
88.0,4,0,1935.5,19.1,96734,32.2,13.0,11,166.5,0,False,True,False,False,False,False
44.0,2,0,1935.5,19.1,96734,32.2,13.0,2,89.7,0,False,True,False,False,False,False
83.0,4,0,2155.0,15.3,70863,28.8,15.8,9,120.6,0,False,False,False,False,False,True
46.0,2,0,1638.4,25.8,70238,27.7,10.2,6,195.3,0,False,False,False,True,False,False
74.0,4,0,2155.0,15.3,70863,28.8,15.8,4,175.1,0,False,False,False,False,False,True
60.0,2,0,1638.4,25.8,70238,27.7,10.2,6,99.1,0,False,False,False,True,False,False
23.0,1,0,1638.4,25.8,70238,27.7,10.2,12,32.2,0,False,False,False,True,False,False
27.0,1,0,1529.5,36.2,105462,32.7,11.3,11,123.9,0,False,False,False,False,True,False
70.0,3,0,2324.5,16.1,83796,41.1,13.4,8,57.7,0,False,False,True,False,False,False
27.0,1,0,1638.4,25.8,70238,27.7,10.2,12,52.8,0,False,False,False,True,False,False
45.0,3,1,1529.5,36.2,105462,32.7,11.3,12,163.5,0,False,False,False,False,True,False
146.0,5,1,2155.0,15.3,70863,28.8,15.8,11,123.7,0,False,False,False,False,False,True
101.0,4,0,2324.5,16.1,83796,41.1,13.4,3,183.4,0,False,False,True,False,False,False
57.0,3,0,2155.0,15.3,70863,28.8,15.8,10,75.2,0,False,False,False,False,False,True
52.0,3,0,1935.5,19.1,96734,32.2,13.0,12,190.6,0,False,True,False,False,False,False
34.0,2,0,1935.5,19.1,96734,32.2,13.0,2,67.7,0,False,True,False,False,False,False
71.0,3,0,1638.4,25.8,70238,27.7,10.2,8,176.3,0,False,False,False,True,False,False
83.0,4,0,1529.5,36.2,105462,32.7,11.3,8,207.2,0,False,False,False,False,True,False
78.0,3,1,1956.6,18.3,66372,26.5,15.3,12,73.7,0,True,False,False,False,False,False
80.0,5,1,2324.5,16.1,83796,41.1,13.4,7,50.1,0,False,False,True,False,False,False
66.0,4,1,1956.6,18.3,66372,26.5,15.3,7,76.1,0,True,False,False,False,False,False
51.0,2,0,1935.5,19.1,96734,32.2,13.0,10,74.0,0,False,True,False,False,False,False
80.0,5,1,1935.5,19.1,96734,32.2,13.0,7,348.8,0,False,True,False,False,False,False
148.0,4,1,1529.5,36.2,105462,32.7,11.3,10,176.0,0,False,False,False,False,True,False
86.0,4,1,1638.4,25.8,70238,27.7,10.2,7,103.6,0,False,False,False,True,False,False
90.0,3,1,1638.4,25.8,70238,27.7,10.2,2,277.9,0,False,False,False,True,False,False
66.0,3,0,1935.5,19.1,96734,32.2,13.0,10,114.6,0,False,True,False,False,False,False
43.0,2,0,2155.0,15.3,70863,28.8,15.8,7,105.1,0,False,False,False,False,False,True
24.0,1,0,2324.5,16.1,83796,41.1,13.4,9,166.5,0,False,False,True,False,False,False
24.0,1,0,2155.0,15.3,70863,28.8,15.8,10,111.3,0,False,False,False,False,False,True
37.0,2,0,2324.5,16.1,83796,41.1,13.4,4,158.6,0,False,False,True,False,False,False
62.0,3,0,1935.5,19.1,96734,32.2,13.0,6,155.0,0,False,True,False,False,False,False
70.0,3,0,1638.4,25.8,70238,27.7,10.2,8,96.9,0,False,False,False,True,False,False
66.0,3,0,1935.5,19.1,96734,32.2,13.0,3,191.9,1,False,True,False,False,False,False
143.0,5,1,1529.5,36.2,105462,32.7,11.3,10,106.1,0,False,False,False,False,True,False
80.0,4,0,1638.4,25.8,70238,27.7,10.2,7,69.4,0,False,False,False,True,False,False
59.0,2,0,2324.5,16.1,83796,41.1,13.4,8,147.8,0,False,False,True,False,False,False
66.0,3,0,1529.5,36.2,105462,32.7,11.3,5,216.4,0,False,False,False,False,True,False
153.0,3,1,1935.5,19.1,96734,32.2,13.0,9,27.9,0,False,True,False,False,False,False
149.0,5,0,2324.5,16.1,83796,41.1,13.4,7,130.7,0,False,False,True,False,False,False
36.0,2,0,1529.5,36.2,105462,32.7,11.3,2,55.2,0,False,False,False,False,True,False
75.0,3,0,2324.5,16.1,83796,41.1,13.4,10,75.2,0,False,False,True,False,False,False
244.0,5,1,1638.4,25.8,70238,27.7,10.2,11,62.7,0,False,False,False,True,False,False
140.0,6,1,2155.0,15.3,70863,28.8,15.8,1,52.4,0,False,False,False,False,False,True
48.0,2,0,1935.5,19.1,96734,32.2,13.0,4,64.7,0,False,True,False,False,False,False
33.0,2,0,1956.6,18.3,66372,26.5,15.3,6,102.1,0,True,False,False,False,False,False
96.0,3,0,1529.5,36.2,105462,32.7,11.3,12,149.0,0,False,False,False,False,True,False
97.0,4,0,1529.5,36.2,105462,32.7,11.3,8,92.8,0,False,False,False,False,True,False
81.0,4,0,1529.5,36.2,105462,32.7,11.3,9,157.4,0,False,False,False,False,True,False
85.0,4,0,1956.6,18.3,66372,26.5,15.3,9,142.7,0,True,False,False,False,False,False
58.0,3,1,1956.6,18.3,66372,26.5,15.3,1,319.1,0,True,False,False,False,False,False
45.0,2,0,1935.5,19.1,96734,32.2,13.0,3,250.2,0,False,True,False,False,False,False
128.0,7,1,1956.6,18.3,66372,26.5,15.3,7,166.4,0,True,False,False,False,False,False
50.0,1,0,1935.5,19.1,96734,32.2,13.0,9,29.4,0,False,True,False,False,False,False
50.0,3,0,1529.5,36.2,105462,32.7,11.3,12,100.8,0,False,False,False,False,True,False
23.0,1,0,2324.5,16.1,83796,41.1,13.4,10,34.7,0,False,False,True,False,False,False
63.0,4,0,1638.4,25.8,70238,27.7,10.2,5,47.7,0,False,False,False,True,False,False
33.0,1,0,1529.5,36.2,105462,32.7,11.3,8,179.7,0,False,False,False,False,True,False
42.0,2,0,1529.5,36.2,105462,32.7,11.3,6,36.9,0,False,False,False,False,True,False
120.0,4,0,1956.6,18.3,66372,26.5,15.3,2,126.3,0,True,False,False,False,False,False
57.0,3,0,2324.5,16.1,83796,41.1,13.4,9,86.4,0,False,False,True,False,False,False
72.0,4,0,1529.5,36.2,105462,32.7,11.3,7,173.1,0,False,False,False,False,True,False
77.0,4,0,2155.0,15.3,70863,28.8,15.8,9,112.7,0,False,False,False,False,False,True
20.0,1,0,2324.5,16.1,83796,41.1,13.4,10,84.4,0,False,False,True,False,False,False
95.0,4,0,1638.4,25.8,70238,27.7,10.2,1,71.2,0,False,False,False,True,False,False
69.0,3,0,1638.4,25.8,70238,27.7,10.2,5,228.8,0,False,False,False,True,False,False
80.0,3,0,2324.5,16.1,83796,41.1,13.4,2,36.7,0,False,False,True,False,False,False
61.0,3,0,1935.5,19.1,96734,32.2,13.0,12,129.5,0,False,True,False,False,False,False
48.0,2,0,1638.4,25.8,70238,27.7,10.2,1,267.4,1,False,False,False,True,False,False
60.0,3,0,1935.5,19.1,96734,32.2,13.0,4,99.7,0,False,True,False,False,False,False
43.0,2,0,1935.5,19.1,96734,32.2,13.0,6,197.4,0,False,True,False,False,False,False
67.0,3,0,1935.5,19.1,96734,32.2,13.0,10,85.9,0,False,True,False,False,False,False
30.0,1,0,1638.4,25.8,70238,27.7,10.2,7,89.2,0,False,False,False,True,False,False
70.0,3,0,1638.4,25.8,70238,27.7,10.2,1,269.6,0,False,False,False,True,False,False
52.0,2,0,1638.4,25.8,70238,27.7,10.2,8,335.8,0,False,False,False,True,False,False
87.0,4,0,2155.0,15.3,70863,28.8,15.8,3,219.5,0,False,False,False,False,False,True
121.0,5,0,1529.5,36.2,105462,32.7,11.3,7,150.7,0,False,False,False,False,True,False
53.0,3,0,2155.0,15.3,70863,28.8,15.8,1,123.9,0,False,False,False,False,False,True
50.0,2,0,1638.4,25.8,70238,27.7,10.2,7,212.9,0,False,False,False,True,False,False
90.0,3,0,2155.0,15.3,70863,28.8,15.8,6,179.4,0,False,False,False,False,False,True
83.0,4,1,1956.6,18.3,66372,26.5,15.3,6,107.5,0,True,False,False,False,False,False
85.0,4,0,1638.4,25.8,70238,27.7,10.2,10,199.5,0,False,False,False,True,False,False
103.0,5,0,2155.0,15.3,70863,28.8,15.8,1,90.1,0,False,False,False,False,False,True
35.0,2,0,1529.5,36.2,105462,32.7,11.3,7,148.0,0,False,False,False,False,True,False
56.0,2,0,1956.6,18.3,66372,26.5,15.3,7,297.6,0,True,False,False,False,False,False
63.0,3,0,1638.4,25.8,70238,27.7,10.2,9,151.8,0,False,False,False,True,False,False
81.0,4,1,1638.4,25.8,70238,27.7,10.2,10,295.4,0,False,False,False,True,False,False
41.0,2,0,1935.5,19.1,96734,32.2,13.0,4,124.8,1,False,True,False,False,False,False
94.0,4,0,1638.4,25.8,70238,27.7,10.2,8,44.1,0,False,False,False,True,False,False
43.0,2,0,2155.0,15.3,70863,28.8,15.8,10,116.0,0,False,False,False,False,False,True
90.0,4,1,1956.6,18.3,66372,26.5,15.3,6,123.1,1,True,False,False,False,False,False
40.0,2,0,1935.5,19.1,96734,32.2,13.0,5,291.8,0,False,True,False,False,False,False
55.0,3,0,1935.5,19.1,96734,32.2,13.0,6,189.0,0,False,True,False,False,False,False
80.0,4,0,1638.4,25.8,70238,27.7,10.2,10,71.2,0,False,False,False,True,False,False
62.0,2,0,1529.5,36.2,105462,32.7,11.3,9,239.5,0,False,False,False,False,True,False
52.0,2,0,1956.6,18.3,66372,26.5,15.3,7,297.6,0,True,False,False,False,False,False
34.0,1,0,1529.5,36.2,105462,32.7,11.3,12,122.4,0,False,False,False,False,True,False
60.0,3,0,1935.5,19.1,96734,32.2,13.0,3,151.3,0,False,True,False,False,False,False
121.0,5,0,2324.5,16.1,83796,41.1,13.4,11,210.2,0,False,False,True,False,False,False
73.0,4,0,1935.5,19.1,96734,32.2,13.0,8,210.6,0,False,True,False,False,False,False
18.0,1,0,1638.4,25.8,70238,27.7,10.2,2,46.8,0,False,False,False,True,False,False
104.0,4,1,2324.5,16.1,83796,41.1,13.4,3,282.4,0,False,False,True,False,False,False
30.0,1,0,1638.4,25.8,70238,27.7,10.2,10,52.8,0,False,False,False,True,False,False
52.0,3,0,2155.0,15.3,70863,28.8,15.8,9,118.4,0,False,False,False,False,False,True
50.0,2,0,2155.0,15.3,70863,28.8,15.8,2,117.8,0,False,False,False,False,False,True
28.0,1,0,1529.5,36.2,105462,32.7,11.3,4,173.2,0,False,False,False,False,True,False
64.0,3,0,1956.6,18.3,66372,26.5,15.3,12,39.8,0,True,False,False,False,False,False
56.0,3,0,1935.5,19.1,96734,32.2,13.0,1,174.9,0,False,True,False,False,False,False
53.0,3,0,1935.5,19.1,96734,32.2,13.0,5,339.9,0,False,True,False,False,False,False
48.0,2,0,1956.6,18.3,66372,26.5,15.3,3,69.5,0,True,False,False,False,False,False
67.0,10,0,1638.4,25.8,70238,27.7,10.2,12,223.8,0,False,False,False,True,False,False
20.0,2,0,2324.5,16.1,83796,41.1,13.4,9,164.8,0,False,False,True,False,False,False
57.0,3,0,1935.5,19.1,96734,32.2,13.0,11,218.1,0,False,True,False,False,False,False
30.0,1,0,2324.5,16.1,83796,41.1,13.4,7,75.0,0,False,False,True,False,False,False
40.0,2,0,2155.0,15.3,70863,28.8,15.8,12,216.4,0,False,False,False,False,False,True
16.0,1,0,2155.0,15.3,70863,28.8,15.8,4,171.6,1,False,False,False,False,False,True
56.0,3,0,2324.5,16.1,83796,41.1,13.4,9,264.3,0,False,False,True,False,False,False
17.0,1,0,1956.6,18.3,66372,26.5,15.3,12,151.9,0,True,False,False,False,False,False
50.0,2,0,1638.4,25.8,70238,27.7,10.2,5,130.5,0,False,False,False,True,False,False
99.0,3,0,2324.5,16.1,83796,41.1,13.4,2,311.6,0,False,False,True,False,False,False
50.0,3,0,2324.5,16.1,83796,41.1,13.4,6,120.3,0,False,False,True,False,False,False
74.0,3,0,1638.4,25.8,70238,27.7,10.2,12,154.0,0,False,False,False,True,False,False
48.0,2,0,1956.6,18.3,66372,26.5,15.3,8,449.3,0,True,False,False,False,False,False
64.0,3,0,2155.0,15.3,70863,28.8,15.8,6,24.5,0,False,False,False,False,False,True
75.0,3,1,1529.5,36.2,105462,32.7,11.3,11,91.4,0,False,False,False,False,True,False
139.0,5,0,2324.5,16.1,83796,41.1,13.4,1,130.2,0,False,False,True,False,False,False
44.0,2,0,1529.5,36.2,105462,32.7,11.3,7,126.5,0,False,False,False,False,True,False
46.0,2,0,1956.6,18.3,66372,26.5,15.3,5,272.1,0,True,False,False,False,False,False
33.0,1,0,1638.4,25.8,70238,27.7,10.2,1,51.4,0,False,False,False,True,False,False
132.0,4,1,1638.4,25.8,70238,27.7,10.2,6,198.8,0,False,False,False,True,False,False
46.0,2,0,1935.5,19.1,96734,32.2,13.0,5,71.5,0,False,True,False,False,False,False
114.0,5,1,1935.5,19.1,96734,32.2,13.0,7,49.2,0,False,True,False,False,False,False
77.0,4,0,1638.4,25.8,70238,27.7,10.2,1,73.5,0,False,False,False,True,False,False
65.0,3,0,2155.0,15.3,70863,28.8,15.8,6,56.5,0,False,False,False,False,False,True
48.0,2,0,1638.4,25.8,70238,27.7,10.2,11,43.1,0,False,False,False,True,False,False
26.0,1,0,2324.5,16.1,83796,41.1,13.4,6,134.8,0,False,False,True,False,False,False
75.0,5,0,2155.0,15.3,70863,28.8,15.8,4,60.7,0,False,False,False,False,False,True
58.0,3,0,1956.6,18.3,66372,26.5,15.3,11,43.5,0,True,False,False,False,False,False
22.0,1,0,1529.5,36.2,105462,32.7,11.3,4,40.8,0,False,False,False,False,True,False
32.0,1,0,1529.5,36.2,105462,32.7,11.3,8,86.2,0,False,False,False,False,True,False
39.0,3,0,2155.0,15.3,70863,28.8,15.8,6,186.9,0,False,False,False,False,False,True
61.0,3,0,1638.4,25.8,70238,27.7,10.2,6,107.4,0,False,False,False,True,False,False
70.0,4,1,1638.4,25.8,70238,27.7,10.2,5,108.0,0,False,False,False,True,False,False
84.0,4,1,1935.5,19.1,96734,32.2,13.0,9,271.3,0,False,True,False,False,False,False
86.0,5,1,1935.5,19.1,96734,32.2,13.0,9,221.9,0,False,True,False,False,False,False
58.0,3,1,1956.6,18.3,66372,26.5,15.3,7,349.0,0,True,False,False,False,False,False
66.0,4,0,1935.5,19.1,96734,32.2,13.0,3,81.0,0,False,True,False,False,False,False
89.0,5,1,1956.6,18.3,66372,26.5,15.3,12,160.6,0,True,False,False,False,False,False
86.0,3,1,1638.4,25.8,70238,27.7,10.2,11,176.2,0,False,False,False,True,False,False
55.0,2,0,2324.5,16.1,83796,41.1,13.4,8,154.3,1,False,False,True,False,False,False
45.0,3,0,2155.0,15.3,70863,28.8,15.8,8,127.1,0,False,False,False,False,False,True
43.0,2,0,1638.4,25.8,70238,27.7,10.2,8,237.7,1,False,False,False,True,False,False
36.0,1,0,1935.5,19.1,96734,32.2,13.0,6,359.0,0,False,True,False,False,False,False
75.0,3,0,2324.5,16.1,83796,41.1,13.4,9,73.2,0,False,False,True,False,False,False
35.0,1,0,1529.5,36.2,105462,32.7,11.3,8,54.9,0,False,False,False,False,True,False
67.0,2,0,1956.6,18.3,66372,26.5,15.3,8,264.8,0,True,False,False,False,False,False
21.0,1,0,1529.5,36.2,105462,32.7,11.3,6,489.0,0,False,False,False,False,True,False
41.0,2,0,2324.5,16.1,83796,41.1,13.4,11,70.6,0,False,False,True,False,False,False
38.0,1,0,1529.5,36.2,105462,32.7,11.3,7,406.1,0,False,False,False,False,True,False
100.0,4,0,2155.0,15.3,70863,28.8,15.8,12,110.6,0,False,False,False,False,False,True
39.0,2,0,1935.5,19.1,96734,32.2,13.0,1,28.7,0,False,True,False,False,False,False
47.0,3,0,1935.5,19.1,96734,32.2,13.0,9,136.8,0,False,True,False,False,False,False
56.0,3,0,1529.5,36.2,105462,32.7,11.3,11,120.9,0,False,False,False,False,True,False
80.0,3,0,1529.5,36.2,105462,32.7,11.3,8,157.2,0,False,False,False,False,True,False
16.0,1,0,1529.5,36.2,105462,32.7,11.3,5,127.6,0,False,False,False,False,True,False
85.0,4,0,1638.4,25.8,70238,27.7,10.2,7,132.6,0,False,False,False,True,False,False
93.0,4,0,1935.5,19.1,96734,32.2,13.0,4,252.1,0,False,True,False,False,False,False
38.0,2,0,1529.5,36.2,105462,32.7,11.3,12,133.4,1,False,False,False,False,True,False
63.0,3,0,1638.4,25.8,70238,27.7,10.2,3,296.1,0,False,False,False,True,False,False
35.0,2,0,1529.5,36.2,105462,32.7,11.3,2,51.3,0,False,False,False,False,True,False
110.0,4,1,1935.5,19.1,96734,32.2,13.0,5,62.0,0,False,True,False,False,False,False
72.0,4,0,1638.4,25.8,70238,27.7,10.2,5,389.0,0,False,False,False,True,False,False
42.0,2,0,1935.5,19.1,96734,32.2,13.0,9,38.5,0,False,True,False,False,False,False
122.0,5,1,1956.6,18.3,66372,26.5,15.3,10,176.3,0,True,False,False,False,False,False
106.0,4,1,1956.6,18.3,66372,26.5,15.3,5,197.0,0,True,False,False,False,False,False
126.0,6,1,1956.6,18.3,66372,26.5,15.3,8,126.8,0,True,False,False,False,False,False
63.0,3,0,1935.5,19.1,96734,32.2,13.0,6,39.5,0,False,True,False,False,False,False
76.0,3,0,1638.4,25.8,70238,27.7,10.2,9,61.2,0,False,False,False,True,False,False
34.0,2,0,2155.0,15.3,70863,28.8,15.8,7,174.0,0,False,False,False,False,False,True
160.0,4,0,2324.5,16.1,83796,41.1,13.4,7,73.8,0,False,False,True,False,False,False
89.0,4,1,1529.5,36.2,105462,32.7,11.3,9,115.5,0,False,False,False,False,True,False
38.0,2,0,1956.6,18.3,66372,26.5,15.3,8,142.7,0,True,False,False,False,False,False
68.0,3,0,1956.6,18.3,66372,26.5,15.3,6,154.4,0,True,False,False,False,False,False
135.0,4,1,1638.4,25.8,70238,27.7,10.2,4,118.9,0,False,False,False,True,False,False
18.0,1,0,1638.4,25.8,70238,27.7,10.2,3,58.0,0,False,False,False,True,False,False
80.0,4,1,1638.4,25.8,70238,27.7,10.2,6,144.9,0,False,False,False,True,False,False
96.0,4,0,1529.5,36.2,105462,32.7,11.3,12,306.7,1,False,False,False,False,True,False
88.0,4,0,1638.4,25.8,70238,27.7,10.2,3,195.2,0,False,False,False,True,False,False
80.0,4,0,2324.5,16.1,83796,41.1,13.4,7,75.0,0,False,False,True,False,False,False
86.0,3,0,2324.5,16.1,83796,41.1,13.4,4,131.1,1,False,False,True,False,False,False
56.0,3,0,2155.0,15.3,70863,28.8,15.8,9,296.2,0,False,False,False,False,False,True
68.0,3,0,1638.4,25.8,70238,27.7,10.2,9,78.6,0,False,False,False,True,False,False
20.0,1,0,1529.5,36.2,105462,32.7,11.3,8,210.7,0,False,False,False,False,True,False
26.0,1,0,1529.5,36.2,105462,32.7,11.3,10,155.7,0,False,False,False,False,True,False
131.0,5,0,1638.4,25.8,70238,27.7,10.2,8,45.3,0,False,False,False,True,False,False
63.0,3,0,1638.4,25.8,70238,27.7,10.2,9,73.3,0,False,False,False,True,False,False
53.0,3,0,1638.4,25.8,70238,27.7,10.2,1,266.2,0,False,False,False,True,False,False
75.0,2,0,2324.5,16.1,83796,41.1,13.4,7,154.3,1,False,False,True,False,False,False
77.0,4,0,1956.6,18.3,66372,26.5,15.3,12,239.1,0,True,False,False,False,False,False
101.0,3,0,1529.5,36.2,105462,32.7,11.3,12,131.2,0,False,False,False,False,True,False
61.0,3,0,2155.0,15.3,70863,28.8,15.8,10,187.3,0,False,False,False,False,False,True
68.0,4,0,1529.5,36.2,105462,32.7,11.3,2,88.1,0,False,False,False,False,True,False
42.0,2,0,1529.5,36.2,105462,32.7,11.3,3,186.2,0,False,False,False,False,True,False
257.0,7,1,1956.6,18.3,66372,26.5,15.3,6,83.2,0,True,False,False,False,False,False
18.0,1,0,2324.5,16.1,83796,41.1,13.4,1,178.0,0,False,False,True,False,False,False
87.0,4,0,1638.4,25.8,70238,27.7,10.2,12,80.6,0,False,False,False,True,False,False
31.0,2,0,2155.0,15.3,70863,28.8,15.8,9,216.8,0,False,False,False,False,False,True
44.0,2,0,2324.5,16.1,83796,41.1,13.4,9,365.5,0,False,False,True,False,False,False
85.0,3,0,1529.5,36.2,105462,32.7,11.3,5,45.1,1,False,False,False,False,True,False
49.0,2,0,1638.4,25.8,70238,27.7,10.2,9,120.1,0,False,False,False,True,False,False
45.0,2,0,2324.5,16.1,83796,41.1,13.4,1,91.8,1,False,False,True,False,False,False
122.0,5,1,1956.6,18.3,66372,26.5,15.3,7,22.2,0,True,False,False,False,False,False
63.0,3,0,1956.6,18.3,66372,26.5,15.3,12,125.9,0,True,False,False,False,False,False
46.0,2,1,1956.6,18.3,66372,26.5,15.3,4,55.8,0,True,False,False,False,False,False
180.0,7,1,1529.5,36.2,105462,32.7,11.3,11,97.8,0,False,False,False,False,True,False
47.0,2,0,1529.5,36.2,105462,32.7,11.3,7,164.4,0,False,False,False,False,True,False
27.0,1,0,2324.5,16.1,83796,41.1,13.4,3,54.3,0,False,False,True,False,False,False
21.0,1,0,1956.6,18.3,66372,26.5,15.3,7,161.0,0,True,False,False,False,False,False
27.0,1,0,2324.5,16.1,83796,41.1,13.4,3,102.0,0,False,False,True,False,False,False
44.0,2,0,2155.0,15.3,70863,28.8,15.8,7,117.8,0,False,False,False,False,False,True
59.0,3,0,1935.5,19.1,96734,32.2,13.0,3,56.9,0,False,True,False,False,False,False
58.0,3,0,2155.0,15.3,70863,28.8,15.8,12,110.2,0,False,False,False,False,False,True
31.0,2,0,1638.4,25.8,70238,27.7,10.2,3,171.8,0,False,False,False,True,False,False
120.0,4,0,1529.5,36.2,105462,32.7,11.3,3,46.6,1,False,False,False,False,True,False
120.0,5,1,1529.5,36.2,105462,32.7,11.3,7,279.5,0,False,False,False,False,True,False
28.0,1,0,1935.5,19.1,96734,32.2,13.0,9,155.8,0,False,True,False,False,False,False
74.0,3,0,1529.5,36.2,105462,32.7,11.3,10,143.5,0,False,False,False,False,True,False
19.0,1,0,2324.5,16.1,83796,41.1,13.4,2,93.3,0,False,False,True,False,False,False
250.0,8,0,2324.5,16.1,83796,41.1,13.4,10,95.2,0,False,False,True,False,False,False
65.0,4,0,1638.4,25.8,70238,27.7,10.2,11,324.0,0,False,False,False,True,False,False
20.0,1,0,2324.5,16.1,83796,41.1,13.4,8,233.9,0,False,False,True,False,False,False
34.0,1,0,1956.6,18.3,66372,26.5,15.3,8,105.6,0,True,False,False,False,False,False
29.0,1,0,1935.5,19.1,96734,32.2,13.0,9,138.8,0,False,True,False,False,False,False
88.0,4,0,1638.4,25.8,70238,27.7,10.2,11,72.4,0,False,False,False,True,False,False
91.0,4,1,1956.6,18.3,66372,26.5,15.3,6,270.0,0,True,False,False,False,False,False
56.0,3,0,1935.5,19.1,96734,32.2,13.0,11,143.3,0,False,True,False,False,False,False
124.0,4,0,2324.5,16.1,83796,41.1,13.4,9,105.0,0,False,False,True,False,False,False
39.0,2,0,1638.4,25.8,70238,27.7,10.2,6,125.2,0,False,False,False,True,False,False
30.0,1,0,2324.5,16.1,83796,41.1,13.4,1,119.4,0,False,False,True,False,False,False
60.0,3,0,1935.5,19.1,96734,32.2,13.0,10,201.7,0,False,True,False,False,False,False
34.0,2,0,2324.5,16.1,83796,41.1,13.4,3,73.7,0,False,False,True,False,False,False
44.0,2,0,1935.5,19.1,96734,32.2,13.0,2,343.6,0,False,True,False,False,False,False
71.0,3,0,1529.5,36.2,105462,32.7,11.3,2,11.9,0,False,False,False,False,True,False
49.0,2,0,1956.6,18.3,66372,26.5,15.3,9,297.2,1,True,False,False,False,False,False
58.0,2,0,1638.4,25.8,70238,27.7,10.2,10,186.4,0,False,False,False,True,False,False
64.0,4,1,2155.0,15.3,70863,28.8,15.8,10,118.0,0,False,False,False,False,False,True
56.0,2,0,1638.4,25.8,70238,27.7,10.2,4,80.1,0,False,False,False,True,False,False
85.0,4,0,1529.5,36.2,105462,32.7,11.3,10,109.6,0,False,False,False,False,True,False
63.0,3,0,2155.0,15.3,70863,28.8,15.8,3,151.4,0,False,False,False,False,False,True
67.0,4,1,1638.4,25.8,70238,27.7,10.2,1,220.7,0,False,False,False,True,False,False
48.0,3,0,2324.5,16.1,83796,41.1,13.4,6,250.3,0,False,False,True,False,False,False
109.0,4,0,1935.5,19.1,96734,32.2,13.0,7,45.5,0,False,True,False,False,False,False
66.0,3,0,1935.5,19.1,96734,32.2,13.0,7,161.9,0,False,True,False,False,False,False
85.0,4,0,1956.6,18.3,66372,26.5,15.3,6,194.2,0,True,False,False,False,False,False
60.0,3,0,1956.6,18.3,66372,26.5,15.3,2,243.1,0,True,False,False,False,False,False
30.0,1,0,1638.4,25.8,70238,27.7,10.2,6,135.6,0,False,False,False,True,False,False
46.0,2,0,1935.5,19.1,96734,32.2,13.0,10,156.3,0,False,True,False,False,False,False
42.0,2,0,1529.5,36.2,105462,32.7,11.3,10,60.2,0,False,False,False,False,True,False
36.0,2,0,1529.5,36.2,105462,32.7,11.3,7,68.1,0,False,False,False,False,True,False
70.0,3,0,1638.4,25.8,70238,27.7,10.2,9,213.1,0,False,False,False,True,False,False
152.0,5,1,1935.5,19.1,96734,32.2,13.0,2,11.7,0,False,True,False,False,False,False
20.0,1,0,2324.5,16.1,83796,41.1,13.4,6,92.5,0,False,False,True,False,False,False
68.0,3,0,1956.6,18.3,66372,26.5,15.3,9,118.7,0,True,False,False,False,False,False
40.0,2,0,1935.5,19.1,96734,32.2,13.0,6,220.3,0,False,True,False,False,False,False
29.0,2,0,2324.5,16.1,83796,41.1,13.4,11,103.8,0,False,False,True,False,False,False
60.0,4,0,1956.6,18.3,66372,26.5,15.3,4,206.8,0,True,False,False,False,False,False
62.0,2,0,2324.5,16.1,83796,41.1,13.4,3,291.1,0,False,False,True,False,False,False
90.0,4,0,1529.5,36.2,105462,32.7,11.3,7,175.2,0,False,False,False,False,True,False
77.0,3,0,2324.5,16.1,83796,41.1,13.4,6,219.5,0,False,False,True,False,False,False
39.0,2,0,1935.5,19.1,96734,32.2,13.0,7,30.9,0,False,True,False,False,False,False
65.0,3,0,1935.5,19.1,96734,32.2,13.0,12,138.8,0,False,True,False,False,False,False
91.0,4,1,1935.5,19.1,96734,32.2,13.0,7,118.7,0,False,True,False,False,False,False
32.0,2,0,1956.6,18.3,66372,26.5,15.3,7,66.2,0,True,False,False,False,False,False
75.0,3,0,1529.5,36.2,105462,32.7,11.3,3,121.4,1,False,False,False,False,True,False
28.0,1,0,1529.5,36.2,105462,32.7,11.3,10,83.8,0,False,False,False,False,True,False
184.0,4,1,1956.6,18.3,66372,26.5,15.3,10,91.1,0,True,False,False,False,False,False
46.0,2,0,1638.4,25.8,70238,27.7,10.2,1,88.4,1,False,False,False,True,False,False
108.0,4,1,2324.5,16.1,83796,41.1,13.4,5,72.3,0,False,False,True,False,False,False
21.0,1,0,1935.5,19.1,96734,32.2,13.0,7,138.8,0,False,True,False,False,False,False
51.0,3,0,1529.5,36.2,105462,32.7,11.3,3,156.2,0,False,False,False,False,True,False
102.0,4,0,2155.0,15.3,70863,28.8,15.8,10,42.1,0,False,False,False,False,False,True
127.0,6,1,1638.4,25.8,70238,27.7,10.2,3,243.3,1,False,False,False,True,False,False
69.0,3,0,2324.5,16.1,83796,41.1,13.4,6,119.5,0,False,False,True,False,False,False
117.0,4,1,1529.5,36.2,105462,32.7,11.3,9,122.6,0,False,False,False,False,True,False
37.0,2,0,1935.5,19.1,96734,32.2,13.0,6,234.7,0,False,True,False,False,False,False
30.0,2,0,2324.5,16.1,83796,41.1,13.4,7,188.1,0,False,False,True,False,False,False
26.0,2,0,2324.5,16.1,83796,41.1,13.4,1,41.8,0,False,False,True,False,False,False
27.0,1,0,1529.5,36.2,105462,32.7,11.3,3,115.0,0,False,False,False,False,True,False
43.0,2,0,2324.5,16.1,83796,41.1,13.4,4,150.5,0,False,False,True,False,False,False
30.0,1,0,1638.4,25.8,70238,27.7,10.2,4,79.2,0,False,False,False,True,False,False
54.0,3,0,1935.5,19.1,96734,32.2,13.0,7,376.3,0,False,True,False,False,False,False
78.0,4,0,2155.0,15.3,70863,28.8,15.8,9,134.7,0,False,False,False,False,False,True
48.0,2,0,1935.5,19.1,96734,32.2,13.0,7,194.1,0,False,True,False,False,False,False
53.0,3,0,1935.5,19.1,96734,32.2,13.0,6,81.0,0,False,True,False,False,False,False
103.0,5,1,1956.6,18.3,66372,26.5,15.3,4,209.0,0,True,False,False,False,False,False
43.0,2,0,1956.6,18.3,66372,26.5,15.3,2,126.3,0,True,False,False,False,False,False
34.0,1,0,1638.4,25.8,70238,27.7,10.2,7,51.4,0,False,False,False,True,False,False
180.0,6,1,1935.5,19.1,96734,32.2,13.0,1,145.2,0,False,True,False,False,False,False
36.0,2,0,1638.4,25.8,70238,27.7,10.2,6,150.5,0,False,False,False,True,False,False
87.0,4,1,1956.6,18.3,66372,26.5,15.3,8,112.2,0,True,False,False,False,False,False
57.0,3,0,2324.5,16.1,83796,41.1,13.4,2,75.7,0,False,False,True,False,False,False
83.0,4,0,1956.6,18.3,66372,26.5,15.3,3,297.2,1,True,False,False,False,False,False
91.0,4,0,1935.5,19.1,96734,32.2,13.0,3,99.5,0,False,True,False,False,False,False
20.0,1,0,2324.5,16.1,83796,41.1,13.4,1,33.1,0,False,False,True,False,False,False
136.0,6,1,1638.4,25.8,70238,27.7,10.2,12,49.3,0,False,False,False,True,False,False
51.0,3,0,1638.4,25.8,70238,27.7,10.2,1,99.1,0,False,False,False,True,False,False
48.0,2,0,2155.0,15.3,70863,28.8,15.8,7,355.8,0,False,False,False,False,False,True
83.0,4,0,1935.5,19.1,96734,32.2,13.0,11,15.1,0,False,True,False,False,False,False
100.0,3,0,2324.5,16.1,83796,41.1,13.4,9,91.3,0,False,False,True,False,False,False
75.0,4,1,1935.5,19.1,96734,32.2,13.0,2,250.2,0,False,True,False,False,False,False
50.0,3,0,1638.4,25.8,70238,27.7,10.2,1,139.5,0,False,False,False,True,False,False
41.0,2,0,1638.4,25.8,70238,27.7,10.2,10,123.5,0,False,False,False,True,False,False
48.0,1,0,2324.5,16.1,83796,41.1,13.4,4,165.3,1,False,False,True,False,False,False
25.0,1,0,2324.5,16.1,83796,41.1,13.4,9,128.6,0,False,False,True,False,False,False
222.0,8,1,2155.0,15.3,70863,28.8,15.8,6,119.8,0,False,False,False,False,False,True
38.0,2,0,2324.5,16.1,83796,41.1,13.4,1,73.5,0,False,False,True,False,False,False
30.0,2,0,2324.5,16.1,83796,41.1,13.4,6,265.4,1,False,False,True,False,False,False
57.0,3,0,1956.6,18.3,66372,26.5,15.3,9,25.0,0,True,False,False,False,False,False
20.0,1,0,2155.0,15.3,70863,28.8,15.8,8,42.2,0,False,False,False,False,False,True
40.0,2,0,1935.5,19.1,96734,32.2,13.0,8,131.1,0,False,True,False,False,False,False
64.0,2,0,2155.0,15.3,70863,28.8,15.8,10,44.3,0,False,False,False,False,False,True
47.0,2,0,1935.5,19.1,96734,32.2,13.0,3,37.4,0,False,True,False,False,False,False
70.0,3,0,2155.0,15.3,70863,28.8,15.8,3,238.0,0,False,False,False,False,False,True
51.0,2,0,2155.0,15.3,70863,28.8,15.8,1,212.8,0,False,False,False,False,False,True
141.0,5,0,2155.0,15.3,70863,28.8,15.8,1,162.8,1,False,False,False,False,False,True
24.0,1,0,2324.5,16.1,83796,41.1,13.4,1,101.9,0,False,False,True,False,False,False
60.0,3,1,1935.5,19.1,96734,32.2,13.0,10,246.6,0,False,True,False,False,False,False
24.0,1,0,1935.5,19.1,96734,32.2,13.0,10,111.3,0,False,True,False,False,False,False
63.0,4,0,1638.4,25.8,70238,27.7,10.2,8,61.3,0,False,False,False,True,False,False
53.0,2,0,2324.5,16.1,83796,41.1,13.4,10,126.2,0,False,False,True,False,False,False
38.0,2,0,1935.5,19.1,96734,32.2,13.0,11,455.2,0,False,True,False,False,False,False
44.0,2,0,1935.5,19.1,96734,32.2,13.0,5,127.0,0,False,True,False,False,False,False
44.0,2,0,2324.5,16.1,83796,41.1,13.4,8,234.1,0,False,False,True,False,False,False
37.0,2,0,2324.5,16.1,83796,41.1,13.4,4,184.7,0,False,False,True,False,False,False
17.0,1,0,1638.4,25.8,70238,27.7,10.2,9,278.0,1,False,False,False,True,False,False
33.0,1,0,1956.6,18.3,66372,26.5,15.3,1,141.4,0,True,False,False,False,False,False
58.0,3,0,1935.5,19.1,96734,32.2,13.0,6,110.2,0,False,True,False,False,False,False
52.0,2,0,2155.0,15.3,70863,28.8,15.8,5,43.9,0,False,False,False,False,False,True
130.0,5,1,1935.5,19.1,96734,32.2,13.0,1,183.1,0,False,True,False,False,False,False
68.0,4,0,1638.4,25.8,70238,27.7,10.2,4,148.3,0,False,False,False,True,False,False
80.0,4,1,2155.0,15.3,70863,28.8,15.8,11,281.5,0,False,False,False,False,False,True
65.0,3,0,1529.5,36.2,105462,32.7,11.3,6,77.1,0,False,False,False,False,True,False
121.0,5,0,1529.5,36.2,105462,32.7,11.3,6,57.9,0,False,False,False,False,True,False
30.0,1,0,1529.5,36.2,105462,32.7,11.3,9,148.0,0,False,False,False,False,True,False
31.0,2,0,1529.5,36.2,105462,32.7,11.3,12,77.2,0,False,False,False,False,True,False
100.0,4,0,1638.4,25.8,70238,27.7,10.2,3,227.8,0,False,False,False,True,False,False
16.0,1,0,2324.5,16.1,83796,41.1,13.4,7,159.3,0,False,False,True,False,False,False
33.0,1,0,1638.4,25.8,70238,27.7,10.2,11,50.1,0,False,False,False,True,False,False
20.0,1,0,2155.0,15.3,70863,28.8,15.8,3,213.3,0,False,False,False,False,False,True
64.0,3,0,1935.5,19.1,96734,32.2,13.0,8,110.7,0,False,True,False,False,False,False
35.0,2,0,2324.5,16.1,83796,41.1,13.4,8,177.5,0,False,False,True,False,False,False
68.0,4,0,1638.4,25.8,70238,27.7,10.2,11,112.4,0,False,False,False,True,False,False
79.0,4,0,2324.5,16.1,83796,41.1,13.4,10,280.0,0,False,False,True,False,False,False
21.0,1,0,1638.4,25.8,70238,27.7,10.2,3,140.8,0,False,False,False,True,False,False
33.0,1,0,2155.0,15.3,70863,28.8,15.8,2,63.4,0,False,False,False,False,False,True
71.0,3,0,1638.4,25.8,70238,27.7,10.2,8,180.3,0,False,False,False,True,False,False
40.0,2,0,2155.0,15.3,70863,28.8,15.8,10,156.3,0,False,False,False,False,False,True
67.0,3,0,1529.5,36.2,105462,32.7,11.3,7,179.4,0,False,False,False,False,True,False
35.0,1,0,1638.4,25.8,70238,27.7,10.2,2,200.8,0,False,False,False,True,False,False
55.0,3,0,1935.5,19.1,96734,32.2,13.0,12,81.9,0,False,True,False,False,False,False
60.0,3,1,1638.4,25.8,70238,27.7,10.2,9,419.2,0,False,False,False,True,False,False
66.0,3,0,1935.5,19.1,96734,32.2,13.0,8,455.2,0,False,True,False,False,False,False
39.0,2,0,1638.4,25.8,70238,27.7,10.2,8,205.4,0,False,False,False,True,False,False
64.0,4,1,1956.6,18.3,66372,26.5,15.3,5,105.1,0,True,False,False,False,False,False
148.0,7,1,1529.5,36.2,105462,32.7,11.3,6,26.2,0,False,False,False,False,True,False
64.0,3,0,1935.5,19.1,96734,32.2,13.0,12,78.2,0,False,True,False,False,False,False
130.0,4,0,2324.5,16.1,83796,41.1,13.4,8,67.7,0,False,False,True,False,False,False
60.0,3,0,2155.0,15.3,70863,28.8,15.8,7,213.8,0,False,False,False,False,False,True
45.0,2,0,1638.4,25.8,70238,27.7,10.2,12,192.4,0,False,False,False,True,False,False
76.0,3,0,2155.0,15.3,70863,28.8,15.8,9,82.9,0,False,False,False,False,False,True
49.0,2,0,1529.5,36.2,105462,32.7,11.3,10,138.6,0,False,False,False,False,True,False
32.0,2,0,1935.5,19.1,96734,32.2,13.0,7,36.9,1,False,True,False,False,False,False
61.0,3,0,1935.5,19.1,96734,32.2,13.0,11,34.4,0,False,True,False,False,False,False
55.0,3,0,1956.6,18.3,66372,26.5,15.3,8,221.0,0,True,False,False,False,False,False
115.0,4,0,1529.5,36.2,105462,32.7,11.3,7,178.8,0,False,False,False,False,True,False
65.0,3,0,2155.0,15.3,70863,28.8,15.8,7,85.1,0,False,False,False,False,False,True
55.0,3,0,1935.5,19.1,96734,32.2,13.0,11,416.5,0,False,True,False,False,False,False
73.0,4,1,2155.0,15.3,70863,28.8,15.8,8,196.2,0,False,False,False,False,False,True
53.0,2,0,2324.5,16.1,83796,41.1,13.4,4,285.7,0,False,False,True,False,False,False
90.0,3,1,1529.5,36.2,105462,32.7,11.3,2,264.3,0,False,False,False,False,True,False
26.0,1,0,1638.4,25.8,70238,27.7,10.2,7,95.2,0,False,False,False,True,False,False
84.0,4,1,1638.4,25.8,70238,27.7,10.2,3,56.7,0,False,False,False,True,False,False
52.0,3,0,1935.5,19.1,96734,32.2,13.0,2,191.2,0,False,True,False,False,False,False
41.0,2,0,1956.6,18.3,66372,26.5,15.3,7,47.1,0,True,False,False,False,False,False
46.0,2,0,2324.5,16.1,83796,41.1,13.4,5,141.9,0,False,False,True,False,False,False
49.0,2,0,2324.5,16.1,83796,41.1,13.4,11,263.0,0,False,False,True,False,False,False
45.0,2,0,1935.5,19.1,96734,32.2,13.0,4,191.1,0,False,True,False,False,False,False
23.0,1,0,2324.5,16.1,83796,41.1,13.4,12,65.6,0,False,False,True,False,False,False
67.0,3,0,1638.4,25.8,70238,27.7,10.2,7,270.6,0,False,False,False,True,False,False
20.0,2,0,1935.5,19.1,96734,32.2,13.0,4,58.4,1,False,True,False,False,False,False
90.0,4,0,1935.5,19.1,96734,32.2,13.0,2,46.8,0,False,True,False,False,False,False
61.0,3,0,2155.0,15.3,70863,28.8,15.8,3,68.1,0,False,False,False,False,False,True
150.0,6,1,1529.5,36.2,105462,32.7,11.3,1,151.2,0,False,False,False,False,True,False
38.0,2,0,1638.4,25.8,70238,27.7,10.2,6,153.0,0,False,False,False,True,False,False
70.0,4,1,2155.0,15.3,70863,28.8,15.8,8,204.9,0,False,False,False,False,False,True
33.0,2,0,1529.5,36.2,105462,32.7,11.3,5,275.2,0,False,False,False,False,True,False
63.0,3,0,1529.5,36.2,105462,32.7,11.3,9,68.4,0,False,False,False,False,True,False
69.0,3,1,1935.5,19.1,96734,32.2,13.0,2,118.6,0,False,True,False,False,False,False
85.0,5,0,1935.5,19.1,96734,32.2,13.0,7,92.8,0,False,True,False,False,False,False
57.0,3,0,2155.0,15.3,70863,28.8,15.8,5,187.3,0,False,False,False,False,False,True
80.0,4,1,2324.5,16.1,83796,41.1,13.4,5,140.2,0,False,False,True,False,False,False
66.0,3,0,1935.5,19.1,96734,32.2,13.0,9,125.2,0,False,True,False,False,False,False
85.0,4,0,2155.0,15.3,70863,28.8,15.8,2,138.3,0,False,False,False,False,False,True
80.0,4,1,1935.5,19.1,96734,32.2,13.0,12,239.7,0,False,True,False,False,False,False
17.0,1,0,1529.5,36.2,105462,32.7,11.3,9,89.9,0,False,False,False,False,True,False
83.0,3,0,2324.5,16.1,83796,41.1,13.4,8,20.3,0,False,False,True,False,False,False
22.0,2,0,1529.5,36.2,105462,32.7,11.3,5,16.2,0,False,False,False,False,True,False
38.0,2,0,2324.5,16.1,83796,41.1,13.4,10,111.2,0,False,False,True,False,False,False
93.0,4,0,1638.4,25.8,70238,27.7,10.2,6,115.5,0,False,False,False,True,False,False
180.0,6,1,1638.4,25.8,70238,27.7,10.2,2,432.5,0,False,False,False,True,False,False
67.0,4,1,1935.5,19.1,96734,32.2,13.0,10,167.2,0,False,True,False,False,False,False
65.0,3,0,1935.5,19.1,96734,32.2,13.0,8,239.4,0,False,True,False,False,False,False
24.0,1,0,1529.5,36.2,105462,32.7,11.3,10,124.3,0,False,False,False,False,True,False
96.0,5,1,1529.5,36.2,105462,32.7,11.3,7,203.1,0,False,False,False,False,True,False
55.0,3,0,1935.5,19.1,96734,32.2,13.0,5,82.7,0,False,True,False,False,False,False
290.0,7,0,2324.5,16.1,83796,41.1,13.4,2,168.0,0,False,False,True,False,False,False
48.0,2,0,1529.5,36.2,105462,32.7,11.3,3,179.7,0,False,False,False,False,True,False
158.0,5,1,1529.5,36.2,105462,32.7,11.3,1,192.3,0,False,False,False,False,True,False
104.0,6,0,1529.5,36.2,105462,32.7,11.3,1,39.7,0,False,False,False,False,True,False
120.0,5,0,1638.4,25.8,70238,27.7,10.2,12,297.0,0,False,False,False,True,False,False
33.0,1,0,1529.5,36.2,105462,32.7,11.3,12,194.6,0,False,False,False,False,True,False
68.0,3,0,2155.0,15.3,70863,28.8,15.8,6,269.5,0,False,False,False,False,False,True
27.0,1,0,1935.5,19.1,96734,32.2,13.0,12,214.0,0,False,True,False,False,False,False
59.0,2,0,1956.6,18.3,66372,26.5,15.3,7,64.6,1,True,False,False,False,False,False
60.0,3,0,2324.5,16.1,83796,41.1,13.4,4,27.1,0,False,False,True,False,False,False
81.0,4,1,1935.5,19.1,96734,32.2,13.0,2,545.5,0,False,True,False,False,False,False
100.0,4,1,1638.4,25.8,70238,27.7,10.2,10,121.1,0,False,False,False,True,False,False
18.0,1,0,1529.5,36.2,105462,32.7,11.3,9,138.4,0,False,False,False,False,True,False
96.0,4,1,1529.5,36.2,105462,32.7,11.3,9,155.0,0,False,False,False,False,True,False
65.0,4,0,1529.5,36.2,105462,32.7,11.3,12,165.4,0,False,False,False,False,True,False
111.0,4,0,2155.0,15.3,70863,28.8,15.8,10,129.1,0,False,False,False,False,False,True
58.0,3,0,1638.4,25.8,70238,27.7,10.2,6,246.7,0,False,False,False,True,False,False
62.0,3,0,1529.5,36.2,105462,32.7,11.3,9,33.9,0,False,False,False,False,True,False
47.0,3,0,1638.4,25.8,70238,27.7,10.2,11,24.5,0,False,False,False,True,False,False
91.0,4,0,1935.5,19.1,96734,32.2,13.0,12,121.5,1,False,True,False,False,False,False
128.0,4,1,1935.5,19.1,96734,32.2,13.0,10,190.7,0,False,True,False,False,False,False
170.0,7,1,2155.0,15.3,70863,28.8,15.8,12,66.0,0,False,False,False,False,False,True
40.0,2,0,1935.5,19.1,96734,32.2,13.0,10,138.8,0,False,True,False,False,False,False
90.0,4,0,1935.5,19.1,96734,32.2,13.0,5,196.4,0,False,True,False,False,False,False
37.0,2,0,1935.5,19.1,96734,32.2,13.0,5,63.3,0,False,True,False,False,False,False
46.0,2,0,2324.5,16.1,83796,41.1,13.4,8,71.1,0,False,False,True,False,False,False
45.0,2,0,1935.5,19.1,96734,32.2,13.0,11,108.4,0,False,True,False,False,False,False
77.0,4,1,1638.4,25.8,70238,27.7,10.2,5,64.0,0,False,False,False,True,False,False
64.0,3,0,1638.4,25.8,70238,27.7,10.2,11,91.3,0,False,False,False,True,False,False
48.0,2,0,1638.4,25.8,70238,27.7,10.2,6,209.1,0,False,False,False,True,False,False
66.0,3,0,1529.5,36.2,105462,32.7,11.3,8,72.8,1,False,False,False,False,True,False
36.0,2,0,2155.0,15.3,70863,28.8,15.8,9,188.3,0,False,False,False,False,False,True
88.0,3,0,1638.4,25.8,70238,27.7,10.2,10,48.5,0,False,False,False,True,False,False
65.0,3,0,2155.0,15.3,70863,28.8,15.8,4,201.0,0,False,False,False,False,False,True
43.0,3,0,2324.5,16.1,83796,41.1,13.4,11,46.8,0,False,False,True,False,False,False
25.0,1,0,2324.5,16.1,83796,41.1,13.4,9,128.6,0,False,False,True,False,False,False
40.0,1,1,1529.5,36.2,105462,32.7,11.3,3,130.6,0,False,False,False,False,True,False
100.0,4,1,1638.4,25.8,70238,27.7,10.2,5,113.3,0,False,False,False,True,False,False
63.0,3,0,1638.4,25.8,70238,27.7,10.2,11,180.2,0,False,False,False,True,False,False
175.0,5,1,1529.5,36.2,105462,32.7,11.3,12,304.9,0,False,False,False,False,True,False
36.0,2,0,2155.0,15.3,70863,28.8,15.8,7,115.0,0,False,False,False,False,False,True
19.0,1,0,2155.0,15.3,70863,28.8,15.8,7,103.7,0,False,False,False,False,False,True
47.0,2,0,2324.5,16.1,83796,41.1,13.4,2,143.6,0,False,False,True,False,False,False
26.0,1,0,2324.5,16.1,83796,41.1,13.4,10,281.4,0,False,False,True,False,False,False
72.0,4,0,2155.0,15.3,70863,28.8,15.8,8,30.2,0,False,False,False,False,False,True
71.0,3,0,1529.5,36.2,105462,32.7,11.3,4,94.0,0,False,False,False,False,True,False
60.0,3,0,2324.5,16.1,83796,41.1,13.4,1,200.8,0,False,False,True,False,False,False
32.0,1,0,1956.6,18.3,66372,26.5,15.3,7,413.5,0,True,False,False,False,False,False
77.0,3,0,2324.5,16.1,83796,41.1,13.4,12,78.3,0,False,False,True,False,False,False
47.0,3,0,1529.5,36.2,105462,32.7,11.3,4,21.0,0,False,False,False,False,True,False
71.0,3,0,1935.5,19.1,96734,32.2,13.0,11,130.3,0,False,True,False,False,False,False
43.0,1,0,1956.6,18.3,66372,26.5,15.3,12,16.3,0,True,False,False,False,False,False
90.0,4,1,1935.5,19.1,96734,32.2,13.0,11,164.6,0,False,True,False,False,False,False
13.0,1,0,2324.5,16.1,83796,41.1,13.4,6,76.9,0,False,False,True,False,False,False
82.0,6,0,1935.5,19.1,96734,32.2,13.0,4,73.7,0,False,True,False,False,False,False
55.0,3,0,1935.5,19.1,96734,32.2,13.0,5,90.1,0,False,True,False,False,False,False
42.0,2,0,1638.4,25.8,70238,27.7,10.2,12,184.7,0,False,False,False,True,False,False
84.0,6,1,1956.6,18.3,66372,26.5,15.3,9,89.0,0,True,False,False,False,False,False
55.0,3,0,1638.4,25.8,70238,27.7,10.2,12,157.6,0,False,False,False,True,False,False
35.0,2,0,1529.5,36.2,105462,32.7,11.3,5,11.4,0,False,False,False,False,True,False
165.0,3,1,1956.6,18.3,66372,26.5,15.3,7,94.4,0,True,False,False,False,False,False
50.0,2,0,1529.5,36.2,105462,32.7,11.3,7,65.3,0,False,False,False,False,True,False
22.0,1,0,1529.5,36.2,105462,32.7,11.3,7,40.8,0,False,False,False,False,True,False
88.0,4,0,2155.0,15.3,70863,28.8,15.8,6,44.0,0,False,False,False,False,False,True
124.0,4,0,2324.5,16.1,83796,41.1,13.4,7,149.1,0,False,False,True,False,False,False
110.0,5,0,1956.6,18.3,66372,26.5,15.3,5,243.9,0,True,False,False,False,False,False
79.0,4,0,2155.0,15.3,70863,28.8,15.8,10,171.6,0,False,False,False,False,False,True
56.0,3,0,2324.5,16.1,83796,41.1,13.4,4,156.3,0,False,False,True,False,False,False
50.0,3,0,1529.5,36.2,105462,32.7,11.3,5,121.9,0,False,False,False,False,True,False
44.0,2,0,1956.6,18.3,66372,26.5,15.3,1,125.2,0,True,False,False,False,False,False
82.0,4,0,1638.4,25.8,70238,27.7,10.2,4,124.2,0,False,False,False,True,False,False
62.0,4,0,1935.5,19.1,96734,32.2,13.0,3,137.2,0,False,True,False,False,False,False
75.0,3,0,1638.4,25.8,70238,27.7,10.2,5,208.1,0,False,False,False,True,False,False
22.0,1,0,2324.5,16.1,83796,41.1,13.4,8,102.8,0,False,False,True,False,False,False
139.0,6,0,1935.5,19.1,96734,32.2,13.0,3,26.9,0,False,True,False,False,False,False
24.0,1,0,1956.6,18.3,66372,26.5,15.3,12,76.5,0,True,False,False,False,False,False
48.0,2,0,1956.6,18.3,66372,26.5,15.3,3,155.5,0,True,False,False,False,False,False
83.0,4,1,1529.5,36.2,105462,32.7,11.3,11,166.9,0,False,False,False,False,True,False
39.0,2,0,2324.5,16.1,83796,41.1,13.4,9,102.5,0,False,False,True,False,False,False
82.0,4,0,2155.0,15.3,70863,28.8,15.8,11,110.2,0,False,False,False,False,False,True
62.0,3,0,1638.4,25.8,70238,27.7,10.2,3,89.8,0,False,False,False,True,False,False
42.0,2,0,1638.4,25.8,70238,27.7,10.2,6,71.2,0,False,False,False,True,False,False
112.0,5,0,1638.4,25.8,70238,27.7,10.2,5,45.7,0,False,False,False,True,False,False
106.0,4,0,2155.0,15.3,70863,28.8,15.8,1,70.6,0,False,False,False,False,False,True
76.0,4,1,1935.5,19.1,96734,32.2,13.0,8,193.9,0,False,True,False,False,False,False
77.0,4,0,1935.5,19.1,96734,32.2,13.0,10,101.5,0,False,True,False,False,False,False
70.0,3,1,2155.0,15.3,70863,28.8,15.8,10,277.8,0,False,False,False,False,False,True
78.0,3,0,1529.5,36.2,105462,32.7,11.3,7,286.6,0,False,False,False,False,True,False
72.0,4,0,1935.5,19.1,96734,32.2,13.0,12,124.6,0,False,True,False,False,False,False
90.0,3,0,1956.6,18.3,66372,26.5,15.3,10,261.9,0,True,False,False,False,False,False
18.0,1,0,1956.6,18.3,66372,26.5,15.3,12,85.2,0,True,False,False,False,False,False
28.0,2,0,1638.4,25.8,70238,27.7,10.2,7,187.6,0,False,False,False,True,False,False
66.0,4,0,2324.5,16.1,83796,41.1,13.4,10,276.2,0,False,False,True,False,False,False
28.0,1,0,1529.5,36.2,105462,32.7,11.3,3,60.6,0,False,False,False,False,True,False
45.0,2,0,2155.0,15.3,70863,28.8,15.8,2,105.1,0,False,False,False,False,False,True
34.0,2,0,1638.4,25.8,70238,27.7,10.2,5,221.7,0,False,False,False,True,False,False
66.0,3,0,1956.6,18.3,66372,26.5,15.3,5,239.1,0,True,False,False,False,False,False
49.0,3,0,1935.5,19.1,96734,32.2,13.0,4,129.5,0,False,True,False,False,False,False
110.0,6,0,1529.5,36.2,105462,32.7,11.3,2,189.5,0,False,False,False,False,True,False
31.0,1,0,1529.5,36.2,105462,32.7,11.3,5,179.4,0,False,False,False,False,True,False
69.0,4,0,1529.5,36.2,105462,32.7,11.3,2,25.6,0,False,False,False,False,True,False
93.0,4,0,2324.5,16.1,83796,41.1,13.4,11,172.9,0,False,False,True,False,False,False
58.0,3,0,1935.5,19.1,96734,32.2,13.0,9,97.8,0,False,True,False,False,False,False
63.0,3,0,1638.4,25.8,70238,27.7,10.2,2,49.7,0,False,False,False,True,False,False
56.0,3,0,1956.6,18.3,66372,26.5,15.3,12,255.6,0,True,False,False,False,False,False
65.0,3,0,1529.5,36.2,105462,32.7,11.3,3,58.7,0,False,False,False,False,True,False
60.0,3,0,2155.0,15.3,70863,28.8,15.8,10,181.0,0,False,False,False,False,False,True
41.0,1,0,2155.0,15.3,70863,28.8,15.8,5,183.8,0,False,False,False,False,False,True
14.0,1,0,2324.5,16.1,83796,41.1,13.4,3,366.9,0,False,False,True,False,False,False
70.0,3,1,1935.5,19.1,96734,32.2,13.0,10,99.2,0,False,True,False,False,False,False
64.0,3,0,2155.0,15.3,70863,28.8,15.8,11,160.7,0,False,False,False,False,False,True
75.0,3,0,2155.0,15.3,70863,28.8,15.8,3,229.9,0,False,False,False,False,False,True
87.0,3,0,1935.5,19.1,96734,32.2,13.0,5,202.0,0,False,True,False,False,False,False
59.0,3,0,1638.4,25.8,70238,27.7,10.2,11,139.6,0,False,False,False,True,False,False
22.0,1,0,1529.5,36.2,105462,32.7,11.3,9,42.2,0,False,False,False,False,True,False
146.0,4,1,1935.5,19.1,96734,32.2,13.0,10,297.5,0,False,True,False,False,False,False
129.0,4,0,1638.4,25.8,70238,27.7,10.2,8,99.2,0,False,False,False,True,False,False
70.0,5,1,1638.4,25.8,70238,27.7,10.2,7,237.6,0,False,False,False,True,False,False
81.0,5,0,1935.5,19.1,96734,32.2,13.0,5,71.2,0,False,True,False,False,False,False
185.0,7,1,1529.5,36.2,105462,32.7,11.3,9,124.7,0,False,False,False,False,True,False
88.0,4,0,2155.0,15.3,70863,28.8,15.8,1,113.7,0,False,False,False,False,False,True
37.0,2,0,2324.5,16.1,83796,41.1,13.4,10,78.6,0,False,False,True,False,False,False
24.0,1,0,2324.5,16.1,83796,41.1,13.4,9,178.0,0,False,False,True,False,False,False
72.0,3,0,1935.5,19.1,96734,32.2,13.0,11,241.4,0,False,True,False,False,False,False
41.0,2,0,2155.0,15.3,70863,28.8,15.8,12,64.8,0,False,False,False,False,False,True
66.0,4,0,1935.5,19.1,96734,32.2,13.0,6,118.8,0,False,True,False,False,False,False
32.0,2,0,1935.5,19.1,96734,32.2,13.0,4,90.8,0,False,True,False,False,False,False
78.0,4,0,1956.6,18.3,66372,26.5,15.3,1,177.7,0,True,False,False,False,False,False
31.0,1,0,1529.5,36.2,105462,32.7,11.3,4,105.7,0,False,False,False,False,True,False
51.0,2,0,2324.5,16.1,83796,41.1,13.4,7,93.4,0,False,False,True,False,False,False
70.0,3,1,1935.5,19.1,96734,32.2,13.0,6,127.0,0,False,True,False,False,False,False
156.0,5,0,1638.4,25.8,70238,27.7,10.2,1,69.2,0,False,False,False,True,False,False
80.0,5,1,1638.4,25.8,70238,27.7,10.2,11,288.9,1,False,False,False,True,False,False
88.0,3,1,1935.5,19.1,96734,32.2,13.0,2,202.1,0,False,True,False,False,False,False
94.0,4,1,1638.4,25.8,70238,27.7,10.2,8,142.3,0,False,False,False,True,False,False
80.0,2,0,2324.5,16.1,83796,41.1,13.4,4,182.1,0,False,False,True,False,False,False
67.0,3,0,1529.5,36.2,105462,32.7,11.3,1,192.5,0,False,False,False,False,True,False
21.0,1,0,1638.4,25.8,70238,27.7,10.2,4,291.7,0,False,False,False,True,False,False
25.0,1,0,1529.5,36.2,105462,32.7,11.3,9,32.9,0,False,False,False,False,True,False
50.0,2,0,2324.5,16.1,83796,41.1,13.4,12,209.7,0,False,False,True,False,False,False
114.0,5,1,1638.4,25.8,70238,27.7,10.2,11,196.9,0,False,False,False,True,False,False
71.0,3,0,1935.5,19.1,96734,32.2,13.0,4,270.1,0,False,True,False,False,False,False
61.0,4,1,1956.6,18.3,66372,26.5,15.3,1,145.3,0,True,False,False,False,False,False
75.0,4,0,1529.5,36.2,105462,32.7,11.3,6,163.9,0,False,False,False,False,True,False
52.0,2,0,1529.5,36.2,105462,32.7,11.3,7,178.1,0,False,False,False,False,True,False
65.0,3,0,1935.5,19.1,96734,32.2,13.0,3,263.9,0,False,True,False,False,False,False
55.0,3,0,1638.4,25.8,70238,27.7,10.2,1,110.1,0,False,False,False,True,False,False
138.0,4,1,1638.4,25.8,70238,27.7,10.2,4,314.5,0,False,False,False,True,False,False
38.0,2,0,1529.5,36.2,105462,32.7,11.3,3,142.2,0,False,False,False,False,True,False
30.0,1,0,1529.5,36.2,105462,32.7,11.3,3,176.6,0,False,False,False,False,True,False
70.0,3,0,1638.4,25.8,70238,27.7,10.2,1,216.3,1,False,False,False,True,False,False
41.0,1,0,2324.5,16.1,83796,41.1,13.4,8,60.3,0,False,False,True,False,False,False
74.0,3,0,2324.5,16.1,83796,41.1,13.4,11,378.7,0,False,False,True,False,False,False
66.0,3,0,1935.5,19.1,96734,32.2,13.0,10,161.9,0,False,True,False,False,False,False
78.0,4,0,1956.6,18.3,66372,26.5,15.3,5,286.6,0,True,False,False,False,False,False
69.0,3,0,1529.5,36.2,105462,32.7,11.3,9,86.9,0,False,False,False,False,True,False
56.0,3,0,1638.4,25.8,70238,27.7,10.2,6,83.8,0,False,False,False,True,False,False
62.0,3,0,2155.0,15.3,70863,28.8,15.8,7,76.2,0,False,False,False,False,False,True
18.0,1,0,1935.5,19.1,96734,32.2,13.0,6,163.5,0,False,True,False,False,False,False
12.0,1,0,2324.5,16.1,83796,41.1,13.4,9,26.5,0,False,False,True,False,False,False
22.0,1,0,2155.0,15.3,70863,28.8,15.8,8,595.7,0,False,False,False,False,False,True
22.0,1,0,2324.5,16.1,83796,41.1,13.4,6,89.0,0,False,False,True,False,False,False
16.0,1,0,1935.5,19.1,96734,32.2,13.0,2,343.2,1,False,True,False,False,False,False
57.0,3,0,1529.5,36.2,105462,32.7,11.3,4,156.5,0,False,False,False,False,True,False
92.0,4,0,1956.6,18.3,66372,26.5,15.3,4,243.9,0,True,False,False,False,False,False
82.0,4,0,1935.5,19.1,96734,32.2,13.0,9,158.5,0,False,True,False,False,False,False
40.0,2,0,1529.5,36.2,105462,32.7,11.3,7,77.2,0,False,False,False,False,True,False
98.0,4,0,1638.4,25.8,70238,27.7,10.2,6,298.5,0,False,False,False,True,False,False
70.0,3,0,2324.5,16.1,83796,41.1,13.4,3,180.7,0,False,False,True,False,False,False
60.0,2,0,1638.4,25.8,70238,27.7,10.2,9,348.2,0,False,False,False,True,False,False
94.0,4,1,1956.6,18.3,66372,26.5,15.3,2,86.2,0,True,False,False,False,False,False
213.0,7,1,1935.5,19.1,96734,32.2,13.0,3,366.5,0,False,True,False,False,False,False
81.0,4,0,2324.5,16.1,83796,41.1,13.4,2,130.7,0,False,False,True,False,False,False
24.0,1,0,1529.5,36.2,105462,32.7,11.3,4,74.4,0,False,False,False,False,True,False
68.0,4,0,1638.4,25.8,70238,27.7,10.2,1,145.7,0,False,False,False,True,False,False
45.0,2,0,1956.6,18.3,66372,26.5,15.3,12,277.7,0,True,False,False,False,False,False
123.0,4,0,1638.4,25.8,70238,27.7,10.2,10,61.2,0,False,False,False,True,False,False
92.0,5,1,1956.6,18.3,66372,26.5,15.3,5,112.5,0,True,False,False,False,False,False
33.0,1,0,1935.5,19.1,96734,32.2,13.0,9,144.2,0,False,True,False,False,False,False
81.0,3,1,1956.6,18.3,66372,26.5,15.3,5,115.7,0,True,False,False,False,False,False
43.0,2,0,1638.4,25.8,70238,27.7,10.2,10,116.2,0,False,False,False,True,False,False
18.0,1,0,2324.5,16.1,83796,41.1,13.4,1,159.2,0,False,False,True,False,False,False
24.0,1,0,1529.5,36.2,105462,32.7,11.3,4,48.3,0,False,False,False,False,True,False
59.0,3,0,2324.5,16.1,83796,41.1,13.4,8,157.8,0,False,False,True,False,False,False
36.0,2,0,2324.5,16.1,83796,41.1,13.4,6,312.7,0,False,False,True,False,False,False
49.0,3,0,1529.5,36.2,105462,32.7,11.3,11,104.8,0,False,False,False,False,True,False
60.0,3,0,1935.5,19.1,96734,32.2,13.0,1,102.9,0,False,True,False,False,False,False
24.0,1,0,1638.4,25.8,70238,27.7,10.2,7,132.1,0,False,False,False,True,False,False
61.0,3,0,1529.5,36.2,105462,32.7,11.3,10,64.3,0,False,False,False,False,True,False
58.0,3,1,2324.5,16.1,83796,41.1,13.4,2,151.3,0,False,False,True,False,False,False
80.0,4,0,1529.5,36.2,105462,32.7,11.3,4,162.9,0,False,False,False,False,True,False
116.0,5,0,2155.0,15.3,70863,28.8,15.8,11,102.8,0,False,False,False,False,False,True
63.0,2,0,2324.5,16.1,83796,41.1,13.4,12,121.4,0,False,False,True,False,False,False
59.0,3,0,1935.5,19.1,96734,32.2,13.0,10,48.0,0,False,True,False,False,False,False
75.0,3,0,1638.4,25.8,70238,27.7,10.2,8,34.6,0,False,False,False,True,False,False
29.0,1,0,1935.5,19.1,96734,32.2,13.0,1,100.2,0,False,True,False,False,False,False
21.0,1,0,2155.0,15.3,70863,28.8,15.8,7,123.6,0,False,False,False,False,False,True
30.0,2,0,2324.5,16.1,83796,41.1,13.4,6,172.3,0,False,False,True,False,False,False
21.0,1,0,2324.5,16.1,83796,41.1,13.4,6,143.3,0,False,False,True,False,False,False
50.0,3,0,2155.0,15.3,70863,28.8,15.8,2,85.1,0,False,False,False,False,False,True
46.0,2,0,1638.4,25.8,70238,27.7,10.2,12,244.4,0,False,False,False,True,False,False
59.0,3,0,2324.5,16.1,83796,41.1,13.4,12,129.7,0,False,False,True,False,False,False
54.0,3,0,2324.5,16.1,83796,41.1,13.4,2,73.3,0,False,False,True,False,False,False
53.0,2,0,1638.4,25.8,70238,27.7,10.2,11,172.7,0,False,False,False,True,False,False
48.0,2,0,1638.4,25.8,70238,27.7,10.2,7,91.3,0,False,False,False,True,False,False
64.0,3,1,1935.5,19.1,96734,32.2,13.0,5,224.1,0,False,True,False,False,False,False
61.0,3,0,1956.6,18.3,66372,26.5,15.3,12,226.2,0,True,False,False,False,False,False
75.0,4,0,2155.0,15.3,70863,28.8,15.8,6,176.9,0,False,False,False,False,False,True
70.0,3,0,1638.4,25.8,70238,27.7,10.2,10,220.0,0,False,False,False,True,False,False
100.0,4,1,1935.5,19.1,96734,32.2,13.0,7,227.4,0,False,True,False,False,False,False
37.0,2,0,1529.5,36.2,105462,32.7,11.3,12,266.8,0,False,False,False,False,True,False
36.0,2,0,1935.5,19.1,96734,32.2,13.0,5,286.0,0,False,True,False,False,False,False
63.0,3,0,1529.5,36.2,105462,32.7,11.3,12,55.2,0,False,False,False,False,True,False
45.0,2,0,1529.5,36.2,105462,32.7,11.3,7,175.0,0,False,False,False,False,True,False
46.0,3,0,1638.4,25.8,70238,27.7,10.2,3,56.6,0,False,False,False,True,False,False
49.0,2,0,1956.6,18.3,66372,26.5,15.3,11,125.3,0,True,False,False,False,False,False
51.0,2,0,1529.5,36.2,105462,32.7,11.3,10,74.1,0,False,False,False,False,True,False
144.0,5,1,1956.6,18.3,66372,26.5,15.3,6,118.6,0,True,False,False,False,False,False
77.0,4,1,1956.6,18.3,66372,26.5,15.3,1,132.1,0,True,False,False,False,False,False
101.0,4,0,2155.0,15.3,70863,28.8,15.8,6,155.4,0,False,False,False,False,False,True
49.0,2,0,1956.6,18.3,66372,26.5,15.3,5,139.0,1,True,False,False,False,False,False
62.0,3,0,1638.4,25.8,70238,27.7,10.2,7,105.5,0,False,False,False,True,False,False
78.0,5,1,1935.5,19.1,96734,32.2,13.0,2,64.3,0,False,True,False,False,False,False
30.0,1,0,1529.5,36.2,105462,32.7,11.3,8,119.5,0,False,False,False,False,True,False
38.0,1,0,1529.5,36.2,105462,32.7,11.3,4,198.8,0,False,False,False,False,True,False
82.0,4,0,1956.6,18.3,66372,26.5,15.3,12,276.8,0,True,False,False,False,False,False
65.0,2,0,2324.5,16.1,83796,41.1,13.4,12,113.0,0,False,False,True,False,False,False
163.0,5,1,1529.5,36.2,105462,32.7,11.3,3,428.6,0,False,False,False,False,True,False
61.0,3,0,1935.5,19.1,96734,32.2,13.0,10,38.5,0,False,True,False,False,False,False
27.0,1,0,2155.0,15.3,70863,28.8,15.8,10,52.4,0,False,False,False,False,False,True
66.0,3,1,1935.5,19.1,96734,32.2,13.0,10,78.4,0,False,True,False,False,False,False
49.0,2,0,1638.4,25.8,70238,27.7,10.2,6,246.7,0,False,False,False,True,False,False
74.0,3,0,2155.0,15.3,70863,28.8,15.8,7,46.3,0,False,False,False,False,False,True
81.0,4,0,1529.5,36.2,105462,32.7,11.3,7,344.2,0,False,False,False,False,True,False
40.0,2,1,1529.5,36.2,105462,32.7,11.3,8,155.7,0,False,False,False,False,True,False
43.0,2,0,1935.5,19.1,96734,32.2,13.0,7,126.7,0,False,True,False,False,False,False
61.0,3,0,1935.5,19.1,96734,32.2,13.0,8,38.5,0,False,True,False,False,False,False
40.0,3,0,1529.5,36.2,105462,32.7,11.3,12,197.3,0,False,False,False,False,True,False
51.0,2,0,2324.5,16.1,83796,41.1,13.4,4,86.9,0,False,False,True,False,False,False
77.0,3,1,2155.0,15.3,70863,28.8,15.8,6,72.3,0,False,False,False,False,False,True
86.0,4,1,1529.5,36.2,105462,32.7,11.3,10,188.2,0,False,False,False,False,True,False
18.0,1,0,1956.6,18.3,66372,26.5,15.3,5,130.6,0,True,False,False,False,False,False
67.0,3,0,2324.5,16.1,83796,41.1,13.4,4,171.8,0,False,False,True,False,False,False
48.0,2,0,1935.5,19.1,96734,32.2,13.0,4,71.2,0,False,True,False,False,False,False
54.0,3,0,2324.5,16.1,83796,41.1,13.4,12,311.1,0,False,False,True,False,False,False
63.0,3,0,2324.5,16.1,83796,41.1,13.4,8,181.6,0,False,False,True,False,False,False
46.0,2,0,1529.5,36.2,105462,32.7,11.3,8,141.1,0,False,False,False,False,True,False
29.0,2,0,2324.5,16.1,83796,41.1,13.4,7,349.5,0,False,False,True,False,False,False
141.0,6,1,1638.4,25.8,70238,27.7,10.2,1,173.0,0,False,False,False,True,False,False
126.0,5,1,1638.4,25.8,70238,27.7,10.2,7,160.3,0,False,False,False,True,False,False
82.0,4,0,1956.6,18.3,66372,26.5,15.3,6,147.1,0,True,False,False,False,False,False
74.0,3,0,1935.5,19.1,96734,32.2,13.0,7,29.6,0,False,True,False,False,False,False
20.0,1,0,1529.5,36.2,105462,32.7,11.3,10,88.2,0,False,False,False,False,True,False
37.0,2,0,2324.5,16.1,83796,41.1,13.4,10,184.7,0,False,False,True,False,False,False
45.0,2,0,1529.5,36.2,105462,32.7,11.3,5,153.3,0,False,False,False,False,True,False
19.0,1,0,2324.5,16.1,83796,41.1,13.4,9,126.6,0,False,False,True,False,False,False
62.0,3,0,2324.5,16.1,83796,41.1,13.4,4,130.3,0,False,False,True,False,False,False
45.0,2,0,1638.4,25.8,70238,27.7,10.2,1,122.4,0,False,False,False,True,False,False
32.0,1,0,2324.5,16.1,83796,41.1,13.4,6,138.3,1,False,False,True,False,False,False
60.0,3,0,1638.4,25.8,70238,27.7,10.2,10,212.0,0,False,False,False,True,False,False
62.0,3,0,1935.5,19.1,96734,32.2,13.0,10,252.7,0,False,True,False,False,False,False
79.0,3,0,1529.5,36.2,105462,32.7,11.3,9,138.4,0,False,False,False,False,True,False
57.0,3,0,1529.5,36.2,105462,32.7,11.3,9,43.3,0,False,False,False,False,True,False
42.0,2,0,1935.5,19.1,96734,32.2,13.0,7,121.7,0,False,True,False,False,False,False
99.0,4,0,2155.0,15.3,70863,28.8,15.8,10,195.9,0,False,False,False,False,False,True
33.0,2,0,1935.5,19.1,96734,32.2,13.0,6,88.3,0,False,True,False,False,False,False
203.0,4,0,2324.5,16.1,83796,41.1,13.4,12,61.5,0,False,False,True,False,False,False
84.0,4,0,1935.5,19.1,96734,32.2,13.0,3,70.0,0,False,True,False,False,False,False
35.0,2,0,1935.5,19.1,96734,32.2,13.0,2,436.9,0,False,True,False,False,False,False
66.0,3,0,1956.6,18.3,66372,26.5,15.3,7,297.2,1,True,False,False,False,False,False
62.0,3,0,2155.0,15.3,70863,28.8,15.8,2,167.0,0,False,False,False,False,False,True
15.0,1,0,2324.5,16.1,83796,41.1,13.4,10,56.5,0,False,False,True,False,False,False
25.0,1,0,1638.4,25.8,70238,27.7,10.2,12,284.3,1,False,False,False,True,False,False
67.0,4,0,1935.5,19.1,96734,32.2,13.0,3,112.0,0,False,True,False,False,False,False
68.0,3,0,1935.5,19.1,96734,32.2,13.0,6,71.2,0,False,True,False,False,False,False
67.0,3,0,1935.5,19.1,96734,32.2,13.0,12,68.2,0,False,True,False,False,False,False
135.0,3,1,1638.4,25.8,70238,27.7,10.2,11,15.2,0,False,False,False,True,False,False
67.0,3,0,2155.0,15.3,70863,28.8,15.8,9,171.7,0,False,False,False,False,False,True
66.0,3,0,1935.5,19.1,96734,32.2,13.0,9,97.8,0,False,True,False,False,False,False
46.0,2,0,2155.0,15.3,70863,28.8,15.8,10,34.5,0,False,False,False,False,False,True
67.0,3,0,1638.4,25.8,70238,27.7,10.2,3,56.3,0,False,False,False,True,False,False
94.0,4,0,1529.5,36.2,105462,32.7,11.3,10,167.9,0,False,False,False,False,True,False
82.0,4,0,1956.6,18.3,66372,26.5,15.3,9,276.8,0,True,False,False,False,False,False
64.0,3,0,1935.5,19.1,96734,32.2,13.0,3,119.3,1,False,True,False,False,False,False
55.0,2,0,1638.4,25.8,70238,27.7,10.2,1,12.6,0,False,False,False,True,False,False
64.0,3,0,1935.5,19.1,96734,32.2,13.0,1,181.8,0,False,True,False,False,False,False
45.0,3,0,2155.0,15.3,70863,28.8,15.8,4,127.1,0,False,False,False,False,False,True
36.0,1,0,1935.5,19.1,96734,32.2,13.0,11,132.8,0,False,True,False,False,False,False
56.0,3,0,1935.5,19.1,96734,32.2,13.0,12,286.0,0,False,True,False,False,False,False
33.0,2,0,1956.6,18.3,66372,26.5,15.3,5,410.1,0,True,False,False,False,False,False
87.0,4,0,2324.5,16.1,83796,41.1,13.4,3,191.2,0,False,False,True,False,False,False
70.0,3,0,2324.5,16.1,83796,41.1,13.4,1,123.6,0,False,False,True,False,False,False
23.0,1,0,2324.5,16.1,83796,41.1,13.4,11,163.8,0,False,False,True,False,False,False
34.0,2,0,1638.4,25.8,70238,27.7,10.2,12,94.3,0,False,False,False,True,False,False
97.0,5,1,2155.0,15.3,70863,28.8,15.8,4,137.5,0,False,False,False,False,False,True
38.0,2,0,1638.4,25.8,70238,27.7,10.2,10,155.8,0,False,False,False,True,False,False
62.0,3,0,2155.0,15.3,70863,28.8,15.8,7,296.2,0,False,False,False,False,False,True
62.0,3,0,1935.5,19.1,96734,32.2,13.0,7,68.2,0,False,True,False,False,False,False
63.0,3,0,1638.4,25.8,70238,27.7,10.2,5,263.1,0,False,False,False,True,False,False
66.0,4,0,1529.5,36.2,105462,32.7,11.3,1,240.8,0,False,False,False,False,True,False
55.0,3,0,2155.0,15.3,70863,28.8,15.8,2,139.6,0,False,False,False,False,False,True
40.0,2,0,2324.5,16.1,83796,41.1,13.4,3,351.7,0,False,False,True,False,False,False
84.0,5,0,1638.4,25.8,70238,27.7,10.2,11,46.0,0,False,False,False,True,False,False
114.0,6,1,1956.6,18.3,66372,26.5,15.3,9,186.1,0,True,False,False,False,False,False
33.0,2,0,1935.5,19.1,96734,32.2,13.0,3,136.1,1,False,True,False,False,False,False
62.0,3,0,1935.5,19.1,96734,32.2,13.0,7,90.8,0,False,True,False,False,False,False
39.0,2,0,2155.0,15.3,70863,28.8,15.8,7,91.4,0,False,False,False,False,False,True
100.0,4,1,1935.5,19.1,96734,32.2,13.0,2,42.2,0,False,True,False,False,False,False
42.0,2,0,1638.4,25.8,70238,27.7,10.2,4,115.8,0,False,False,False,True,False,False
55.0,3,0,1638.4,25.8,70238,27.7,10.2,10,140.1,0,False,False,False,True,False,False
85.0,5,1,1529.5,36.2,105462,32.7,11.3,3,203.5,0,False,False,False,False,True,False
65.0,3,0,1529.5,36.2,105462,32.7,11.3,7,74.0,0,False,False,False,False,True,False
64.0,3,0,1935.5,19.1,96734,32.2,13.0,3,31.0,0,False,True,False,False,False,False
35.0,2,0,1956.6,18.3,66372,26.5,15.3,1,174.5,0,True,False,False,False,False,False
66.0,3,0,1956.6,18.3,66372,26.5,15.3,5,74.8,0,True,False,False,False,False,False
74.0,3,0,1529.5,36.2,105462,32.7,11.3,8,65.3,0,False,False,False,False,True,False
38.0,2,0,1956.6,18.3,66372,26.5,15.3,10,156.7,0,True,False,False,False,False,False
87.0,4,0,2324.5,16.1,83796,41.1,13.4,10,38.1,1,False,False,True,False,False,False
120.0,5,1,1935.5,19.1,96734,32.2,13.0,5,209.9,0,False,True,False,False,False,False
117.0,5,1,1935.5,19.1,96734,32.2,13.0,8,167.1,0,False,True,False,False,False,False
80.0,4,0,1935.5,19.1,96734,32.2,13.0,10,133.3,0,False,True,False,False,False,False
30.0,1,0,2324.5,16.1,83796,41.1,13.4,9,80.4,0,False,False,True,False,False,False
84.0,4,0,1935.5,19.1,96734,32.2,13.0,6,141.8,0,False,True,False,False,False,False
64.0,3,0,1638.4,25.8,70238,27.7,10.2,12,71.2,0,False,False,False,True,False,False
48.0,2,0,1935.5,19.1,96734,32.2,13.0,4,222.6,0,False,True,False,False,False,False
40.0,2,0,1935.5,19.1,96734,32.2,13.0,12,38.5,0,False,True,False,False,False,False
84.0,4,1,1935.5,19.1,96734,32.2,13.0,1,271.3,0,False,True,False,False,False,False
93.0,4,1,1935.5,19.1,96734,32.2,13.0,7,113.5,0,False,True,False,False,False,False
80.0,4,0,1935.5,19.1,96734,32.2,13.0,7,54.8,0,False,True,False,False,False,False
30.0,2,0,1935.5,19.1,96734,32.2,13.0,3,68.9,0,False,True,False,False,False,False
40.0,2,0,2155.0,15.3,70863,28.8,15.8,10,100.8,0,False,False,False,False,False,True
65.0,3,0,2324.5,16.1,83796,41.1,13.4,4,175.5,0,False,False,True,False,False,False
57.0,3,0,1935.5,19.1,96734,32.2,13.0,12,136.3,0,False,True,False,False,False,False
60.0,3,0,1935.5,19.1,96734,32.2,13.0,4,293.4,0,False,True,False,False,False,False
35.0,2,0,1529.5,36.2,105462,32.7,11.3,3,112.1,0,False,False,False,False,True,False
73.0,4,0,2324.5,16.1,83796,41.1,13.4,2,59.8,0,False,False,True,False,False,False
34.0,2,0,1935.5,19.1,96734,32.2,13.0,2,121.5,1,False,True,False,False,False,False
31.0,2,0,1529.5,36.2,105462,32.7,11.3,5,59.8,0,False,False,False,False,True,False
55.0,2,0,1935.5,19.1,96734,32.2,13.0,10,133.9,0,False,True,False,False,False,False
42.0,2,0,1935.5,19.1,96734,32.2,13.0,9,269.5,0,False,True,False,False,False,False
57.0,2,0,1956.6,18.3,66372,26.5,15.3,2,297.6,0,True,False,False,False,False,False
100.0,4,0,1529.5,36.2,105462,32.7,11.3,12,103.6,0,False,False,False,False,True,False
26.0,1,0,1935.5,19.1,96734,32.2,13.0,12,58.2,0,False,True,False,False,False,False
20.0,1,0,1529.5,36.2,105462,32.7,11.3,7,48.3,0,False,False,False,False,True,False
35.0,2,0,1935.5,19.1,96734,32.2,13.0,10,217.1,0,False,True,False,False,False,False
72.0,3,1,1956.6,18.3,66372,26.5,15.3,6,410.1,0,True,False,False,False,False,False
82.0,4,1,1956.6,18.3,66372,26.5,15.3,8,159.4,0,True,False,False,False,False,False
32.0,1,0,1935.5,19.1,96734,32.2,13.0,12,90.1,0,False,True,False,False,False,False
72.0,4,0,2155.0,15.3,70863,28.8,15.8,3,129.1,0,False,False,False,False,False,True
45.0,1,0,1935.5,19.1,96734,32.2,13.0,9,29.4,0,False,True,False,False,False,False
30.0,1,0,1529.5,36.2,105462,32.7,11.3,9,110.9,0,False,False,False,False,True,False
48.0,3,0,1529.5,36.2,105462,32.7,11.3,9,183.0,0,False,False,False,False,True,False
50.0,3,0,2155.0,15.3,70863,28.8,15.8,5,25.6,0,False,False,False,False,False,True
130.0,5,1,1529.5,36.2,105462,32.7,11.3,12,108.9,0,False,False,False,False,True,False
28.0,2,0,1529.5,36.2,105462,32.7,11.3,9,80.1,0,False,False,False,False,True,False
28.0,1,0,1638.4,25.8,70238,27.7,10.2,1,33.3,1,False,False,False,True,False,False
47.0,2,0,1935.5,19.1,96734,32.2,13.0,5,120.3,1,False,True,False,False,False,False
56.0,3,0,1638.4,25.8,70238,27.7,10.2,10,271.7,0,False,False,False,True,False,False
60.0,3,0,1935.5,19.1,96734,32.2,13.0,1,339.9,0,False,True,False,False,False,False
60.0,3,0,1935.5,19.1,96734,32.2,13.0,7,43.2,0,False,True,False,False,False,False
61.0,3,0,1935.5,19.1,96734,32.2,13.0,11,243.6,0,False,True,False,False,False,False
10.0,1,0,1638.4,25.8,70238,27.7,10.2,4,56.3,0,False,False,False,True,False,False
59.0,4,1,1935.5,19.1,96734,32.2,13.0,7,100.2,0,False,True,False,False,False,False
40.0,2,0,2324.5,16.1,83796,41.1,13.4,7,27.6,0,False,False,True,False,False,False
38.0,2,0,1638.4,25.8,70238,27.7,10.2,3,117.9,0,False,False,False,True,False,False
28.0,1,0,2155.0,15.3,70863,28.8,15.8,9,524.7,0,False,False,False,False,False,True
79.0,2,0,2324.5,16.1,83796,41.1,13.4,3,239.2,0,False,False,True,False,False,False
20.0,1,0,1529.5,36.2,105462,32.7,11.3,9,199.2,0,False,False,False,False,True,False
96.0,5,1,1956.6,18.3,66372,26.5,15.3,10,53.9,0,True,False,False,False,False,False
23.0,1,0,1638.4,25.8,70238,27.7,10.2,2,89.2,0,False,False,False,True,False,False
39.0,2,0,1638.4,25.8,70238,27.7,10.2,9,79.4,0,False,False,False,True,False,False
82.0,4,0,1956.6,18.3,66372,26.5,15.3,4,294.5,0,True,False,False,False,False,False
47.0,2,0,2155.0,15.3,70863,28.8,15.8,3,118.0,0,False,False,False,False,False,True
17.0,1,0,2324.5,16.1,83796,41.1,13.4,9,26.5,0,False,False,True,False,False,False
99.0,4,1,1638.4,25.8,70238,27.7,10.2,7,106.3,0,False,False,False,True,False,False
33.0,2,0,1935.5,19.1,96734,32.2,13.0,2,124.0,0,False,True,False,False,False,False
48.0,2,0,1529.5,36.2,105462,32.7,11.3,6,149.0,1,False,False,False,False,True,False
65.0,3,0,1935.5,19.1,96734,32.2,13.0,7,107.1,1,False,True,False,False,False,False
58.0,3,0,2155.0,15.3,70863,28.8,15.8,10,24.6,0,False,False,False,False,False,True
63.0,3,0,1935.5,19.1,96734,32.2,13.0,7,121.7,0,False,True,False,False,False,False
67.0,3,0,1935.5,19.1,96734,32.2,13.0,11,241.4,0,False,True,False,False,False,False
34.0,2,0,1935.5,19.1,96734,32.2,13.0,12,204.5,0,False,True,False,False,False,False
100.0,5,0,1956.6,18.3,66372,26.5,15.3,3,203.1,0,True,False,False,False,False,False
59.0,3,0,2155.0,15.3,70863,28.8,15.8,7,346.3,0,False,False,False,False,False,True
62.0,3,0,2324.5,16.1,83796,41.1,13.4,2,51.8,0,False,False,True,False,False,False
16.0,1,0,1935.5,19.1,96734,32.2,13.0,10,117.1,1,False,True,False,False,False,False
38.0,2,0,1529.5,36.2,105462,32.7,11.3,10,22.0,0,False,False,False,False,True,False
16.0,1,0,2324.5,16.1,83796,41.1,13.4,6,98.7,0,False,False,True,False,False,False
65.0,3,0,1935.5,19.1,96734,32.2,13.0,4,165.4,0,False,True,False,False,False,False
27.0,1,0,1935.5,19.1,96734,32.2,13.0,8,150.2,0,False,True,False,False,False,False
41.0,2,0,1935.5,19.1,96734,32.2,13.0,1,121.5,0,False,True,False,False,False,False
26.0,1,0,2324.5,16.1,83796,41.1,13.4,12,191.1,0,False,False,True,False,False,False
17.0,1,0,2324.5,16.1,83796,41.1,13.4,9,240.3,0,False,False,True,False,False,False
134.0,5,1,1956.6,18.3,66372,26.5,15.3,9,339.2,0,True,False,False,False,False,False
116.0,5,1,1935.5,19.1,96734,32.2,13.0,5,161.1,0,False,True,False,False,False,False
167.0,7,1,1956.6,18.3,66372,26.5,15.3,6,54.8,0,True,False,False,False,False,False
57.0,3,0,1529.5,36.2,105462,32.7,11.3,9,227.7,0,False,False,False,False,True,False
43.0,2,0,1935.5,19.1,96734,32.2,13.0,7,280.1,0,False,True,False,False,False,False
62.0,3,0,1529.5,36.2,105462,32.7,11.3,11,345.4,0,False,False,False,False,True,False
32.0,1,0,2155.0,15.3,70863,28.8,15.8,6,177.1,0,False,False,False,False,False,True
54.0,2,0,2324.5,16.1,83796,41.1,13.4,12,64.5,0,False,False,True,False,False,False
48.0,2,0,1529.5,36.2,105462,32.7,11.3,5,194.6,0,False,False,False,False,True,False
84.0,4,0,1638.4,25.8,70238,27.7,10.2,6,43.1,0,False,False,False,True,False,False
20.0,1,0,2324.5,16.1,83796,41.1,13.4,6,132.0,0,False,False,True,False,False,False
43.0,2,0,1935.5,19.1,96734,32.2,13.0,12,100.1,0,False,True,False,False,False,False
25.0,1,0,2324.5,16.1,83796,41.1,13.4,4,88.3,0,False,False,True,False,False,False
100.0,4,0,1529.5,36.2,105462,32.7,11.3,5,174.3,0,False,False,False,False,True,False
21.0,1,0,1529.5,36.2,105462,32.7,11.3,10,146.8,0,False,False,False,False,True,False
80.0,4,0,1638.4,25.8,70238,27.7,10.2,9,59.6,0,False,False,False,True,False,False
91.0,5,0,2324.5,16.1,83796,41.1,13.4,7,110.3,0,False,False,True,False,False,False
77.0,4,1,1956.6,18.3,66372,26.5,15.3,9,202.4,0,True,False,False,False,False,False
43.0,2,0,1935.5,19.1,96734,32.2,13.0,9,160.3,0,False,True,False,False,False,False
53.0,3,0,1529.5,36.2,105462,32.7,11.3,2,70.8,0,False,False,False,False,True,False
20.0,1,0,1529.5,36.2,105462,32.7,11.3,12,255.8,0,False,False,False,False,True,False
72.0,3,0,1935.5,19.1,96734,32.2,13.0,3,286.0,0,False,True,False,False,False,False
23.0,1,0,1935.5,19.1,96734,32.2,13.0,10,104.7,0,False,True,False,False,False,False
43.0,2,0,1638.4,25.8,70238,27.7,10.2,12,184.7,0,False,False,False,True,False,False
43.0,2,0,1935.5,19.1,96734,32.2,13.0,2,152.2,0,False,True,False,False,False,False
30.0,2,0,1529.5,36.2,105462,32.7,11.3,11,65.6,0,False,False,False,False,True,False
61.0,3,0,1935.5,19.1,96734,32.2,13.0,12,69.1,0,False,True,False,False,False,False
40.0,2,0,1529.5,36.2,105462,32.7,11.3,11,56.1,0,False,False,False,False,True,False
89.0,4,0,1529.5,36.2,105462,32.7,11.3,10,114.6,0,False,False,False,False,True,False
113.0,5,0,1956.6,18.3,66372,26.5,15.3,3,125.5,0,True,False,False,False,False,False
29.0,1,0,1529.5,36.2,105462,32.7,11.3,6,177.6,0,False,False,False,False,True,False
91.0,4,0,1956.6,18.3,66372,26.5,15.3,5,120.3,0,True,False,False,False,False,False
61.0,3,0,1956.6,18.3,66372,26.5,15.3,4,96.5,0,True,False,False,False,False,False
34.0,2,0,1529.5,36.2,105462,32.7,11.3,5,131.3,0,False,False,False,False,True,False
82.0,4,0,1638.4,25.8,70238,27.7,10.2,5,176.5,0,False,False,False,True,False,False
32.0,1,0,1529.5,36.2,105462,32.7,11.3,11,58.0,0,False,False,False,False,True,False
40.0,2,0,1935.5,19.1,96734,32.2,13.0,6,293.4,0,False,True,False,False,False,False
72.0,4,0,1935.5,19.1,96734,32.2,13.0,3,265.3,0,False,True,False,False,False,False
36.0,2,0,1935.5,19.1,96734,32.2,13.0,5,137.0,0,False,True,False,False,False,False
105.0,5,0,2155.0,15.3,70863,28.8,15.8,6,172.8,0,False,False,False,False,False,True
46.0,2,0,2324.5,16.1,83796,41.1,13.4,12,46.8,0,False,False,True,False,False,False
35.0,2,0,2324.5,16.1,83796,41.1,13.4,8,40.9,0,False,False,True,False,False,False
50.0,3,0,1638.4,25.8,70238,27.7,10.2,7,194.7,0,False,False,False,True,False,False
86.0,3,0,1638.4,25.8,70238,27.7,10.2,10,176.2,0,False,False,False,True,False,False
97.0,4,0,2324.5,16.1,83796,41.1,13.4,6,176.4,0,False,False,True,False,False,False
56.0,3,0,1529.5,36.2,105462,32.7,11.3,6,176.3,0,False,False,False,False,True,False
20.0,1,0,1956.6,18.3,66372,26.5,15.3,7,386.2,0,True,False,False,False,False,False
34.0,1,0,2324.5,16.1,83796,41.1,13.4,6,251.8,0,False,False,True,False,False,False
50.0,2,0,1956.6,18.3,66372,26.5,15.3,1,174.5,0,True,False,False,False,False,False
150.0,5,0,2155.0,15.3,70863,28.8,15.8,3,177.8,0,False,False,False,False,False,True
45.0,2,0,2324.5,16.1,83796,41.1,13.4,3,42.2,0,False,False,True,False,False,False
59.0,3,0,1529.5,36.2,105462,32.7,11.3,12,12.9,0,False,False,False,False,True,False
14.0,1,0,1529.5,36.2,105462,32.7,11.3,8,89.3,0,False,False,False,False,True,False
31.0,1,0,1956.6,18.3,66372,26.5,15.3,6,158.3,0,True,False,False,False,False,False
27.0,2,0,1529.5,36.2,105462,32.7,11.3,3,191.9,1,False,False,False,False,True,False
28.0,2,0,1638.4,25.8,70238,27.7,10.2,8,50.5,0,False,False,False,True,False,False
62.0,2,0,2324.5,16.1,83796,41.1,13.4,1,47.0,0,False,False,True,False,False,False
64.0,3,0,1529.5,36.2,105462,32.7,11.3,6,50.3,0,False,False,False,False,True,False
72.0,4,1,1638.4,25.8,70238,27.7,10.2,12,250.5,0,False,False,False,True,False,False
20.0,1,0,2155.0,15.3,70863,28.8,15.8,2,120.1,0,False,False,False,False,False,True
50.0,3,0,1935.5,19.1,96734,32.2,13.0,4,339.9,0,False,True,False,False,False,False
78.0,4,0,1638.4,25.8,70238,27.7,10.2,6,220.2,0,False,False,False,True,False,False
44.0,2,0,1529.5,36.2,105462,32.7,11.3,10,116.5,0,False,False,False,False,True,False
77.0,6,1,2155.0,15.3,70863,28.8,15.8,12,276.1,0,False,False,False,False,False,True
39.0,2,0,1529.5,36.2,105462,32.7,11.3,2,86.6,0,False,False,False,False,True,False
42.0,2,0,2155.0,15.3,70863,28.8,15.8,3,135.0,0,False,False,False,False,False,True
34.0,1,0,1638.4,25.8,70238,27.7,10.2,9,51.4,0,False,False,False,True,False,False
25.0,1,0,2155.0,15.3,70863,28.8,15.8,3,524.7,0,False,False,False,False,False,True
104.0,5,0,1956.6,18.3,66372,26.5,15.3,9,36.0,0,True,False,False,False,False,False
80.0,4,0,1529.5,36.2,105462,32.7,11.3,3,4.5,0,False,False,False,False,True,False
40.0,2,0,2324.5,16.1,83796,41.1,13.4,4,232.6,0,False,False,True,False,False,False
104.0,5,0,1529.5,36.2,105462,32.7,11.3,3,214.0,0,False,False,False,False,True,False
43.0,3,0,2324.5,16.1,83796,41.1,13.4,12,121.4,0,False,False,True,False,False,False
106.0,6,1,1956.6,18.3,66372,26.5,15.3,5,73.6,0,True,False,False,False,False,False
52.0,2,0,2324.5,16.1,83796,41.1,13.4,7,125.4,0,False,False,True,False,False,False
32.0,1,0,1529.5,36.2,105462,32.7,11.3,1,179.7,0,False,False,False,False,True,False
100.0,6,1,1935.5,19.1,96734,32.2,13.0,12,34.8,0,False,True,False,False,False,False
64.0,3,0,1638.4,25.8,70238,27.7,10.2,2,98.2,0,False,False,False,True,False,False
66.0,3,0,1935.5,19.1,96734,32.2,13.0,5,41.2,0,False,True,False,False,False,False
72.0,3,0,1529.5,36.2,105462,32.7,11.3,7,470.6,0,False,False,False,False,True,False
63.0,3,0,1529.5,36.2,105462,32.7,11.3,11,22.0,0,False,False,False,False,True,False
90.0,3,1,1956.6,18.3,66372,26.5,15.3,2,33.5,0,True,False,False,False,False,False
63.0,4,0,1638.4,25.8,70238,27.7,10.2,5,147.5,0,False,False,False,True,False,False
28.0,2,0,1529.5,36.2,105462,32.7,11.3,4,132.4,0,False,False,False,False,True,False
36.0,2,0,1956.6,18.3,66372,26.5,15.3,2,160.1,0,True,False,False,False,False,False
64.0,3,0,1956.6,18.3,66372,26.5,15.3,8,176.0,0,True,False,False,False,False,False
55.0,3,0,2155.0,15.3,70863,28.8,15.8,12,272.2,0,False,False,False,False,False,True
18.0,1,0,2324.5,16.1,83796,41.1,13.4,6,147.6,0,False,False,True,False,False,False
58.0,3,0,2155.0,15.3,70863,28.8,15.8,1,84.6,0,False,False,False,False,False,True
66.0,3,0,1935.5,19.1,96734,32.2,13.0,10,186.7,0,False,True,False,False,False,False
59.0,3,0,1956.6,18.3,66372,26.5,15.3,9,131.9,0,True,False,False,False,False,False
62.0,3,0,1638.4,25.8,70238,27.7,10.2,5,111.2,0,False,False,False,True,False,False
71.0,3,0,1935.5,19.1,96734,32.2,13.0,7,29.6,0,False,True,False,False,False,False
103.0,3,1,1638.4,25.8,70238,27.7,10.2,8,181.4,0,False,False,False,True,False,False
86.0,4,0,1935.5,19.1,96734,32.2,13.0,11,39.3,0,False,True,False,False,False,False
47.0,2,0,1935.5,19.1,96734,32.2,13.0,4,420.6,0,False,True,False,False,False,False
144.0,4,1,2155.0,15.3,70863,28.8,15.8,7,330.1,0,False,False,False,False,False,True
122.0,4,0,1529.5,36.2,105462,32.7,11.3,6,97.2,0,False,False,False,False,True,False
82.0,4,1,1956.6,18.3,66372,26.5,15.3,6,138.5,0,True,False,False,False,False,False
33.0,1,0,2324.5,16.1,83796,41.1,13.4,11,146.2,0,False,False,True,False,False,False
70.0,3,1,1638.4,25.8,70238,27.7,10.2,11,228.6,0,False,False,False,True,False,False
67.0,3,0,1935.5,19.1,96734,32.2,13.0,8,98.6,0,False,True,False,False,False,False
194.0,8,0,2324.5,16.1,83796,41.1,13.4,6,154.8,0,False,False,True,False,False,False
222.0,9,1,2324.5,16.1,83796,41.1,13.4,6,207.1,0,False,False,True,False,False,False
55.0,2,0,2155.0,15.3,70863,28.8,15.8,3,136.1,0,False,False,False,False,False,True
84.0,4,1,1935.5,19.1,96734,32.2,13.0,6,271.3,0,False,True,False,False,False,False
60.0,3,0,1956.6,18.3,66372,26.5,15.3,6,221.7,0,True,False,False,False,False,False
69.0,3,0,1935.5,19.1,96734,32.2,13.0,6,127.5,0,False,True,False,False,False,False
26.0,1,0,2324.5,16.1,83796,41.1,13.4,9,116.3,0,False,False,True,False,False,False
75.0,3,0,1638.4,25.8,70238,27.7,10.2,1,111.0,0,False,False,False,True,False,False
62.0,3,0,1638.4,25.8,70238,27.7,10.2,3,308.4,0,False,False,False,True,False,False
35.0,2,0,1638.4,25.8,70238,27.7,10.2,3,61.5,0,False,False,False,True,False,False
90.0,1,0,1638.4,25.8,70238,27.7,10.2,6,1.6,0,False,False,False,True,False,False
34.0,2,0,1529.5,36.2,105462,32.7,11.3,7,126.5,0,False,False,False,False,True,False
23.0,1,0,2324.5,16.1,83796,41.1,13.4,10,45.6,0,False,False,True,False,False,False
200.0,5,1,1529.5,36.2,105462,32.7,11.3,2,125.0,0,False,False,False,False,True,False
38.0,2,0,2155.0,15.3,70863,28.8,15.8,3,271.2,0,False,False,False,False,False,True
170.0,6,0,1956.6,18.3,66372,26.5,15.3,12,202.8,0,True,False,False,False,False,False
80.0,3,0,1529.5,36.2,105462,32.7,11.3,5,250.0,0,False,False,False,False,True,False
48.0,2,0,1529.5,36.2,105462,32.7,11.3,7,136.1,0,False,False,False,False,True,False
37.0,2,0,1935.5,19.1,96734,32.2,13.0,5,143.3,0,False,True,False,False,False,False
62.0,3,0,1935.5,19.1,96734,32.2,13.0,10,92.9,0,False,True,False,False,False,False
34.0,1,0,2155.0,15.3,70863,28.8,15.8,12,68.9,0,False,False,False,False,False,True
84.0,4,0,1638.4,25.8,70238,27.7,10.2,10,352.2,0,False,False,False,True,False,False
32.0,2,0,1529.5,36.2,105462,32.7,11.3,11,95.3,0,False,False,False,False,True,False
160.0,5,1,1529.5,36.2,105462,32.7,11.3,7,76.6,0,False,False,False,False,True,False
30.0,2,0,1956.6,18.3,66372,26.5,15.3,9,140.1,0,True,False,False,False,False,False
23.0,1,0,1638.4,25.8,70238,27.7,10.2,2,320.9,0,False,False,False,True,False,False
64.0,2,0,1956.6,18.3,66372,26.5,15.3,9,93.1,0,True,False,False,False,False,False
62.0,3,0,1529.5,36.2,105462,32.7,11.3,5,154.9,0,False,False,False,False,True,False
21.0,1,0,2324.5,16.1,83796,41.1,13.4,9,214.3,0,False,False,True,False,False,False
45.0,2,0,1935.5,19.1,96734,32.2,13.0,6,307.8,0,False,True,False,False,False,False
82.0,3,0,1935.5,19.1,96734,32.2,13.0,8,184.0,0,False,True,False,False,False,False
44.0,1,0,1935.5,19.1,96734,32.2,13.0,12,174.8,0,False,True,False,False,False,False
28.0,1,0,2324.5,16.1,83796,41.1,13.4,10,131.8,0,False,False,True,False,False,False
37.0,2,0,2324.5,16.1,83796,41.1,13.4,9,264.3,0,False,False,True,False,False,False
50.0,2,0,1935.5,19.1,96734,32.2,13.0,2,126.9,0,False,True,False,False,False,False
66.0,3,0,1529.5,36.2,105462,32.7,11.3,2,58.1,0,False,False,False,False,True,False
69.0,3,0,1956.6,18.3,66372,26.5,15.3,4,80.6,0,True,False,False,False,False,False
72.0,3,0,1638.4,25.8,70238,27.7,10.2,12,337.5,0,False,False,False,True,False,False
83.0,3,0,1935.5,19.1,96734,32.2,13.0,1,455.2,0,False,True,False,False,False,False
74.0,3,0,2324.5,16.1,83796,41.1,13.4,10,285.7,0,False,False,True,False,False,False
20.0,1,0,1529.5,36.2,105462,32.7,11.3,9,134.2,0,False,False,False,False,True,False
42.0,3,0,1935.5,19.1,96734,32.2,13.0,2,159.8,0,False,True,False,False,False,False
100.0,5,0,1956.6,18.3,66372,26.5,15.3,5,221.3,0,True,False,False,False,False,False
55.0,3,0,1529.5,36.2,105462,32.7,11.3,3,141.6,0,False,False,False,False,True,False
82.0,4,0,2155.0,15.3,70863,28.8,15.8,5,280.8,0,False,False,False,False,False,True
64.0,4,1,1956.6,18.3,66372,26.5,15.3,12,43.2,0,True,False,False,False,False,False
62.0,3,0,1935.5,19.1,96734,32.2,13.0,12,219.5,0,False,True,False,False,False,False
43.0,2,0,2324.5,16.1,83796,41.1,13.4,5,109.2,0,False,False,True,False,False,False
120.0,5,0,1935.5,19.1,96734,32.2,13.0,2,132.6,1,False,True,False,False,False,False
24.0,2,0,2324.5,16.1,83796,41.1,13.4,5,48.0,0,False,False,True,False,False,False
44.0,3,0,2155.0,15.3,70863,28.8,15.8,3,192.4,0,False,False,False,False,False,True
36.0,2,0,2155.0,15.3,70863,28.8,15.8,8,105.0,0,False,False,False,False,False,True
81.0,4,0,2155.0,15.3,70863,28.8,15.8,10,175.8,0,False,False,False,False,False,True
64.0,3,1,1935.5,19.1,96734,32.2,13.0,7,600.1,0,False,True,False,False,False,False
43.0,2,0,2155.0,15.3,70863,28.8,15.8,3,94.3,0,False,False,False,False,False,True
72.0,4,0,1956.6,18.3,66372,26.5,15.3,5,294.5,0,True,False,False,False,False,False
42.0,2,0,1935.5,19.1,96734,32.2,13.0,10,105.7,0,False,True,False,False,False,False
91.0,4,1,1956.6,18.3,66372,26.5,15.3,8,296.2,0,True,False,False,False,False,False
21.0,1,0,2324.5,16.1,83796,41.1,13.4,6,181.4,0,False,False,True,False,False,False
77.0,3,0,1529.5,36.2,105462,32.7,11.3,1,99.1,0,False,False,False,False,True,False
100.0,4,1,2155.0,15.3,70863,28.8,15.8,3,105.5,0,False,False,False,False,False,True
73.0,3,0,1529.5,36.2,105462,32.7,11.3,9,67.1,0,False,False,False,False,True,False
75.0,3,0,2324.5,16.1,83796,41.1,13.4,3,80.4,0,False,False,True,False,False,False
57.0,3,0,1935.5,19.1,96734,32.2,13.0,7,78.6,0,False,True,False,False,False,False
111.0,4,1,1638.4,25.8,70238,27.7,10.2,7,29.2,0,False,False,False,True,False,False
90.0,3,1,1956.6,18.3,66372,26.5,15.3,11,139.7,0,True,False,False,False,False,False
60.0,3,0,1935.5,19.1,96734,32.2,13.0,3,151.3,0,False,True,False,False,False,False
49.0,2,0,2155.0,15.3,70863,28.8,15.8,7,129.1,0,False,False,False,False,False,True
17.0,1,0,2155.0,15.3,70863,28.8,15.8,3,171.6,0,False,False,False,False,False,True
37.0,2,0,2324.5,16.1,83796,41.1,13.4,8,179.6,1,False,False,True,False,False,False
69.0,4,0,1638.4,25.8,70238,27.7,10.2,4,80.8,0,False,False,False,True,False,False
32.0,1,0,2324.5,16.1,83796,41.1,13.4,1,237.0,0,False,False,True,False,False,False
64.0,4,0,1529.5,36.2,105462,32.7,11.3,12,101.6,0,False,False,False,False,True,False
71.0,4,0,2324.5,16.1,83796,41.1,13.4,7,181.5,0,False,False,True,False,False,False
61.0,2,0,2155.0,15.3,70863,28.8,15.8,9,52.9,0,False,False,False,False,False,True
50.0,3,1,2155.0,15.3,70863,28.8,15.8,11,212.6,0,False,False,False,False,False,True
37.0,2,0,2155.0,15.3,70863,28.8,15.8,10,68.6,0,False,False,False,False,False,True
61.0,4,0,2324.5,16.1,83796,41.1,13.4,4,53.6,0,False,False,True,False,False,False
30.0,2,0,2324.5,16.1,83796,41.1,13.4,10,204.5,0,False,False,True,False,False,False
50.0,2,0,1935.5,19.1,96734,32.2,13.0,10,181.6,0,False,True,False,False,False,False
54.0,3,0,1935.5,19.1,96734,32.2,13.0,11,117.7,0,False,True,False,False,False,False
96.0,4,0,1529.5,36.2,105462,32.7,11.3,12,188.0,0,False,False,False,False,True,False
80.0,4,1,1956.6,18.3,66372,26.5,15.3,6,59.0,0,True,False,False,False,False,False
60.0,3,0,1529.5,36.2,105462,32.7,11.3,2,125.2,0,False,False,False,False,True,False
20.0,1,0,2155.0,15.3,70863,28.8,15.8,3,216.8,0,False,False,False,False,False,True
56.0,3,0,2155.0,15.3,70863,28.8,15.8,8,80.6,0,False,False,False,False,False,True
62.0,3,0,1935.5,19.1,96734,32.2,13.0,7,58.2,0,False,True,False,False,False,False
107.0,4,1,1529.5,36.2,105462,32.7,11.3,4,168.3,0,False,False,False,False,True,False
40.0,2,0,1638.4,25.8,70238,27.7,10.2,10,167.1,1,False,False,False,True,False,False
64.0,4,1,1956.6,18.3,66372,26.5,15.3,10,111.0,0,True,False,False,False,False,False
46.0,2,0,1935.5,19.1,96734,32.2,13.0,6,217.2,0,False,True,False,False,False,False
41.0,2,0,1935.5,19.1,96734,32.2,13.0,11,83.2,1,False,True,False,False,False,False
140.0,5,1,1529.5,36.2,105462,32.7,11.3,5,130.7,0,False,False,False,False,True,False
38.0,2,0,1529.5,36.2,105462,32.7,11.3,10,123.2,0,False,False,False,False,True,False
72.0,3,0,1638.4,25.8,70238,27.7,10.2,7,45.4,0,False,False,False,True,False,False
32.0,2,0,2155.0,15.3,70863,28.8,15.8,8,105.1,0,False,False,False,False,False,True
35.0,1,0,2155.0,15.3,70863,28.8,15.8,8,224.4,0,False,False,False,False,False,True
23.0,1,0,2324.5,16.1,83796,41.1,13.4,9,164.6,0,False,False,True,False,False,False
80.0,3,1,1638.4,25.8,70238,27.7,10.2,5,106.9,0,False,False,False,True,False,False
52.0,2,0,1956.6,18.3,66372,26.5,15.3,10,297.6,0,True,False,False,False,False,False
41.0,2,0,2324.5,16.1,83796,41.1,13.4,4,285.7,0,False,False,True,False,False,False
42.0,2,0,1935.5,19.1,96734,32.2,13.0,3,71.2,0,False,True,False,False,False,False
20.0,1,0,2324.5,16.1,83796,41.1,13.4,10,84.4,0,False,False,True,False,False,False
29.0,1,0,2324.5,16.1,83796,41.1,13.4,3,146.9,0,False,False,True,False,False,False
89.0,4,1,1935.5,19.1,96734,32.2,13.0,8,306.3,0,False,True,False,False,False,False
44.0,2,0,1935.5,19.1,96734,32.2,13.0,8,185.3,0,False,True,False,False,False,False
67.0,3,0,2155.0,15.3,70863,28.8,15.8,10,87.6,0,False,False,False,False,False,True
55.0,3,0,1935.5,19.1,96734,32.2,13.0,10,181.6,0,False,True,False,False,False,False
11.0,1,0,2324.5,16.1,83796,41.1,13.4,8,100.5,0,False,False,True,False,False,False
15.0,1,0,1638.4,25.8,70238,27.7,10.2,3,66.8,0,False,False,False,True,False,False
87.0,4,0,1935.5,19.1,96734,32.2,13.0,11,64.3,0,False,True,False,False,False,False
42.0,2,0,1935.5,19.1,96734,32.2,13.0,1,104.7,0,False,True,False,False,False,False
95.0,4,0,2324.5,16.1,83796,41.1,13.4,12,133.2,0,False,False,True,False,False,False
89.0,4,0,1638.4,25.8,70238,27.7,10.2,8,250.5,0,False,False,False,True,False,False
49.0,2,0,1935.5,19.1,96734,32.2,13.0,6,163.6,0,False,True,False,False,False,False
36.0,1,0,1935.5,19.1,96734,32.2,13.0,6,243.1,0,False,True,False,False,False,False
77.0,4,0,2155.0,15.3,70863,28.8,15.8,1,147.5,0,False,False,False,False,False,True
92.0,4,0,1956.6,18.3,66372,26.5,15.3,4,81.2,0,True,False,False,False,False,False
125.0,4,1,1529.5,36.2,105462,32.7,11.3,8,54.5,0,False,False,False,False,True,False
89.0,4,0,2155.0,15.3,70863,28.8,15.8,7,169.2,0,False,False,False,False,False,True
31.0,2,0,1638.4,25.8,70238,27.7,10.2,7,42.3,0,False,False,False,True,False,False
90.0,5,0,1935.5,19.1,96734,32.2,13.0,10,119.0,0,False,True,False,False,False,False
20.0,1,0,1638.4,25.8,70238,27.7,10.2,1,222.0,0,False,False,False,True,False,False
156.0,5,1,2324.5,16.1,83796,41.1,13.4,1,189.8,0,False,False,True,False,False,False
82.0,4,0,1935.5,19.1,96734,32.2,13.0,12,223.9,0,False,True,False,False,False,False
74.0,4,1,1935.5,19.1,96734,32.2,13.0,6,165.9,0,False,True,False,False,False,False
117.0,4,0,1529.5,36.2,105462,32.7,11.3,6,79.8,0,False,False,False,False,True,False
66.0,3,0,1935.5,19.1,96734,32.2,13.0,10,356.6,0,False,True,False,False,False,False
46.0,2,0,2324.5,16.1,83796,41.1,13.4,9,127.4,0,False,False,True,False,False,False
60.0,3,0,1638.4,25.8,70238,27.7,10.2,3,175.5,0,False,False,False,True,False,False
66.0,3,0,1935.5,19.1,96734,32.2,13.0,7,161.9,0,False,True,False,False,False,False
52.0,2,0,2324.5,16.1,83796,41.1,13.4,1,183.1,1,False,False,True,False,False,False
166.0,5,1,1638.4,25.8,70238,27.7,10.2,10,78.5,0,False,False,False,True,False,False
68.0,4,0,1638.4,25.8,70238,27.7,10.2,4,145.7,0,False,False,False,True,False,False
37.0,2,0,1935.5,19.1,96734,32.2,13.0,12,202.2,0,False,True,False,False,False,False
63.0,3,0,1956.6,18.3,66372,26.5,15.3,6,41.3,0,True,False,False,False,False,False
37.0,1,0,1529.5,36.2,105462,32.7,11.3,3,213.7,0,False,False,False,False,True,False
27.0,1,0,2155.0,15.3,70863,28.8,15.8,10,219.3,0,False,False,False,False,False,True
56.0,3,0,2155.0,15.3,70863,28.8,15.8,7,17.5,0,False,False,False,False,False,True
55.0,2,0,1638.4,25.8,70238,27.7,10.2,5,50.1,0,False,False,False,True,False,False
41.0,1,0,1638.4,25.8,70238,27.7,10.2,12,300.2,0,False,False,False,True,False,False
29.0,1,0,2324.5,16.1,83796,41.1,13.4,7,126.6,0,False,False,True,False,False,False
150.0,4,1,2155.0,15.3,70863,28.8,15.8,4,293.7,0,False,False,False,False,False,True
30.0,1,0,1935.5,19.1,96734,32.2,13.0,10,151.3,0,False,True,False,False,False,False
32.0,1,0,1529.5,36.2,105462,32.7,11.3,6,26.9,0,False,False,False,False,True,False
71.0,4,1,1935.5,19.1,96734,32.2,13.0,7,168.6,0,False,True,False,False,False,False
51.0,2,0,2324.5,16.1,83796,41.1,13.4,5,132.2,0,False,False,True,False,False,False
60.0,3,0,1529.5,36.2,105462,32.7,11.3,7,121.2,0,False,False,False,False,True,False
25.0,1,0,1529.5,36.2,105462,32.7,11.3,11,160.6,0,False,False,False,False,True,False
20.0,1,0,2324.5,16.1,83796,41.1,13.4,12,139.7,0,False,False,True,False,False,False
24.0,1,0,1935.5,19.1,96734,32.2,13.0,3,348.6,0,False,True,False,False,False,False
114.0,4,1,1529.5,36.2,105462,32.7,11.3,6,195.9,0,False,False,False,False,True,False
49.0,2,0,1638.4,25.8,70238,27.7,10.2,3,64.0,0,False,False,False,True,False,False
46.0,2,0,1935.5,19.1,96734,32.2,13.0,6,58.2,0,False,True,False,False,False,False
72.0,3,0,2155.0,15.3,70863,28.8,15.8,3,42.2,0,False,False,False,False,False,True
120.0,5,1,1956.6,18.3,66372,26.5,15.3,7,138.5,0,True,False,False,False,False,False
94.0,4,0,1935.5,19.1,96734,32.2,13.0,9,93.9,0,False,True,False,False,False,False
29.0,1,0,1529.5,36.2,105462,32.7,11.3,4,178.8,0,False,False,False,False,True,False
110.0,4,0,1529.5,36.2,105462,32.7,11.3,11,60.2,0,False,False,False,False,True,False
36.0,2,0,1638.4,25.8,70238,27.7,10.2,12,55.6,0,False,False,False,True,False,False
104.0,4,0,1935.5,19.1,96734,32.2,13.0,7,193.6,0,False,True,False,False,False,False
71.0,3,0,1935.5,19.1,96734,32.2,13.0,2,176.9,0,False,True,False,False,False,False
46.0,3,0,1935.5,19.1,96734,32.2,13.0,6,166.4,0,False,True,False,False,False,False
84.0,4,0,2324.5,16.1,83796,41.1,13.4,6,196.2,0,False,False,True,False,False,False
149.0,5,1,1956.6,18.3,66372,26.5,15.3,11,65.6,0,True,False,False,False,False,False
51.0,2,0,1529.5,36.2,105462,32.7,11.3,3,71.4,0,False,False,False,False,True,False
60.0,4,0,1638.4,25.8,70238,27.7,10.2,12,235.4,0,False,False,False,True,False,False
80.0,4,0,1935.5,19.1,96734,32.2,13.0,10,205.0,0,False,True,False,False,False,False
46.0,2,0,1529.5,36.2,105462,32.7,11.3,11,104.7,0,False,False,False,False,True,False
61.0,3,0,1935.5,19.1,96734,32.2,13.0,11,163.8,1,False,True,False,False,False,False
64.0,3,0,1529.5,36.2,105462,32.7,11.3,3,103.3,0,False,False,False,False,True,False
57.0,3,0,2324.5,16.1,83796,41.1,13.4,4,20.3,0,False,False,True,False,False,False
37.0,2,0,2324.5,16.1,83796,41.1,13.4,11,146.4,0,False,False,True,False,False,False
31.0,2,0,1638.4,25.8,70238,27.7,10.2,12,56.6,0,False,False,False,True,False,False
49.0,2,0,1956.6,18.3,66372,26.5,15.3,4,451.1,0,True,False,False,False,False,False
101.0,5,1,1956.6,18.3,66372,26.5,15.3,9,167.8,0,True,False,False,False,False,False
59.0,3,0,1935.5,19.1,96734,32.2,13.0,4,107.1,1,False,True,False,False,False,False
47.0,2,0,2324.5,16.1,83796,41.1,13.4,11,291.3,0,False,False,True,False,False,False
75.0,4,0,1956.6,18.3,66372,26.5,15.3,9,173.1,0,True,False,False,False,False,False
54.0,3,0,1638.4,25.8,70238,27.7,10.2,12,247.5,0,False,False,False,True,False,False
12.0,1,0,2324.5,16.1,83796,41.1,13.4,1,130.4,0,False,False,True,False,False,False
66.0,3,0,1638.4,25.8,70238,27.7,10.2,10,49.6,0,False,False,False,True,False,False
30.0,1,0,1956.6,18.3,66372,26.5,15.3,5,251.4,0,True,False,False,False,False,False
73.0,4,0,1935.5,19.1,96734,32.2,13.0,3,124.6,0,False,True,False,False,False,False
63.0,4,0,1935.5,19.1,96734,32.2,13.0,10,422.0,0,False,True,False,False,False,False
85.0,2,1,1529.5,36.2,105462,32.7,11.3,3,95.7,0,False,False,False,False,True,False
128.0,2,0,2155.0,15.3,70863,28.8,15.8,2,133.2,0,False,False,False,False,False,True
62.0,4,0,1935.5,19.1,96734,32.2,13.0,7,137.2,0,False,True,False,False,False,False
24.0,1,0,1638.4,25.8,70238,27.7,10.2,9,94.3,0,False,False,False,True,False,False
88.0,3,0,1935.5,19.1,96734,32.2,13.0,8,157.8,1,False,True,False,False,False,False
31.0,2,0,1956.6,18.3,66372,26.5,15.3,10,69.5,0,True,False,False,False,False,False
59.0,3,0,1956.6,18.3,66372,26.5,15.3,2,131.2,0,True,False,False,False,False,False
86.0,3,0,1638.4,25.8,70238,27.7,10.2,1,225.5,0,False,False,False,True,False,False
70.0,5,1,1529.5,36.2,105462,32.7,11.3,7,114.0,0,False,False,False,False,True,False
72.0,3,0,2155.0,15.3,70863,28.8,15.8,4,34.7,0,False,False,False,False,False,True
30.0,1,0,2324.5,16.1,83796,41.1,13.4,3,138.2,0,False,False,True,False,False,False
55.0,3,0,1935.5,19.1,96734,32.2,13.0,10,107.8,0,False,True,False,False,False,False
78.0,3,0,1529.5,36.2,105462,32.7,11.3,2,188.0,0,False,False,False,False,True,False
48.0,2,0,2155.0,15.3,70863,28.8,15.8,4,63.4,0,False,False,False,False,False,True
44.0,2,0,1529.5,36.2,105462,32.7,11.3,9,268.3,0,False,False,False,False,True,False
12.0,1,0,2324.5,16.1,83796,41.1,13.4,12,42.6,1,False,False,True,False,False,False
20.0,1,0,2155.0,15.3,70863,28.8,15.8,12,120.1,0,False,False,False,False,False,True
150.0,5,0,1956.6,18.3,66372,26.5,15.3,7,238.6,0,True,False,False,False,False,False
128.0,5,0,1956.6,18.3,66372,26.5,15.3,2,15.0,0,True,False,False,False,False,False
65.0,3,0,2155.0,15.3,70863,28.8,15.8,3,104.0,0,False,False,False,False,False,True
80.0,3,0,2155.0,15.3,70863,28.8,15.8,4,160.7,0,False,False,False,False,False,True
60.0,3,0,1638.4,25.8,70238,27.7,10.2,9,105.5,0,False,False,False,True,False,False
51.0,2,0,1935.5,19.1,96734,32.2,13.0,4,18.2,0,False,True,False,False,False,False
19.0,1,0,2155.0,15.3,70863,28.8,15.8,11,103.7,0,False,False,False,False,False,True
101.0,4,0,1638.4,25.8,70238,27.7,10.2,9,93.5,0,False,False,False,True,False,False
45.0,2,0,1935.5,19.1,96734,32.2,13.0,10,90.8,0,False,True,False,False,False,False
42.0,2,0,1638.4,25.8,70238,27.7,10.2,12,234.9,0,False,False,False,True,False,False
45.0,2,0,2155.0,15.3,70863,28.8,15.8,7,41.1,0,False,False,False,False,False,True
28.0,1,0,2324.5,16.1,83796,41.1,13.4,10,174.5,0,False,False,True,False,False,False
18.0,1,0,2324.5,16.1,83796,41.1,13.4,12,99.4,0,False,False,True,False,False,False
38.0,3,0,2155.0,15.3,70863,28.8,15.8,7,179.9,0,False,False,False,False,False,True
134.0,6,1,1529.5,36.2,105462,32.7,11.3,11,91.5,0,False,False,False,False,True,False
48.0,2,0,1935.5,19.1,96734,32.2,13.0,12,159.9,0,False,True,False,False,False,False
65.0,3,0,1638.4,25.8,70238,27.7,10.2,1,27.4,0,False,False,False,True,False,False
69.0,3,0,1529.5,36.2,105462,32.7,11.3,12,217.6,0,False,False,False,False,True,False
86.0,4,0,2155.0,15.3,70863,28.8,15.8,10,116.0,0,False,False,False,False,False,True
62.0,2,0,1956.6,18.3,66372,26.5,15.3,8,137.9,0,True,False,False,False,False,False
16.0,1,0,1956.6,18.3,66372,26.5,15.3,2,99.1,1,True,False,False,False,False,False
64.0,3,0,1529.5,36.2,105462,32.7,11.3,2,73.0,0,False,False,False,False,True,False
27.0,1,0,1638.4,25.8,70238,27.7,10.2,12,97.4,0,False,False,False,True,False,False
20.0,1,0,1638.4,25.8,70238,27.7,10.2,2,59.5,0,False,False,False,True,False,False
36.0,1,0,2324.5,16.1,83796,41.1,13.4,1,156.5,0,False,False,True,False,False,False
18.0,1,0,2155.0,15.3,70863,28.8,15.8,1,103.7,0,False,False,False,False,False,True
61.0,3,0,1935.5,19.1,96734,32.2,13.0,11,74.5,0,False,True,False,False,False,False
100.0,5,1,2155.0,15.3,70863,28.8,15.8,10,186.1,0,False,False,False,False,False,True
54.0,3,0,1638.4,25.8,70238,27.7,10.2,10,235.9,0,False,False,False,True,False,False
59.0,3,0,1935.5,19.1,96734,32.2,13.0,7,218.3,0,False,True,False,False,False,False
33.0,1,0,1935.5,19.1,96734,32.2,13.0,5,113.5,0,False,True,False,False,False,False
16.0,1,0,2324.5,16.1,83796,41.1,13.4,2,64.9,0,False,False,True,False,False,False
31.0,1,0,1529.5,36.2,105462,32.7,11.3,1,70.0,0,False,False,False,False,True,False
47.0,1,0,1529.5,36.2,105462,32.7,11.3,11,156.9,0,False,False,False,False,True,False
59.0,3,0,2155.0,15.3,70863,28.8,15.8,9,283.6,0,False,False,False,False,False,True
48.0,2,0,1529.5,36.2,105462,32.7,11.3,11,58.0,0,False,False,False,False,True,False
60.0,3,0,2155.0,15.3,70863,28.8,15.8,9,88.1,0,False,False,False,False,False,True
89.0,4,0,1529.5,36.2,105462,32.7,11.3,10,64.3,0,False,False,False,False,True,False
28.0,1,0,2324.5,16.1,83796,41.1,13.4,10,161.2,0,False,False,True,False,False,False
89.0,4,1,1956.6,18.3,66372,26.5,15.3,11,105.9,0,True,False,False,False,False,False
21.0,1,0,1956.6,18.3,66372,26.5,15.3,3,162.6,0,True,False,False,False,False,False
125.0,7,1,1529.5,36.2,105462,32.7,11.3,3,276.3,0,False,False,False,False,True,False
60.0,3,0,2155.0,15.3,70863,28.8,15.8,4,57.1,0,False,False,False,False,False,True
77.0,4,0,2155.0,15.3,70863,28.8,15.8,6,51.3,0,False,False,False,False,False,True
63.0,4,0,1935.5,19.1,96734,32.2,13.0,9,74.6,0,False,True,False,False,False,False
36.0,2,0,1935.5,19.1,96734,32.2,13.0,9,265.9,0,False,True,False,False,False,False
20.0,1,0,2324.5,16.1,83796,41.1,13.4,4,166.9,0,False,False,True,False,False,False
40.0,2,0,2324.5,16.1,83796,41.1,13.4,7,83.0,0,False,False,True,False,False,False
68.0,3,0,1935.5,19.1,96734,32.2,13.0,10,373.2,0,False,True,False,False,False,False
67.0,3,0,1935.5,19.1,96734,32.2,13.0,9,51.5,0,False,True,False,False,False,False
22.0,1,0,2324.5,16.1,83796,41.1,13.4,10,207.2,1,False,False,True,False,False,False
66.0,3,0,2324.5,16.1,83796,41.1,13.4,5,101.1,0,False,False,True,False,False,False
80.0,4,0,1638.4,25.8,70238,27.7,10.2,8,192.5,0,False,False,False,True,False,False
58.0,3,0,1638.4,25.8,70238,27.7,10.2,5,112.3,0,False,False,False,True,False,False
20.0,1,0,2324.5,16.1,83796,41.1,13.4,7,92.5,0,False,False,True,False,False,False
113.0,5,0,1956.6,18.3,66372,26.5,15.3,10,243.9,0,True,False,False,False,False,False
43.0,2,0,1935.5,19.1,96734,32.2,13.0,6,160.3,0,False,True,False,False,False,False
90.0,3,0,2324.5,16.1,83796,41.1,13.4,1,85.5,0,False,False,True,False,False,False
55.0,2,0,1935.5,19.1,96734,32.2,13.0,2,76.1,0,False,True,False,False,False,False
100.0,5,0,2324.5,16.1,83796,41.1,13.4,5,165.4,0,False,False,True,False,False,False
81.0,3,0,1529.5,36.2,105462,32.7,11.3,5,179.7,0,False,False,False,False,True,False
61.0,3,0,1529.5,36.2,105462,32.7,11.3,5,120.3,0,False,False,False,False,True,False
79.0,4,0,1529.5,36.2,105462,32.7,11.3,6,115.5,0,False,False,False,False,True,False
31.0,2,0,1956.6,18.3,66372,26.5,15.3,12,12.7,0,True,False,False,False,False,False
62.0,3,0,1935.5,19.1,96734,32.2,13.0,8,92.8,0,False,True,False,False,False,False
39.0,2,0,1529.5,36.2,105462,32.7,11.3,6,32.9,0,False,False,False,False,True,False
46.0,2,0,1529.5,36.2,105462,32.7,11.3,12,179.4,0,False,False,False,False,True,False
59.0,3,0,1638.4,25.8,70238,27.7,10.2,6,238.6,0,False,False,False,True,False,False
59.0,3,0,1956.6,18.3,66372,26.5,15.3,6,519.7,0,True,False,False,False,False,False
38.0,2,0,1529.5,36.2,105462,32.7,11.3,7,205.0,0,False,False,False,False,True,False
64.0,3,0,1529.5,36.2,105462,32.7,11.3,1,471.9,0,False,False,False,False,True,False
87.0,4,0,2155.0,15.3,70863,28.8,15.8,9,227.9,0,False,False,False,False,False,True
70.0,3,0,1956.6,18.3,66372,26.5,15.3,3,40.5,0,True,False,False,False,False,False
65.0,3,0,1638.4,25.8,70238,27.7,10.2,3,209.0,0,False,False,False,True,False,False
61.0,4,0,1935.5,19.1,96734,32.2,13.0,1,137.2,0,False,True,False,False,False,False
44.0,1,0,1638.4,25.8,70238,27.7,10.2,4,111.4,0,False,False,False,True,False,False
118.0,3,1,1935.5,19.1,96734,32.2,13.0,2,84.5,0,False,True,False,False,False,False
214.0,7,0,1638.4,25.8,70238,27.7,10.2,5,8.1,0,False,False,False,True,False,False
61.0,2,0,2155.0,15.3,70863,28.8,15.8,7,42.0,0,False,False,False,False,False,True
137.0,5,1,1529.5,36.2,105462,32.7,11.3,8,276.9,0,False,False,False,False,True,False
88.0,4,1,1956.6,18.3,66372,26.5,15.3,9,282.5,0,True,False,False,False,False,False
50.0,2,0,1935.5,19.1,96734,32.2,13.0,2,76.0,0,False,True,False,False,False,False
76.0,4,0,2155.0,15.3,70863,28.8,15.8,4,312.8,0,False,False,False,False,False,True
55.0,3,0,1638.4,25.8,70238,27.7,10.2,5,28.6,0,False,False,False,True,False,False
90.0,4,1,2155.0,15.3,70863,28.8,15.8,9,91.4,0,False,False,False,False,False,True
65.0,4,0,2155.0,15.3,70863,28.8,15.8,5,24.4,0,False,False,False,False,False,True
64.0,4,1,1956.6,18.3,66372,26.5,15.3,8,334.8,0,True,False,False,False,False,False
37.0,1,0,1935.5,19.1,96734,32.2,13.0,2,178.7,0,False,True,False,False,False,False
41.0,2,0,1935.5,19.1,96734,32.2,13.0,9,409.8,0,False,True,False,False,False,False
62.0,3,0,2155.0,15.3,70863,28.8,15.8,3,278.5,0,False,False,False,False,False,True
70.0,4,0,1935.5,19.1,96734,32.2,13.0,11,151.3,0,False,True,False,False,False,False
23.0,1,0,2324.5,16.1,83796,41.1,13.4,2,47.0,0,False,False,True,False,False,False
26.0,1,0,1529.5,36.2,105462,32.7,11.3,1,39.0,0,False,False,False,False,True,False
55.0,3,0,1529.5,36.2,105462,32.7,11.3,9,279.5,1,False,False,False,False,True,False
50.0,2,1,1956.6,18.3,66372,26.5,15.3,10,37.5,0,True,False,False,False,False,False
47.0,2,0,1529.5,36.2,105462,32.7,11.3,2,179.4,0,False,False,False,False,True,False
28.0,2,0,2324.5,16.1,83796,41.1,13.4,6,312.7,0,False,False,True,False,False,False
71.0,3,1,1956.6,18.3,66372,26.5,15.3,4,38.1,0,True,False,False,False,False,False
28.0,1,0,1529.5,36.2,105462,32.7,11.3,12,63.7,0,False,False,False,False,True,False
64.0,3,1,1638.4,25.8,70238,27.7,10.2,9,184.2,0,False,False,False,True,False,False
80.0,4,0,1638.4,25.8,70238,27.7,10.2,5,71.2,0,False,False,False,True,False,False
84.0,4,0,1935.5,19.1,96734,32.2,13.0,6,110.7,0,False,True,False,False,False,False
115.0,5,0,2155.0,15.3,70863,28.8,15.8,4,74.2,0,False,False,False,False,False,True
62.0,3,0,1935.5,19.1,96734,32.2,13.0,1,93.9,0,False,True,False,False,False,False
50.0,2,0,1638.4,25.8,70238,27.7,10.2,4,214.2,0,False,False,False,True,False,False
63.0,4,0,1935.5,19.1,96734,32.2,13.0,1,389.6,0,False,True,False,False,False,False
37.0,3,0,2324.5,16.1,83796,41.1,13.4,6,92.1,0,False,False,True,False,False,False
50.0,2,0,2324.5,16.1,83796,41.1,13.4,6,133.2,0,False,False,True,False,False,False
42.0,2,0,1935.5,19.1,96734,32.2,13.0,3,88.1,0,False,True,False,False,False,False
80.0,4,0,2155.0,15.3,70863,28.8,15.8,3,177.1,0,False,False,False,False,False,True
66.0,3,0,1956.6,18.3,66372,26.5,15.3,10,221.4,0,True,False,False,False,False,False
55.0,2,0,2324.5,16.1,83796,41.1,13.4,11,23.2,0,False,False,True,False,False,False
33.0,2,0,1529.5,36.2,105462,32.7,11.3,5,40.8,0,False,False,False,False,True,False
68.0,4,0,1638.4,25.8,70238,27.7,10.2,10,130.0,0,False,False,False,True,False,False
29.0,2,0,1529.5,36.2,105462,32.7,11.3,10,150.8,0,False,False,False,False,True,False
49.0,2,0,1638.4,25.8,70238,27.7,10.2,12,54.4,0,False,False,False,True,False,False
46.0,2,0,2324.5,16.1,83796,41.1,13.4,9,158.4,0,False,False,True,False,False,False
60.0,3,0,1935.5,19.1,96734,32.2,13.0,1,218.3,0,False,True,False,False,False,False
44.0,2,0,2324.5,16.1,83796,41.1,13.4,8,154.5,0,False,False,True,False,False,False
154.0,5,0,2324.5,16.1,83796,41.1,13.4,9,215.7,0,False,False,True,False,False,False
40.0,2,0,1935.5,19.1,96734,32.2,13.0,12,138.8,0,False,True,False,False,False,False
20.0,1,0,2155.0,15.3,70863,28.8,15.8,10,120.1,0,False,False,False,False,False,True
63.0,3,0,1529.5,36.2,105462,32.7,11.3,11,149.0,1,False,False,False,False,True,False
106.0,5,1,1956.6,18.3,66372,26.5,15.3,12,220.5,0,True,False,False,False,False,False
82.0,4,0,1935.5,19.1,96734,32.2,13.0,7,139.7,0,False,True,False,False,False,False
126.0,6,1,1935.5,19.1,96734,32.2,13.0,12,109.3,0,False,True,False,False,False,False
49.0,2,0,2324.5,16.1,83796,41.1,13.4,10,123.2,0,False,False,True,False,False,False
21.0,1,0,1529.5,36.2,105462,32.7,11.3,3,48.3,0,False,False,False,False,True,False
68.0,4,0,2324.5,16.1,83796,41.1,13.4,6,196.4,0,False,False,True,False,False,False
43.0,2,0,1935.5,19.1,96734,32.2,13.0,7,52.2,1,False,True,False,False,False,False
83.0,4,1,1529.5,36.2,105462,32.7,11.3,3,190.4,0,False,False,False,False,True,False
64.0,3,0,1935.5,19.1,96734,32.2,13.0,3,241.0,0,False,True,False,False,False,False
69.0,3,0,1935.5,19.1,96734,32.2,13.0,5,142.9,0,False,True,False,False,False,False
65.0,3,0,1529.5,36.2,105462,32.7,11.3,11,57.6,0,False,False,False,False,True,False
73.0,4,0,1935.5,19.1,96734,32.2,13.0,8,301.4,0,False,True,False,False,False,False
78.0,4,0,1935.5,19.1,96734,32.2,13.0,10,108.4,0,False,True,False,False,False,False
11.0,1,0,2324.5,16.1,83796,41.1,13.4,3,116.2,0,False,False,True,False,False,False
57.0,3,0,1638.4,25.8,70238,27.7,10.2,3,101.1,0,False,False,False,True,False,False
45.0,2,0,1956.6,18.3,66372,26.5,15.3,8,200.6,0,True,False,False,False,False,False
91.0,4,0,2155.0,15.3,70863,28.8,15.8,8,165.6,0,False,False,False,False,False,True
28.0,1,0,2324.5,16.1,83796,41.1,13.4,12,73.9,0,False,False,True,False,False,False
29.0,1,0,1529.5,36.2,105462,32.7,11.3,2,265.4,0,False,False,False,False,True,False
42.0,2,0,1638.4,25.8,70238,27.7,10.2,7,156.7,1,False,False,False,True,False,False
49.0,2,0,2324.5,16.1,83796,41.1,13.4,9,74.6,0,False,False,True,False,False,False
84.0,4,1,1935.5,19.1,96734,32.2,13.0,10,129.1,0,False,True,False,False,False,False
38.0,2,0,2324.5,16.1,83796,41.1,13.4,1,128.9,0,False,False,True,False,False,False
39.0,2,0,1638.4,25.8,70238,27.7,10.2,2,223.8,0,False,False,False,True,False,False
102.0,5,0,1529.5,36.2,105462,32.7,11.3,3,60.4,0,False,False,False,False,True,False
36.0,2,0,1529.5,36.2,105462,32.7,11.3,6,210.8,0,False,False,False,False,True,False
44.0,2,0,1956.6,18.3,66372,26.5,15.3,2,148.6,0,True,False,False,False,False,False
107.0,5,0,1638.4,25.8,70238,27.7,10.2,5,250.5,0,False,False,False,True,False,False
62.0,3,0,1935.5,19.1,96734,32.2,13.0,3,115.2,0,False,True,False,False,False,False
63.0,3,0,1529.5,36.2,105462,32.7,11.3,5,177.1,0,False,False,False,False,True,False
43.0,3,0,1638.4,25.8,70238,27.7,10.2,12,83.9,0,False,False,False,True,False,False
20.0,1,0,2155.0,15.3,70863,28.8,15.8,10,120.1,0,False,False,False,False,False,True
57.0,3,0,2324.5,16.1,83796,41.1,13.4,8,62.5,0,False,False,True,False,False,False
60.0,1,0,1638.4,25.8,70238,27.7,10.2,9,198.7,0,False,False,False,True,False,False
60.0,3,1,1935.5,19.1,96734,32.2,13.0,7,160.9,0,False,True,False,False,False,False
28.0,1,0,1529.5,36.2,105462,32.7,11.3,11,94.9,1,False,False,False,False,True,False
20.0,1,0,2324.5,16.1,83796,41.1,13.4,12,199.1,0,False,False,True,False,False,False
78.0,3,0,1638.4,25.8,70238,27.7,10.2,6,232.3,0,False,False,False,True,False,False
120.0,4,0,1529.5,36.2,105462,32.7,11.3,6,122.2,0,False,False,False,False,True,False
41.0,1,0,2324.5,16.1,83796,41.1,13.4,2,134.1,0,False,False,True,False,False,False
78.0,4,0,1935.5,19.1,96734,32.2,13.0,5,37.5,0,False,True,False,False,False,False
46.0,2,0,1638.4,25.8,70238,27.7,10.2,8,170.0,0,False,False,False,True,False,False
73.0,3,0,1529.5,36.2,105462,32.7,11.3,9,74.1,0,False,False,False,False,True,False
78.0,3,0,1529.5,36.2,105462,32.7,11.3,7,141.6,1,False,False,False,False,True,False
106.0,5,0,2155.0,15.3,70863,28.8,15.8,3,144.7,0,False,False,False,False,False,True
73.0,3,0,1529.5,36.2,105462,32.7,11.3,1,235.9,0,False,False,False,False,True,False
49.0,2,0,1956.6,18.3,66372,26.5,15.3,4,47.4,0,True,False,False,False,False,False
65.0,3,0,1935.5,19.1,96734,32.2,13.0,7,93.9,0,False,True,False,False,False,False
86.0,4,0,2155.0,15.3,70863,28.8,15.8,9,165.4,0,False,False,False,False,False,True
101.0,3,1,1638.4,25.8,70238,27.7,10.2,11,207.4,0,False,False,False,True,False,False
39.0,2,0,1935.5,19.1,96734,32.2,13.0,4,22.6,0,False,True,False,False,False,False
67.0,4,0,1638.4,25.8,70238,27.7,10.2,9,285.0,0,False,False,False,True,False,False
48.0,2,0,1529.5,36.2,105462,32.7,11.3,1,151.4,0,False,False,False,False,True,False
90.0,5,1,1956.6,18.3,66372,26.5,15.3,4,227.3,0,True,False,False,False,False,False
66.0,3,0,2155.0,15.3,70863,28.8,15.8,12,102.5,0,False,False,False,False,False,True
51.0,2,0,1935.5,19.1,96734,32.2,13.0,5,43.5,0,False,True,False,False,False,False
104.0,3,1,2155.0,15.3,70863,28.8,15.8,12,327.9,0,False,False,False,False,False,True
18.0,1,0,1529.5,36.2,105462,32.7,11.3,7,179.9,0,False,False,False,False,True,False
72.0,3,0,1638.4,25.8,70238,27.7,10.2,12,339.5,0,False,False,False,True,False,False
18.0,1,0,2324.5,16.1,83796,41.1,13.4,5,118.4,0,False,False,True,False,False,False
55.0,2,0,1638.4,25.8,70238,27.7,10.2,2,80.0,0,False,False,False,True,False,False
33.0,2,0,1935.5,19.1,96734,32.2,13.0,7,81.9,0,False,True,False,False,False,False
39.0,1,0,2324.5,16.1,83796,41.1,13.4,11,146.4,0,False,False,True,False,False,False
17.0,1,0,1638.4,25.8,70238,27.7,10.2,11,111.2,0,False,False,False,True,False,False
67.0,4,0,1638.4,25.8,70238,27.7,10.2,7,112.4,0,False,False,False,True,False,False
106.0,5,1,1638.4,25.8,70238,27.7,10.2,1,225.0,0,False,False,False,True,False,False
56.0,3,0,1935.5,19.1,96734,32.2,13.0,9,151.3,0,False,True,False,False,False,False
32.0,2,0,1638.4,25.8,70238,27.7,10.2,1,89.2,0,False,False,False,True,False,False
79.0,4,0,2155.0,15.3,70863,28.8,15.8,10,145.7,0,False,False,False,False,False,True
20.0,1,0,2155.0,15.3,70863,28.8,15.8,12,34.9,0,False,False,False,False,False,True
52.0,2,0,2324.5,16.1,83796,41.1,13.4,10,118.4,0,False,False,True,False,False,False
60.0,3,0,2324.5,16.1,83796,41.1,13.4,7,111.6,0,False,False,True,False,False,False
110.0,4,0,2324.5,16.1,83796,41.1,13.4,7,128.2,0,False,False,True,False,False,False
70.0,3,0,1935.5,19.1,96734,32.2,13.0,11,133.6,0,False,True,False,False,False,False
58.0,3,0,2155.0,15.3,70863,28.8,15.8,3,105.2,0,False,False,False,False,False,True
63.0,3,0,1529.5,36.2,105462,32.7,11.3,3,138.4,0,False,False,False,False,True,False
69.0,3,0,1935.5,19.1,96734,32.2,13.0,6,207.1,1,False,True,False,False,False,False
42.0,2,0,2324.5,16.1,83796,41.1,13.4,6,121.7,0,False,False,True,False,False,False
55.0,3,0,1638.4,25.8,70238,27.7,10.2,1,61.3,0,False,False,False,True,False,False
150.0,5,1,2155.0,15.3,70863,28.8,15.8,7,269.8,0,False,False,False,False,False,True
51.0,2,0,2324.5,16.1,83796,41.1,13.4,3,226.2,0,False,False,True,False,False,False
27.0,1,0,1529.5,36.2,105462,32.7,11.3,12,169.1,0,False,False,False,False,True,False
53.0,2,0,2155.0,15.3,70863,28.8,15.8,9,175.8,0,False,False,False,False,False,True
58.0,3,1,1956.6,18.3,66372,26.5,15.3,9,222.2,0,True,False,False,False,False,False
30.0,2,0,1638.4,25.8,70238,27.7,10.2,1,249.3,0,False,False,False,True,False,False
87.0,4,0,1935.5,19.1,96734,32.2,13.0,1,100.5,0,False,True,False,False,False,False
28.0,2,0,2324.5,16.1,83796,41.1,13.4,10,64.0,0,False,False,True,False,False,False
57.0,3,0,2324.5,16.1,83796,41.1,13.4,12,123.5,0,False,False,True,False,False,False
76.0,4,0,1935.5,19.1,96734,32.2,13.0,12,162.9,0,False,True,False,False,False,False
55.0,1,0,1529.5,36.2,105462,32.7,11.3,11,241.9,0,False,False,False,False,True,False
63.0,3,0,2155.0,15.3,70863,28.8,15.8,3,95.2,0,False,False,False,False,False,True
57.0,3,0,1935.5,19.1,96734,32.2,13.0,10,281.3,0,False,True,False,False,False,False
64.0,4,0,1529.5,36.2,105462,32.7,11.3,6,91.4,0,False,False,False,False,True,False
69.0,3,0,2155.0,15.3,70863,28.8,15.8,2,222.8,0,False,False,False,False,False,True
70.0,3,0,2324.5,16.1,83796,41.1,13.4,6,127.5,0,False,False,True,False,False,False
87.0,4,0,2155.0,15.3,70863,28.8,15.8,10,136.5,0,False,False,False,False,False,True
59.0,3,0,1935.5,19.1,96734,32.2,13.0,1,98.6,0,False,True,False,False,False,False
87.0,4,0,1956.6,18.3,66372,26.5,15.3,12,43.3,1,True,False,False,False,False,False
58.0,3,0,2155.0,15.3,70863,28.8,15.8,11,110.2,0,False,False,False,False,False,True
33.0,2,0,1956.6,18.3,66372,26.5,15.3,6,181.6,0,True,False,False,False,False,False
17.0,1,0,2324.5,16.1,83796,41.1,13.4,5,113.7,0,False,False,True,False,False,False
32.0,1,0,1529.5,36.2,105462,32.7,11.3,3,128.4,0,False,False,False,False,True,False
77.0,3,0,1956.6,18.3,66372,26.5,15.3,9,81.6,0,True,False,False,False,False,False
75.0,2,0,2324.5,16.1,83796,41.1,13.4,4,104.5,0,False,False,True,False,False,False
53.0,2,0,2155.0,15.3,70863,28.8,15.8,11,108.2,0,False,False,False,False,False,True
95.0,4,0,2324.5,16.1,83796,41.1,13.4,4,50.7,0,False,False,True,False,False,False
66.0,3,0,1935.5,19.1,96734,32.2,13.0,10,161.9,0,False,True,False,False,False,False
100.0,4,0,1529.5,36.2,105462,32.7,11.3,11,74.6,0,False,False,False,False,True,False
30.0,2,0,1529.5,36.2,105462,32.7,11.3,5,93.9,0,False,False,False,False,True,False
12.0,1,0,2324.5,16.1,83796,41.1,13.4,5,127.6,0,False,False,True,False,False,False
83.0,3,0,1638.4,25.8,70238,27.7,10.2,1,152.1,0,False,False,False,True,False,False
34.0,2,0,1935.5,19.1,96734,32.2,13.0,11,194.1,0,False,True,False,False,False,False
85.0,4,0,2155.0,15.3,70863,28.8,15.8,3,108.1,0,False,False,False,False,False,True
28.0,1,0,1935.5,19.1,96734,32.2,13.0,12,67.9,0,False,True,False,False,False,False
66.0,3,0,1638.4,25.8,70238,27.7,10.2,7,62.4,0,False,False,False,True,False,False
65.0,4,1,1956.6,18.3,66372,26.5,15.3,2,144.0,0,True,False,False,False,False,False
39.0,2,0,1935.5,19.1,96734,32.2,13.0,3,123.9,0,False,True,False,False,False,False
49.0,3,0,2155.0,15.3,70863,28.8,15.8,5,127.1,0,False,False,False,False,False,True
61.0,3,0,1935.5,19.1,96734,32.2,13.0,3,62.8,0,False,True,False,False,False,False
110.0,4,1,1529.5,36.2,105462,32.7,11.3,12,228.8,0,False,False,False,False,True,False
41.0,2,0,2324.5,16.1,83796,41.1,13.4,7,213.8,0,False,False,True,False,False,False
27.0,2,0,2324.5,16.1,83796,41.1,13.4,5,275.2,0,False,False,True,False,False,False
67.0,3,0,1638.4,25.8,70238,27.7,10.2,7,127.1,0,False,False,False,True,False,False
82.0,4,0,1956.6,18.3,66372,26.5,15.3,12,294.5,0,True,False,False,False,False,False
60.0,3,0,2155.0,15.3,70863,28.8,15.8,4,101.2,0,False,False,False,False,False,True
133.0,4,0,2155.0,15.3,70863,28.8,15.8,4,151.3,0,False,False,False,False,False,True
42.0,2,0,1935.5,19.1,96734,32.2,13.0,5,71.7,0,False,True,False,False,False,False
70.0,3,0,2324.5,16.1,83796,41.1,13.4,5,150.0,0,False,False,True,False,False,False
48.0,2,0,1638.4,25.8,70238,27.7,10.2,5,50.2,1,False,False,False,True,False,False
41.0,2,0,2155.0,15.3,70863,28.8,15.8,5,283.6,0,False,False,False,False,False,True
88.0,4,1,1956.6,18.3,66372,26.5,15.3,8,259.0,0,True,False,False,False,False,False
45.0,2,0,1935.5,19.1,96734,32.2,13.0,2,41.7,0,False,True,False,False,False,False
37.0,2,0,2324.5,16.1,83796,41.1,13.4,7,266.2,1,False,False,True,False,False,False
99.0,4,0,1638.4,25.8,70238,27.7,10.2,6,123.6,0,False,False,False,True,False,False
58.0,3,0,2155.0,15.3,70863,28.8,15.8,8,24.5,0,False,False,False,False,False,True
40.0,2,0,1529.5,36.2,105462,32.7,11.3,12,264.5,0,False,False,False,False,True,False
47.0,2,0,1638.4,25.8,70238,27.7,10.2,8,138.9,0,False,False,False,True,False,False
100.0,6,1,1935.5,19.1,96734,32.2,13.0,2,161.0,0,False,True,False,False,False,False
110.0,5,1,1638.4,25.8,70238,27.7,10.2,7,44.7,0,False,False,False,True,False,False
56.0,3,0,1638.4,25.8,70238,27.7,10.2,10,85.4,0,False,False,False,True,False,False
65.0,2,0,2324.5,16.1,83796,41.1,13.4,10,165.0,0,False,False,True,False,False,False
23.0,1,0,1638.4,25.8,70238,27.7,10.2,9,138.3,0,False,False,False,True,False,False
74.0,4,0,1956.6,18.3,66372,26.5,15.3,12,176.0,0,True,False,False,False,False,False
80.0,3,0,2324.5,16.1,83796,41.1,13.4,1,200.8,0,False,False,True,False,False,False
77.0,4,1,2155.0,15.3,70863,28.8,15.8,11,118.8,0,False,False,False,False,False,True
32.0,1,0,1935.5,19.1,96734,32.2,13.0,1,133.9,0,False,True,False,False,False,False
92.0,4,1,1529.5,36.2,105462,32.7,11.3,12,154.9,0,False,False,False,False,True,False
55.0,3,0,1935.5,19.1,96734,32.2,13.0,5,95.0,0,False,True,False,False,False,False
45.0,2,0,2324.5,16.1,83796,41.1,13.4,8,143.5,0,False,False,True,False,False,False
17.0,1,0,2155.0,15.3,70863,28.8,15.8,9,172.5,0,False,False,False,False,False,True
103.0,4,1,1529.5,36.2,105462,32.7,11.3,10,152.6,1,False,False,False,False,True,False
48.0,2,0,2324.5,16.1,83796,41.1,13.4,8,16.5,0,False,False,True,False,False,False
65.0,3,0,1935.5,19.1,96734,32.2,13.0,2,175.3,0,False,True,False,False,False,False
69.0,3,0,1935.5,19.1,96734,32.2,13.0,9,149.5,0,False,True,False,False,False,False
128.0,5,1,1935.5,19.1,96734,32.2,13.0,2,228.4,0,False,True,False,False,False,False
41.0,2,0,1529.5,36.2,105462,32.7,11.3,6,121.5,0,False,False,False,False,True,False
137.0,5,1,2155.0,15.3,70863,28.8,15.8,7,269.8,0,False,False,False,False,False,True
235.0,9,0,2324.5,16.1,83796,41.1,13.4,1,137.5,0,False,False,True,False,False,False
52.0,3,0,1529.5,36.2,105462,32.7,11.3,4,89.7,0,False,False,False,False,True,False
81.0,3,0,1956.6,18.3,66372,26.5,15.3,4,108.1,0,True,False,False,False,False,False
77.0,4,1,1935.5,19.1,96734,32.2,13.0,12,281.5,0,False,True,False,False,False,False
63.0,3,1,1956.6,18.3,66372,26.5,15.3,8,143.4,0,True,False,False,False,False,False
43.0,2,0,1638.4,25.8,70238,27.7,10.2,6,115.1,1,False,False,False,True,False,False
42.0,2,0,2324.5,16.1,83796,41.1,13.4,2,100.0,0,False,False,True,False,False,False
91.0,4,0,1935.5,19.1,96734,32.2,13.0,4,162.4,0,False,True,False,False,False,False
71.0,3,0,1529.5,36.2,105462,32.7,11.3,4,71.6,0,False,False,False,False,True,False
42.0,2,0,1935.5,19.1,96734,32.2,13.0,9,37.1,0,False,True,False,False,False,False
67.0,3,0,1935.5,19.1,96734,32.2,13.0,11,166.2,0,False,True,False,False,False,False
63.0,3,0,1935.5,19.1,96734,32.2,13.0,10,293.4,0,False,True,False,False,False,False
64.0,3,0,1956.6,18.3,66372,26.5,15.3,6,297.2,1,True,False,False,False,False,False
35.0,2,0,1935.5,19.1,96734,32.2,13.0,9,154.2,1,False,True,False,False,False,False
63.0,3,0,1529.5,36.2,105462,32.7,11.3,3,58.4,0,False,False,False,False,True,False
100.0,4,1,1956.6,18.3,66372,26.5,15.3,10,108.8,0,True,False,False,False,False,False
153.0,5,1,1935.5,19.1,96734,32.2,13.0,1,98.0,0,False,True,False,False,False,False
96.0,5,0,1935.5,19.1,96734,32.2,13.0,2,175.3,0,False,True,False,False,False,False
61.0,3,0,2155.0,15.3,70863,28.8,15.8,10,110.2,0,False,False,False,False,False,True
62.0,3,0,1529.5,36.2,105462,32.7,11.3,7,93.8,0,False,False,False,False,True,False
70.0,3,1,1638.4,25.8,70238,27.7,10.2,3,63.3,0,False,False,False,True,False,False
190.0,6,1,1956.6,18.3,66372,26.5,15.3,9,307.1,0,True,False,False,False,False,False
54.0,3,0,2324.5,16.1,83796,41.1,13.4,4,75.7,0,False,False,True,False,False,False
140.0,4,1,2155.0,15.3,70863,28.8,15.8,4,139.3,0,False,False,False,False,False,True
49.0,3,0,1529.5,36.2,105462,32.7,11.3,11,104.8,0,False,False,False,False,True,False
21.0,1,0,2155.0,15.3,70863,28.8,15.8,12,52.2,0,False,False,False,False,False,True
20.0,1,0,2155.0,15.3,70863,28.8,15.8,7,120.1,0,False,False,False,False,False,True
57.0,3,0,1935.5,19.1,96734,32.2,13.0,11,127.1,0,False,True,False,False,False,False
65.0,3,0,2155.0,15.3,70863,28.8,15.8,9,171.7,0,False,False,False,False,False,True
74.0,4,0,1529.5,36.2,105462,32.7,11.3,5,163.9,0,False,False,False,False,True,False
88.0,3,0,1638.4,25.8,70238,27.7,10.2,5,203.8,0,False,False,False,True,False,False
96.0,4,0,1638.4,25.8,70238,27.7,10.2,12,25.9,0,False,False,False,True,False,False
25.0,1,0,1529.5,36.2,105462,32.7,11.3,4,59.2,0,False,False,False,False,True,False
80.0,4,0,2324.5,16.1,83796,41.1,13.4,4,83.8,0,False,False,True,False,False,False
64.0,3,0,1529.5,36.2,105462,32.7,11.3,12,144.5,0,False,False,False,False,True,False
27.0,2,0,2324.5,16.1,83796,41.1,13.4,4,149.2,0,False,False,True,False,False,False
24.0,1,0,1956.6,18.3,66372,26.5,15.3,9,242.8,0,True,False,False,False,False,False
70.0,4,1,1638.4,25.8,70238,27.7,10.2,3,187.7,0,False,False,False,True,False,False
78.0,4,0,1935.5,19.1,96734,32.2,13.0,11,123.0,0,False,True,False,False,False,False
76.0,4,0,2155.0,15.3,70863,28.8,15.8,11,25.6,0,False,False,False,False,False,True
68.0,3,0,1529.5,36.2,105462,32.7,11.3,10,121.0,0,False,False,False,False,True,False
43.0,2,0,1529.5,36.2,105462,32.7,11.3,2,148.7,0,False,False,False,False,True,False
31.0,1,0,2324.5,16.1,83796,41.1,13.4,10,100.9,0,False,False,True,False,False,False
50.0,2,0,1935.5,19.1,96734,32.2,13.0,7,230.0,0,False,True,False,False,False,False
114.0,5,1,1935.5,19.1,96734,32.2,13.0,9,128.1,0,False,True,False,False,False,False
49.0,2,0,1935.5,19.1,96734,32.2,13.0,3,102.4,0,False,True,False,False,False,False
24.0,1,0,1529.5,36.2,105462,32.7,11.3,7,142.6,0,False,False,False,False,True,False
142.0,5,0,2155.0,15.3,70863,28.8,15.8,12,169.2,0,False,False,False,False,False,True
39.0,2,0,1529.5,36.2,105462,32.7,11.3,9,173.1,0,False,False,False,False,True,False
30.0,2,0,2324.5,16.1,83796,41.1,13.4,12,178.8,0,False,False,True,False,False,False
90.0,4,0,1935.5,19.1,96734,32.2,13.0,10,160.3,0,False,True,False,False,False,False
40.0,2,0,1935.5,19.1,96734,32.2,13.0,5,123.0,0,False,True,False,False,False,False
65.0,4,1,2155.0,15.3,70863,28.8,15.8,3,64.1,0,False,False,False,False,False,True
35.0,1,0,2324.5,16.1,83796,41.1,13.4,10,171.7,0,False,False,True,False,False,False
56.0,3,0,1935.5,19.1,96734,32.2,13.0,4,84.8,0,False,True,False,False,False,False
181.0,6,1,1935.5,19.1,96734,32.2,13.0,12,186.9,0,False,True,False,False,False,False
110.0,4,0,2155.0,15.3,70863,28.8,15.8,4,92.7,0,False,False,False,False,False,True
100.0,6,1,1529.5,36.2,105462,32.7,11.3,2,170.8,0,False,False,False,False,True,False
73.0,1,0,1638.4,25.8,70238,27.7,10.2,7,77.3,0,False,False,False,True,False,False
38.0,2,1,1935.5,19.1,96734,32.2,13.0,2,84.5,0,False,True,False,False,False,False
150.0,6,1,1529.5,36.2,105462,32.7,11.3,2,73.8,0,False,False,False,False,True,False
110.0,4,0,2324.5,16.1,83796,41.1,13.4,2,247.8,0,False,False,True,False,False,False
38.0,2,0,1935.5,19.1,96734,32.2,13.0,4,312.2,0,False,True,False,False,False,False
44.0,2,0,1935.5,19.1,96734,32.2,13.0,7,67.0,0,False,True,False,False,False,False
68.0,3,0,1638.4,25.8,70238,27.7,10.2,11,142.2,0,False,False,False,True,False,False
131.0,5,0,1935.5,19.1,96734,32.2,13.0,9,30.3,0,False,True,False,False,False,False
59.0,3,0,1935.5,19.1,96734,32.2,13.0,3,233.7,0,False,True,False,False,False,False
31.0,1,0,1529.5,36.2,105462,32.7,11.3,12,154.4,0,False,False,False,False,True,False
90.0,5,1,2155.0,15.3,70863,28.8,15.8,4,33.8,0,False,False,False,False,False,True
68.0,4,0,1935.5,19.1,96734,32.2,13.0,7,327.0,0,False,True,False,False,False,False
64.0,3,0,1638.4,25.8,70238,27.7,10.2,5,112.6,0,False,False,False,True,False,False
115.0,5,0,1638.4,25.8,70238,27.7,10.2,4,140.6,0,False,False,False,True,False,False
42.0,2,0,1638.4,25.8,70238,27.7,10.2,7,30.1,0,False,False,False,True,False,False
62.0,3,0,1529.5,36.2,105462,32.7,11.3,9,109.6,0,False,False,False,False,True,False
100.0,5,1,1638.4,25.8,70238,27.7,10.2,12,130.3,0,False,False,False,True,False,False
80.0,4,0,1935.5,19.1,96734,32.2,13.0,8,125.7,0,False,True,False,False,False,False
101.0,5,1,1935.5,19.1,96734,32.2,13.0,11,103.3,0,False,True,False,False,False,False
56.0,3,0,1935.5,19.1,96734,32.2,13.0,4,88.0,0,False,True,False,False,False,False
37.0,2,0,1529.5,36.2,105462,32.7,11.3,12,55.2,0,False,False,False,False,True,False
142.0,5,0,2155.0,15.3,70863,28.8,15.8,10,169.2,0,False,False,False,False,False,True
36.0,2,0,1935.5,19.1,96734,32.2,13.0,3,129.5,0,False,True,False,False,False,False
61.0,3,0,1638.4,25.8,70238,27.7,10.2,7,71.2,0,False,False,False,True,False,False
29.0,1,0,1638.4,25.8,70238,27.7,10.2,5,240.5,0,False,False,False,True,False,False
87.0,4,0,1638.4,25.8,70238,27.7,10.2,11,115.7,0,False,False,False,True,False,False
21.0,1,0,1529.5,36.2,105462,32.7,11.3,2,169.3,0,False,False,False,False,True,False
16.0,1,0,1956.6,18.3,66372,26.5,15.3,5,135.2,0,True,False,False,False,False,False
136.0,4,1,1956.6,18.3,66372,26.5,15.3,11,52.4,0,True,False,False,False,False,False
209.0,6,0,2155.0,15.3,70863,28.8,15.8,4,39.1,0,False,False,False,False,False,True
40.0,2,0,1935.5,19.1,96734,32.2,13.0,8,64.0,1,False,True,False,False,False,False
155.0,5,0,2324.5,16.1,83796,41.1,13.4,12,66.5,0,False,False,True,False,False,False
71.0,3,1,1935.5,19.1,96734,32.2,13.0,10,55.9,0,False,True,False,False,False,False
90.0,3,1,1935.5,19.1,96734,32.2,13.0,11,167.0,0,False,True,False,False,False,False
220.0,6,1,1529.5,36.2,105462,32.7,11.3,12,123.8,0,False,False,False,False,True,False
76.0,3,0,1935.5,19.1,96734,32.2,13.0,7,49.1,0,False,True,False,False,False,False
50.0,2,0,1529.5,36.2,105462,32.7,11.3,12,110.3,0,False,False,False,False,True,False
79.0,4,0,2155.0,15.3,70863,28.8,15.8,6,124.0,0,False,False,False,False,False,True
50.0,2,0,2324.5,16.1,83796,41.1,13.4,12,181.4,0,False,False,True,False,False,False
83.0,4,0,1529.5,36.2,105462,32.7,11.3,1,137.6,0,False,False,False,False,True,False
63.0,3,0,1935.5,19.1,96734,32.2,13.0,9,156.0,0,False,True,False,False,False,False
24.0,1,0,1529.5,36.2,105462,32.7,11.3,10,80.1,0,False,False,False,False,True,False
107.0,4,0,1529.5,36.2,105462,32.7,11.3,2,130.5,0,False,False,False,False,True,False
86.0,4,1,1956.6,18.3,66372,26.5,15.3,6,103.1,0,True,False,False,False,False,False
100.0,4,1,1638.4,25.8,70238,27.7,10.2,10,263.3,1,False,False,False,True,False,False
26.0,1,0,2324.5,16.1,83796,41.1,13.4,3,97.6,0,False,False,True,False,False,False
60.0,3,0,1935.5,19.1,96734,32.2,13.0,3,187.8,0,False,True,False,False,False,False
61.0,4,0,1935.5,19.1,96734,32.2,13.0,12,70.6,0,False,True,False,False,False,False
86.0,4,0,1935.5,19.1,96734,32.2,13.0,12,23.3,0,False,True,False,False,False,False
30.0,1,0,2324.5,16.1,83796,41.1,13.4,2,172.4,0,False,False,True,False,False,False
50.0,2,0,2324.5,16.1,83796,41.1,13.4,12,92.8,0,False,False,True,False,False,False
82.0,5,0,1935.5,19.1,96734,32.2,13.0,4,151.3,0,False,True,False,False,False,False
46.0,2,0,2324.5,16.1,83796,41.1,13.4,4,159.0,0,False,False,True,False,False,False
22.0,1,0,1529.5,36.2,105462,32.7,11.3,9,129.7,0,False,False,False,False,True,False
70.0,3,0,2155.0,15.3,70863,28.8,15.8,10,251.8,0,False,False,False,False,False,True
52.0,3,0,1935.5,19.1,96734,32.2,13.0,1,82.7,0,False,True,False,False,False,False
36.0,2,0,1529.5,36.2,105462,32.7,11.3,3,60.4,0,False,False,False,False,True,False
78.0,4,1,1638.4,25.8,70238,27.7,10.2,1,38.6,0,False,False,False,True,False,False
63.0,3,1,1935.5,19.1,96734,32.2,13.0,3,198.0,0,False,True,False,False,False,False
48.0,3,0,2324.5,16.1,83796,41.1,13.4,8,86.9,0,False,False,True,False,False,False
45.0,2,0,1529.5,36.2,105462,32.7,11.3,1,154.4,0,False,False,False,False,True,False
66.0,3,0,1638.4,25.8,70238,27.7,10.2,10,99.9,0,False,False,False,True,False,False
68.0,2,0,2324.5,16.1,83796,41.1,13.4,10,59.5,0,False,False,True,False,False,False
47.0,2,0,1638.4,25.8,70238,27.7,10.2,6,105.5,0,False,False,False,True,False,False
51.0,2,0,2324.5,16.1,83796,41.1,13.4,9,144.3,0,False,False,True,False,False,False
63.0,3,0,1935.5,19.1,96734,32.2,13.0,6,61.4,0,False,True,False,False,False,False
65.0,4,0,1638.4,25.8,70238,27.7,10.2,4,211.7,0,False,False,False,True,False,False
81.0,3,0,2324.5,16.1,83796,41.1,13.4,9,108.8,0,False,False,True,False,False,False
19.0,1,0,2324.5,16.1,83796,41.1,13.4,4,124.2,0,False,False,True,False,False,False
83.0,4,0,1935.5,19.1,96734,32.2,13.0,5,17.3,0,False,True,False,False,False,False
67.0,3,0,1935.5,19.1,96734,32.2,13.0,4,187.2,0,False,True,False,False,False,False
69.0,3,0,1935.5,19.1,96734,32.2,13.0,10,239.1,0,False,True,False,False,False,False
49.0,3,0,1529.5,36.2,105462,32.7,11.3,1,138.8,0,False,False,False,False,True,False
95.0,4,0,1529.5,36.2,105462,32.7,11.3,2,155.0,0,False,False,False,False,True,False
56.0,3,0,1529.5,36.2,105462,32.7,11.3,7,239.2,0,False,False,False,False,True,False
86.0,4,0,1935.5,19.1,96734,32.2,13.0,10,243.6,0,False,True,False,False,False,False
94.0,4,1,2155.0,15.3,70863,28.8,15.8,4,77.4,0,False,False,False,False,False,True
52.0,2,0,1935.5,19.1,96734,32.2,13.0,7,33.1,0,False,True,False,False,False,False
24.0,1,0,2324.5,16.1,83796,41.1,13.4,10,69.1,0,False,False,True,False,False,False
32.0,1,0,2324.5,16.1,83796,41.1,13.4,12,303.2,0,False,False,True,False,False,False
50.0,3,0,1529.5,36.2,105462,32.7,11.3,11,134.8,0,False,False,False,False,True,False
68.0,4,0,2324.5,16.1,83796,41.1,13.4,7,84.0,0,False,False,True,False,False,False
53.0,2,0,2155.0,15.3,70863,28.8,15.8,9,162.5,0,False,False,False,False,False,True
60.0,3,1,1956.6,18.3,66372,26.5,15.3,6,315.2,0,True,False,False,False,False,False
74.0,4,0,1638.4,25.8,70238,27.7,10.2,1,168.6,0,False,False,False,True,False,False
68.0,3,0,1935.5,19.1,96734,32.2,13.0,10,53.5,0,False,True,False,False,False,False
60.0,3,0,1935.5,19.1,96734,32.2,13.0,8,311.4,0,False,True,False,False,False,False
24.0,1,0,1529.5,36.2,105462,32.7,11.3,6,179.4,0,False,False,False,False,True,False
40.0,3,0,1529.5,36.2,105462,32.7,11.3,4,105.4,0,False,False,False,False,True,False
44.0,1,0,1956.6,18.3,66372,26.5,15.3,12,45.7,0,True,False,False,False,False,False
55.0,2,0,2324.5,16.1,83796,41.1,13.4,6,113.8,0,False,False,True,False,False,False
38.0,1,0,1529.5,36.2,105462,32.7,11.3,9,198.8,0,False,False,False,False,True,False
69.0,3,0,1638.4,25.8,70238,27.7,10.2,9,140.4,0,False,False,False,True,False,False
62.0,2,0,2324.5,16.1,83796,41.1,13.4,6,171.8,0,False,False,True,False,False,False
142.0,4,1,1935.5,19.1,96734,32.2,13.0,1,244.5,0,False,True,False,False,False,False
49.0,2,0,2324.5,16.1,83796,41.1,13.4,7,182.8,0,False,False,True,False,False,False
57.0,3,0,2324.5,16.1,83796,41.1,13.4,11,62.5,0,False,False,True,False,False,False
118.0,4,0,1638.4,25.8,70238,27.7,10.2,3,183.7,0,False,False,False,True,False,False
99.0,3,0,1956.6,18.3,66372,26.5,15.3,9,145.0,0,True,False,False,False,False,False
50.0,2,0,1529.5,36.2,105462,32.7,11.3,5,131.7,0,False,False,False,False,True,False
102.0,6,0,2324.5,16.1,83796,41.1,13.4,9,292.6,0,False,False,True,False,False,False
39.0,2,0,1529.5,36.2,105462,32.7,11.3,4,101.8,0,False,False,False,False,True,False
64.0,3,0,1935.5,19.1,96734,32.2,13.0,1,252.1,0,False,True,False,False,False,False
69.0,3,0,1638.4,25.8,70238,27.7,10.2,9,73.3,0,False,False,False,True,False,False
66.0,3,0,1935.5,19.1,96734,32.2,13.0,1,166.2,0,False,True,False,False,False,False
74.0,3,0,2155.0,15.3,70863,28.8,15.8,3,221.2,0,False,False,False,False,False,True
43.0,2,0,1956.6,18.3,66372,26.5,15.3,8,221.4,0,True,False,False,False,False,False
48.0,2,0,1529.5,36.2,105462,32.7,11.3,6,39.6,0,False,False,False,False,True,False
74.0,3,0,1956.6,18.3,66372,26.5,15.3,11,124.4,0,True,False,False,False,False,False
66.0,4,0,2155.0,15.3,70863,28.8,15.8,8,127.1,0,False,False,False,False,False,True
125.0,4,1,1935.5,19.1,96734,32.2,13.0,9,128.4,0,False,True,False,False,False,False
91.0,4,1,1956.6,18.3,66372,26.5,15.3,1,425.7,0,True,False,False,False,False,False
65.0,3,0,2324.5,16.1,83796,41.1,13.4,9,37.0,0,False,False,True,False,False,False
49.0,1,0,1529.5,36.2,105462,32.7,11.3,3,11.9,0,False,False,False,False,True,False
52.0,2,0,2155.0,15.3,70863,28.8,15.8,7,44.3,0,False,False,False,False,False,True
88.0,4,1,1935.5,19.1,96734,32.2,13.0,12,171.2,0,False,True,False,False,False,False
100.0,4,0,2324.5,16.1,83796,41.1,13.4,11,106.1,0,False,False,True,False,False,False
35.0,2,0,1529.5,36.2,105462,32.7,11.3,11,147.9,0,False,False,False,False,True,False
99.0,4,0,1529.5,36.2,105462,32.7,11.3,7,112.1,0,False,False,False,False,True,False
29.0,1,0,2324.5,16.1,83796,41.1,13.4,8,117.9,0,False,False,True,False,False,False
33.0,1,0,1956.6,18.3,66372,26.5,15.3,12,105.6,0,True,False,False,False,False,False
68.0,3,0,1529.5,36.2,105462,32.7,11.3,6,155.4,1,False,False,False,False,True,False
100.0,3,0,2324.5,16.1,83796,41.1,13.4,1,115.8,0,False,False,True,False,False,False
65.0,3,0,1638.4,25.8,70238,27.7,10.2,12,244.4,0,False,False,False,True,False,False
156.0,6,1,1529.5,36.2,105462,32.7,11.3,1,38.0,0,False,False,False,False,True,False
38.0,1,0,1638.4,25.8,70238,27.7,10.2,12,343.6,0,False,False,False,True,False,False
37.0,1,1,1529.5,36.2,105462,32.7,11.3,1,109.7,0,False,False,False,False,True,False
25.0,1,0,2155.0,15.3,70863,28.8,15.8,5,524.7,0,False,False,False,False,False,True
58.0,3,0,1935.5,19.1,96734,32.2,13.0,9,205.2,0,False,True,False,False,False,False
66.0,3,1,1935.5,19.1,96734,32.2,13.0,6,135.3,0,False,True,False,False,False,False
41.0,2,0,1935.5,19.1,96734,32.2,13.0,11,175.3,0,False,True,False,False,False,False
47.0,2,0,1638.4,25.8,70238,27.7,10.2,7,221.0,1,False,False,False,True,False,False
41.0,2,0,1956.6,18.3,66372,26.5,15.3,5,96.6,0,True,False,False,False,False,False
84.0,5,1,2155.0,15.3,70863,28.8,15.8,7,9.8,0,False,False,False,False,False,True
31.0,1,0,1529.5,36.2,105462,32.7,11.3,8,198.8,0,False,False,False,False,True,False
20.0,1,0,2324.5,16.1,83796,41.1,13.4,10,357.4,0,False,False,True,False,False,False
150.0,5,1,1529.5,36.2,105462,32.7,11.3,9,512.6,0,False,False,False,False,True,False
66.0,3,0,1529.5,36.2,105462,32.7,11.3,9,91.6,0,False,False,False,False,True,False
23.0,1,0,2324.5,16.1,83796,41.1,13.4,9,56.2,0,False,False,True,False,False,False
88.0,4,0,1956.6,18.3,66372,26.5,15.3,10,48.5,0,True,False,False,False,False,False
125.0,5,0,1529.5,36.2,105462,32.7,11.3,7,118.2,0,False,False,False,False,True,False
75.0,2,0,2324.5,16.1,83796,41.1,13.4,6,45.2,0,False,False,True,False,False,False
17.0,1,0,2324.5,16.1,83796,41.1,13.4,3,143.7,0,False,False,True,False,False,False
106.0,5,1,1529.5,36.2,105462,32.7,11.3,9,188.4,0,False,False,False,False,True,False
60.0,3,0,1956.6,18.3,66372,26.5,15.3,7,96.2,0,True,False,False,False,False,False
39.0,2,0,2155.0,15.3,70863,28.8,15.8,7,278.5,0,False,False,False,False,False,True
90.0,4,1,1638.4,25.8,70238,27.7,10.2,6,309.6,0,False,False,False,True,False,False
25.0,1,0,1638.4,25.8,70238,27.7,10.2,8,105.5,0,False,False,False,True,False,False
82.0,3,0,1529.5,36.2,105462,32.7,11.3,8,132.4,0,False,False,False,False,True,False
71.0,4,0,2155.0,15.3,70863,28.8,15.8,5,155.9,0,False,False,False,False,False,True
30.0,1,0,1529.5,36.2,105462,32.7,11.3,1,29.4,0,False,False,False,False,True,False
16.0,1,0,2324.5,16.1,83796,41.1,13.4,7,224.3,0,False,False,True,False,False,False
41.0,2,0,2155.0,15.3,70863,28.8,15.8,12,304.5,0,False,False,False,False,False,True
97.0,4,1,2155.0,15.3,70863,28.8,15.8,12,93.4,0,False,False,False,False,False,True
48.0,3,0,1935.5,19.1,96734,32.2,13.0,5,23.1,0,False,True,False,False,False,False
63.0,2,0,2324.5,16.1,83796,41.1,13.4,9,153.5,0,False,False,True,False,False,False
101.0,4,0,1638.4,25.8,70238,27.7,10.2,11,132.1,0,False,False,False,True,False,False
69.0,3,0,1935.5,19.1,96734,32.2,13.0,9,258.8,0,False,True,False,False,False,False
63.0,4,0,1956.6,18.3,66372,26.5,15.3,10,138.8,0,True,False,False,False,False,False
70.0,3,0,2155.0,15.3,70863,28.8,15.8,9,25.7,0,False,False,False,False,False,True
53.0,2,0,1638.4,25.8,70238,27.7,10.2,12,184.7,0,False,False,False,True,False,False
90.0,5,0,1935.5,19.1,96734,32.2,13.0,12,221.1,0,False,True,False,False,False,False
55.0,3,0,1529.5,36.2,105462,32.7,11.3,5,30.3,0,False,False,False,False,True,False
44.0,2,0,1935.5,19.1,96734,32.2,13.0,4,137.2,0,False,True,False,False,False,False
61.0,3,0,1935.5,19.1,96734,32.2,13.0,11,316.0,0,False,True,False,False,False,False
50.0,2,0,2155.0,15.3,70863,28.8,15.8,10,108.1,0,False,False,False,False,False,True
151.0,3,0,2324.5,16.1,83796,41.1,13.4,11,164.3,0,False,False,True,False,False,False
59.0,3,0,1529.5,36.2,105462,32.7,11.3,3,136.3,0,False,False,False,False,True,False
47.0,2,0,1529.5,36.2,105462,32.7,11.3,11,105.3,0,False,False,False,False,True,False
22.0,1,0,1529.5,36.2,105462,32.7,11.3,5,40.8,0,False,False,False,False,True,False
117.0,5,0,2155.0,15.3,70863,28.8,15.8,2,178.8,1,False,False,False,False,False,True
72.0,3,0,1638.4,25.8,70238,27.7,10.2,11,45.4,0,False,False,False,True,False,False
44.0,2,0,1529.5,36.2,105462,32.7,11.3,4,619.9,0,False,False,False,False,True,False
44.0,2,0,1956.6,18.3,66372,26.5,15.3,6,34.0,0,True,False,False,False,False,False
46.0,2,0,1935.5,19.1,96734,32.2,13.0,5,77.8,0,False,True,False,False,False,False
41.0,2,0,2155.0,15.3,70863,28.8,15.8,1,111.9,0,False,False,False,False,False,True
84.0,4,1,1956.6,18.3,66372,26.5,15.3,2,97.7,0,True,False,False,False,False,False
20.0,1,0,2324.5,16.1,83796,41.1,13.4,4,53.5,0,False,False,True,False,False,False
55.0,3,0,1638.4,25.8,70238,27.7,10.2,1,157.5,0,False,False,False,True,False,False
66.0,3,0,2324.5,16.1,83796,41.1,13.4,1,175.5,0,False,False,True,False,False,False
40.0,1,1,1638.4,25.8,70238,27.7,10.2,12,147.8,0,False,False,False,True,False,False
73.0,4,0,1935.5,19.1,96734,32.2,13.0,8,301.4,0,False,True,False,False,False,False
23.0,1,0,1529.5,36.2,105462,32.7,11.3,6,136.7,0,False,False,False,False,True,False
45.0,2,0,1935.5,19.1,96734,32.2,13.0,6,33.7,0,False,True,False,False,False,False
75.0,4,0,1529.5,36.2,105462,32.7,11.3,5,165.5,0,False,False,False,False,True,False
66.0,3,0,1935.5,19.1,96734,32.2,13.0,10,161.9,0,False,True,False,False,False,False
45.0,2,0,2324.5,16.1,83796,41.1,13.4,1,43.7,0,False,False,True,False,False,False
28.0,1,1,1529.5,36.2,105462,32.7,11.3,4,61.4,0,False,False,False,False,True,False
167.0,4,0,2324.5,16.1,83796,41.1,13.4,12,127.1,0,False,False,True,False,False,False
58.0,3,0,1935.5,19.1,96734,32.2,13.0,6,121.5,1,False,True,False,False,False,False
37.0,2,0,2155.0,15.3,70863,28.8,15.8,10,38.0,0,False,False,False,False,False,True
70.0,4,1,1638.4,25.8,70238,27.7,10.2,10,125.1,0,False,False,False,True,False,False
18.0,1,0,2155.0,15.3,70863,28.8,15.8,12,103.7,0,False,False,False,False,False,True
91.0,4,0,1935.5,19.1,96734,32.2,13.0,9,42.5,0,False,True,False,False,False,False
21.0,1,0,1638.4,25.8,70238,27.7,10.2,10,89.6,0,False,False,False,True,False,False
24.0,1,0,1956.6,18.3,66372,26.5,15.3,7,88.6,0,True,False,False,False,False,False
55.0,2,0,1638.4,25.8,70238,27.7,10.2,12,46.0,0,False,False,False,True,False,False
25.0,2,0,1529.5,36.2,105462,32.7,11.3,7,99.7,0,False,False,False,False,True,False
70.0,3,0,1638.4,25.8,70238,27.7,10.2,12,124.0,0,False,False,False,True,False,False
17.0,2,0,2324.5,16.1,83796,41.1,13.4,12,174.2,0,False,False,True,False,False,False
66.0,3,0,1935.5,19.1,96734,32.2,13.0,7,161.9,0,False,True,False,False,False,False
22.0,1,0,1529.5,36.2,105462,32.7,11.3,9,56.4,0,False,False,False,False,True,False
25.0,1,0,2155.0,15.3,70863,28.8,15.8,8,165.4,0,False,False,False,False,False,True
78.0,4,0,1529.5,36.2,105462,32.7,11.3,8,129.9,0,False,False,False,False,True,False
90.0,3,0,2324.5,16.1,83796,41.1,13.4,6,132.0,0,False,False,True,False,False,False
74.0,3,0,1529.5,36.2,105462,32.7,11.3,6,185.9,0,False,False,False,False,True,False
61.0,3,0,2155.0,15.3,70863,28.8,15.8,2,214.5,0,False,False,False,False,False,True
86.0,5,1,1638.4,25.8,70238,27.7,10.2,8,110.9,0,False,False,False,True,False,False
100.0,3,0,2324.5,16.1,83796,41.1,13.4,8,134.6,0,False,False,True,False,False,False
40.0,2,0,1935.5,19.1,96734,32.2,13.0,3,138.8,0,False,True,False,False,False,False
84.0,4,0,1935.5,19.1,96734,32.2,13.0,5,285.7,0,False,True,False,False,False,False
45.0,3,1,2155.0,15.3,70863,28.8,15.8,10,113.9,0,False,False,False,False,False,True
40.0,2,0,1638.4,25.8,70238,27.7,10.2,6,260.8,1,False,False,False,True,False,False
22.0,1,0,2324.5,16.1,83796,41.1,13.4,1,225.8,0,False,False,True,False,False,False
83.0,3,1,1638.4,25.8,70238,27.7,10.2,12,290.2,0,False,False,False,True,False,False
15.0,1,0,1529.5,36.2,105462,32.7,11.3,7,89.3,0,False,False,False,False,True,False
22.0,1,0,1529.5,36.2,105462,32.7,11.3,12,40.8,0,False,False,False,False,True,False
26.0,1,0,1529.5,36.2,105462,32.7,11.3,6,72.8,0,False,False,False,False,True,False
165.0,8,1,1638.4,25.8,70238,27.7,10.2,7,65.0,0,False,False,False,True,False,False
33.0,2,0,1529.5,36.2,105462,32.7,11.3,2,173.5,0,False,False,False,False,True,False
62.0,3,0,1638.4,25.8,70238,27.7,10.2,10,112.3,0,False,False,False,True,False,False
120.0,5,1,2324.5,16.1,83796,41.1,13.4,8,145.5,0,False,False,True,False,False,False
42.0,2,0,1935.5,19.1,96734,32.2,13.0,1,270.1,0,False,True,False,False,False,False
135.0,6,1,1956.6,18.3,66372,26.5,15.3,7,87.6,0,True,False,False,False,False,False
37.0,2,0,1529.5,36.2,105462,32.7,11.3,4,64.6,0,False,False,False,False,True,False
33.0,2,0,2155.0,15.3,70863,28.8,15.8,6,83.0,0,False,False,False,False,False,True
54.0,3,0,1638.4,25.8,70238,27.7,10.2,7,111.2,0,False,False,False,True,False,False
61.0,3,0,1638.4,25.8,70238,27.7,10.2,6,250.1,0,False,False,False,True,False,False
46.0,2,0,1638.4,25.8,70238,27.7,10.2,12,92.6,0,False,False,False,True,False,False
44.0,2,0,1935.5,19.1,96734,32.2,13.0,12,142.0,0,False,True,False,False,False,False
85.0,4,0,1529.5,36.2,105462,32.7,11.3,5,91.0,0,False,False,False,False,True,False
47.0,2,0,2324.5,16.1,83796,41.1,13.4,10,279.8,0,False,False,True,False,False,False
42.0,2,0,1935.5,19.1,96734,32.2,13.0,3,301.0,0,False,True,False,False,False,False
66.0,3,0,1935.5,19.1,96734,32.2,13.0,1,222.9,0,False,True,False,False,False,False
41.0,2,0,2324.5,16.1,83796,41.1,13.4,7,232.8,0,False,False,True,False,False,False
61.0,3,0,1956.6,18.3,66372,26.5,15.3,10,148.0,0,True,False,False,False,False,False
38.0,2,0,2324.5,16.1,83796,41.1,13.4,8,226.5,0,False,False,True,False,False,False
160.0,5,1,1956.6,18.3,66372,26.5,15.3,2,132.9,0,True,False,False,False,False,False
59.0,3,0,1956.6,18.3,66372,26.5,15.3,9,41.3,0,True,False,False,False,False,False
62.0,3,0,1529.5,36.2,105462,32.7,11.3,3,117.4,0,False,False,False,False,True,False
60.0,3,0,1529.5,36.2,105462,32.7,11.3,8,16.2,0,False,False,False,False,True,False
31.0,1,0,2324.5,16.1,83796,41.1,13.4,2,104.4,0,False,False,True,False,False,False
90.0,4,0,1935.5,19.1,96734,32.2,13.0,9,109.7,0,False,True,False,False,False,False
108.0,3,0,1529.5,36.2,105462,32.7,11.3,7,81.5,0,False,False,False,False,True,False
117.0,4,0,1529.5,36.2,105462,32.7,11.3,3,156.9,0,False,False,False,False,True,False
67.0,3,0,2155.0,15.3,70863,28.8,15.8,9,34.9,0,False,False,False,False,False,True
77.0,4,0,1935.5,19.1,96734,32.2,13.0,11,136.6,0,False,True,False,False,False,False
88.0,4,0,2155.0,15.3,70863,28.8,15.8,12,64.0,0,False,False,False,False,False,True
57.0,3,0,1529.5,36.2,105462,32.7,11.3,9,132.2,0,False,False,False,False,True,False
46.0,2,0,1529.5,36.2,105462,32.7,11.3,6,209.9,0,False,False,False,False,True,False
92.0,4,1,1935.5,19.1,96734,32.2,13.0,8,131.6,0,False,True,False,False,False,False
100.0,5,0,1529.5,36.2,105462,32.7,11.3,1,205.0,0,False,False,False,False,True,False
18.0,1,0,1529.5,36.2,105462,32.7,11.3,6,181.2,0,False,False,False,False,True,False
87.0,6,0,1638.4,25.8,70238,27.7,10.2,7,159.7,1,False,False,False,True,False,False
91.0,2,1,2324.5,16.1,83796,41.1,13.4,7,72.0,0,False,False,True,False,False,False
50.0,2,0,2155.0,15.3,70863,28.8,15.8,2,269.5,0,False,False,False,False,False,True
44.0,2,0,1638.4,25.8,70238,27.7,10.2,7,115.7,0,False,False,False,True,False,False
64.0,4,0,1935.5,19.1,96734,32.2,13.0,8,86.8,0,False,True,False,False,False,False
103.0,5,1,1956.6,18.3,66372,26.5,15.3,7,95.6,0,True,False,False,False,False,False
52.0,3,0,1935.5,19.1,96734,32.2,13.0,4,268.5,0,False,True,False,False,False,False
75.0,4,0,1956.6,18.3,66372,26.5,15.3,5,239.8,0,True,False,False,False,False,False
63.0,3,0,1956.6,18.3,66372,26.5,15.3,4,61.7,0,True,False,False,False,False,False
45.0,2,0,2324.5,16.1,83796,41.1,13.4,9,82.7,0,False,False,True,False,False,False
16.0,1,0,2324.5,16.1,83796,41.1,13.4,6,136.9,0,False,False,True,False,False,False
63.0,4,1,1638.4,25.8,70238,27.7,10.2,11,201.7,0,False,False,False,True,False,False
67.0,3,0,2155.0,15.3,70863,28.8,15.8,3,60.2,0,False,False,False,False,False,True
35.0,2,0,1935.5,19.1,96734,32.2,13.0,11,139.9,0,False,True,False,False,False,False
34.0,2,0,1638.4,25.8,70238,27.7,10.2,11,260.8,1,False,False,False,True,False,False
72.0,3,0,2324.5,16.1,83796,41.1,13.4,5,95.6,0,False,False,True,False,False,False
61.0,3,0,2324.5,16.1,83796,41.1,13.4,6,37.7,0,False,False,True,False,False,False
25.0,1,0,2324.5,16.1,83796,41.1,13.4,12,106.6,0,False,False,True,False,False,False
32.0,1,0,2324.5,16.1,83796,41.1,13.4,9,287.8,0,False,False,True,False,False,False
66.0,3,0,2155.0,15.3,70863,28.8,15.8,9,108.1,0,False,False,False,False,False,True
60.0,3,0,1935.5,19.1,96734,32.2,13.0,6,31.0,0,False,True,False,False,False,False
22.0,1,0,2324.5,16.1,83796,41.1,13.4,6,143.3,0,False,False,True,False,False,False
66.0,4,0,1529.5,36.2,105462,32.7,11.3,6,218.6,0,False,False,False,False,True,False
60.0,3,0,1638.4,25.8,70238,27.7,10.2,7,200.8,0,False,False,False,True,False,False
41.0,2,0,2155.0,15.3,70863,28.8,15.8,9,63.1,0,False,False,False,False,False,True
36.0,2,0,1638.4,25.8,70238,27.7,10.2,2,111.2,0,False,False,False,True,False,False
26.0,1,0,1529.5,36.2,105462,32.7,11.3,9,158.6,0,False,False,False,False,True,False
66.0,3,0,2324.5,16.1,83796,41.1,13.4,8,274.8,0,False,False,True,False,False,False
67.0,3,0,1638.4,25.8,70238,27.7,10.2,1,207.0,0,False,False,False,True,False,False
64.0,3,0,1935.5,19.1,96734,32.2,13.0,1,227.7,0,False,True,False,False,False,False
21.0,1,0,1638.4,25.8,70238,27.7,10.2,2,89.2,0,False,False,False,True,False,False
69.0,3,0,1935.5,19.1,96734,32.2,13.0,3,219.3,0,False,True,False,False,False,False
82.0,4,1,1935.5,19.1,96734,32.2,13.0,6,339.9,0,False,True,False,False,False,False
44.0,1,0,2155.0,15.3,70863,28.8,15.8,10,102.8,0,False,False,False,False,False,True
19.0,1,0,1935.5,19.1,96734,32.2,13.0,3,161.3,0,False,True,False,False,False,False
25.0,1,0,1935.5,19.1,96734,32.2,13.0,12,87.9,0,False,True,False,False,False,False
33.0,2,0,1529.5,36.2,105462,32.7,11.3,4,33.2,0,False,False,False,False,True,False
15.0,1,0,2155.0,15.3,70863,28.8,15.8,7,172.5,0,False,False,False,False,False,True
46.0,3,0,1935.5,19.1,96734,32.2,13.0,7,166.4,0,False,True,False,False,False,False
70.0,4,0,1529.5,36.2,105462,32.7,11.3,10,140.6,0,False,False,False,False,True,False
71.0,4,0,1638.4,25.8,70238,27.7,10.2,9,205.3,0,False,False,False,True,False,False
39.0,2,0,2155.0,15.3,70863,28.8,15.8,5,30.8,0,False,False,False,False,False,True
45.0,2,0,1935.5,19.1,96734,32.2,13.0,11,101.8,0,False,True,False,False,False,False
44.0,2,0,1935.5,19.1,96734,32.2,13.0,5,142.7,0,False,True,False,False,False,False
40.0,1,0,1935.5,19.1,96734,32.2,13.0,8,42.2,0,False,True,False,False,False,False
58.0,3,0,2324.5,16.1,83796,41.1,13.4,1,148.3,0,False,False,True,False,False,False
20.0,1,0,2324.5,16.1,83796,41.1,13.4,1,166.5,0,False,False,True,False,False,False
40.0,2,0,1956.6,18.3,66372,26.5,15.3,8,61.7,0,True,False,False,False,False,False
66.0,4,0,1956.6,18.3,66372,26.5,15.3,11,233.0,0,True,False,False,False,False,False
50.0,2,0,2324.5,16.1,83796,41.1,13.4,10,130.2,0,False,False,True,False,False,False
14.0,1,0,2155.0,15.3,70863,28.8,15.8,8,94.3,0,False,False,False,False,False,True
113.0,5,0,1935.5,19.1,96734,32.2,13.0,6,98.6,0,False,True,False,False,False,False
55.0,3,0,2155.0,15.3,70863,28.8,15.8,2,166.4,0,False,False,False,False,False,True
34.0,2,0,2324.5,16.1,83796,41.1,13.4,6,42.4,0,False,False,True,False,False,False
61.0,3,0,1935.5,19.1,96734,32.2,13.0,11,134.4,0,False,True,False,False,False,False
63.0,3,0,1935.5,19.1,96734,32.2,13.0,5,30.5,0,False,True,False,False,False,False
106.0,4,0,2324.5,16.1,83796,41.1,13.4,5,27.2,0,False,False,True,False,False,False
74.0,3,0,2155.0,15.3,70863,28.8,15.8,11,110.2,0,False,False,False,False,False,True
145.0,5,1,1529.5,36.2,105462,32.7,11.3,10,351.7,0,False,False,False,False,True,False
126.0,5,1,1638.4,25.8,70238,27.7,10.2,5,153.1,0,False,False,False,True,False,False
94.0,5,1,2155.0,15.3,70863,28.8,15.8,12,71.0,0,False,False,False,False,False,True
86.0,4,0,1638.4,25.8,70238,27.7,10.2,4,340.3,0,False,False,False,True,False,False
35.0,2,0,1956.6,18.3,66372,26.5,15.3,1,137.6,0,True,False,False,False,False,False
13.0,1,0,2324.5,16.1,83796,41.1,13.4,4,139.9,0,False,False,True,False,False,False
82.0,3,1,1956.6,18.3,66372,26.5,15.3,5,94.2,0,True,False,False,False,False,False
39.0,1,0,1935.5,19.1,96734,32.2,13.0,7,71.2,0,False,True,False,False,False,False
35.0,2,0,2155.0,15.3,70863,28.8,15.8,5,206.1,0,False,False,False,False,False,True
82.0,4,0,2324.5,16.1,83796,41.1,13.4,5,202.3,0,False,False,True,False,False,False
36.0,1,0,1529.5,36.2,105462,32.7,11.3,1,42.9,0,False,False,False,False,True,False
49.0,2,0,1529.5,36.2,105462,32.7,11.3,12,99.0,0,False,False,False,False,True,False
47.0,3,0,1638.4,25.8,70238,27.7,10.2,5,323.2,0,False,False,False,True,False,False
30.0,2,0,1638.4,25.8,70238,27.7,10.2,10,240.2,0,False,False,False,True,False,False
62.0,3,0,1529.5,36.2,105462,32.7,11.3,6,138.6,0,False,False,False,False,True,False
53.0,2,0,1956.6,18.3,66372,26.5,15.3,2,137.9,0,True,False,False,False,False,False
61.0,3,0,1935.5,19.1,96734,32.2,13.0,11,113.9,1,False,True,False,False,False,False
38.0,2,0,1935.5,19.1,96734,32.2,13.0,3,180.7,0,False,True,False,False,False,False
82.0,4,0,1935.5,19.1,96734,32.2,13.0,8,87.7,0,False,True,False,False,False,False
24.0,2,0,1529.5,36.2,105462,32.7,11.3,11,148.0,0,False,False,False,False,True,False
115.0,5,1,1935.5,19.1,96734,32.2,13.0,8,156.4,0,False,True,False,False,False,False
76.0,5,0,1638.4,25.8,70238,27.7,10.2,4,147.5,0,False,False,False,True,False,False
62.0,3,0,1935.5,19.1,96734,32.2,13.0,9,219.4,0,False,True,False,False,False,False
37.0,2,0,2155.0,15.3,70863,28.8,15.8,10,146.3,0,False,False,False,False,False,True
28.0,1,0,2324.5,16.1,83796,41.1,13.4,6,64.1,0,False,False,True,False,False,False
40.0,2,0,1935.5,19.1,96734,32.2,13.0,7,165.3,0,False,True,False,False,False,False
66.0,3,0,1956.6,18.3,66372,26.5,15.3,12,239.1,0,True,False,False,False,False,False
68.0,3,0,2155.0,15.3,70863,28.8,15.8,2,98.3,0,False,False,False,False,False,True
160.0,5,1,1935.5,19.1,96734,32.2,13.0,2,159.0,0,False,True,False,False,False,False
27.0,1,0,1529.5,36.2,105462,32.7,11.3,5,48.8,0,False,False,False,False,True,False
25.0,1,0,2155.0,15.3,70863,28.8,15.8,11,50.9,0,False,False,False,False,False,True
70.0,4,0,2155.0,15.3,70863,28.8,15.8,5,115.7,0,False,False,False,False,False,True
55.0,4,1,1935.5,19.1,96734,32.2,13.0,10,111.3,0,False,True,False,False,False,False
150.0,5,1,2155.0,15.3,70863,28.8,15.8,4,104.1,0,False,False,False,False,False,True
65.0,2,0,1935.5,19.1,96734,32.2,13.0,6,19.7,0,False,True,False,False,False,False
12.0,1,0,1638.4,25.8,70238,27.7,10.2,4,56.3,0,False,False,False,True,False,False
160.0,7,1,1956.6,18.3,66372,26.5,15.3,8,137.6,0,True,False,False,False,False,False
37.0,2,0,1935.5,19.1,96734,32.2,13.0,9,57.1,0,False,True,False,False,False,False
19.0,2,0,2155.0,15.3,70863,28.8,15.8,6,120.3,0,False,False,False,False,False,True
28.0,2,0,1956.6,18.3,66372,26.5,15.3,9,110.4,0,True,False,False,False,False,False
70.0,4,0,1529.5,36.2,105462,32.7,11.3,7,303.0,0,False,False,False,False,True,False
24.0,1,0,1638.4,25.8,70238,27.7,10.2,10,66.1,0,False,False,False,True,False,False
41.0,2,0,1935.5,19.1,96734,32.2,13.0,12,56.9,0,False,True,False,False,False,False
76.0,4,0,2155.0,15.3,70863,28.8,15.8,7,142.6,0,False,False,False,False,False,True
105.0,4,1,1638.4,25.8,70238,27.7,10.2,11,110.6,0,False,False,False,True,False,False
84.0,4,0,1529.5,36.2,105462,32.7,11.3,1,182.2,1,False,False,False,False,True,False
24.0,2,0,1956.6,18.3,66372,26.5,15.3,11,169.1,0,True,False,False,False,False,False
82.0,4,0,2155.0,15.3,70863,28.8,15.8,7,80.4,0,False,False,False,False,False,True
29.0,1,0,1956.6,18.3,66372,26.5,15.3,2,126.3,0,True,False,False,False,False,False
130.0,5,1,1956.6,18.3,66372,26.5,15.3,7,123.3,0,True,False,False,False,False,False
74.0,4,0,1935.5,19.1,96734,32.2,13.0,6,167.2,0,False,True,False,False,False,False
24.0,1,0,1638.4,25.8,70238,27.7,10.2,8,66.8,0,False,False,False,True,False,False
64.0,3,0,1935.5,19.1,96734,32.2,13.0,10,115.7,0,False,True,False,False,False,False
90.0,4,1,1956.6,18.3,66372,26.5,15.3,4,76.0,0,True,False,False,False,False,False
35.0,1,0,2324.5,16.1,83796,41.1,13.4,12,14.4,0,False,False,True,False,False,False
23.0,2,0,2324.5,16.1,83796,41.1,13.4,12,109.9,0,False,False,True,False,False,False
43.0,2,0,2324.5,16.1,83796,41.1,13.4,10,29.0,0,False,False,True,False,False,False
84.0,4,0,2155.0,15.3,70863,28.8,15.8,9,269.5,0,False,False,False,False,False,True
50.0,3,0,1956.6,18.3,66372,26.5,15.3,6,88.6,0,True,False,False,False,False,False
19.0,1,0,2155.0,15.3,70863,28.8,15.8,7,32.5,0,False,False,False,False,False,True
63.0,3,0,1529.5,36.2,105462,32.7,11.3,7,65.8,0,False,False,False,False,True,False
43.0,2,0,1935.5,19.1,96734,32.2,13.0,8,63.7,0,False,True,False,False,False,False
26.0,1,0,1529.5,36.2,105462,32.7,11.3,9,80.1,0,False,False,False,False,True,False
215.0,7,1,2324.5,16.1,83796,41.1,13.4,9,105.5,0,False,False,True,False,False,False
62.0,3,0,1529.5,36.2,105462,32.7,11.3,3,59.0,0,False,False,False,False,True,False
75.0,4,1,1935.5,19.1,96734,32.2,13.0,9,212.2,0,False,True,False,False,False,False
67.0,4,0,1935.5,19.1,96734,32.2,13.0,12,42.1,0,False,True,False,False,False,False
60.0,3,0,1529.5,36.2,105462,32.7,11.3,8,154.4,0,False,False,False,False,True,False
50.0,2,0,1638.4,25.8,70238,27.7,10.2,9,174.8,0,False,False,False,True,False,False
65.0,4,0,2155.0,15.3,70863,28.8,15.8,3,113.9,0,False,False,False,False,False,True
42.0,2,0,1935.5,19.1,96734,32.2,13.0,5,86.2,0,False,True,False,False,False,False
54.0,2,0,1935.5,19.1,96734,32.2,13.0,7,78.8,0,False,True,False,False,False,False
79.0,4,1,1956.6,18.3,66372,26.5,15.3,11,165.5,0,True,False,False,False,False,False
89.0,4,0,2155.0,15.3,70863,28.8,15.8,7,218.4,0,False,False,False,False,False,True
83.0,4,0,1529.5,36.2,105462,32.7,11.3,10,155.0,0,False,False,False,False,True,False
59.0,3,0,1935.5,19.1,96734,32.2,13.0,9,88.1,0,False,True,False,False,False,False
59.0,3,0,2324.5,16.1,83796,41.1,13.4,8,141.8,0,False,False,True,False,False,False
38.0,2,0,1956.6,18.3,66372,26.5,15.3,2,20.9,0,True,False,False,False,False,False
40.0,2,0,1935.5,19.1,96734,32.2,13.0,1,247.2,0,False,True,False,False,False,False
42.0,2,0,1956.6,18.3,66372,26.5,15.3,5,421.3,0,True,False,False,False,False,False
110.0,4,0,2324.5,16.1,83796,41.1,13.4,10,301.5,0,False,False,True,False,False,False
43.0,2,0,1935.5,19.1,96734,32.2,13.0,6,72.2,0,False,True,False,False,False,False
66.0,4,0,1638.4,25.8,70238,27.7,10.2,2,131.1,0,False,False,False,True,False,False
43.0,2,0,1956.6,18.3,66372,26.5,15.3,3,266.0,0,True,False,False,False,False,False
35.0,1,0,1638.4,25.8,70238,27.7,10.2,10,38.1,0,False,False,False,True,False,False
40.0,2,0,2155.0,15.3,70863,28.8,15.8,6,264.5,0,False,False,False,False,False,True
54.0,2,0,1935.5,19.1,96734,32.2,13.0,12,399.1,0,False,True,False,False,False,False
66.0,3,0,2155.0,15.3,70863,28.8,15.8,7,54.4,0,False,False,False,False,False,True
67.0,3,0,1638.4,25.8,70238,27.7,10.2,6,71.2,0,False,False,False,True,False,False
15.0,1,0,2324.5,16.1,83796,41.1,13.4,12,101.6,0,False,False,True,False,False,False
77.0,4,0,1935.5,19.1,96734,32.2,13.0,7,228.1,0,False,True,False,False,False,False
71.0,3,0,1935.5,19.1,96734,32.2,13.0,2,176.9,0,False,True,False,False,False,False
64.0,3,0,2155.0,15.3,70863,28.8,15.8,10,13.7,0,False,False,False,False,False,True
20.0,1,0,1529.5,36.2,105462,32.7,11.3,12,111.4,0,False,False,False,False,True,False
31.0,2,0,2155.0,15.3,70863,28.8,15.8,7,75.1,0,False,False,False,False,False,True
71.0,3,0,1935.5,19.1,96734,32.2,13.0,11,36.7,0,False,True,False,False,False,False
64.0,3,0,1529.5,36.2,105462,32.7,11.3,9,86.3,0,False,False,False,False,True,False
65.0,3,0,1529.5,36.2,105462,32.7,11.3,3,60.7,0,False,False,False,False,True,False
43.0,2,0,1529.5,36.2,105462,32.7,11.3,4,26.5,0,False,False,False,False,True,False
22.0,1,0,1638.4,25.8,70238,27.7,10.2,9,107.4,0,False,False,False,True,False,False
49.0,2,0,2155.0,15.3,70863,28.8,15.8,1,217.9,0,False,False,False,False,False,True
77.0,2,0,1529.5,36.2,105462,32.7,11.3,10,32.8,0,False,False,False,False,True,False
95.0,4,1,1638.4,25.8,70238,27.7,10.2,10,141.1,0,False,False,False,True,False,False
59.0,3,0,1529.5,36.2,105462,32.7,11.3,11,120.2,0,False,False,False,False,True,False
43.0,2,0,1935.5,19.1,96734,32.2,13.0,12,36.7,0,False,True,False,False,False,False
79.0,4,0,1529.5,36.2,105462,32.7,11.3,1,135.3,0,False,False,False,False,True,False
48.0,2,0,2155.0,15.3,70863,28.8,15.8,3,99.9,0,False,False,False,False,False,True
61.0,3,0,1935.5,19.1,96734,32.2,13.0,7,301.0,0,False,True,False,False,False,False
115.0,5,1,1638.4,25.8,70238,27.7,10.2,5,88.9,0,False,False,False,True,False,False
30.0,1,0,2324.5,16.1,83796,41.1,13.4,1,77.0,0,False,False,True,False,False,False
86.0,4,0,1935.5,19.1,96734,32.2,13.0,8,389.9,0,False,True,False,False,False,False
55.0,3,0,1638.4,25.8,70238,27.7,10.2,7,104.5,0,False,False,False,True,False,False
50.0,2,0,1956.6,18.3,66372,26.5,15.3,8,272.1,0,True,False,False,False,False,False
65.0,3,0,2324.5,16.1,83796,41.1,13.4,7,65.0,0,False,False,True,False,False,False
10.0,1,0,2324.5,16.1,83796,41.1,13.4,1,68.7,1,False,False,True,False,False,False
23.0,1,0,1638.4,25.8,70238,27.7,10.2,12,97.4,0,False,False,False,True,False,False
37.0,1,0,1529.5,36.2,105462,32.7,11.3,7,178.8,0,False,False,False,False,True,False
34.0,2,0,1529.5,36.2,105462,32.7,11.3,11,80.4,0,False,False,False,False,True,False
69.0,3,0,1935.5,19.1,96734,32.2,13.0,7,110.7,0,False,True,False,False,False,False
64.0,3,0,1529.5,36.2,105462,32.7,11.3,7,295.0,0,False,False,False,False,True,False
35.0,2,0,2324.5,16.1,83796,41.1,13.4,2,91.8,1,False,False,True,False,False,False
17.0,1,0,2155.0,15.3,70863,28.8,15.8,5,201.5,0,False,False,False,False,False,True
36.0,1,0,1638.4,25.8,70238,27.7,10.2,8,220.2,0,False,False,False,True,False,False
45.0,2,0,2155.0,15.3,70863,28.8,15.8,2,269.5,0,False,False,False,False,False,True
30.0,2,0,1529.5,36.2,105462,32.7,11.3,7,65.6,0,False,False,False,False,True,False
18.0,1,0,1529.5,36.2,105462,32.7,11.3,7,108.8,0,False,False,False,False,True,False
95.0,4,0,1529.5,36.2,105462,32.7,11.3,2,52.8,0,False,False,False,False,True,False
170.0,6,1,1638.4,25.8,70238,27.7,10.2,3,200.2,0,False,False,False,True,False,False
138.0,5,1,1956.6,18.3,66372,26.5,15.3,12,321.8,0,True,False,False,False,False,False
74.0,4,1,1956.6,18.3,66372,26.5,15.3,9,141.5,0,True,False,False,False,False,False
73.0,5,0,1638.4,25.8,70238,27.7,10.2,12,159.7,1,False,False,False,True,False,False
42.0,2,0,2324.5,16.1,83796,41.1,13.4,6,105.1,0,False,False,True,False,False,False
151.0,5,1,1935.5,19.1,96734,32.2,13.0,10,173.5,0,False,True,False,False,False,False
65.0,3,0,1638.4,25.8,70238,27.7,10.2,7,112.6,0,False,False,False,True,False,False
68.0,3,0,1529.5,36.2,105462,32.7,11.3,11,151.4,0,False,False,False,False,True,False
70.0,4,0,1638.4,25.8,70238,27.7,10.2,4,140.4,0,False,False,False,True,False,False
30.0,2,0,1529.5,36.2,105462,32.7,11.3,12,93.9,0,False,False,False,False,True,False
24.0,2,1,1638.4,25.8,70238,27.7,10.2,3,126.7,0,False,False,False,True,False,False
65.0,3,0,1529.5,36.2,105462,32.7,11.3,5,78.9,0,False,False,False,False,True,False
22.0,1,0,1529.5,36.2,105462,32.7,11.3,6,135.3,0,False,False,False,False,True,False
87.0,4,0,1638.4,25.8,70238,27.7,10.2,2,226.5,0,False,False,False,True,False,False
81.0,4,0,1935.5,19.1,96734,32.2,13.0,1,95.9,0,False,True,False,False,False,False
62.0,3,0,2155.0,15.3,70863,28.8,15.8,12,165.0,0,False,False,False,False,False,True
60.0,2,0,1638.4,25.8,70238,27.7,10.2,4,89.9,0,False,False,False,True,False,False
50.0,2,0,1638.4,25.8,70238,27.7,10.2,11,106.5,0,False,False,False,True,False,False
110.0,4,1,1638.4,25.8,70238,27.7,10.2,12,120.0,0,False,False,False,True,False,False
15.0,1,0,2155.0,15.3,70863,28.8,15.8,6,28.8,0,False,False,False,False,False,True
68.0,3,0,1935.5,19.1,96734,32.2,13.0,4,232.0,0,False,True,False,False,False,False
73.0,4,0,1956.6,18.3,66372,26.5,15.3,12,217.6,0,True,False,False,False,False,False
72.0,4,0,2155.0,15.3,70863,28.8,15.8,10,346.3,0,False,False,False,False,False,True
36.0,2,0,2155.0,15.3,70863,28.8,15.8,10,39.4,0,False,False,False,False,False,True
63.0,3,0,1529.5,36.2,105462,32.7,11.3,4,138.6,0,False,False,False,False,True,False
58.0,3,0,1935.5,19.1,96734,32.2,13.0,10,28.5,0,False,True,False,False,False,False
70.0,4,0,1638.4,25.8,70238,27.7,10.2,1,140.1,0,False,False,False,True,False,False
105.0,5,0,1529.5,36.2,105462,32.7,11.3,2,110.3,0,False,False,False,False,True,False
60.0,3,0,1935.5,19.1,96734,32.2,13.0,3,125.7,0,False,True,False,False,False,False
16.0,1,0,2324.5,16.1,83796,41.1,13.4,1,236.3,0,False,False,True,False,False,False
24.0,2,0,1638.4,25.8,70238,27.7,10.2,7,94.3,0,False,False,False,True,False,False
45.0,2,0,2324.5,16.1,83796,41.1,13.4,12,142.2,0,False,False,True,False,False,False
92.0,4,1,2155.0,15.3,70863,28.8,15.8,12,110.1,0,False,False,False,False,False,True
67.0,4,0,1638.4,25.8,70238,27.7,10.2,4,59.0,0,False,False,False,True,False,False
49.0,2,0,1935.5,19.1,96734,32.2,13.0,8,10.9,0,False,True,False,False,False,False
52.0,3,0,2155.0,15.3,70863,28.8,15.8,11,173.3,0,False,False,False,False,False,True
13.0,1,0,2324.5,16.1,83796,41.1,13.4,12,154.3,1,False,False,True,False,False,False
118.0,6,1,1956.6,18.3,66372,26.5,15.3,4,326.4,0,True,False,False,False,False,False
110.0,4,1,1529.5,36.2,105462,32.7,11.3,2,116.4,0,False,False,False,False,True,False
62.0,3,0,1935.5,19.1,96734,32.2,13.0,3,88.8,0,False,True,False,False,False,False
20.0,1,0,1956.6,18.3,66372,26.5,15.3,4,132.0,0,True,False,False,False,False,False
50.0,2,0,1638.4,25.8,70238,27.7,10.2,2,122.4,0,False,False,False,True,False,False
58.0,3,0,2324.5,16.1,83796,41.1,13.4,10,73.9,0,False,False,True,False,False,False
74.0,4,0,1529.5,36.2,105462,32.7,11.3,7,77.4,0,False,False,False,False,True,False
69.0,3,0,1956.6,18.3,66372,26.5,15.3,10,233.7,0,True,False,False,False,False,False
55.0,2,0,2155.0,15.3,70863,28.8,15.8,7,165.6,0,False,False,False,False,False,True
100.0,5,1,1935.5,19.1,96734,32.2,13.0,3,337.9,1,False,True,False,False,False,False
30.0,1,0,1935.5,19.1,96734,32.2,13.0,12,169.6,0,False,True,False,False,False,False
35.0,2,0,1935.5,19.1,96734,32.2,13.0,6,228.1,0,False,True,False,False,False,False
84.0,3,1,1638.4,25.8,70238,27.7,10.2,12,54.4,0,False,False,False,True,False,False
75.0,3,0,1956.6,18.3,66372,26.5,15.3,1,136.7,0,True,False,False,False,False,False
72.0,3,0,1935.5,19.1,96734,32.2,13.0,6,98.6,0,False,True,False,False,False,False
82.0,4,0,1935.5,19.1,96734,32.2,13.0,1,310.2,0,False,True,False,False,False,False
75.0,3,0,2324.5,16.1,83796,41.1,13.4,3,66.3,0,False,False,True,False,False,False
43.0,2,0,1935.5,19.1,96734,32.2,13.0,5,31.4,0,False,True,False,False,False,False
84.0,3,0,2324.5,16.1,83796,41.1,13.4,4,73.3,0,False,False,True,False,False,False
64.0,4,1,1529.5,36.2,105462,32.7,11.3,7,190.6,0,False,False,False,False,True,False
37.0,2,0,1638.4,25.8,70238,27.7,10.2,6,61.6,0,False,False,False,True,False,False
42.0,2,0,1956.6,18.3,66372,26.5,15.3,6,136.8,0,True,False,False,False,False,False
58.0,3,0,1638.4,25.8,70238,27.7,10.2,6,64.4,0,False,False,False,True,False,False
128.0,5,1,1638.4,25.8,70238,27.7,10.2,12,167.7,0,False,False,False,True,False,False
62.0,3,0,1935.5,19.1,96734,32.2,13.0,1,202.3,0,False,True,False,False,False,False
57.0,3,0,1529.5,36.2,105462,32.7,11.3,4,237.8,0,False,False,False,False,True,False
45.0,2,0,1638.4,25.8,70238,27.7,10.2,8,146.5,0,False,False,False,True,False,False
71.0,5,0,2324.5,16.1,83796,41.1,13.4,5,94.8,0,False,False,True,False,False,False
63.0,3,0,1638.4,25.8,70238,27.7,10.2,4,151.8,0,False,False,False,True,False,False
60.0,3,0,1935.5,19.1,96734,32.2,13.0,12,133.3,0,False,True,False,False,False,False
45.0,2,0,2155.0,15.3,70863,28.8,15.8,2,90.4,0,False,False,False,False,False,True
67.0,3,0,2155.0,15.3,70863,28.8,15.8,11,324.6,0,False,False,False,False,False,True
20.0,1,0,1529.5,36.2,105462,32.7,11.3,2,4.8,0,False,False,False,False,True,False
81.0,4,0,2155.0,15.3,70863,28.8,15.8,2,197.9,0,False,False,False,False,False,True
74.0,3,0,2324.5,16.1,83796,41.1,13.4,3,165.3,0,False,False,True,False,False,False
90.0,4,0,2155.0,15.3,70863,28.8,15.8,6,83.4,0,False,False,False,False,False,True
54.0,2,0,1935.5,19.1,96734,32.2,13.0,5,180.9,0,False,True,False,False,False,False
73.0,4,1,1529.5,36.2,105462,32.7,11.3,9,97.8,0,False,False,False,False,True,False
120.0,4,1,1935.5,19.1,96734,32.2,13.0,12,199.2,0,False,True,False,False,False,False
83.0,4,0,1935.5,19.1,96734,32.2,13.0,10,139.7,0,False,True,False,False,False,False
70.0,3,0,1638.4,25.8,70238,27.7,10.2,11,187.6,0,False,False,False,True,False,False
23.0,1,0,1529.5,36.2,105462,32.7,11.3,5,170.7,0,False,False,False,False,True,False
82.0,4,1,1529.5,36.2,105462,32.7,11.3,6,171.6,0,False,False,False,False,True,False
17.0,1,0,1638.4,25.8,70238,27.7,10.2,6,82.6,0,False,False,False,True,False,False
52.0,2,0,1956.6,18.3,66372,26.5,15.3,2,297.6,0,True,False,False,False,False,False
89.0,3,0,2324.5,16.1,83796,41.1,13.4,6,124.3,0,False,False,True,False,False,False
46.0,3,0,1529.5,36.2,105462,32.7,11.3,5,293.0,0,False,False,False,False,True,False
150.0,5,1,1935.5,19.1,96734,32.2,13.0,1,103.7,0,False,True,False,False,False,False
74.0,4,1,1956.6,18.3,66372,26.5,15.3,8,114.5,0,True,False,False,False,False,False
99.0,4,0,1638.4,25.8,70238,27.7,10.2,3,290.5,0,False,False,False,True,False,False
43.0,2,0,1935.5,19.1,96734,32.2,13.0,2,104.9,0,False,True,False,False,False,False
56.0,3,0,1935.5,19.1,96734,32.2,13.0,8,151.3,0,False,True,False,False,False,False
90.0,4,1,1638.4,25.8,70238,27.7,10.2,4,38.7,0,False,False,False,True,False,False
32.0,2,0,1638.4,25.8,70238,27.7,10.2,9,120.1,0,False,False,False,True,False,False
71.0,3,0,1956.6,18.3,66372,26.5,15.3,6,297.6,0,True,False,False,False,False,False
41.0,2,0,1935.5,19.1,96734,32.2,13.0,12,369.6,0,False,True,False,False,False,False
38.0,2,0,1529.5,36.2,105462,32.7,11.3,5,127.6,0,False,False,False,False,True,False
83.0,4,1,1956.6,18.3,66372,26.5,15.3,10,116.3,0,True,False,False,False,False,False
56.0,3,0,1529.5,36.2,105462,32.7,11.3,7,199.2,0,False,False,False,False,True,False
27.0,1,0,2155.0,15.3,70863,28.8,15.8,4,77.7,0,False,False,False,False,False,True
93.0,3,0,1529.5,36.2,105462,32.7,11.3,11,10.6,0,False,False,False,False,True,False
58.0,3,0,1529.5,36.2,105462,32.7,11.3,2,57.7,0,False,False,False,False,True,False
37.0,1,0,2324.5,16.1,83796,41.1,13.4,12,140.6,1,False,False,True,False,False,False
54.0,3,0,1638.4,25.8,70238,27.7,10.2,9,162.1,0,False,False,False,True,False,False
25.0,1,0,2155.0,15.3,70863,28.8,15.8,1,96.7,0,False,False,False,False,False,True
88.0,4,0,1638.4,25.8,70238,27.7,10.2,11,72.4,0,False,False,False,True,False,False
113.0,5,0,2155.0,15.3,70863,28.8,15.8,8,236.5,0,False,False,False,False,False,True
65.0,4,0,1935.5,19.1,96734,32.2,13.0,10,127.3,0,False,True,False,False,False,False
67.0,3,0,1638.4,25.8,70238,27.7,10.2,9,97.0,0,False,False,False,True,False,False
90.0,4,1,1956.6,18.3,66372,26.5,15.3,2,339.9,0,True,False,False,False,False,False
90.0,4,0,2155.0,15.3,70863,28.8,15.8,7,108.5,0,False,False,False,False,False,True
21.0,1,0,1529.5,36.2,105462,32.7,11.3,10,199.4,0,False,False,False,False,True,False
13.0,1,0,2155.0,15.3,70863,28.8,15.8,7,35.8,0,False,False,False,False,False,True
67.0,3,0,1935.5,19.1,96734,32.2,13.0,2,245.6,0,False,True,False,False,False,False
64.0,4,1,1638.4,25.8,70238,27.7,10.2,7,100.6,0,False,False,False,True,False,False
79.0,3,0,2324.5,16.1,83796,41.1,13.4,2,139.1,1,False,False,True,False,False,False
67.0,4,0,1638.4,25.8,70238,27.7,10.2,11,87.0,0,False,False,False,True,False,False
150.0,7,0,1529.5,36.2,105462,32.7,11.3,10,79.1,0,False,False,False,False,True,False
42.0,2,0,2324.5,16.1,83796,41.1,13.4,12,51.6,0,False,False,True,False,False,False
69.0,3,0,1638.4,25.8,70238,27.7,10.2,6,60.5,0,False,False,False,True,False,False
60.0,3,0,1935.5,19.1,96734,32.2,13.0,2,22.6,0,False,True,False,False,False,False
87.0,4,0,2155.0,15.3,70863,28.8,15.8,6,324.8,0,False,False,False,False,False,True
100.0,4,0,2324.5,16.1,83796,41.1,13.4,12,120.2,0,False,False,True,False,False,False
55.0,3,0,1956.6,18.3,66372,26.5,15.3,2,239.6,1,True,False,False,False,False,False
115.0,3,1,1638.4,25.8,70238,27.7,10.2,10,35.1,0,False,False,False,True,False,False
21.0,1,0,1529.5,36.2,105462,32.7,11.3,12,153.4,0,False,False,False,False,True,False
58.0,3,0,1935.5,19.1,96734,32.2,13.0,7,175.3,0,False,True,False,False,False,False
80.0,5,0,1935.5,19.1,96734,32.2,13.0,12,389.9,0,False,True,False,False,False,False
47.0,2,0,1935.5,19.1,96734,32.2,13.0,12,164.5,0,False,True,False,False,False,False
54.0,3,1,1956.6,18.3,66372,26.5,15.3,9,176.6,0,True,False,False,False,False,False
28.0,1,0,2324.5,16.1,83796,41.1,13.4,9,126.2,0,False,False,True,False,False,False
100.0,4,1,1529.5,36.2,105462,32.7,11.3,2,247.6,1,False,False,False,False,True,False
39.0,2,0,1529.5,36.2,105462,32.7,11.3,12,235.6,0,False,False,False,False,True,False
60.0,3,0,1956.6,18.3,66372,26.5,15.3,8,82.0,0,True,False,False,False,False,False
25.0,1,0,2324.5,16.1,83796,41.1,13.4,9,81.6,0,False,False,True,False,False,False
97.0,4,0,2155.0,15.3,70863,28.8,15.8,7,191.3,0,False,False,False,False,False,True
85.0,4,0,1638.4,25.8,70238,27.7,10.2,9,160.0,0,False,False,False,True,False,False
82.0,4,0,1529.5,36.2,105462,32.7,11.3,3,86.2,0,False,False,False,False,True,False
31.0,1,0,2155.0,15.3,70863,28.8,15.8,10,124.8,0,False,False,False,False,False,True
43.0,2,0,1529.5,36.2,105462,32.7,11.3,4,158.5,0,False,False,False,False,True,False
53.0,2,0,2155.0,15.3,70863,28.8,15.8,3,135.0,0,False,False,False,False,False,True
23.0,1,0,1638.4,25.8,70238,27.7,10.2,12,46.0,0,False,False,False,True,False,False
61.0,3,0,1935.5,19.1,96734,32.2,13.0,1,155.8,0,False,True,False,False,False,False
59.0,3,0,1638.4,25.8,70238,27.7,10.2,10,172.3,0,False,False,False,True,False,False
26.0,1,0,2324.5,16.1,83796,41.1,13.4,10,173.6,0,False,False,True,False,False,False
38.0,2,0,1529.5,36.2,105462,32.7,11.3,8,133.4,0,False,False,False,False,True,False
63.0,3,0,2324.5,16.1,83796,41.1,13.4,4,51.8,0,False,False,True,False,False,False
14.0,1,0,2324.5,16.1,83796,41.1,13.4,3,126.8,0,False,False,True,False,False,False
112.0,6,0,1529.5,36.2,105462,32.7,11.3,9,104.8,0,False,False,False,False,True,False
113.0,3,0,1935.5,19.1,96734,32.2,13.0,4,10.9,0,False,True,False,False,False,False
65.0,3,0,1529.5,36.2,105462,32.7,11.3,9,135.3,0,False,False,False,False,True,False
63.0,3,0,1935.5,19.1,96734,32.2,13.0,9,89.7,0,False,True,False,False,False,False
60.0,2,0,2324.5,16.1,83796,41.1,13.4,12,41.7,1,False,False,True,False,False,False
76.0,4,0,1529.5,36.2,105462,32.7,11.3,1,221.2,0,False,False,False,False,True,False
68.0,3,0,1638.4,25.8,70238,27.7,10.2,2,61.6,0,False,False,False,True,False,False
44.0,2,0,1935.5,19.1,96734,32.2,13.0,4,56.5,0,False,True,False,False,False,False
68.0,3,0,1638.4,25.8,70238,27.7,10.2,7,98.2,0,False,False,False,True,False,False
65.0,3,0,2324.5,16.1,83796,41.1,13.4,2,237.0,0,False,False,True,False,False,False
65.0,4,0,1638.4,25.8,70238,27.7,10.2,8,140.9,0,False,False,False,True,False,False
60.0,3,0,1935.5,19.1,96734,32.2,13.0,8,293.4,0,False,True,False,False,False,False
61.0,3,0,1935.5,19.1,96734,32.2,13.0,7,69.5,0,False,True,False,False,False,False
83.0,4,0,1935.5,19.1,96734,32.2,13.0,2,215.9,0,False,True,False,False,False,False
19.0,1,0,2324.5,16.1,83796,41.1,13.4,6,106.8,0,False,False,True,False,False,False
37.0,2,0,1935.5,19.1,96734,32.2,13.0,12,140.6,0,False,True,False,False,False,False
34.0,2,0,2155.0,15.3,70863,28.8,15.8,8,3.8,0,False,False,False,False,False,True
73.0,4,1,1935.5,19.1,96734,32.2,13.0,3,84.7,1,False,True,False,False,False,False
60.0,3,0,1935.5,19.1,96734,32.2,13.0,7,218.3,0,False,True,False,False,False,False
61.0,4,0,1935.5,19.1,96734,32.2,13.0,1,137.2,0,False,True,False,False,False,False
85.0,4,0,1529.5,36.2,105462,32.7,11.3,11,76.9,0,False,False,False,False,True,False
60.0,3,0,1935.5,19.1,96734,32.2,13.0,9,104.7,0,False,True,False,False,False,False
85.0,4,0,1935.5,19.1,96734,32.2,13.0,1,252.0,0,False,True,False,False,False,False
42.0,2,0,1638.4,25.8,70238,27.7,10.2,12,122.2,0,False,False,False,True,False,False
86.0,4,0,1935.5,19.1,96734,32.2,13.0,5,143.2,0,False,True,False,False,False,False
52.0,2,0,1935.5,19.1,96734,32.2,13.0,8,241.7,0,False,True,False,False,False,False
38.0,1,0,2324.5,16.1,83796,41.1,13.4,4,341.8,0,False,False,True,False,False,False
45.0,2,0,2324.5,16.1,83796,41.1,13.4,6,151.1,0,False,False,True,False,False,False
52.0,3,0,1638.4,25.8,70238,27.7,10.2,6,319.2,0,False,False,False,True,False,False
29.0,1,0,2155.0,15.3,70863,28.8,15.8,1,86.8,0,False,False,False,False,False,True
24.0,2,0,1935.5,19.1,96734,32.2,13.0,11,49.0,1,False,True,False,False,False,False
64.0,3,0,2155.0,15.3,70863,28.8,15.8,8,248.6,0,False,False,False,False,False,True
93.0,4,1,1935.5,19.1,96734,32.2,13.0,12,213.3,0,False,True,False,False,False,False
93.0,4,1,1956.6,18.3,66372,26.5,15.3,7,186.5,0,True,False,False,False,False,False
43.0,2,0,1935.5,19.1,96734,32.2,13.0,9,171.5,0,False,True,False,False,False,False
160.0,4,0,2324.5,16.1,83796,41.1,13.4,8,265.4,0,False,False,True,False,False,False
39.0,2,0,1638.4,25.8,70238,27.7,10.2,6,12.7,0,False,False,False,True,False,False
91.0,4,1,2155.0,15.3,70863,28.8,15.8,1,99.1,0,False,False,False,False,False,True
66.0,3,0,1935.5,19.1,96734,32.2,13.0,3,54.4,0,False,True,False,False,False,False
63.0,3,0,1529.5,36.2,105462,32.7,11.3,11,185.1,0,False,False,False,False,True,False
32.0,2,0,2155.0,15.3,70863,28.8,15.8,1,595.7,0,False,False,False,False,False,True
15.0,1,0,2155.0,15.3,70863,28.8,15.8,8,171.6,1,False,False,False,False,False,True
64.0,3,0,1956.6,18.3,66372,26.5,15.3,5,125.2,0,True,False,False,False,False,False
76.0,4,1,1956.6,18.3,66372,26.5,15.3,3,124.5,0,True,False,False,False,False,False
130.0,4,0,2324.5,16.1,83796,41.1,13.4,10,106.9,0,False,False,True,False,False,False
73.0,2,1,1638.4,25.8,70238,27.7,10.2,7,179.4,0,False,False,False,True,False,False
80.0,4,0,1638.4,25.8,70238,27.7,10.2,7,172.7,0,False,False,False,True,False,False
34.0,2,0,2324.5,16.1,83796,41.1,13.4,7,215.1,0,False,False,True,False,False,False
35.0,1,0,1529.5,36.2,105462,32.7,11.3,6,103.8,0,False,False,False,False,True,False
40.0,2,0,1529.5,36.2,105462,32.7,11.3,7,106.6,0,False,False,False,False,True,False
44.0,2,0,1935.5,19.1,96734,32.2,13.0,10,132.6,1,False,True,False,False,False,False
47.0,2,0,2155.0,15.3,70863,28.8,15.8,7,100.0,0,False,False,False,False,False,True
81.0,4,0,1956.6,18.3,66372,26.5,15.3,6,248.0,1,True,False,False,False,False,False
55.0,3,0,1935.5,19.1,96734,32.2,13.0,3,122.4,0,False,True,False,False,False,False
32.0,1,0,2324.5,16.1,83796,41.1,13.4,9,90.1,0,False,False,True,False,False,False
57.0,3,0,2155.0,15.3,70863,28.8,15.8,12,104.8,1,False,False,False,False,False,True
100.0,3,1,1638.4,25.8,70238,27.7,10.2,1,60.3,0,False,False,False,True,False,False
202.0,5,1,1935.5,19.1,96734,32.2,13.0,7,209.5,0,False,True,False,False,False,False
22.0,1,0,2155.0,15.3,70863,28.8,15.8,12,595.7,0,False,False,False,False,False,True
45.0,2,0,1638.4,25.8,70238,27.7,10.2,3,59.2,0,False,False,False,True,False,False
28.0,1,0,2324.5,16.1,83796,41.1,13.4,1,53.8,0,False,False,True,False,False,False
75.0,3,0,2155.0,15.3,70863,28.8,15.8,6,134.9,1,False,False,False,False,False,True
37.0,2,0,1529.5,36.2,105462,32.7,11.3,2,84.1,0,False,False,False,False,True,False
51.0,3,0,1638.4,25.8,70238,27.7,10.2,4,260.2,0,False,False,False,True,False,False
102.0,5,1,1935.5,19.1,96734,32.2,13.0,5,54.8,0,False,True,False,False,False,False
35.0,1,0,2324.5,16.1,83796,41.1,13.4,4,178.0,0,False,False,True,False,False,False
69.0,3,0,1935.5,19.1,96734,32.2,13.0,8,381.4,0,False,True,False,False,False,False
71.0,3,0,1638.4,25.8,70238,27.7,10.2,12,66.4,0,False,False,False,True,False,False
47.0,2,0,2324.5,16.1,83796,41.1,13.4,3,113.0,0,False,False,True,False,False,False
38.0,1,0,1529.5,36.2,105462,32.7,11.3,6,92.8,0,False,False,False,False,True,False
28.0,1,0,2324.5,16.1,83796,41.1,13.4,2,32.3,0,False,False,True,False,False,False
110.0,4,0,2155.0,15.3,70863,28.8,15.8,10,24.5,0,False,False,False,False,False,True
34.0,2,0,1956.6,18.3,66372,26.5,15.3,8,84.4,0,True,False,False,False,False,False
87.0,4,1,1956.6,18.3,66372,26.5,15.3,9,175.8,0,True,False,False,False,False,False
121.0,5,0,1935.5,19.1,96734,32.2,13.0,9,65.6,0,False,True,False,False,False,False
25.0,1,0,2324.5,16.1,83796,41.1,13.4,7,17.3,0,False,False,True,False,False,False
154.0,5,1,1956.6,18.3,66372,26.5,15.3,6,193.1,0,True,False,False,False,False,False
64.0,4,0,1529.5,36.2,105462,32.7,11.3,12,96.2,0,False,False,False,False,True,False
63.0,3,0,1529.5,36.2,105462,32.7,11.3,8,16.2,0,False,False,False,False,True,False
49.0,2,0,1638.4,25.8,70238,27.7,10.2,1,293.1,0,False,False,False,True,False,False
40.0,2,0,1638.4,25.8,70238,27.7,10.2,10,134.2,0,False,False,False,True,False,False
40.0,1,0,1529.5,36.2,105462,32.7,11.3,2,133.1,0,False,False,False,False,True,False
20.0,1,0,1638.4,25.8,70238,27.7,10.2,12,406.7,0,False,False,False,True,False,False
63.0,3,0,1529.5,36.2,105462,32.7,11.3,2,55.2,0,False,False,False,False,True,False
25.0,1,0,2324.5,16.1,83796,41.1,13.4,7,127.2,0,False,False,True,False,False,False
72.0,4,0,1529.5,36.2,105462,32.7,11.3,3,82.1,0,False,False,False,False,True,False
102.0,3,0,2324.5,16.1,83796,41.1,13.4,9,78.9,0,False,False,True,False,False,False
41.0,2,0,1529.5,36.2,105462,32.7,11.3,4,108.0,0,False,False,False,False,True,False
133.0,5,1,1638.4,25.8,70238,27.7,10.2,7,146.2,0,False,False,False,True,False,False
49.0,2,0,1638.4,25.8,70238,27.7,10.2,12,111.1,0,False,False,False,True,False,False
68.0,3,0,1935.5,19.1,96734,32.2,13.0,10,221.8,0,False,True,False,False,False,False
66.0,3,0,1529.5,36.2,105462,32.7,11.3,6,188.1,0,False,False,False,False,True,False
77.0,2,1,1529.5,36.2,105462,32.7,11.3,9,233.2,0,False,False,False,False,True,False
34.0,1,0,1935.5,19.1,96734,32.2,13.0,2,184.6,0,False,True,False,False,False,False
35.0,2,0,2155.0,15.3,70863,28.8,15.8,6,225.5,0,False,False,False,False,False,True
20.0,1,0,1529.5,36.2,105462,32.7,11.3,1,196.8,0,False,False,False,False,True,False
106.0,4,0,2324.5,16.1,83796,41.1,13.4,1,90.7,0,False,False,True,False,False,False
16.0,1,0,2324.5,16.1,83796,41.1,13.4,10,141.0,0,False,False,True,False,False,False
25.0,1,0,1529.5,36.2,105462,32.7,11.3,6,80.1,0,False,False,False,False,True,False
65.0,3,0,2324.5,16.1,83796,41.1,13.4,7,45.9,0,False,False,True,False,False,False
67.0,4,0,1956.6,18.3,66372,26.5,15.3,9,181.9,0,True,False,False,False,False,False
58.0,3,0,1935.5,19.1,96734,32.2,13.0,3,76.8,0,False,True,False,False,False,False
64.0,3,0,1638.4,25.8,70238,27.7,10.2,1,310.8,1,False,False,False,True,False,False
31.0,2,1,1529.5,36.2,105462,32.7,11.3,4,66.6,0,False,False,False,False,True,False
90.0,5,0,2324.5,16.1,83796,41.1,13.4,11,72.8,0,False,False,True,False,False,False
77.0,4,0,1638.4,25.8,70238,27.7,10.2,12,71.2,0,False,False,False,True,False,False
148.0,5,1,1935.5,19.1,96734,32.2,13.0,10,129.1,0,False,True,False,False,False,False
50.0,2,0,1638.4,25.8,70238,27.7,10.2,10,135.6,0,False,False,False,True,False,False
44.0,2,0,1935.5,19.1,96734,32.2,13.0,8,129.3,0,False,True,False,False,False,False
47.0,2,0,1638.4,25.8,70238,27.7,10.2,7,11.7,0,False,False,False,True,False,False
35.0,2,0,2155.0,15.3,70863,28.8,15.8,9,165.7,0,False,False,False,False,False,True
100.0,6,0,2324.5,16.1,83796,41.1,13.4,9,113.4,0,False,False,True,False,False,False
53.0,2,0,1935.5,19.1,96734,32.2,13.0,8,116.4,0,False,True,False,False,False,False
62.0,3,0,1638.4,25.8,70238,27.7,10.2,3,210.2,0,False,False,False,True,False,False
75.0,3,0,1935.5,19.1,96734,32.2,13.0,4,242.3,0,False,True,False,False,False,False
28.0,1,0,1529.5,36.2,105462,32.7,11.3,9,68.9,0,False,False,False,False,True,False
99.0,5,1,2155.0,15.3,70863,28.8,15.8,3,295.7,0,False,False,False,False,False,True
28.0,1,0,1529.5,36.2,105462,32.7,11.3,11,156.8,0,False,False,False,False,True,False
145.0,5,1,1529.5,36.2,105462,32.7,11.3,10,351.7,0,False,False,False,False,True,False
65.0,2,0,2324.5,16.1,83796,41.1,13.4,7,111.3,0,False,False,True,False,False,False
44.0,2,0,1935.5,19.1,96734,32.2,13.0,6,71.7,0,False,True,False,False,False,False
41.0,2,0,1935.5,19.1,96734,32.2,13.0,2,219.4,0,False,True,False,False,False,False
70.0,3,0,1956.6,18.3,66372,26.5,15.3,7,163.5,0,True,False,False,False,False,False
110.0,6,1,1935.5,19.1,96734,32.2,13.0,10,339.3,0,False,True,False,False,False,False
104.0,4,0,2324.5,16.1,83796,41.1,13.4,3,270.6,0,False,False,True,False,False,False
79.0,4,0,1529.5,36.2,105462,32.7,11.3,2,51.3,0,False,False,False,False,True,False
83.0,4,0,1529.5,36.2,105462,32.7,11.3,8,216.4,0,False,False,False,False,True,False
48.0,2,0,2324.5,16.1,83796,41.1,13.4,6,295.7,0,False,False,True,False,False,False
40.0,2,0,1935.5,19.1,96734,32.2,13.0,10,93.9,0,False,True,False,False,False,False
86.0,3,1,1956.6,18.3,66372,26.5,15.3,10,85.2,0,True,False,False,False,False,False
96.0,5,1,1956.6,18.3,66372,26.5,15.3,12,280.4,0,True,False,False,False,False,False
130.0,5,1,1529.5,36.2,105462,32.7,11.3,3,186.2,0,False,False,False,False,True,False
100.0,4,0,1529.5,36.2,105462,32.7,11.3,12,74.0,0,False,False,False,False,True,False
41.0,2,0,2155.0,15.3,70863,28.8,15.8,3,138.6,0,False,False,False,False,False,True
127.0,4,0,2324.5,16.1,83796,41.1,13.4,3,151.5,0,False,False,True,False,False,False
55.0,3,0,1638.4,25.8,70238,27.7,10.2,7,61.4,0,False,False,False,True,False,False
20.0,1,0,2155.0,15.3,70863,28.8,15.8,12,107.7,0,False,False,False,False,False,True
38.0,2,0,1935.5,19.1,96734,32.2,13.0,2,312.2,0,False,True,False,False,False,False
40.0,2,0,1529.5,36.2,105462,32.7,11.3,12,47.9,0,False,False,False,False,True,False
44.0,2,0,2324.5,16.1,83796,41.1,13.4,9,155.1,0,False,False,True,False,False,False
117.0,4,0,2155.0,15.3,70863,28.8,15.8,9,110.5,0,False,False,False,False,False,True
25.0,1,0,1638.4,25.8,70238,27.7,10.2,7,95.2,0,False,False,False,True,False,False
34.0,1,0,1638.4,25.8,70238,27.7,10.2,3,99.7,0,False,False,False,True,False,False
72.0,3,0,2155.0,15.3,70863,28.8,15.8,6,85.7,0,False,False,False,False,False,True
82.0,4,1,1935.5,19.1,96734,32.2,13.0,7,55.9,0,False,True,False,False,False,False
40.0,2,0,2324.5,16.1,83796,41.1,13.4,8,33.9,0,False,False,True,False,False,False
64.0,4,0,1529.5,36.2,105462,32.7,11.3,6,129.4,0,False,False,False,False,True,False
47.0,2,0,1638.4,25.8,70238,27.7,10.2,10,49.2,0,False,False,False,True,False,False
48.0,2,0,1956.6,18.3,66372,26.5,15.3,6,279.8,0,True,False,False,False,False,False
47.0,3,0,1638.4,25.8,70238,27.7,10.2,6,105.6,0,False,False,False,True,False,False
34.0,2,0,2324.5,16.1,83796,41.1,13.4,1,61.8,1,False,False,True,False,False,False
60.0,3,1,1935.5,19.1,96734,32.2,13.0,9,122.4,0,False,True,False,False,False,False
68.0,3,0,1956.6,18.3,66372,26.5,15.3,4,107.1,0,True,False,False,False,False,False
25.0,1,0,2324.5,16.1,83796,41.1,13.4,9,213.1,0,False,False,True,False,False,False
64.0,3,0,1935.5,19.1,96734,32.2,13.0,6,254.7,0,False,True,False,False,False,False
26.0,1,0,2324.5,16.1,83796,41.1,13.4,5,155.4,0,False,False,True,False,False,False
84.0,3,1,1935.5,19.1,96734,32.2,13.0,5,105.6,0,False,True,False,False,False,False
33.0,2,0,2155.0,15.3,70863,28.8,15.8,2,20.7,0,False,False,False,False,False,True
39.0,2,0,2155.0,15.3,70863,28.8,15.8,11,93.4,0,False,False,False,False,False,True
46.0,2,0,1638.4,25.8,70238,27.7,10.2,2,244.1,0,False,False,False,True,False,False
99.0,4,0,1956.6,18.3,66372,26.5,15.3,1,123.9,0,True,False,False,False,False,False
83.0,4,0,1935.5,19.1,96734,32.2,13.0,3,90.8,0,False,True,False,False,False,False
78.0,3,0,1935.5,19.1,96734,32.2,13.0,3,42.0,0,False,True,False,False,False,False
90.0,4,1,1956.6,18.3,66372,26.5,15.3,4,245.2,0,True,False,False,False,False,False
99.0,4,0,1956.6,18.3,66372,26.5,15.3,2,137.9,0,True,False,False,False,False,False
66.0,3,0,1638.4,25.8,70238,27.7,10.2,5,289.1,0,False,False,False,True,False,False
28.0,1,0,2324.5,16.1,83796,41.1,13.4,10,43.0,0,False,False,True,False,False,False
20.0,1,0,2155.0,15.3,70863,28.8,15.8,8,192.4,0,False,False,False,False,False,True
36.0,2,0,2155.0,15.3,70863,28.8,15.8,12,165.4,0,False,False,False,False,False,True
44.0,2,0,1956.6,18.3,66372,26.5,15.3,9,152.7,0,True,False,False,False,False,False
65.0,3,0,1529.5,36.2,105462,32.7,11.3,6,154.9,0,False,False,False,False,True,False
46.0,2,0,1935.5,19.1,96734,32.2,13.0,7,27.0,0,False,True,False,False,False,False
102.0,5,1,1935.5,19.1,96734,32.2,13.0,1,347.5,0,False,True,False,False,False,False
33.0,1,0,2324.5,16.1,83796,41.1,13.4,5,115.5,0,False,False,True,False,False,False
43.0,2,0,2155.0,15.3,70863,28.8,15.8,11,213.5,0,False,False,False,False,False,True
75.0,2,0,2324.5,16.1,83796,41.1,13.4,7,160.7,1,False,False,True,False,False,False
48.0,2,0,1935.5,19.1,96734,32.2,13.0,7,56.5,0,False,True,False,False,False,False
39.0,1,0,1529.5,36.2,105462,32.7,11.3,12,124.0,0,False,False,False,False,True,False
71.0,4,0,1638.4,25.8,70238,27.7,10.2,10,90.7,0,False,False,False,True,False,False
63.0,3,0,2155.0,15.3,70863,28.8,15.8,8,55.8,0,False,False,False,False,False,True
32.0,1,0,2155.0,15.3,70863,28.8,15.8,7,34.0,0,False,False,False,False,False,True
49.0,2,0,2324.5,16.1,83796,41.1,13.4,12,280.8,0,False,False,True,False,False,False
65.0,3,0,1529.5,36.2,105462,32.7,11.3,6,101.1,0,False,False,False,False,True,False
66.0,3,0,1529.5,36.2,105462,32.7,11.3,2,88.0,0,False,False,False,False,True,False
84.0,4,1,1638.4,25.8,70238,27.7,10.2,3,184.5,0,False,False,False,True,False,False
45.0,2,0,2324.5,16.1,83796,41.1,13.4,8,56.6,0,False,False,True,False,False,False
85.0,5,0,1956.6,18.3,66372,26.5,15.3,11,150.4,0,True,False,False,False,False,False
80.0,5,0,1529.5,36.2,105462,32.7,11.3,7,220.8,0,False,False,False,False,True,False
42.0,2,0,1638.4,25.8,70238,27.7,10.2,12,237.7,1,False,False,False,True,False,False
30.0,2,0,1529.5,36.2,105462,32.7,11.3,6,73.6,0,False,False,False,False,True,False
43.0,2,0,1935.5,19.1,96734,32.2,13.0,10,231.7,0,False,True,False,False,False,False
46.0,2,0,1529.5,36.2,105462,32.7,11.3,7,179.4,0,False,False,False,False,True,False
65.0,3,1,1638.4,25.8,70238,27.7,10.2,12,189.2,0,False,False,False,True,False,False
52.0,3,0,2155.0,15.3,70863,28.8,15.8,9,50.2,0,False,False,False,False,False,True
79.0,4,0,1935.5,19.1,96734,32.2,13.0,5,80.7,0,False,True,False,False,False,False
16.0,1,0,1638.4,25.8,70238,27.7,10.2,11,138.3,0,False,False,False,True,False,False
42.0,2,0,1638.4,25.8,70238,27.7,10.2,4,109.9,0,False,False,False,True,False,False
23.0,1,0,1956.6,18.3,66372,26.5,15.3,6,158.3,0,True,False,False,False,False,False
90.0,3,0,1529.5,36.2,105462,32.7,11.3,10,199.9,0,False,False,False,False,True,False
33.0,2,0,1956.6,18.3,66372,26.5,15.3,3,67.7,0,True,False,False,False,False,False
208.0,7,1,1638.4,25.8,70238,27.7,10.2,4,131.4,0,False,False,False,True,False,False
45.0,2,0,2155.0,15.3,70863,28.8,15.8,8,84.0,0,False,False,False,False,False,True
32.0,2,0,1529.5,36.2,105462,32.7,11.3,3,90.8,0,False,False,False,False,True,False
65.0,3,0,1956.6,18.3,66372,26.5,15.3,10,255.9,0,True,False,False,False,False,False
89.0,4,0,1935.5,19.1,96734,32.2,13.0,10,85.1,0,False,True,False,False,False,False
41.0,2,0,1935.5,19.1,96734,32.2,13.0,4,37.5,0,False,True,False,False,False,False
70.0,3,0,1935.5,19.1,96734,32.2,13.0,8,185.7,0,False,True,False,False,False,False
112.0,4,0,1638.4,25.8,70238,27.7,10.2,7,348.9,0,False,False,False,True,False,False
30.0,1,0,1529.5,36.2,105462,32.7,11.3,10,112.3,0,False,False,False,False,True,False
120.0,5,1,1529.5,36.2,105462,32.7,11.3,8,101.0,0,False,False,False,False,True,False
40.0,2,0,1935.5,19.1,96734,32.2,13.0,5,362.7,0,False,True,False,False,False,False
100.0,4,1,1529.5,36.2,105462,32.7,11.3,6,192.1,0,False,False,False,False,True,False
30.0,1,0,2324.5,16.1,83796,41.1,13.4,12,175.5,0,False,False,True,False,False,False
76.0,4,0,1529.5,36.2,105462,32.7,11.3,9,19.2,0,False,False,False,False,True,False
41.0,2,0,1935.5,19.1,96734,32.2,13.0,8,99.5,0,False,True,False,False,False,False
68.0,3,0,2324.5,16.1,83796,41.1,13.4,9,175.5,0,False,False,True,False,False,False
50.0,2,0,1935.5,19.1,96734,32.2,13.0,12,31.1,0,False,True,False,False,False,False
68.0,3,0,1638.4,25.8,70238,27.7,10.2,6,41.3,0,False,False,False,True,False,False
60.0,2,0,1529.5,36.2,105462,32.7,11.3,3,167.1,0,False,False,False,False,True,False
20.0,1,0,2324.5,16.1,83796,41.1,13.4,3,80.4,0,False,False,True,False,False,False
37.0,2,0,1638.4,25.8,70238,27.7,10.2,2,65.6,0,False,False,False,True,False,False
58.0,3,0,1638.4,25.8,70238,27.7,10.2,1,380.9,1,False,False,False,True,False,False
28.0,1,0,2324.5,16.1,83796,41.1,13.4,8,84.1,0,False,False,True,False,False,False
71.0,4,0,1935.5,19.1,96734,32.2,13.0,8,180.6,0,False,True,False,False,False,False
75.0,3,0,1956.6,18.3,66372,26.5,15.3,12,297.6,0,True,False,False,False,False,False
112.0,4,1,1956.6,18.3,66372,26.5,15.3,8,87.5,0,True,False,False,False,False,False
24.0,1,0,1529.5,36.2,105462,32.7,11.3,3,60.6,0,False,False,False,False,True,False
139.0,4,0,1529.5,36.2,105462,32.7,11.3,3,187.4,0,False,False,False,False,True,False
66.0,3,0,2155.0,15.3,70863,28.8,15.8,7,176.6,0,False,False,False,False,False,True
58.0,3,0,1956.6,18.3,66372,26.5,15.3,9,123.5,0,True,False,False,False,False,False
22.0,1,0,1529.5,36.2,105462,32.7,11.3,2,53.8,0,False,False,False,False,True,False
33.0,1,0,1935.5,19.1,96734,32.2,13.0,4,222.6,0,False,True,False,False,False,False
45.0,2,0,1935.5,19.1,96734,32.2,13.0,4,233.7,0,False,True,False,False,False,False
87.0,3,0,2324.5,16.1,83796,41.1,13.4,5,218.3,0,False,False,True,False,False,False
63.0,3,0,1638.4,25.8,70238,27.7,10.2,11,120.7,0,False,False,False,True,False,False
87.0,4,1,1935.5,19.1,96734,32.2,13.0,3,147.8,0,False,True,False,False,False,False
40.0,2,0,1638.4,25.8,70238,27.7,10.2,7,50.5,0,False,False,False,True,False,False
56.0,3,0,2155.0,15.3,70863,28.8,15.8,12,57.5,0,False,False,False,False,False,True
31.0,1,0,1529.5,36.2,105462,32.7,11.3,4,198.8,0,False,False,False,False,True,False
110.0,5,1,1935.5,19.1,96734,32.2,13.0,12,134.1,0,False,True,False,False,False,False
110.0,3,0,2324.5,16.1,83796,41.1,13.4,10,14.7,1,False,False,True,False,False,False
50.0,3,0,1935.5,19.1,96734,32.2,13.0,3,53.5,0,False,True,False,False,False,False
83.0,3,0,1529.5,36.2,105462,32.7,11.3,10,134.0,0,False,False,False,False,True,False
130.0,5,1,1935.5,19.1,96734,32.2,13.0,2,93.5,0,False,True,False,False,False,False
68.0,4,0,2155.0,15.3,70863,28.8,15.8,9,115.7,0,False,False,False,False,False,True
96.0,3,0,1935.5,19.1,96734,32.2,13.0,1,334.8,0,False,True,False,False,False,False
17.0,2,0,1638.4,25.8,70238,27.7,10.2,12,103.0,0,False,False,False,True,False,False
71.0,3,0,1529.5,36.2,105462,32.7,11.3,7,69.8,0,False,False,False,False,True,False
60.0,2,1,1529.5,36.2,105462,32.7,11.3,10,187.2,0,False,False,False,False,True,False
89.0,3,0,1529.5,36.2,105462,32.7,11.3,9,131.1,0,False,False,False,False,True,False
43.0,2,0,1935.5,19.1,96734,32.2,13.0,7,218.7,0,False,True,False,False,False,False
64.0,3,0,1935.5,19.1,96734,32.2,13.0,7,117.2,0,False,True,False,False,False,False
36.0,2,0,1935.5,19.1,96734,32.2,13.0,9,70.6,1,False,True,False,False,False,False
31.0,1,0,1529.5,36.2,105462,32.7,11.3,6,463.8,0,False,False,False,False,True,False
25.0,1,1,1529.5,36.2,105462,32.7,11.3,4,154.4,0,False,False,False,False,True,False
70.0,3,0,1956.6,18.3,66372,26.5,15.3,2,309.1,1,True,False,False,False,False,False
28.0,1,0,1935.5,19.1,96734,32.2,13.0,10,293.4,0,False,True,False,False,False,False
118.0,4,0,1529.5,36.2,105462,32.7,11.3,12,197.4,0,False,False,False,False,True,False
48.0,2,0,1935.5,19.1,96734,32.2,13.0,11,202.0,0,False,True,False,False,False,False
80.0,4,0,2155.0,15.3,70863,28.8,15.8,1,163.7,1,False,False,False,False,False,True
36.0,1,0,1529.5,36.2,105462,32.7,11.3,2,51.1,0,False,False,False,False,True,False
120.0,5,1,1638.4,25.8,70238,27.7,10.2,11,328.4,0,False,False,False,True,False,False
59.0,3,0,1638.4,25.8,70238,27.7,10.2,3,180.2,0,False,False,False,True,False,False
23.0,1,0,2324.5,16.1,83796,41.1,13.4,3,107.6,0,False,False,True,False,False,False
19.0,1,0,1529.5,36.2,105462,32.7,11.3,2,68.4,0,False,False,False,False,True,False
108.0,4,1,2324.5,16.1,83796,41.1,13.4,10,72.3,0,False,False,True,False,False,False
44.0,2,0,1638.4,25.8,70238,27.7,10.2,9,63.3,0,False,False,False,True,False,False
54.0,3,0,1638.4,25.8,70238,27.7,10.2,9,247.5,0,False,False,False,True,False,False
80.0,4,0,1638.4,25.8,70238,27.7,10.2,5,71.2,0,False,False,False,True,False,False
35.0,1,0,2155.0,15.3,70863,28.8,15.8,8,92.2,0,False,False,False,False,False,True
75.0,3,0,1638.4,25.8,70238,27.7,10.2,10,148.3,0,False,False,False,True,False,False
65.0,3,0,1935.5,19.1,96734,32.2,13.0,7,67.3,1,False,True,False,False,False,False
25.0,1,0,1529.5,36.2,105462,32.7,11.3,5,41.1,0,False,False,False,False,True,False
47.0,2,0,2324.5,16.1,83796,41.1,13.4,6,102.2,0,False,False,True,False,False,False
70.0,3,1,1529.5,36.2,105462,32.7,11.3,3,149.9,0,False,False,False,False,True,False
113.0,6,1,2155.0,15.3,70863,28.8,15.8,4,2.5,0,False,False,False,False,False,True
40.0,2,0,2155.0,15.3,70863,28.8,15.8,10,151.4,0,False,False,False,False,False,True
45.0,2,0,1638.4,25.8,70238,27.7,10.2,6,216.8,1,False,False,False,True,False,False
31.0,1,0,1638.4,25.8,70238,27.7,10.2,6,135.6,0,False,False,False,True,False,False
63.0,3,0,1529.5,36.2,105462,32.7,11.3,12,164.2,0,False,False,False,False,True,False
64.0,3,0,2155.0,15.3,70863,28.8,15.8,2,139.9,0,False,False,False,False,False,True
72.0,3,0,1956.6,18.3,66372,26.5,15.3,1,179.4,0,True,False,False,False,False,False
67.0,3,0,2324.5,16.1,83796,41.1,13.4,4,294.6,0,False,False,True,False,False,False
24.0,1,0,2324.5,16.1,83796,41.1,13.4,6,85.3,0,False,False,True,False,False,False
49.0,3,0,2155.0,15.3,70863,28.8,15.8,5,24.9,0,False,False,False,False,False,True
47.0,2,0,1638.4,25.8,70238,27.7,10.2,11,74.7,0,False,False,False,True,False,False
149.0,5,1,1956.6,18.3,66372,26.5,15.3,9,132.7,0,True,False,False,False,False,False
101.0,5,1,1529.5,36.2,105462,32.7,11.3,10,173.2,0,False,False,False,False,True,False
107.0,5,1,1529.5,36.2,105462,32.7,11.3,11,177.3,0,False,False,False,False,True,False
52.0,2,0,1956.6,18.3,66372,26.5,15.3,10,297.6,0,True,False,False,False,False,False
33.0,1,0,1638.4,25.8,70238,27.7,10.2,4,250.5,0,False,False,False,True,False,False
67.0,4,0,2155.0,15.3,70863,28.8,15.8,5,109.2,0,False,False,False,False,False,True
85.0,4,1,2155.0,15.3,70863,28.8,15.8,5,277.8,0,False,False,False,False,False,True
63.0,3,0,1529.5,36.2,105462,32.7,11.3,12,77.2,0,False,False,False,False,True,False
58.0,2,0,2155.0,15.3,70863,28.8,15.8,1,123.9,0,False,False,False,False,False,True
21.0,1,0,1638.4,25.8,70238,27.7,10.2,4,86.5,0,False,False,False,True,False,False
43.0,2,0,1935.5,19.1,96734,32.2,13.0,10,203.3,0,False,True,False,False,False,False
37.0,2,0,1529.5,36.2,105462,32.7,11.3,11,39.4,0,False,False,False,False,True,False
88.0,4,0,1935.5,19.1,96734,32.2,13.0,12,158.9,0,False,True,False,False,False,False
75.0,4,0,1956.6,18.3,66372,26.5,15.3,8,206.6,1,True,False,False,False,False,False
46.0,2,0,1956.6,18.3,66372,26.5,15.3,4,137.9,0,True,False,False,False,False,False
63.0,3,0,1529.5,36.2,105462,32.7,11.3,2,81.4,0,False,False,False,False,True,False
47.0,2,0,1529.5,36.2,105462,32.7,11.3,12,209.9,0,False,False,False,False,True,False
21.0,1,0,1529.5,36.2,105462,32.7,11.3,2,32.9,0,False,False,False,False,True,False
22.0,1,0,1638.4,25.8,70238,27.7,10.2,12,320.9,0,False,False,False,True,False,False
89.0,4,0,1638.4,25.8,70238,27.7,10.2,6,250.5,0,False,False,False,True,False,False
70.0,4,0,2155.0,15.3,70863,28.8,15.8,1,62.6,0,False,False,False,False,False,True
94.0,3,0,1638.4,25.8,70238,27.7,10.2,12,23.8,1,False,False,False,True,False,False
56.0,3,0,1529.5,36.2,105462,32.7,11.3,7,110.7,0,False,False,False,False,True,False
93.0,5,1,1956.6,18.3,66372,26.5,15.3,7,164.5,0,True,False,False,False,False,False
146.0,4,1,1956.6,18.3,66372,26.5,15.3,12,75.4,0,True,False,False,False,False,False
85.0,4,0,1935.5,19.1,96734,32.2,13.0,3,106.2,0,False,True,False,False,False,False
45.0,2,0,1529.5,36.2,105462,32.7,11.3,7,161.0,0,False,False,False,False,True,False
89.0,5,1,1638.4,25.8,70238,27.7,10.2,6,127.9,0,False,False,False,True,False,False
110.0,4,0,1638.4,25.8,70238,27.7,10.2,9,31.7,0,False,False,False,True,False,False
55.0,2,0,2324.5,16.1,83796,41.1,13.4,2,168.9,0,False,False,True,False,False,False
69.0,3,0,2324.5,16.1,83796,41.1,13.4,6,80.4,0,False,False,True,False,False,False
63.0,3,0,1638.4,25.8,70238,27.7,10.2,1,239.8,0,False,False,False,True,False,False
26.0,1,0,2324.5,16.1,83796,41.1,13.4,11,46.2,0,False,False,True,False,False,False
65.0,3,0,1935.5,19.1,96734,32.2,13.0,3,132.8,0,False,True,False,False,False,False
55.0,3,0,1529.5,36.2,105462,32.7,11.3,1,202.9,1,False,False,False,False,True,False
41.0,2,0,1638.4,25.8,70238,27.7,10.2,12,184.7,0,False,False,False,True,False,False
53.0,3,1,1529.5,36.2,105462,32.7,11.3,5,134.9,1,False,False,False,False,True,False
14.0,1,0,1638.4,25.8,70238,27.7,10.2,6,54.9,0,False,False,False,True,False,False
74.0,4,0,1638.4,25.8,70238,27.7,10.2,10,58.8,0,False,False,False,True,False,False
59.0,3,0,1638.4,25.8,70238,27.7,10.2,1,197.0,0,False,False,False,True,False,False
104.0,4,1,1935.5,19.1,96734,32.2,13.0,12,40.8,0,False,True,False,False,False,False
30.0,1,0,1956.6,18.3,66372,26.5,15.3,6,124.1,0,True,False,False,False,False,False
125.0,5,1,1529.5,36.2,105462,32.7,11.3,11,223.0,0,False,False,False,False,True,False
52.0,2,0,2324.5,16.1,83796,41.1,13.4,7,141.8,0,False,False,True,False,False,False
42.0,2,0,1638.4,25.8,70238,27.7,10.2,7,218.3,0,False,False,False,True,False,False
47.0,2,0,1638.4,25.8,70238,27.7,10.2,4,88.7,0,False,False,False,True,False,False
70.0,3,0,1638.4,25.8,70238,27.7,10.2,7,111.2,0,False,False,False,True,False,False
18.0,1,0,2324.5,16.1,83796,41.1,13.4,11,233.9,0,False,False,True,False,False,False
128.0,5,0,1956.6,18.3,66372,26.5,15.3,9,91.2,0,True,False,False,False,False,False
80.0,4,0,1638.4,25.8,70238,27.7,10.2,3,115.1,0,False,False,False,True,False,False
92.0,4,1,1935.5,19.1,96734,32.2,13.0,7,61.0,0,False,True,False,False,False,False
18.0,1,0,2324.5,16.1,83796,41.1,13.4,7,99.4,0,False,False,True,False,False,False
44.0,2,0,1529.5,36.2,105462,32.7,11.3,8,35.7,0,False,False,False,False,True,False
90.0,3,0,1638.4,25.8,70238,27.7,10.2,9,63.8,0,False,False,False,True,False,False
49.0,2,0,2155.0,15.3,70863,28.8,15.8,6,298.3,0,False,False,False,False,False,True
61.0,3,0,1935.5,19.1,96734,32.2,13.0,11,134.4,0,False,True,False,False,False,False
44.0,2,0,1935.5,19.1,96734,32.2,13.0,4,89.3,0,False,True,False,False,False,False
100.0,4,0,1529.5,36.2,105462,32.7,11.3,6,182.3,0,False,False,False,False,True,False
90.0,4,0,1529.5,36.2,105462,32.7,11.3,11,42.5,0,False,False,False,False,True,False
54.0,2,0,2324.5,16.1,83796,41.1,13.4,12,265.4,0,False,False,True,False,False,False
76.0,3,1,1529.5,36.2,105462,32.7,11.3,5,170.5,0,False,False,False,False,True,False
33.0,2,0,2324.5,16.1,83796,41.1,13.4,4,114.6,0,False,False,True,False,False,False
38.0,2,0,2324.5,16.1,83796,41.1,13.4,3,93.7,0,False,False,True,False,False,False
72.0,2,0,2324.5,16.1,83796,41.1,13.4,7,35.3,1,False,False,True,False,False,False
115.0,5,1,1529.5,36.2,105462,32.7,11.3,12,248.6,0,False,False,False,False,True,False
40.0,2,0,1529.5,36.2,105462,32.7,11.3,8,156.3,0,False,False,False,False,True,False
77.0,4,0,1956.6,18.3,66372,26.5,15.3,12,238.0,0,True,False,False,False,False,False
113.0,5,1,1935.5,19.1,96734,32.2,13.0,1,193.1,0,False,True,False,False,False,False
22.0,1,0,2324.5,16.1,83796,41.1,13.4,9,109.9,0,False,False,True,False,False,False
83.0,4,1,1956.6,18.3,66372,26.5,15.3,9,219.7,0,True,False,False,False,False,False
44.0,3,0,2155.0,15.3,70863,28.8,15.8,10,89.8,0,False,False,False,False,False,True
41.0,1,0,1529.5,36.2,105462,32.7,11.3,12,100.0,0,False,False,False,False,True,False
76.0,4,0,2324.5,16.1,83796,41.1,13.4,1,75.2,0,False,False,True,False,False,False
17.0,1,0,1956.6,18.3,66372,26.5,15.3,11,132.0,0,True,False,False,False,False,False
40.0,2,0,1956.6,18.3,66372,26.5,15.3,7,243.1,0,True,False,False,False,False,False
60.0,2,0,2324.5,16.1,83796,41.1,13.4,12,206.4,0,False,False,True,False,False,False
52.0,2,0,1935.5,19.1,96734,32.2,13.0,6,183.2,0,False,True,False,False,False,False
118.0,4,1,1956.6,18.3,66372,26.5,15.3,1,203.4,0,True,False,False,False,False,False
27.0,1,0,1529.5,36.2,105462,32.7,11.3,8,122.7,0,False,False,False,False,True,False
102.0,5,1,1935.5,19.1,96734,32.2,13.0,9,129.8,0,False,True,False,False,False,False
23.0,1,0,1956.6,18.3,66372,26.5,15.3,3,162.6,0,True,False,False,False,False,False
16.0,1,0,2155.0,15.3,70863,28.8,15.8,11,69.0,0,False,False,False,False,False,True
154.0,5,0,2324.5,16.1,83796,41.1,13.4,3,60.4,0,False,False,True,False,False,False
64.0,3,0,1638.4,25.8,70238,27.7,10.2,11,75.1,0,False,False,False,True,False,False
87.0,4,0,1935.5,19.1,96734,32.2,13.0,11,172.6,0,False,True,False,False,False,False
43.0,2,0,2324.5,16.1,83796,41.1,13.4,7,162.0,0,False,False,True,False,False,False
57.0,2,0,1935.5,19.1,96734,32.2,13.0,5,239.9,0,False,True,False,False,False,False
62.0,2,0,1956.6,18.3,66372,26.5,15.3,11,191.0,0,True,False,False,False,False,False
40.0,2,0,1935.5,19.1,96734,32.2,13.0,1,43.2,0,False,True,False,False,False,False
71.0,4,0,1956.6,18.3,66372,26.5,15.3,4,32.4,0,True,False,False,False,False,False
59.0,3,0,1935.5,19.1,96734,32.2,13.0,7,295.3,0,False,True,False,False,False,False
128.0,6,1,1529.5,36.2,105462,32.7,11.3,3,44.9,0,False,False,False,False,True,False
31.0,2,0,1529.5,36.2,105462,32.7,11.3,9,182.3,0,False,False,False,False,True,False
78.0,3,0,2324.5,16.1,83796,41.1,13.4,6,265.4,1,False,False,True,False,False,False
40.0,3,0,2324.5,16.1,83796,41.1,13.4,12,77.3,0,False,False,True,False,False,False
92.0,5,1,1638.4,25.8,70238,27.7,10.2,7,0.6,0,False,False,False,True,False,False
89.0,4,0,1529.5,36.2,105462,32.7,11.3,12,156.8,0,False,False,False,False,True,False
46.0,2,0,2324.5,16.1,83796,41.1,13.4,8,159.2,0,False,False,True,False,False,False
20.0,1,0,1529.5,36.2,105462,32.7,11.3,1,220.9,0,False,False,False,False,True,False
40.0,2,0,2324.5,16.1,83796,41.1,13.4,1,353.8,0,False,False,True,False,False,False
61.0,2,0,1956.6,18.3,66372,26.5,15.3,10,200.1,0,True,False,False,False,False,False
23.0,1,0,2155.0,15.3,70863,28.8,15.8,3,376.5,0,False,False,False,False,False,True
28.0,1,0,2324.5,16.1,83796,41.1,13.4,1,122.9,0,False,False,True,False,False,False
66.0,3,0,1638.4,25.8,70238,27.7,10.2,4,119.2,0,False,False,False,True,False,False
80.0,4,0,1638.4,25.8,70238,27.7,10.2,9,175.5,0,False,False,False,True,False,False
51.0,3,0,1956.6,18.3,66372,26.5,15.3,2,360.7,0,True,False,False,False,False,False
42.0,2,0,2155.0,15.3,70863,28.8,15.8,6,66.5,0,False,False,False,False,False,True
45.0,2,0,1935.5,19.1,96734,32.2,13.0,12,116.8,0,False,True,False,False,False,False
70.0,4,0,1529.5,36.2,105462,32.7,11.3,11,266.3,0,False,False,False,False,True,False
50.0,2,0,1529.5,36.2,105462,32.7,11.3,6,122.2,0,False,False,False,False,True,False
26.0,1,0,2324.5,16.1,83796,41.1,13.4,8,191.1,0,False,False,True,False,False,False
35.0,2,0,1638.4,25.8,70238,27.7,10.2,11,179.8,0,False,False,False,True,False,False
85.0,3,0,2324.5,16.1,83796,41.1,13.4,5,46.2,0,False,False,True,False,False,False
79.0,4,0,1935.5,19.1,96734,32.2,13.0,10,108.4,0,False,True,False,False,False,False
69.0,3,1,1956.6,18.3,66372,26.5,15.3,2,246.5,0,True,False,False,False,False,False
78.0,3,0,2324.5,16.1,83796,41.1,13.4,3,246.5,0,False,False,True,False,False,False
93.0,5,0,1638.4,25.8,70238,27.7,10.2,4,49.6,0,False,False,False,True,False,False
68.0,3,0,1529.5,36.2,105462,32.7,11.3,3,153.4,0,False,False,False,False,True,False
39.0,2,0,1638.4,25.8,70238,27.7,10.2,2,23.4,0,False,False,False,True,False,False
131.0,6,0,2155.0,15.3,70863,28.8,15.8,11,68.6,0,False,False,False,False,False,True
86.0,4,0,1638.4,25.8,70238,27.7,10.2,5,258.4,0,False,False,False,True,False,False
95.0,3,0,2324.5,16.1,83796,41.1,13.4,12,134.8,1,False,False,True,False,False,False
30.0,2,0,1529.5,36.2,105462,32.7,11.3,9,23.4,0,False,False,False,False,True,False
84.0,4,1,2155.0,15.3,70863,28.8,15.8,12,235.3,0,False,False,False,False,False,True
83.0,4,1,1956.6,18.3,66372,26.5,15.3,9,319.6,0,True,False,False,False,False,False
161.0,5,0,2324.5,16.1,83796,41.1,13.4,7,64.8,0,False,False,True,False,False,False
46.0,2,0,1935.5,19.1,96734,32.2,13.0,6,258.1,0,False,True,False,False,False,False
69.0,3,0,1956.6,18.3,66372,26.5,15.3,10,461.0,0,True,False,False,False,False,False
69.0,4,0,2155.0,15.3,70863,28.8,15.8,8,105.0,0,False,False,False,False,False,True
110.0,5,0,1956.6,18.3,66372,26.5,15.3,11,143.8,0,True,False,False,False,False,False
63.0,3,0,1529.5,36.2,105462,32.7,11.3,1,114.8,0,False,False,False,False,True,False
79.0,4,0,2155.0,15.3,70863,28.8,15.8,1,264.5,0,False,False,False,False,False,True
50.0,2,0,2324.5,16.1,83796,41.1,13.4,12,209.7,0,False,False,True,False,False,False
23.0,2,0,1935.5,19.1,96734,32.2,13.0,3,91.8,0,False,True,False,False,False,False
84.0,4,1,1935.5,19.1,96734,32.2,13.0,12,144.3,0,False,True,False,False,False,False
31.0,1,0,1638.4,25.8,70238,27.7,10.2,5,82.4,0,False,False,False,True,False,False
185.0,6,0,2324.5,16.1,83796,41.1,13.4,7,105.7,1,False,False,True,False,False,False
80.0,4,0,1529.5,36.2,105462,32.7,11.3,8,122.7,0,False,False,False,False,True,False
18.0,1,0,1956.6,18.3,66372,26.5,15.3,1,47.2,1,True,False,False,False,False,False
50.0,2,0,2324.5,16.1,83796,41.1,13.4,7,238.0,0,False,False,True,False,False,False
24.0,1,0,1529.5,36.2,105462,32.7,11.3,1,223.9,0,False,False,False,False,True,False
62.0,3,0,1529.5,36.2,105462,32.7,11.3,6,68.4,0,False,False,False,False,True,False
29.0,1,0,1529.5,36.2,105462,32.7,11.3,5,148.0,0,False,False,False,False,True,False
40.0,2,0,1529.5,36.2,105462,32.7,11.3,1,87.7,0,False,False,False,False,True,False
88.0,5,1,1638.4,25.8,70238,27.7,10.2,1,275.4,0,False,False,False,True,False,False
75.0,4,0,1935.5,19.1,96734,32.2,13.0,5,53.5,0,False,True,False,False,False,False
70.0,5,1,1638.4,25.8,70238,27.7,10.2,3,173.9,0,False,False,False,True,False,False
43.0,2,0,2324.5,16.1,83796,41.1,13.4,1,42.2,0,False,False,True,False,False,False
88.0,3,0,2324.5,16.1,83796,41.1,13.4,5,56.4,0,False,False,True,False,False,False
65.0,3,0,1529.5,36.2,105462,32.7,11.3,2,34.9,0,False,False,False,False,True,False
28.0,1,0,2324.5,16.1,83796,41.1,13.4,2,50.6,0,False,False,True,False,False,False
43.0,2,0,1956.6,18.3,66372,26.5,15.3,12,191.0,0,True,False,False,False,False,False
50.0,2,0,2324.5,16.1,83796,41.1,13.4,11,123.3,0,False,False,True,False,False,False
45.0,2,0,2155.0,15.3,70863,28.8,15.8,11,157.4,1,False,False,False,False,False,True
44.0,2,1,1935.5,19.1,96734,32.2,13.0,2,56.6,0,False,True,False,False,False,False
48.0,2,0,1956.6,18.3,66372,26.5,15.3,8,108.1,0,True,False,False,False,False,False
50.0,2,0,1638.4,25.8,70238,27.7,10.2,6,277.5,0,False,False,False,True,False,False
86.0,4,0,1935.5,19.1,96734,32.2,13.0,12,455.2,0,False,True,False,False,False,False
79.0,4,0,1529.5,36.2,105462,32.7,11.3,1,129.9,0,False,False,False,False,True,False
45.0,3,0,1935.5,19.1,96734,32.2,13.0,7,40.4,0,False,True,False,False,False,False
65.0,3,0,1935.5,19.1,96734,32.2,13.0,1,129.0,0,False,True,False,False,False,False
32.0,1,0,1956.6,18.3,66372,26.5,15.3,12,408.6,0,True,False,False,False,False,False
60.0,3,0,1956.6,18.3,66372,26.5,15.3,6,86.9,0,True,False,False,False,False,False
66.0,1,0,2324.5,16.1,83796,41.1,13.4,4,210.0,0,False,False,True,False,False,False
59.0,3,0,1935.5,19.1,96734,32.2,13.0,7,43.8,0,False,True,False,False,False,False
96.0,2,0,2324.5,16.1,83796,41.1,13.4,1,94.2,0,False,False,True,False,False,False
93.0,4,1,1529.5,36.2,105462,32.7,11.3,6,187.9,0,False,False,False,False,True,False
43.0,2,0,1529.5,36.2,105462,32.7,11.3,8,145.9,0,False,False,False,False,True,False
66.0,3,1,1956.6,18.3,66372,26.5,15.3,7,208.0,0,True,False,False,False,False,False
27.0,1,0,1935.5,19.1,96734,32.2,13.0,12,53.3,0,False,True,False,False,False,False
82.0,4,1,1935.5,19.1,96734,32.2,13.0,5,376.0,0,False,True,False,False,False,False
65.0,4,0,1935.5,19.1,96734,32.2,13.0,10,151.3,0,False,True,False,False,False,False
65.0,3,0,1935.5,19.1,96734,32.2,13.0,1,289.5,0,False,True,False,False,False,False
53.0,2,0,2155.0,15.3,70863,28.8,15.8,4,39.4,0,False,False,False,False,False,True
40.0,2,0,1956.6,18.3,66372,26.5,15.3,10,108.7,0,True,False,False,False,False,False
67.0,4,0,2155.0,15.3,70863,28.8,15.8,1,62.6,0,False,False,False,False,False,True
60.0,3,0,1935.5,19.1,96734,32.2,13.0,7,109.1,0,False,True,False,False,False,False
67.0,3,0,1935.5,19.1,96734,32.2,13.0,9,330.7,0,False,True,False,False,False,False
84.0,4,0,1638.4,25.8,70238,27.7,10.2,5,199.5,0,False,False,False,True,False,False
150.0,5,0,2324.5,16.1,83796,41.1,13.4,6,241.8,1,False,False,True,False,False,False
65.0,3,0,1935.5,19.1,96734,32.2,13.0,9,123.8,0,False,True,False,False,False,False
42.0,2,0,1935.5,19.1,96734,32.2,13.0,11,190.6,0,False,True,False,False,False,False
80.0,4,0,1935.5,19.1,96734,32.2,13.0,10,148.8,0,False,True,False,False,False,False
106.0,5,0,1529.5,36.2,105462,32.7,11.3,10,38.4,0,False,False,False,False,True,False
23.0,1,0,2155.0,15.3,70863,28.8,15.8,3,376.5,0,False,False,False,False,False,True
45.0,2,0,1935.5,19.1,96734,32.2,13.0,9,107.1,1,False,True,False,False,False,False
44.0,2,0,1935.5,19.1,96734,32.2,13.0,6,191.6,0,False,True,False,False,False,False
74.0,3,0,1935.5,19.1,96734,32.2,13.0,11,148.4,0,False,True,False,False,False,False
252.0,7,0,2324.5,16.1,83796,41.1,13.4,7,36.2,0,False,False,True,False,False,False
77.0,3,0,1638.4,25.8,70238,27.7,10.2,6,59.6,0,False,False,False,True,False,False
65.0,3,1,1935.5,19.1,96734,32.2,13.0,1,218.8,0,False,True,False,False,False,False
49.0,3,0,1935.5,19.1,96734,32.2,13.0,4,368.2,0,False,True,False,False,False,False
29.0,1,0,1529.5,36.2,105462,32.7,11.3,6,91.1,0,False,False,False,False,True,False
124.0,4,1,1956.6,18.3,66372,26.5,15.3,9,128.0,0,True,False,False,False,False,False
117.0,5,1,2155.0,15.3,70863,28.8,15.8,12,147.1,0,False,False,False,False,False,True
81.0,3,0,2324.5,16.1,83796,41.1,13.4,6,53.7,0,False,False,True,False,False,False
29.0,1,0,1529.5,36.2,105462,32.7,11.3,1,172.0,0,False,False,False,False,True,False
73.0,2,0,1529.5,36.2,105462,32.7,11.3,12,31.6,1,False,False,False,False,True,False
66.0,3,0,2324.5,16.1,83796,41.1,13.4,2,105.6,0,False,False,True,False,False,False
24.0,1,0,1956.6,18.3,66372,26.5,15.3,11,58.5,0,True,False,False,False,False,False
47.0,2,0,1638.4,25.8,70238,27.7,10.2,6,61.6,0,False,False,False,True,False,False
44.0,2,0,1638.4,25.8,70238,27.7,10.2,10,90.7,0,False,False,False,True,False,False
75.0,4,1,1638.4,25.8,70238,27.7,10.2,2,167.4,0,False,False,False,True,False,False
29.0,1,0,1529.5,36.2,105462,32.7,11.3,2,148.0,0,False,False,False,False,True,False
67.0,3,0,1935.5,19.1,96734,32.2,13.0,4,236.7,0,False,True,False,False,False,False
88.0,4,1,1935.5,19.1,96734,32.2,13.0,12,55.6,0,False,True,False,False,False,False
26.0,2,0,1638.4,25.8,70238,27.7,10.2,6,107.0,0,False,False,False,True,False,False
68.0,3,0,2155.0,15.3,70863,28.8,15.8,6,120.9,0,False,False,False,False,False,True
130.0,6,1,1935.5,19.1,96734,32.2,13.0,10,137.9,0,False,True,False,False,False,False
37.0,1,0,2324.5,16.1,83796,41.1,13.4,4,156.5,0,False,False,True,False,False,False
66.0,2,0,2324.5,16.1,83796,41.1,13.4,2,183.1,1,False,False,True,False,False,False
50.0,2,0,1529.5,36.2,105462,32.7,11.3,10,58.5,0,False,False,False,False,True,False
57.0,3,0,1935.5,19.1,96734,32.2,13.0,7,44.2,0,False,True,False,False,False,False
75.0,4,1,1956.6,18.3,66372,26.5,15.3,9,55.1,0,True,False,False,False,False,False
78.0,4,0,1529.5,36.2,105462,32.7,11.3,8,116.2,0,False,False,False,False,True,False
64.0,3,0,1935.5,19.1,96734,32.2,13.0,12,266.7,0,False,True,False,False,False,False
89.0,4,1,1638.4,25.8,70238,27.7,10.2,3,127.5,0,False,False,False,True,False,False
110.0,3,1,1638.4,25.8,70238,27.7,10.2,2,107.8,0,False,False,False,True,False,False
26.0,1,0,2324.5,16.1,83796,41.1,13.4,7,43.9,0,False,False,True,False,False,False
48.0,2,0,1935.5,19.1,96734,32.2,13.0,4,88.3,0,False,True,False,False,False,False
68.0,4,0,1529.5,36.2,105462,32.7,11.3,8,61.6,0,False,False,False,False,True,False
175.0,6,0,2324.5,16.1,83796,41.1,13.4,3,157.5,0,False,False,True,False,False,False
80.0,3,0,1935.5,19.1,96734,32.2,13.0,6,74.8,0,False,True,False,False,False,False
66.0,3,0,1935.5,19.1,96734,32.2,13.0,10,145.0,0,False,True,False,False,False,False
78.0,4,0,1956.6,18.3,66372,26.5,15.3,4,102.7,0,True,False,False,False,False,False
49.0,2,0,2155.0,15.3,70863,28.8,15.8,3,126.4,0,False,False,False,False,False,True
78.0,4,0,2155.0,15.3,70863,28.8,15.8,5,118.6,0,False,False,False,False,False,True
64.0,2,0,2324.5,16.1,83796,41.1,13.4,11,178.1,0,False,False,True,False,False,False
102.0,5,0,2155.0,15.3,70863,28.8,15.8,10,39.4,0,False,False,False,False,False,True
87.0,4,0,1638.4,25.8,70238,27.7,10.2,9,195.0,0,False,False,False,True,False,False
25.0,2,0,1529.5,36.2,105462,32.7,11.3,2,97.2,0,False,False,False,False,True,False
45.0,2,0,2324.5,16.1,83796,41.1,13.4,7,89.2,0,False,False,True,False,False,False
63.0,3,0,2155.0,15.3,70863,28.8,15.8,5,93.4,0,False,False,False,False,False,True
83.0,4,1,1935.5,19.1,96734,32.2,13.0,4,213.4,0,False,True,False,False,False,False
21.0,1,0,1529.5,36.2,105462,32.7,11.3,8,60.4,0,False,False,False,False,True,False
135.0,4,1,1935.5,19.1,96734,32.2,13.0,3,103.8,0,False,True,False,False,False,False
35.0,2,0,1529.5,36.2,105462,32.7,11.3,10,14.6,0,False,False,False,False,True,False
81.0,4,0,1935.5,19.1,96734,32.2,13.0,12,180.8,0,False,True,False,False,False,False
67.0,3,0,1638.4,25.8,70238,27.7,10.2,2,45.4,0,False,False,False,True,False,False
89.0,4,0,1956.6,18.3,66372,26.5,15.3,2,46.3,0,True,False,False,False,False,False
65.0,2,0,1935.5,19.1,96734,32.2,13.0,12,205.2,0,False,True,False,False,False,False
42.0,1,0,1529.5,36.2,105462,32.7,11.3,6,19.1,0,False,False,False,False,True,False
30.0,2,0,2324.5,16.1,83796,41.1,13.4,12,56.2,0,False,False,True,False,False,False
18.0,1,0,1529.5,36.2,105462,32.7,11.3,6,205.2,0,False,False,False,False,True,False
31.0,2,0,1638.4,25.8,70238,27.7,10.2,3,128.2,0,False,False,False,True,False,False
35.0,3,0,2324.5,16.1,83796,41.1,13.4,12,77.3,0,False,False,True,False,False,False
68.0,3,0,1935.5,19.1,96734,32.2,13.0,7,131.7,0,False,True,False,False,False,False
69.0,4,0,2155.0,15.3,70863,28.8,15.8,6,105.0,0,False,False,False,False,False,True
83.0,4,0,1956.6,18.3,66372,26.5,15.3,6,519.7,0,True,False,False,False,False,False
37.0,2,0,2324.5,16.1,83796,41.1,13.4,3,244.3,0,False,False,True,False,False,False
64.0,3,0,1935.5,19.1,96734,32.2,13.0,8,161.3,0,False,True,False,False,False,False
63.0,3,0,1529.5,36.2,105462,32.7,11.3,7,148.7,0,False,False,False,False,True,False
58.0,3,0,1638.4,25.8,70238,27.7,10.2,7,61.3,0,False,False,False,True,False,False
61.0,3,0,1935.5,19.1,96734,32.2,13.0,11,260.5,0,False,True,False,False,False,False
92.0,4,0,1529.5,36.2,105462,32.7,11.3,7,197.6,0,False,False,False,False,True,False
39.0,1,0,1529.5,36.2,105462,32.7,11.3,6,225.5,1,False,False,False,False,True,False
25.0,1,0,1956.6,18.3,66372,26.5,15.3,7,85.2,0,True,False,False,False,False,False
33.0,2,0,2324.5,16.1,83796,41.1,13.4,6,52.8,0,False,False,True,False,False,False
92.0,5,1,1956.6,18.3,66372,26.5,15.3,1,302.3,0,True,False,False,False,False,False
42.0,2,0,1638.4,25.8,70238,27.7,10.2,12,358.7,0,False,False,False,True,False,False
44.0,2,0,1935.5,19.1,96734,32.2,13.0,8,106.9,0,False,True,False,False,False,False
32.0,1,0,1638.4,25.8,70238,27.7,10.2,7,81.4,0,False,False,False,True,False,False
44.0,2,0,1638.4,25.8,70238,27.7,10.2,11,183.3,0,False,False,False,True,False,False
58.0,4,0,1638.4,25.8,70238,27.7,10.2,4,147.5,0,False,False,False,True,False,False
90.0,4,1,1956.6,18.3,66372,26.5,15.3,8,230.0,0,True,False,False,False,False,False
108.0,5,1,1935.5,19.1,96734,32.2,13.0,11,224.7,0,False,True,False,False,False,False
63.0,3,0,1638.4,25.8,70238,27.7,10.2,2,172.8,0,False,False,False,True,False,False
100.0,4,0,1638.4,25.8,70238,27.7,10.2,7,95.7,0,False,False,False,True,False,False
39.0,2,0,1935.5,19.1,96734,32.2,13.0,1,141.0,0,False,True,False,False,False,False
32.0,2,0,1529.5,36.2,105462,32.7,11.3,4,81.5,0,False,False,False,False,True,False
70.0,3,0,1935.5,19.1,96734,32.2,13.0,9,19.7,0,False,True,False,False,False,False
68.0,3,0,1638.4,25.8,70238,27.7,10.2,7,13.2,0,False,False,False,True,False,False
35.0,2,0,1638.4,25.8,70238,27.7,10.2,7,26.3,0,False,False,False,True,False,False
142.0,4,1,1935.5,19.1,96734,32.2,13.0,3,96.3,0,False,True,False,False,False,False
28.0,1,0,1935.5,19.1,96734,32.2,13.0,2,117.2,0,False,True,False,False,False,False
54.0,3,1,1935.5,19.1,96734,32.2,13.0,5,188.5,0,False,True,False,False,False,False
60.0,3,0,1935.5,19.1,96734,32.2,13.0,12,46.2,0,False,True,False,False,False,False
113.0,5,0,1935.5,19.1,96734,32.2,13.0,2,98.6,0,False,True,False,False,False,False
28.0,1,0,1935.5,19.1,96734,32.2,13.0,2,155.8,0,False,True,False,False,False,False
89.0,4,0,1638.4,25.8,70238,27.7,10.2,6,250.5,0,False,False,False,True,False,False
28.0,1,0,2324.5,16.1,83796,41.1,13.4,3,76.1,0,False,False,True,False,False,False
41.0,2,0,1935.5,19.1,96734,32.2,13.0,10,111.4,0,False,True,False,False,False,False
48.0,2,0,1935.5,19.1,96734,32.2,13.0,11,194.1,0,False,True,False,False,False,False
60.0,3,0,1935.5,19.1,96734,32.2,13.0,7,100.1,0,False,True,False,False,False,False
96.0,4,0,1935.5,19.1,96734,32.2,13.0,8,35.6,0,False,True,False,False,False,False
31.0,1,0,1935.5,19.1,96734,32.2,13.0,4,241.7,0,False,True,False,False,False,False
66.0,4,0,1935.5,19.1,96734,32.2,13.0,2,111.8,0,False,True,False,False,False,False
45.0,2,0,2324.5,16.1,83796,41.1,13.4,10,100.5,0,False,False,True,False,False,False
72.0,4,0,1638.4,25.8,70238,27.7,10.2,4,368.3,0,False,False,False,True,False,False
40.0,2,0,1529.5,36.2,105462,32.7,11.3,6,95.8,1,False,False,False,False,True,False
60.0,3,0,1529.5,36.2,105462,32.7,11.3,10,174.7,1,False,False,False,False,True,False
70.0,4,0,2155.0,15.3,70863,28.8,15.8,1,231.3,0,False,False,False,False,False,True
16.0,1,0,1956.6,18.3,66372,26.5,15.3,5,99.1,1,True,False,False,False,False,False
61.0,3,0,1956.6,18.3,66372,26.5,15.3,8,173.1,0,True,False,False,False,False,False
75.0,4,1,1956.6,18.3,66372,26.5,15.3,7,63.3,0,True,False,False,False,False,False
74.0,3,1,1638.4,25.8,70238,27.7,10.2,2,71.7,0,False,False,False,True,False,False
65.0,3,0,1935.5,19.1,96734,32.2,13.0,2,179.0,0,False,True,False,False,False,False
31.0,2,0,2324.5,16.1,83796,41.1,13.4,2,135.5,0,False,False,True,False,False,False
108.0,4,1,1638.4,25.8,70238,27.7,10.2,7,174.2,0,False,False,False,True,False,False
91.0,4,1,1956.6,18.3,66372,26.5,15.3,3,23.6,0,True,False,False,False,False,False
82.0,4,0,1638.4,25.8,70238,27.7,10.2,6,119.2,0,False,False,False,True,False,False
62.0,3,0,2155.0,15.3,70863,28.8,15.8,5,33.2,0,False,False,False,False,False,True
60.0,3,0,1935.5,19.1,96734,32.2,13.0,7,151.3,0,False,True,False,False,False,False
12.0,1,0,2155.0,15.3,70863,28.8,15.8,10,164.5,1,False,False,False,False,False,True
69.0,3,0,1529.5,36.2,105462,32.7,11.3,11,286.9,0,False,False,False,False,True,False
31.0,2,0,1935.5,19.1,96734,32.2,13.0,7,182.1,0,False,True,False,False,False,False
52.0,3,0,2324.5,16.1,83796,41.1,13.4,3,130.6,0,False,False,True,False,False,False
47.0,2,0,1529.5,36.2,105462,32.7,11.3,1,151.2,0,False,False,False,False,True,False
134.0,3,0,2324.5,16.1,83796,41.1,13.4,11,212.2,0,False,False,True,False,False,False
76.0,4,0,1529.5,36.2,105462,32.7,11.3,7,138.6,0,False,False,False,False,True,False
45.0,3,0,1529.5,36.2,105462,32.7,11.3,9,153.8,0,False,False,False,False,True,False
58.0,3,0,1638.4,25.8,70238,27.7,10.2,12,72.6,0,False,False,False,True,False,False
131.0,4,1,1638.4,25.8,70238,27.7,10.2,7,148.5,0,False,False,False,True,False,False
39.0,2,0,1638.4,25.8,70238,27.7,10.2,5,43.4,0,False,False,False,True,False,False
55.0,3,0,1935.5,19.1,96734,32.2,13.0,9,146.2,0,False,True,False,False,False,False
93.0,4,0,1529.5,36.2,105462,32.7,11.3,12,72.8,0,False,False,False,False,True,False
45.0,2,0,1529.5,36.2,105462,32.7,11.3,6,35.1,0,False,False,False,False,True,False
70.0,4,1,1529.5,36.2,105462,32.7,11.3,12,65.5,0,False,False,False,False,True,False
59.0,3,1,1638.4,25.8,70238,27.7,10.2,1,65.5,0,False,False,False,True,False,False
46.0,2,0,2324.5,16.1,83796,41.1,13.4,4,272.9,0,False,False,True,False,False,False
55.0,1,0,2324.5,16.1,83796,41.1,13.4,12,130.9,0,False,False,True,False,False,False
95.0,4,0,2324.5,16.1,83796,41.1,13.4,4,192.5,0,False,False,True,False,False,False
118.0,6,1,1935.5,19.1,96734,32.2,13.0,8,82.4,0,False,True,False,False,False,False
50.0,2,1,1935.5,19.1,96734,32.2,13.0,7,304.9,0,False,True,False,False,False,False
80.0,4,0,1529.5,36.2,105462,32.7,11.3,11,39.4,0,False,False,False,False,True,False
47.0,2,0,1935.5,19.1,96734,32.2,13.0,4,177.5,0,False,True,False,False,False,False
78.0,3,0,2324.5,16.1,83796,41.1,13.4,12,116.8,0,False,False,True,False,False,False
12.0,1,0,2324.5,16.1,83796,41.1,13.4,8,117.1,0,False,False,True,False,False,False
51.0,2,0,1638.4,25.8,70238,27.7,10.2,3,180.3,0,False,False,False,True,False,False
46.0,2,0,1935.5,19.1,96734,32.2,13.0,12,164.5,0,False,True,False,False,False,False
73.0,3,0,2155.0,15.3,70863,28.8,15.8,7,242.8,0,False,False,False,False,False,True
40.0,2,0,1935.5,19.1,96734,32.2,13.0,8,38.5,0,False,True,False,False,False,False
25.0,1,1,1935.5,19.1,96734,32.2,13.0,5,62.0,0,False,True,False,False,False,False
32.0,1,0,1956.6,18.3,66372,26.5,15.3,3,162.6,0,True,False,False,False,False,False
27.0,1,0,1638.4,25.8,70238,27.7,10.2,3,52.8,0,False,False,False,True,False,False
70.0,3,0,1529.5,36.2,105462,32.7,11.3,1,158.9,0,False,False,False,False,True,False
63.0,3,0,1956.6,18.3,66372,26.5,15.3,12,88.3,0,True,False,False,False,False,False
51.0,2,0,1956.6,18.3,66372,26.5,15.3,6,43.5,0,True,False,False,False,False,False
106.0,5,0,1935.5,19.1,96734,32.2,13.0,12,299.1,0,False,True,False,False,False,False
54.0,3,0,1935.5,19.1,96734,32.2,13.0,4,189.4,0,False,True,False,False,False,False
16.0,1,0,1529.5,36.2,105462,32.7,11.3,3,110.9,0,False,False,False,False,True,False
90.0,3,0,1529.5,36.2,105462,32.7,11.3,6,85.4,0,False,False,False,False,True,False
51.0,2,0,2324.5,16.1,83796,41.1,13.4,7,171.7,0,False,False,True,False,False,False
59.0,3,0,2155.0,15.3,70863,28.8,15.8,9,96.8,0,False,False,False,False,False,True
113.0,5,0,2324.5,16.1,83796,41.1,13.4,4,120.1,0,False,False,True,False,False,False
74.0,4,0,2324.5,16.1,83796,41.1,13.4,7,58.5,0,False,False,True,False,False,False
49.0,3,0,1935.5,19.1,96734,32.2,13.0,4,10.2,0,False,True,False,False,False,False
62.0,4,0,1529.5,36.2,105462,32.7,11.3,12,84.6,0,False,False,False,False,True,False
104.0,4,0,1935.5,19.1,96734,32.2,13.0,11,224.5,0,False,True,False,False,False,False
51.0,2,0,1638.4,25.8,70238,27.7,10.2,3,45.4,0,False,False,False,True,False,False
162.0,7,1,1529.5,36.2,105462,32.7,11.3,2,93.6,0,False,False,False,False,True,False
88.0,5,0,1935.5,19.1,96734,32.2,13.0,6,122.4,0,False,True,False,False,False,False
67.0,3,0,1956.6,18.3,66372,26.5,15.3,5,83.3,0,True,False,False,False,False,False
52.0,3,0,2324.5,16.1,83796,41.1,13.4,5,70.1,0,False,False,True,False,False,False
28.0,1,0,2155.0,15.3,70863,28.8,15.8,8,180.0,1,False,False,False,False,False,True
38.0,2,0,2324.5,16.1,83796,41.1,13.4,11,171.0,0,False,False,True,False,False,False
50.0,2,0,1638.4,25.8,70238,27.7,10.2,9,245.9,0,False,False,False,True,False,False
60.0,3,0,1956.6,18.3,66372,26.5,15.3,4,332.3,0,True,False,False,False,False,False
60.0,3,0,1956.6,18.3,66372,26.5,15.3,8,148.0,0,True,False,False,False,False,False
35.0,2,0,1529.5,36.2,105462,32.7,11.3,2,65.5,0,False,False,False,False,True,False
26.0,2,0,2155.0,15.3,70863,28.8,15.8,11,140.6,0,False,False,False,False,False,True
30.0,2,0,1935.5,19.1,96734,32.2,13.0,3,180.7,0,False,True,False,False,False,False
62.0,4,1,1529.5,36.2,105462,32.7,11.3,1,238.8,0,False,False,False,False,True,False
80.0,4,1,1956.6,18.3,66372,26.5,15.3,6,46.5,0,True,False,False,False,False,False
38.0,1,0,1638.4,25.8,70238,27.7,10.2,11,96.3,0,False,False,False,True,False,False
56.0,3,0,1638.4,25.8,70238,27.7,10.2,1,217.8,0,False,False,False,True,False,False
76.0,3,0,1956.6,18.3,66372,26.5,15.3,8,297.6,0,True,False,False,False,False,False
95.0,4,1,1956.6,18.3,66372,26.5,15.3,6,123.5,0,True,False,False,False,False,False
35.0,1,0,2324.5,16.1,83796,41.1,13.4,11,115.6,0,False,False,True,False,False,False
32.0,1,0,1935.5,19.1,96734,32.2,13.0,9,291.1,0,False,True,False,False,False,False
52.0,2,0,1956.6,18.3,66372,26.5,15.3,6,158.3,0,True,False,False,False,False,False
22.0,1,0,1529.5,36.2,105462,32.7,11.3,6,254.1,0,False,False,False,False,True,False
144.0,6,1,1956.6,18.3,66372,26.5,15.3,7,83.9,0,True,False,False,False,False,False
82.0,4,0,1956.6,18.3,66372,26.5,15.3,9,276.8,0,True,False,False,False,False,False
26.0,1,0,1529.5,36.2,105462,32.7,11.3,2,80.9,0,False,False,False,False,True,False
51.0,4,1,1529.5,36.2,105462,32.7,11.3,2,54.4,0,False,False,False,False,True,False
95.0,4,1,1935.5,19.1,96734,32.2,13.0,10,23.9,0,False,True,False,False,False,False
60.0,3,0,2155.0,15.3,70863,28.8,15.8,5,283.6,0,False,False,False,False,False,True
71.0,4,0,1529.5,36.2,105462,32.7,11.3,3,187.6,0,False,False,False,False,True,False
71.0,3,0,2155.0,15.3,70863,28.8,15.8,10,3.8,0,False,False,False,False,False,True
100.0,3,0,2155.0,15.3,70863,28.8,15.8,3,201.8,0,False,False,False,False,False,True
69.0,3,0,1935.5,19.1,96734,32.2,13.0,9,32.3,0,False,True,False,False,False,False
70.0,3,0,2155.0,15.3,70863,28.8,15.8,11,135.0,0,False,False,False,False,False,True
41.0,2,0,1935.5,19.1,96734,32.2,13.0,3,356.6,0,False,True,False,False,False,False
68.0,3,0,1529.5,36.2,105462,32.7,11.3,4,217.6,0,False,False,False,False,True,False
29.0,1,0,2324.5,16.1,83796,41.1,13.4,12,237.0,0,False,False,True,False,False,False
67.0,3,0,1529.5,36.2,105462,32.7,11.3,7,151.4,0,False,False,False,False,True,False
69.0,3,0,1529.5,36.2,105462,32.7,11.3,6,79.8,0,False,False,False,False,True,False
64.0,3,0,1956.6,18.3,66372,26.5,15.3,10,224.9,1,True,False,False,False,False,False
79.0,3,0,1529.5,36.2,105462,32.7,11.3,8,151.0,0,False,False,False,False,True,False
105.0,4,0,1638.4,25.8,70238,27.7,10.2,7,97.5,0,False,False,False,True,False,False
128.0,6,0,1638.4,25.8,70238,27.7,10.2,11,202.2,0,False,False,False,True,False,False
50.0,2,0,1638.4,25.8,70238,27.7,10.2,10,12.4,0,False,False,False,True,False,False
22.0,1,0,1529.5,36.2,105462,32.7,11.3,10,72.8,1,False,False,False,False,True,False
34.0,2,0,1529.5,36.2,105462,32.7,11.3,4,73.5,0,False,False,False,False,True,False
41.0,2,0,2324.5,16.1,83796,41.1,13.4,12,75.9,0,False,False,True,False,False,False
66.0,3,0,1529.5,36.2,105462,32.7,11.3,6,119.4,0,False,False,False,False,True,False
61.0,3,0,1935.5,19.1,96734,32.2,13.0,12,29.7,0,False,True,False,False,False,False
59.0,3,0,1935.5,19.1,96734,32.2,13.0,8,233.7,0,False,True,False,False,False,False
102.0,5,1,1935.5,19.1,96734,32.2,13.0,3,105.5,0,False,True,False,False,False,False
129.0,6,1,1638.4,25.8,70238,27.7,10.2,4,271.6,0,False,False,False,True,False,False
18.0,1,0,2324.5,16.1,83796,41.1,13.4,10,126.1,0,False,False,True,False,False,False
41.0,2,0,2155.0,15.3,70863,28.8,15.8,4,66.5,0,False,False,False,False,False,True
20.0,1,0,1529.5,36.2,105462,32.7,11.3,12,120.1,0,False,False,False,False,True,False
58.0,3,0,2324.5,16.1,83796,41.1,13.4,3,118.5,0,False,False,True,False,False,False
21.0,1,0,2155.0,15.3,70863,28.8,15.8,3,122.5,0,False,False,False,False,False,True
91.0,2,1,2324.5,16.1,83796,41.1,13.4,10,73.5,0,False,False,True,False,False,False
81.0,4,0,1638.4,25.8,70238,27.7,10.2,3,188.2,0,False,False,False,True,False,False
62.0,3,0,1638.4,25.8,70238,27.7,10.2,4,88.4,1,False,False,False,True,False,False
63.0,3,0,1956.6,18.3,66372,26.5,15.3,11,221.4,0,True,False,False,False,False,False
50.0,2,0,1935.5,19.1,96734,32.2,13.0,12,151.6,0,False,True,False,False,False,False
65.0,3,0,2324.5,16.1,83796,41.1,13.4,1,211.2,1,False,False,True,False,False,False
14.0,1,0,1529.5,36.2,105462,32.7,11.3,12,90.8,0,False,False,False,False,True,False
16.0,1,0,1956.6,18.3,66372,26.5,15.3,10,99.1,1,True,False,False,False,False,False
200.0,5,1,1935.5,19.1,96734,32.2,13.0,12,60.4,0,False,True,False,False,False,False
92.0,4,1,1956.6,18.3,66372,26.5,15.3,6,343.0,0,True,False,False,False,False,False
39.0,2,0,1956.6,18.3,66372,26.5,15.3,10,379.2,0,True,False,False,False,False,False
44.0,2,0,1935.5,19.1,96734,32.2,13.0,2,33.7,0,False,True,False,False,False,False
90.0,4,1,2155.0,15.3,70863,28.8,15.8,11,144.4,0,False,False,False,False,False,True
78.0,4,0,1529.5,36.2,105462,32.7,11.3,3,65.8,0,False,False,False,False,True,False
48.0,2,0,2155.0,15.3,70863,28.8,15.8,1,34.5,0,False,False,False,False,False,True
68.0,3,0,1638.4,25.8,70238,27.7,10.2,2,69.4,0,False,False,False,True,False,False
64.0,2,0,1956.6,18.3,66372,26.5,15.3,11,99.1,0,True,False,False,False,False,False
67.0,3,0,1529.5,36.2,105462,32.7,11.3,8,130.5,0,False,False,False,False,True,False
150.0,7,0,1935.5,19.1,96734,32.2,13.0,9,75.7,0,False,True,False,False,False,False
98.0,4,1,1935.5,19.1,96734,32.2,13.0,10,180.7,0,False,True,False,False,False,False
70.0,3,1,1956.6,18.3,66372,26.5,15.3,2,174.7,0,True,False,False,False,False,False
60.0,3,1,1935.5,19.1,96734,32.2,13.0,4,248.2,0,False,True,False,False,False,False
58.0,3,0,1529.5,36.2,105462,32.7,11.3,2,103.8,0,False,False,False,False,True,False
60.0,3,0,1529.5,36.2,105462,32.7,11.3,7,96.2,0,False,False,False,False,True,False
50.0,2,0,1638.4,25.8,70238,27.7,10.2,1,269.1,0,False,False,False,True,False,False
60.0,3,0,1935.5,19.1,96734,32.2,13.0,7,173.2,0,False,True,False,False,False,False
164.0,6,1,1529.5,36.2,105462,32.7,11.3,7,118.8,0,False,False,False,False,True,False
108.0,4,0,1935.5,19.1,96734,32.2,13.0,6,72.5,0,False,True,False,False,False,False
43.0,2,0,1956.6,18.3,66372,26.5,15.3,6,45.7,0,True,False,False,False,False,False
13.0,1,0,1638.4,25.8,70238,27.7,10.2,7,267.1,0,False,False,False,True,False,False
92.0,4,1,1935.5,19.1,96734,32.2,13.0,3,184.0,0,False,True,False,False,False,False
62.0,3,0,1935.5,19.1,96734,32.2,13.0,9,127.8,0,False,True,False,False,False,False
31.0,2,0,1956.6,18.3,66372,26.5,15.3,4,169.4,0,True,False,False,False,False,False
30.0,1,0,2155.0,15.3,70863,28.8,15.8,12,183.5,0,False,False,False,False,False,True
36.0,1,1,1638.4,25.8,70238,27.7,10.2,9,66.5,0,False,False,False,True,False,False
290.0,7,1,1529.5,36.2,105462,32.7,11.3,11,195.0,0,False,False,False,False,True,False
35.0,2,0,1956.6,18.3,66372,26.5,15.3,9,80.1,0,True,False,False,False,False,False
47.0,3,0,2155.0,15.3,70863,28.8,15.8,1,120.5,0,False,False,False,False,False,True
87.0,4,0,1638.4,25.8,70238,27.7,10.2,6,246.7,0,False,False,False,True,False,False
110.0,4,0,1935.5,19.1,96734,32.2,13.0,11,66.3,0,False,True,False,False,False,False
65.0,3,0,1935.5,19.1,96734,32.2,13.0,6,207.4,0,False,True,False,False,False,False
44.0,2,0,2324.5,16.1,83796,41.1,13.4,3,81.2,0,False,False,True,False,False,False
93.0,4,1,1935.5,19.1,96734,32.2,13.0,3,93.0,0,False,True,False,False,False,False
54.0,3,0,1529.5,36.2,105462,32.7,11.3,12,85.7,0,False,False,False,False,True,False
110.0,6,0,1529.5,36.2,105462,32.7,11.3,3,86.3,0,False,False,False,False,True,False
97.0,4,0,1529.5,36.2,105462,32.7,11.3,7,117.4,0,False,False,False,False,True,False
47.0,2,0,1935.5,19.1,96734,32.2,13.0,1,189.6,0,False,True,False,False,False,False
17.0,1,0,1529.5,36.2,105462,32.7,11.3,3,220.1,0,False,False,False,False,True,False
60.0,3,0,1529.5,36.2,105462,32.7,11.3,2,170.0,0,False,False,False,False,True,False
48.0,3,0,1935.5,19.1,96734,32.2,13.0,5,166.4,0,False,True,False,False,False,False
65.0,2,1,1638.4,25.8,70238,27.7,10.2,12,168.0,0,False,False,False,True,False,False
39.0,2,0,1529.5,36.2,105462,32.7,11.3,12,60.5,0,False,False,False,False,True,False
128.0,6,1,1529.5,36.2,105462,32.7,11.3,7,40.9,0,False,False,False,False,True,False
130.0,5,1,1638.4,25.8,70238,27.7,10.2,3,154.3,0,False,False,False,True,False,False
45.0,2,0,1935.5,19.1,96734,32.2,13.0,1,90.8,0,False,True,False,False,False,False
68.0,3,0,1638.4,25.8,70238,27.7,10.2,5,286.9,0,False,False,False,True,False,False
30.0,2,0,1529.5,36.2,105462,32.7,11.3,1,97.2,0,False,False,False,False,True,False
86.0,3,0,1935.5,19.1,96734,32.2,13.0,6,155.8,0,False,True,False,False,False,False
64.0,3,0,1956.6,18.3,66372,26.5,15.3,7,102.5,0,True,False,False,False,False,False
87.0,5,1,1956.6,18.3,66372,26.5,15.3,10,262.6,0,True,False,False,False,False,False
70.0,3,1,1638.4,25.8,70238,27.7,10.2,4,53.9,0,False,False,False,True,False,False
14.0,1,0,1529.5,36.2,105462,32.7,11.3,9,208.6,0,False,False,False,False,True,False
84.0,4,0,1935.5,19.1,96734,32.2,13.0,9,470.6,0,False,True,False,False,False,False
83.0,4,0,1638.4,25.8,70238,27.7,10.2,9,94.2,0,False,False,False,True,False,False
105.0,5,1,1956.6,18.3,66372,26.5,15.3,8,119.8,0,True,False,False,False,False,False
37.0,2,0,2324.5,16.1,83796,41.1,13.4,2,75.7,0,False,False,True,False,False,False
15.0,1,0,2324.5,16.1,83796,41.1,13.4,8,177.5,0,False,False,True,False,False,False
57.0,3,0,1529.5,36.2,105462,32.7,11.3,6,234.2,0,False,False,False,False,True,False
92.0,4,0,2324.5,16.1,83796,41.1,13.4,2,115.0,0,False,False,True,False,False,False
175.0,6,0,2324.5,16.1,83796,41.1,13.4,6,50.6,0,False,False,True,False,False,False
87.0,4,0,1638.4,25.8,70238,27.7,10.2,1,30.9,0,False,False,False,True,False,False
57.0,3,0,2155.0,15.3,70863,28.8,15.8,5,80.1,0,False,False,False,False,False,True
30.0,1,0,2324.5,16.1,83796,41.1,13.4,8,210.0,0,False,False,True,False,False,False
72.0,4,0,1638.4,25.8,70238,27.7,10.2,7,336.9,0,False,False,False,True,False,False
62.0,3,0,1935.5,19.1,96734,32.2,13.0,7,166.6,0,False,True,False,False,False,False
63.0,3,0,1935.5,19.1,96734,32.2,13.0,5,33.5,0,False,True,False,False,False,False
61.0,3,0,2155.0,15.3,70863,28.8,15.8,7,56.0,0,False,False,False,False,False,True
123.0,4,1,1935.5,19.1,96734,32.2,13.0,10,284.3,0,False,True,False,False,False,False
22.0,1,0,2155.0,15.3,70863,28.8,15.8,10,595.7,0,False,False,False,False,False,True
54.0,3,0,1529.5,36.2,105462,32.7,11.3,7,125.7,0,False,False,False,False,True,False
42.0,2,0,1638.4,25.8,70238,27.7,10.2,3,94.0,0,False,False,False,True,False,False
69.0,3,0,2155.0,15.3,70863,28.8,15.8,11,300.5,0,False,False,False,False,False,True
97.0,4,1,1956.6,18.3,66372,26.5,15.3,10,104.4,0,True,False,False,False,False,False
145.0,7,0,2324.5,16.1,83796,41.1,13.4,10,129.0,0,False,False,True,False,False,False
110.0,4,1,1956.6,18.3,66372,26.5,15.3,6,212.9,0,True,False,False,False,False,False
64.0,3,0,2155.0,15.3,70863,28.8,15.8,9,133.8,0,False,False,False,False,False,True
97.0,4,0,1529.5,36.2,105462,32.7,11.3,3,39.7,0,False,False,False,False,True,False
63.0,4,0,1956.6,18.3,66372,26.5,15.3,12,138.8,0,True,False,False,False,False,False
49.0,3,0,1638.4,25.8,70238,27.7,10.2,10,145.1,0,False,False,False,True,False,False
60.0,3,0,1956.6,18.3,66372,26.5,15.3,2,174.1,0,True,False,False,False,False,False
78.0,4,1,1638.4,25.8,70238,27.7,10.2,12,249.7,0,False,False,False,True,False,False
39.0,2,0,2155.0,15.3,70863,28.8,15.8,8,49.1,1,False,False,False,False,False,True
46.0,2,0,1935.5,19.1,96734,32.2,13.0,6,80.7,0,False,True,False,False,False,False
57.0,3,0,1935.5,19.1,96734,32.2,13.0,6,68.3,0,False,True,False,False,False,False
75.0,4,1,1638.4,25.8,70238,27.7,10.2,11,155.0,0,False,False,False,True,False,False
45.0,2,0,1529.5,36.2,105462,32.7,11.3,2,279.5,1,False,False,False,False,True,False
35.0,1,0,1529.5,36.2,105462,32.7,11.3,11,30.6,0,False,False,False,False,True,False
30.0,1,0,2324.5,16.1,83796,41.1,13.4,10,187.3,0,False,False,True,False,False,False
91.0,4,1,1638.4,25.8,70238,27.7,10.2,9,161.1,0,False,False,False,True,False,False
25.0,1,0,2324.5,16.1,83796,41.1,13.4,3,138.2,0,False,False,True,False,False,False
64.0,3,0,1935.5,19.1,96734,32.2,13.0,1,207.9,0,False,True,False,False,False,False
35.0,2,0,2155.0,15.3,70863,28.8,15.8,6,96.6,0,False,False,False,False,False,True
30.0,2,0,2324.5,16.1,83796,41.1,13.4,9,47.4,1,False,False,True,False,False,False
60.0,3,0,1529.5,36.2,105462,32.7,11.3,7,116.3,0,False,False,False,False,True,False
145.0,4,1,1529.5,36.2,105462,32.7,11.3,7,202.9,1,False,False,False,False,True,False
92.0,4,1,1638.4,25.8,70238,27.7,10.2,10,22.9,0,False,False,False,True,False,False
38.0,2,0,2324.5,16.1,83796,41.1,13.4,5,337.3,0,False,False,True,False,False,False
49.0,2,0,1935.5,19.1,96734,32.2,13.0,9,164.0,0,False,True,False,False,False,False
122.0,5,1,1935.5,19.1,96734,32.2,13.0,6,153.0,0,False,True,False,False,False,False
27.0,1,0,1935.5,19.1,96734,32.2,13.0,4,139.7,0,False,True,False,False,False,False
61.0,3,0,1956.6,18.3,66372,26.5,15.3,3,148.0,0,True,False,False,False,False,False
62.0,3,0,2324.5,16.1,83796,41.1,13.4,7,119.5,0,False,False,True,False,False,False
28.0,2,0,1935.5,19.1,96734,32.2,13.0,11,190.2,1,False,True,False,False,False,False
67.0,3,0,1529.5,36.2,105462,32.7,11.3,9,207.9,0,False,False,False,False,True,False
80.0,3,0,1638.4,25.8,70238,27.7,10.2,10,80.4,0,False,False,False,True,False,False
61.0,3,1,1935.5,19.1,96734,32.2,13.0,6,164.4,0,False,True,False,False,False,False
60.0,3,1,1529.5,36.2,105462,32.7,11.3,5,185.7,0,False,False,False,False,True,False
52.0,2,0,2155.0,15.3,70863,28.8,15.8,6,158.8,0,False,False,False,False,False,True
46.0,2,0,1935.5,19.1,96734,32.2,13.0,4,127.1,0,False,True,False,False,False,False
55.0,2,0,1935.5,19.1,96734,32.2,13.0,11,176.5,0,False,True,False,False,False,False
21.0,2,0,2155.0,15.3,70863,28.8,15.8,2,236.5,1,False,False,False,False,False,True
117.0,5,0,1638.4,25.8,70238,27.7,10.2,9,340.3,0,False,False,False,True,False,False
46.0,2,0,1935.5,19.1,96734,32.2,13.0,3,159.9,0,False,True,False,False,False,False
82.0,4,0,1956.6,18.3,66372,26.5,15.3,11,341.2,0,True,False,False,False,False,False
63.0,3,0,1956.6,18.3,66372,26.5,15.3,5,41.3,0,True,False,False,False,False,False
112.0,5,1,1529.5,36.2,105462,32.7,11.3,4,258.6,0,False,False,False,False,True,False
92.0,3,0,1638.4,25.8,70238,27.7,10.2,10,52.2,0,False,False,False,True,False,False
61.0,3,0,1935.5,19.1,96734,32.2,13.0,6,141.6,0,False,True,False,False,False,False
64.0,3,0,1935.5,19.1,96734,32.2,13.0,9,47.8,0,False,True,False,False,False,False
21.0,1,1,2155.0,15.3,70863,28.8,15.8,9,324.8,0,False,False,False,False,False,True
73.0,3,0,1638.4,25.8,70238,27.7,10.2,1,232.9,0,False,False,False,True,False,False
93.0,4,0,1529.5,36.2,105462,32.7,11.3,1,77.3,0,False,False,False,False,True,False
66.0,3,0,1935.5,19.1,96734,32.2,13.0,12,218.3,0,False,True,False,False,False,False
62.0,3,0,1529.5,36.2,105462,32.7,11.3,10,103.0,0,False,False,False,False,True,False
272.0,4,1,1638.4,25.8,70238,27.7,10.2,10,95.1,0,False,False,False,True,False,False
50.0,2,0,1529.5,36.2,105462,32.7,11.3,2,91.1,0,False,False,False,False,True,False
94.0,5,0,1529.5,36.2,105462,32.7,11.3,10,182.7,0,False,False,False,False,True,False
16.0,1,0,2155.0,15.3,70863,28.8,15.8,7,173.2,1,False,False,False,False,False,True
82.0,4,1,1956.6,18.3,66372,26.5,15.3,9,355.0,0,True,False,False,False,False,False
45.0,2,0,2324.5,16.1,83796,41.1,13.4,4,38.9,0,False,False,True,False,False,False
62.0,3,0,1638.4,25.8,70238,27.7,10.2,4,30.8,0,False,False,False,True,False,False
33.0,2,0,1956.6,18.3,66372,26.5,15.3,1,80.1,0,True,False,False,False,False,False
81.0,3,0,1935.5,19.1,96734,32.2,13.0,12,152.4,0,False,True,False,False,False,False
55.0,2,0,1638.4,25.8,70238,27.7,10.2,12,128.2,0,False,False,False,True,False,False
63.0,3,0,1529.5,36.2,105462,32.7,11.3,7,156.5,0,False,False,False,False,True,False
140.0,3,0,2324.5,16.1,83796,41.1,13.4,4,25.7,0,False,False,True,False,False,False
41.0,2,0,1935.5,19.1,96734,32.2,13.0,5,224.4,0,False,True,False,False,False,False
35.0,2,0,1638.4,25.8,70238,27.7,10.2,11,100.3,0,False,False,False,True,False,False
39.0,1,0,2324.5,16.1,83796,41.1,13.4,4,126.8,0,False,False,True,False,False,False
57.0,3,0,2324.5,16.1,83796,41.1,13.4,5,90.8,0,False,False,True,False,False,False
37.0,2,0,1638.4,25.8,70238,27.7,10.2,11,292.4,0,False,False,False,True,False,False
25.0,1,0,2324.5,16.1,83796,41.1,13.4,11,95.9,0,False,False,True,False,False,False
33.0,2,0,1529.5,36.2,105462,32.7,11.3,1,125.7,0,False,False,False,False,True,False
15.0,1,0,1638.4,25.8,70238,27.7,10.2,9,29.8,0,False,False,False,True,False,False
54.0,2,0,2324.5,16.1,83796,41.1,13.4,12,237.0,0,False,False,True,False,False,False
27.0,2,0,2324.5,16.1,83796,41.1,13.4,7,141.2,0,False,False,True,False,False,False
42.0,2,0,1638.4,25.8,70238,27.7,10.2,7,31.8,0,False,False,False,True,False,False
66.0,3,0,1638.4,25.8,70238,27.7,10.2,8,61.2,0,False,False,False,True,False,False
107.0,5,0,1529.5,36.2,105462,32.7,11.3,10,190.3,0,False,False,False,False,True,False
65.0,3,0,1638.4,25.8,70238,27.7,10.2,6,71.8,0,False,False,False,True,False,False
76.0,3,0,2155.0,15.3,70863,28.8,15.8,11,30.5,0,False,False,False,False,False,True
23.0,1,0,1638.4,25.8,70238,27.7,10.2,4,46.8,0,False,False,False,True,False,False
86.0,4,1,1935.5,19.1,96734,32.2,13.0,10,131.7,0,False,True,False,False,False,False
82.0,5,1,1935.5,19.1,96734,32.2,13.0,6,64.1,0,False,True,False,False,False,False
87.0,3,0,1935.5,19.1,96734,32.2,13.0,3,115.2,0,False,True,False,False,False,False
36.0,2,0,2155.0,15.3,70863,28.8,15.8,2,226.1,0,False,False,False,False,False,True
61.0,3,0,1935.5,19.1,96734,32.2,13.0,5,224.5,0,False,True,False,False,False,False
128.0,5,1,2155.0,15.3,70863,28.8,15.8,7,73.2,0,False,False,False,False,False,True
42.0,2,0,1935.5,19.1,96734,32.2,13.0,7,269.4,0,False,True,False,False,False,False
85.0,4,0,1529.5,36.2,105462,32.7,11.3,9,83.8,0,False,False,False,False,True,False
85.0,4,0,1935.5,19.1,96734,32.2,13.0,11,219.3,0,False,True,False,False,False,False
39.0,2,0,1529.5,36.2,105462,32.7,11.3,3,88.1,0,False,False,False,False,True,False
40.0,1,0,2324.5,16.1,83796,41.1,13.4,7,163.2,0,False,False,True,False,False,False
50.0,2,0,1529.5,36.2,105462,32.7,11.3,11,135.3,0,False,False,False,False,True,False
62.0,3,0,1935.5,19.1,96734,32.2,13.0,8,278.0,0,False,True,False,False,False,False
40.0,2,1,1638.4,25.8,70238,27.7,10.2,6,146.5,0,False,False,False,True,False,False
91.0,4,1,1956.6,18.3,66372,26.5,15.3,2,191.1,0,True,False,False,False,False,False
63.0,3,0,1529.5,36.2,105462,32.7,11.3,1,116.1,0,False,False,False,False,True,False
94.0,4,0,2324.5,16.1,83796,41.1,13.4,10,92.4,0,False,False,True,False,False,False
90.0,4,1,1935.5,19.1,96734,32.2,13.0,9,89.1,0,False,True,False,False,False,False
62.0,3,0,1935.5,19.1,96734,32.2,13.0,5,298.1,0,False,True,False,False,False,False
68.0,3,0,1935.5,19.1,96734,32.2,13.0,10,239.8,0,False,True,False,False,False,False
72.0,3,1,1529.5,36.2,105462,32.7,11.3,6,156.0,0,False,False,False,False,True,False
57.0,3,0,1935.5,19.1,96734,32.2,13.0,12,89.7,0,False,True,False,False,False,False
186.0,6,1,1935.5,19.1,96734,32.2,13.0,9,136.7,0,False,True,False,False,False,False
89.0,4,0,1956.6,18.3,66372,26.5,15.3,4,142.5,0,True,False,False,False,False,False
115.0,5,0,1956.6,18.3,66372,26.5,15.3,6,91.2,0,True,False,False,False,False,False
69.0,3,0,1638.4,25.8,70238,27.7,10.2,3,115.4,0,False,False,False,True,False,False
63.0,4,0,1529.5,36.2,105462,32.7,11.3,2,165.6,0,False,False,False,False,True,False
23.0,1,0,2155.0,15.3,70863,28.8,15.8,10,409.6,0,False,False,False,False,False,True
22.0,1,0,2155.0,15.3,70863,28.8,15.8,8,595.7,0,False,False,False,False,False,True
39.0,2,0,1529.5,36.2,105462,32.7,11.3,10,119.0,1,False,False,False,False,True,False
43.0,2,0,1638.4,25.8,70238,27.7,10.2,6,111.0,0,False,False,False,True,False,False
41.0,2,0,1935.5,19.1,96734,32.2,13.0,4,197.7,0,False,True,False,False,False,False
82.0,4,0,2155.0,15.3,70863,28.8,15.8,5,217.1,0,False,False,False,False,False,True
17.0,1,0,1956.6,18.3,66372,26.5,15.3,12,132.0,0,True,False,False,False,False,False
78.0,5,0,1935.5,19.1,96734,32.2,13.0,7,152.1,0,False,True,False,False,False,False
210.0,5,0,2324.5,16.1,83796,41.1,13.4,10,86.3,0,False,False,True,False,False,False
194.0,8,1,1529.5,36.2,105462,32.7,11.3,12,250.4,0,False,False,False,False,True,False
62.0,3,0,1956.6,18.3,66372,26.5,15.3,11,449.2,0,True,False,False,False,False,False
45.0,2,0,2324.5,16.1,83796,41.1,13.4,2,136.2,0,False,False,True,False,False,False
69.0,3,0,1529.5,36.2,105462,32.7,11.3,6,179.4,0,False,False,False,False,True,False
65.0,4,0,1638.4,25.8,70238,27.7,10.2,2,183.7,0,False,False,False,True,False,False
50.0,2,0,1529.5,36.2,105462,32.7,11.3,3,70.9,0,False,False,False,False,True,False
80.0,4,1,1935.5,19.1,96734,32.2,13.0,10,98.5,0,False,True,False,False,False,False
70.0,3,0,2324.5,16.1,83796,41.1,13.4,12,64.9,0,False,False,True,False,False,False
48.0,2,0,1638.4,25.8,70238,27.7,10.2,1,192.3,0,False,False,False,True,False,False
27.0,1,0,1956.6,18.3,66372,26.5,15.3,3,249.0,0,True,False,False,False,False,False
22.0,1,0,2324.5,16.1,83796,41.1,13.4,9,68.3,0,False,False,True,False,False,False
36.0,2,0,1529.5,36.2,105462,32.7,11.3,10,22.0,0,False,False,False,False,True,False
60.0,2,1,1956.6,18.3,66372,26.5,15.3,2,321.4,0,True,False,False,False,False,False
83.0,3,0,2324.5,16.1,83796,41.1,13.4,12,256.5,0,False,False,True,False,False,False
35.0,1,0,1638.4,25.8,70238,27.7,10.2,1,210.4,0,False,False,False,True,False,False
39.0,1,0,2324.5,16.1,83796,41.1,13.4,12,114.2,0,False,False,True,False,False,False
29.0,1,0,1935.5,19.1,96734,32.2,13.0,7,354.6,0,False,True,False,False,False,False
104.0,4,0,1529.5,36.2,105462,32.7,11.3,1,197.3,0,False,False,False,False,True,False
30.0,1,0,1956.6,18.3,66372,26.5,15.3,9,211.1,0,True,False,False,False,False,False
44.0,2,0,1935.5,19.1,96734,32.2,13.0,12,298.1,0,False,True,False,False,False,False
30.0,1,0,2155.0,15.3,70863,28.8,15.8,4,82.3,0,False,False,False,False,False,True
45.0,2,0,1638.4,25.8,70238,27.7,10.2,9,120.1,0,False,False,False,True,False,False
21.0,1,0,1935.5,19.1,96734,32.2,13.0,7,113.5,0,False,True,False,False,False,False
68.0,3,0,2155.0,15.3,70863,28.8,15.8,12,115.7,0,False,False,False,False,False,True
58.0,2,0,2324.5,16.1,83796,41.1,13.4,1,353.8,0,False,False,True,False,False,False
28.0,1,0,2324.5,16.1,83796,41.1,13.4,6,132.0,0,False,False,True,False,False,False
105.0,4,0,2324.5,16.1,83796,41.1,13.4,3,79.7,0,False,False,True,False,False,False
90.0,4,0,1638.4,25.8,70238,27.7,10.2,9,55.2,0,False,False,False,True,False,False
32.0,2,0,1935.5,19.1,96734,32.2,13.0,12,90.8,0,False,True,False,False,False,False
48.0,2,0,1935.5,19.1,96734,32.2,13.0,11,76.0,0,False,True,False,False,False,False
28.0,2,0,1529.5,36.2,105462,32.7,11.3,5,151.2,0,False,False,False,False,True,False
65.0,3,0,1638.4,25.8,70238,27.7,10.2,6,253.5,0,False,False,False,True,False,False
34.0,2,0,1638.4,25.8,70238,27.7,10.2,7,197.2,0,False,False,False,True,False,False
60.0,3,0,1935.5,19.1,96734,32.2,13.0,7,119.7,0,False,True,False,False,False,False
35.0,2,0,2324.5,16.1,83796,41.1,13.4,5,370.9,0,False,False,True,False,False,False
70.0,3,0,1529.5,36.2,105462,32.7,11.3,6,171.1,0,False,False,False,False,True,False
35.0,2,0,1935.5,19.1,96734,32.2,13.0,5,150.2,0,False,True,False,False,False,False
67.0,4,0,2155.0,15.3,70863,28.8,15.8,10,120.4,0,False,False,False,False,False,True
74.0,4,0,1638.4,25.8,70238,27.7,10.2,6,52.3,0,False,False,False,True,False,False
30.0,1,0,1529.5,36.2,105462,32.7,11.3,10,220.1,0,False,False,False,False,True,False
18.0,1,0,2324.5,16.1,83796,41.1,13.4,1,218.1,0,False,False,True,False,False,False
43.0,2,0,1529.5,36.2,105462,32.7,11.3,12,5.9,0,False,False,False,False,True,False
49.0,2,0,1956.6,18.3,66372,26.5,15.3,2,211.1,0,True,False,False,False,False,False
75.0,3,0,1638.4,25.8,70238,27.7,10.2,12,184.7,0,False,False,False,True,False,False
61.0,3,0,1935.5,19.1,96734,32.2,13.0,6,148.0,0,False,True,False,False,False,False
32.0,2,0,1935.5,19.1,96734,32.2,13.0,3,168.6,0,False,True,False,False,False,False
31.0,1,0,1638.4,25.8,70238,27.7,10.2,2,138.9,0,False,False,False,True,False,False
65.0,3,0,1935.5,19.1,96734,32.2,13.0,9,125.7,0,False,True,False,False,False,False
50.0,2,0,1935.5,19.1,96734,32.2,13.0,11,368.7,0,False,True,False,False,False,False
14.0,1,0,2324.5,16.1,83796,41.1,13.4,5,112.8,0,False,False,True,False,False,False
34.0,2,0,1529.5,36.2,105462,32.7,11.3,5,106.5,0,False,False,False,False,True,False
31.0,1,0,2324.5,16.1,83796,41.1,13.4,2,38.8,0,False,False,True,False,False,False
72.0,4,1,1529.5,36.2,105462,32.7,11.3,9,174.0,0,False,False,False,False,True,False
23.0,1,0,1529.5,36.2,105462,32.7,11.3,10,65.5,0,False,False,False,False,True,False
102.0,5,1,1956.6,18.3,66372,26.5,15.3,2,344.1,0,True,False,False,False,False,False
126.0,4,0,2324.5,16.1,83796,41.1,13.4,8,98.8,0,False,False,True,False,False,False
82.0,5,0,2155.0,15.3,70863,28.8,15.8,9,113.3,0,False,False,False,False,False,True
18.0,1,0,2155.0,15.3,70863,28.8,15.8,4,103.7,0,False,False,False,False,False,True
41.0,2,0,1935.5,19.1,96734,32.2,13.0,7,58.2,0,False,True,False,False,False,False
35.0,2,0,1529.5,36.2,105462,32.7,11.3,7,101.9,0,False,False,False,False,True,False
100.0,4,0,2324.5,16.1,83796,41.1,13.4,2,348.6,0,False,False,True,False,False,False
20.0,1,0,2324.5,16.1,83796,41.1,13.4,9,106.9,0,False,False,True,False,False,False
35.0,2,0,2324.5,16.1,83796,41.1,13.4,7,104.1,0,False,False,True,False,False,False
63.0,3,0,1935.5,19.1,96734,32.2,13.0,3,87.7,0,False,True,False,False,False,False
82.0,4,0,1956.6,18.3,66372,26.5,15.3,7,294.5,0,True,False,False,False,False,False
109.0,4,0,2155.0,15.3,70863,28.8,15.8,7,186.6,0,False,False,False,False,False,True
55.0,3,0,1935.5,19.1,96734,32.2,13.0,1,124.6,0,False,True,False,False,False,False
17.0,1,0,1638.4,25.8,70238,27.7,10.2,12,88.5,0,False,False,False,True,False,False
77.0,3,0,1638.4,25.8,70238,27.7,10.2,7,139.2,0,False,False,False,True,False,False
71.0,3,0,1638.4,25.8,70238,27.7,10.2,11,63.9,0,False,False,False,True,False,False
48.0,2,0,2324.5,16.1,83796,41.1,13.4,2,76.4,0,False,False,True,False,False,False
31.0,1,0,1638.4,25.8,70238,27.7,10.2,7,12.7,0,False,False,False,True,False,False
55.0,2,0,1935.5,19.1,96734,32.2,13.0,7,19.7,1,False,True,False,False,False,False
45.0,2,0,1529.5,36.2,105462,32.7,11.3,2,42.7,0,False,False,False,False,True,False
68.0,3,0,1638.4,25.8,70238,27.7,10.2,8,180.3,0,False,False,False,True,False,False
136.0,6,1,1529.5,36.2,105462,32.7,11.3,8,386.0,0,False,False,False,False,True,False
58.0,3,0,2155.0,15.3,70863,28.8,15.8,5,189.0,0,False,False,False,False,False,True
60.0,3,0,1935.5,19.1,96734,32.2,13.0,2,151.3,0,False,True,False,False,False,False
67.0,3,0,2324.5,16.1,83796,41.1,13.4,10,171.8,0,False,False,True,False,False,False
28.0,1,0,2324.5,16.1,83796,41.1,13.4,8,100.5,0,False,False,True,False,False,False
64.0,4,0,1638.4,25.8,70238,27.7,10.2,8,194.7,0,False,False,False,True,False,False
48.0,3,0,1935.5,19.1,96734,32.2,13.0,12,177.0,0,False,True,False,False,False,False
56.0,3,0,1638.4,25.8,70238,27.7,10.2,10,130.4,0,False,False,False,True,False,False
34.0,2,0,2324.5,16.1,83796,41.1,13.4,3,292.7,0,False,False,True,False,False,False
91.0,4,1,1935.5,19.1,96734,32.2,13.0,5,102.5,0,False,True,False,False,False,False
66.0,4,1,1529.5,36.2,105462,32.7,11.3,7,132.1,0,False,False,False,False,True,False
151.0,6,1,1956.6,18.3,66372,26.5,15.3,11,37.4,0,True,False,False,False,False,False
26.0,1,0,1529.5,36.2,105462,32.7,11.3,5,129.7,0,False,False,False,False,True,False
90.0,4,1,1529.5,36.2,105462,32.7,11.3,4,276.7,0,False,False,False,False,True,False
64.0,3,0,2155.0,15.3,70863,28.8,15.8,2,193.1,0,False,False,False,False,False,True
79.0,4,0,1529.5,36.2,105462,32.7,11.3,12,145.2,0,False,False,False,False,True,False
66.0,3,0,2155.0,15.3,70863,28.8,15.8,5,324.6,0,False,False,False,False,False,True
30.0,1,0,2324.5,16.1,83796,41.1,13.4,3,121.1,0,False,False,True,False,False,False
66.0,2,0,1529.5,36.2,105462,32.7,11.3,9,130.5,0,False,False,False,False,True,False
60.0,3,0,1956.6,18.3,66372,26.5,15.3,5,129.1,0,True,False,False,False,False,False
47.0,2,0,1956.6,18.3,66372,26.5,15.3,5,45.7,0,True,False,False,False,False,False
66.0,4,1,1956.6,18.3,66372,26.5,15.3,4,180.5,0,True,False,False,False,False,False
148.0,7,1,1956.6,18.3,66372,26.5,15.3,7,158.5,0,True,False,False,False,False,False
68.0,3,0,1935.5,19.1,96734,32.2,13.0,11,190.2,1,False,True,False,False,False,False
54.0,3,0,1956.6,18.3,66372,26.5,15.3,6,272.6,0,True,False,False,False,False,False
78.0,3,0,2324.5,16.1,83796,41.1,13.4,7,26.9,0,False,False,True,False,False,False
54.0,3,0,1935.5,19.1,96734,32.2,13.0,4,378.5,0,False,True,False,False,False,False
90.0,4,1,1638.4,25.8,70238,27.7,10.2,10,26.4,0,False,False,False,True,False,False
110.0,6,1,1956.6,18.3,66372,26.5,15.3,1,120.0,0,True,False,False,False,False,False
70.0,4,0,2324.5,16.1,83796,41.1,13.4,8,259.7,0,False,False,True,False,False,False
24.0,1,0,1529.5,36.2,105462,32.7,11.3,7,116.1,0,False,False,False,False,True,False
27.0,1,0,1638.4,25.8,70238,27.7,10.2,5,99.9,0,False,False,False,True,False,False
85.0,5,1,2155.0,15.3,70863,28.8,15.8,3,514.7,0,False,False,False,False,False,True
34.0,1,0,2324.5,16.1,83796,41.1,13.4,1,81.6,0,False,False,True,False,False,False
28.0,1,0,1935.5,19.1,96734,32.2,13.0,1,199.4,0,False,True,False,False,False,False
45.0,2,0,1529.5,36.2,105462,32.7,11.3,6,127.5,0,False,False,False,False,True,False
27.0,2,0,2324.5,16.1,83796,41.1,13.4,6,66.1,0,False,False,True,False,False,False
41.0,2,0,1638.4,25.8,70238,27.7,10.2,2,147.5,0,False,False,False,True,False,False
55.0,3,1,1935.5,19.1,96734,32.2,13.0,4,164.2,0,False,True,False,False,False,False
15.0,1,0,2155.0,15.3,70863,28.8,15.8,7,26.5,0,False,False,False,False,False,True
70.0,4,0,2324.5,16.1,83796,41.1,13.4,6,45.9,0,False,False,True,False,False,False
83.0,3,0,2324.5,16.1,83796,41.1,13.4,8,86.9,0,False,False,True,False,False,False
56.0,3,1,1956.6,18.3,66372,26.5,15.3,10,46.1,0,True,False,False,False,False,False
55.0,3,0,2324.5,16.1,83796,41.1,13.4,8,167.2,0,False,False,True,False,False,False
66.0,3,0,1935.5,19.1,96734,32.2,13.0,10,161.9,0,False,True,False,False,False,False
68.0,3,0,2155.0,15.3,70863,28.8,15.8,1,269.5,0,False,False,False,False,False,True
23.0,1,0,2324.5,16.1,83796,41.1,13.4,8,137.6,0,False,False,True,False,False,False
63.0,2,0,1529.5,36.2,105462,32.7,11.3,10,109.7,0,False,False,False,False,True,False
40.0,2,0,2155.0,15.3,70863,28.8,15.8,4,90.1,0,False,False,False,False,False,True
42.0,2,0,1935.5,19.1,96734,32.2,13.0,11,115.7,0,False,True,False,False,False,False
41.0,2,0,1935.5,19.1,96734,32.2,13.0,8,109.2,0,False,True,False,False,False,False
55.0,3,1,1935.5,19.1,96734,32.2,13.0,4,123.6,0,False,True,False,False,False,False
96.0,5,1,1956.6,18.3,66372,26.5,15.3,11,317.0,0,True,False,False,False,False,False
110.0,4,1,1935.5,19.1,96734,32.2,13.0,7,65.4,0,False,True,False,False,False,False
67.0,3,0,1935.5,19.1,96734,32.2,13.0,9,78.4,0,False,True,False,False,False,False
33.0,2,0,2324.5,16.1,83796,41.1,13.4,8,170.1,0,False,False,True,False,False,False
68.0,3,0,1638.4,25.8,70238,27.7,10.2,4,48.7,0,False,False,False,True,False,False
50.0,2,0,2155.0,15.3,70863,28.8,15.8,10,64.0,0,False,False,False,False,False,True
19.0,1,0,1529.5,36.2,105462,32.7,11.3,5,159.0,0,False,False,False,False,True,False
30.0,2,0,1638.4,25.8,70238,27.7,10.2,1,65.5,0,False,False,False,True,False,False
17.0,1,0,2324.5,16.1,83796,41.1,13.4,3,81.2,0,False,False,True,False,False,False
98.0,4,0,2155.0,15.3,70863,28.8,15.8,10,154.2,0,False,False,False,False,False,True
58.0,3,0,2324.5,16.1,83796,41.1,13.4,11,55.5,0,False,False,True,False,False,False
74.0,4,1,2324.5,16.1,83796,41.1,13.4,10,173.1,0,False,False,True,False,False,False
128.0,5,1,1956.6,18.3,66372,26.5,15.3,11,138.6,0,True,False,False,False,False,False
109.0,5,1,1638.4,25.8,70238,27.7,10.2,6,87.5,0,False,False,False,True,False,False
27.0,1,0,1638.4,25.8,70238,27.7,10.2,6,140.4,0,False,False,False,True,False,False
40.0,2,0,1529.5,36.2,105462,32.7,11.3,7,145.7,0,False,False,False,False,True,False
88.0,3,0,2324.5,16.1,83796,41.1,13.4,7,90.1,0,False,False,True,False,False,False
40.0,2,0,2155.0,15.3,70863,28.8,15.8,12,193.1,0,False,False,False,False,False,True
62.0,3,0,1935.5,19.1,96734,32.2,13.0,10,186.6,0,False,True,False,False,False,False
65.0,2,0,2324.5,16.1,83796,41.1,13.4,3,56.6,0,False,False,True,False,False,False
101.0,5,1,1956.6,18.3,66372,26.5,15.3,5,182.3,0,True,False,False,False,False,False
157.0,5,0,1529.5,36.2,105462,32.7,11.3,5,141.9,0,False,False,False,False,True,False
26.0,1,0,2155.0,15.3,70863,28.8,15.8,12,64.8,0,False,False,False,False,False,True
109.0,4,0,2324.5,16.1,83796,41.1,13.4,5,117.8,0,False,False,True,False,False,False
23.0,1,0,2155.0,15.3,70863,28.8,15.8,12,219.5,0,False,False,False,False,False,True
72.0,4,0,2324.5,16.1,83796,41.1,13.4,5,123.3,0,False,False,True,False,False,False
84.0,4,0,1956.6,18.3,66372,26.5,15.3,7,167.7,0,True,False,False,False,False,False
115.0,5,1,1529.5,36.2,105462,32.7,11.3,6,7.7,0,False,False,False,False,True,False
40.0,2,0,1529.5,36.2,105462,32.7,11.3,5,184.7,0,False,False,False,False,True,False
63.0,3,0,1935.5,19.1,96734,32.2,13.0,6,194.6,0,False,True,False,False,False,False
28.0,1,0,1529.5,36.2,105462,32.7,11.3,2,178.9,1,False,False,False,False,True,False
31.0,1,0,2324.5,16.1,83796,41.1,13.4,1,181.5,0,False,False,True,False,False,False
90.0,5,0,1638.4,25.8,70238,27.7,10.2,8,324.7,0,False,False,False,True,False,False
30.0,2,0,1956.6,18.3,66372,26.5,15.3,2,140.1,0,True,False,False,False,False,False
27.0,1,0,1529.5,36.2,105462,32.7,11.3,11,43.3,0,False,False,False,False,True,False
43.0,2,0,1935.5,19.1,96734,32.2,13.0,7,106.5,0,False,True,False,False,False,False
113.0,4,1,1956.6,18.3,66372,26.5,15.3,8,147.0,0,True,False,False,False,False,False
37.0,2,0,2324.5,16.1,83796,41.1,13.4,10,364.1,0,False,False,True,False,False,False
36.0,2,0,1956.6,18.3,66372,26.5,15.3,2,376.5,0,True,False,False,False,False,False
61.0,3,0,1935.5,19.1,96734,32.2,13.0,12,190.6,0,False,True,False,False,False,False
67.0,4,0,1956.6,18.3,66372,26.5,15.3,4,294.5,0,True,False,False,False,False,False
49.0,2,0,1935.5,19.1,96734,32.2,13.0,6,25.5,0,False,True,False,False,False,False
67.0,4,0,1529.5,36.2,105462,32.7,11.3,10,206.9,0,False,False,False,False,True,False
31.0,2,0,1935.5,19.1,96734,32.2,13.0,2,469.4,0,False,True,False,False,False,False
69.0,3,0,1935.5,19.1,96734,32.2,13.0,5,257.0,0,False,True,False,False,False,False
78.0,4,1,1956.6,18.3,66372,26.5,15.3,8,136.1,0,True,False,False,False,False,False
60.0,2,0,2324.5,16.1,83796,41.1,13.4,11,138.4,0,False,False,True,False,False,False
104.0,4,1,1638.4,25.8,70238,27.7,10.2,7,255.7,0,False,False,False,True,False,False
75.0,3,0,1935.5,19.1,96734,32.2,13.0,2,70.8,0,False,True,False,False,False,False
89.0,5,0,1638.4,25.8,70238,27.7,10.2,11,220.2,0,False,False,False,True,False,False
37.0,1,0,2324.5,16.1,83796,41.1,13.4,7,113.0,0,False,False,True,False,False,False
125.0,3,0,1638.4,25.8,70238,27.7,10.2,10,234.3,0,False,False,False,True,False,False
87.0,4,0,2155.0,15.3,70863,28.8,15.8,7,330.6,0,False,False,False,False,False,True
168.0,6,1,1638.4,25.8,70238,27.7,10.2,1,149.6,0,False,False,False,True,False,False
49.0,3,0,1956.6,18.3,66372,26.5,15.3,11,211.1,0,True,False,False,False,False,False
21.0,1,0,1529.5,36.2,105462,32.7,11.3,9,116.9,0,False,False,False,False,True,False
94.0,5,1,1935.5,19.1,96734,32.2,13.0,7,159.5,0,False,True,False,False,False,False
142.0,5,0,2155.0,15.3,70863,28.8,15.8,6,169.2,0,False,False,False,False,False,True
68.0,3,0,1956.6,18.3,66372,26.5,15.3,1,529.5,0,True,False,False,False,False,False
52.0,3,0,1935.5,19.1,96734,32.2,13.0,1,197.9,1,False,True,False,False,False,False
130.0,4,0,2324.5,16.1,83796,41.1,13.4,6,138.9,0,False,False,True,False,False,False
84.0,4,1,1935.5,19.1,96734,32.2,13.0,12,134.8,0,False,True,False,False,False,False
22.0,1,0,2324.5,16.1,83796,41.1,13.4,9,98.7,0,False,False,True,False,False,False
194.0,8,0,2324.5,16.1,83796,41.1,13.4,9,154.8,0,False,False,True,False,False,False
20.0,1,0,2155.0,15.3,70863,28.8,15.8,4,120.1,0,False,False,False,False,False,True
29.0,2,0,2324.5,16.1,83796,41.1,13.4,3,40.4,0,False,False,True,False,False,False
77.0,3,1,2324.5,16.1,83796,41.1,13.4,10,347.7,0,False,False,True,False,False,False
72.0,3,1,1935.5,19.1,96734,32.2,13.0,4,26.9,0,False,True,False,False,False,False
38.0,2,0,1529.5,36.2,105462,32.7,11.3,3,43.5,0,False,False,False,False,True,False
250.0,7,1,2324.5,16.1,83796,41.1,13.4,7,256.7,0,False,False,True,False,False,False
65.0,4,0,1529.5,36.2,105462,32.7,11.3,6,78.7,0,False,False,False,False,True,False
132.0,5,1,1529.5,36.2,105462,32.7,11.3,8,163.0,0,False,False,False,False,True,False
79.0,4,0,1638.4,25.8,70238,27.7,10.2,12,78.4,0,False,False,False,True,False,False
60.0,3,0,1638.4,25.8,70238,27.7,10.2,1,153.0,0,False,False,False,True,False,False
66.0,4,0,2324.5,16.1,83796,41.1,13.4,3,63.7,0,False,False,True,False,False,False
61.0,3,0,1935.5,19.1,96734,32.2,13.0,6,156.2,1,False,True,False,False,False,False
135.0,6,1,1529.5,36.2,105462,32.7,11.3,6,135.2,0,False,False,False,False,True,False
45.0,2,0,2324.5,16.1,83796,41.1,13.4,3,76.9,0,False,False,True,False,False,False
11.0,1,0,1638.4,25.8,70238,27.7,10.2,4,56.3,0,False,False,False,True,False,False
151.0,5,1,1638.4,25.8,70238,27.7,10.2,12,203.3,0,False,False,False,True,False,False
17.0,1,0,1638.4,25.8,70238,27.7,10.2,12,58.2,1,False,False,False,True,False,False
68.0,3,0,1956.6,18.3,66372,26.5,15.3,4,39.8,0,True,False,False,False,False,False
35.0,1,0,2324.5,16.1,83796,41.1,13.4,6,221.3,1,False,False,True,False,False,False
75.0,3,0,1956.6,18.3,66372,26.5,15.3,10,187.2,0,True,False,False,False,False,False
46.0,2,0,1935.5,19.1,96734,32.2,13.0,9,89.3,0,False,True,False,False,False,False
29.0,2,0,2324.5,16.1,83796,41.1,13.4,6,56.2,0,False,False,True,False,False,False
73.0,3,1,1638.4,25.8,70238,27.7,10.2,7,105.3,0,False,False,False,True,False,False
81.0,4,0,1935.5,19.1,96734,32.2,13.0,7,33.1,0,False,True,False,False,False,False
47.0,2,0,2155.0,15.3,70863,28.8,15.8,6,133.8,0,False,False,False,False,False,True
61.0,3,0,1638.4,25.8,70238,27.7,10.2,1,99.9,0,False,False,False,True,False,False
68.0,3,0,2155.0,15.3,70863,28.8,15.8,7,63.7,0,False,False,False,False,False,True
97.0,3,0,2324.5,16.1,83796,41.1,13.4,9,147.8,0,False,False,True,False,False,False
54.0,2,0,1935.5,19.1,96734,32.2,13.0,7,113.5,0,False,True,False,False,False,False
89.0,4,0,2155.0,15.3,70863,28.8,15.8,3,169.2,0,False,False,False,False,False,True
63.0,3,0,1935.5,19.1,96734,32.2,13.0,2,138.8,0,False,True,False,False,False,False
57.0,3,0,1935.5,19.1,96734,32.2,13.0,6,408.7,0,False,True,False,False,False,False
15.0,1,0,2324.5,16.1,83796,41.1,13.4,11,86.6,0,False,False,True,False,False,False
42.0,2,1,2155.0,15.3,70863,28.8,15.8,2,504.4,0,False,False,False,False,False,True
104.0,4,1,1638.4,25.8,70238,27.7,10.2,9,232.2,0,False,False,False,True,False,False
19.0,2,0,2324.5,16.1,83796,41.1,13.4,12,174.2,0,False,False,True,False,False,False
38.0,2,0,2324.5,16.1,83796,41.1,13.4,6,137.6,0,False,False,True,False,False,False
46.0,2,0,2324.5,16.1,83796,41.1,13.4,10,213.5,0,False,False,True,False,False,False
60.0,3,0,1935.5,19.1,96734,32.2,13.0,9,378.7,0,False,True,False,False,False,False
38.0,2,0,1529.5,36.2,105462,32.7,11.3,5,152.5,0,False,False,False,False,True,False
99.0,4,0,1956.6,18.3,66372,26.5,15.3,10,86.9,0,True,False,False,False,False,False
70.0,2,0,2324.5,16.1,83796,41.1,13.4,12,212.3,0,False,False,True,False,False,False
40.0,2,0,2155.0,15.3,70863,28.8,15.8,10,52.4,0,False,False,False,False,False,True
19.0,1,0,2324.5,16.1,83796,41.1,13.4,12,162.4,0,False,False,True,False,False,False
74.0,3,0,1935.5,19.1,96734,32.2,13.0,12,37.5,0,False,True,False,False,False,False
30.0,1,0,1638.4,25.8,70238,27.7,10.2,2,199.5,0,False,False,False,True,False,False
31.0,1,0,1529.5,36.2,105462,32.7,11.3,9,61.6,0,False,False,False,False,True,False
75.0,4,1,1638.4,25.8,70238,27.7,10.2,10,87.7,0,False,False,False,True,False,False
50.0,1,0,2324.5,16.1,83796,41.1,13.4,7,122.3,1,False,False,True,False,False,False
41.0,2,0,2324.5,16.1,83796,41.1,13.4,9,129.7,0,False,False,True,False,False,False
93.0,4,0,1935.5,19.1,96734,32.2,13.0,3,188.2,0,False,True,False,False,False,False
45.0,2,0,1529.5,36.2,105462,32.7,11.3,7,16.2,0,False,False,False,False,True,False
57.0,3,0,1638.4,25.8,70238,27.7,10.2,12,115.8,0,False,False,False,True,False,False
35.0,1,0,1935.5,19.1,96734,32.2,13.0,8,147.3,0,False,True,False,False,False,False
65.0,3,0,2324.5,16.1,83796,41.1,13.4,10,206.5,0,False,False,True,False,False,False
40.0,2,0,1935.5,19.1,96734,32.2,13.0,7,22.7,0,False,True,False,False,False,False
38.0,1,0,2324.5,16.1,83796,41.1,13.4,8,138.9,0,False,False,True,False,False,False
25.0,1,0,2155.0,15.3,70863,28.8,15.8,11,124.1,0,False,False,False,False,False,True
40.0,3,0,1638.4,25.8,70238,27.7,10.2,2,286.8,0,False,False,False,True,False,False
44.0,2,0,2324.5,16.1,83796,41.1,13.4,10,115.6,0,False,False,True,False,False,False
60.0,3,0,1529.5,36.2,105462,32.7,11.3,2,81.3,0,False,False,False,False,True,False
41.0,2,0,1529.5,36.2,105462,32.7,11.3,8,66.8,0,False,False,False,False,True,False
90.0,4,0,1956.6,18.3,66372,26.5,15.3,6,95.0,0,True,False,False,False,False,False
15.0,1,0,2155.0,15.3,70863,28.8,15.8,5,87.5,0,False,False,False,False,False,True
65.0,3,0,2324.5,16.1,83796,41.1,13.4,10,17.9,0,False,False,True,False,False,False
80.0,3,0,2324.5,16.1,83796,41.1,13.4,1,22.1,0,False,False,True,False,False,False
55.0,3,1,1638.4,25.8,70238,27.7,10.2,7,95.7,0,False,False,False,True,False,False
26.0,1,0,2155.0,15.3,70863,28.8,15.8,3,76.2,0,False,False,False,False,False,True
24.0,1,0,1638.4,25.8,70238,27.7,10.2,4,193.8,0,False,False,False,True,False,False
72.0,4,1,2155.0,15.3,70863,28.8,15.8,5,140.7,0,False,False,False,False,False,True
40.0,2,0,2324.5,16.1,83796,41.1,13.4,10,98.7,0,False,False,True,False,False,False
32.0,2,0,2155.0,15.3,70863,28.8,15.8,9,75.1,0,False,False,False,False,False,True
58.0,2,0,1935.5,19.1,96734,32.2,13.0,7,233.8,0,False,True,False,False,False,False
218.0,8,1,1935.5,19.1,96734,32.2,13.0,5,209.1,0,False,True,False,False,False,False
64.0,3,0,2155.0,15.3,70863,28.8,15.8,1,35.2,0,False,False,False,False,False,True
53.0,2,0,1935.5,19.1,96734,32.2,13.0,4,52.0,0,False,True,False,False,False,False
48.0,2,0,2324.5,16.1,83796,41.1,13.4,6,205.0,0,False,False,True,False,False,False
23.0,1,0,2324.5,16.1,83796,41.1,13.4,7,134.8,0,False,False,True,False,False,False
46.0,2,0,1935.5,19.1,96734,32.2,13.0,7,89.3,0,False,True,False,False,False,False
66.0,4,0,1529.5,36.2,105462,32.7,11.3,2,126.2,0,False,False,False,False,True,False
52.0,3,1,1638.4,25.8,70238,27.7,10.2,6,209.1,0,False,False,False,True,False,False
62.0,4,0,2324.5,16.1,83796,41.1,13.4,12,35.7,0,False,False,True,False,False,False
74.0,3,0,1529.5,36.2,105462,32.7,11.3,1,24.8,0,False,False,False,False,True,False
36.0,1,0,1935.5,19.1,96734,32.2,13.0,12,420.6,0,False,True,False,False,False,False
95.0,5,1,2324.5,16.1,83796,41.1,13.4,11,98.6,0,False,False,True,False,False,False
89.0,4,1,1935.5,19.1,96734,32.2,13.0,8,94.3,0,False,True,False,False,False,False
23.0,1,0,1529.5,36.2,105462,32.7,11.3,7,178.9,0,False,False,False,False,True,False
120.0,4,1,1529.5,36.2,105462,32.7,11.3,9,89.4,0,False,False,False,False,True,False
56.0,3,0,1529.5,36.2,105462,32.7,11.3,2,166.8,0,False,False,False,False,True,False
137.0,5,1,1529.5,36.2,105462,32.7,11.3,4,154.4,0,False,False,False,False,True,False
77.0,4,0,1638.4,25.8,70238,27.7,10.2,6,71.2,0,False,False,False,True,False,False
42.0,2,0,1529.5,36.2,105462,32.7,11.3,8,38.5,0,False,False,False,False,True,False
44.0,2,0,1935.5,19.1,96734,32.2,13.0,2,116.2,0,False,True,False,False,False,False
39.0,2,0,1935.5,19.1,96734,32.2,13.0,9,57.8,0,False,True,False,False,False,False
59.0,3,0,2155.0,15.3,70863,28.8,15.8,1,83.9,0,False,False,False,False,False,True
88.0,4,1,1935.5,19.1,96734,32.2,13.0,6,257.6,0,False,True,False,False,False,False
21.0,1,0,1956.6,18.3,66372,26.5,15.3,4,135.0,0,True,False,False,False,False,False
110.0,3,0,1956.6,18.3,66372,26.5,15.3,12,202.8,0,True,False,False,False,False,False
19.0,1,0,2324.5,16.1,83796,41.1,13.4,7,48.0,0,False,False,True,False,False,False
25.0,1,0,1529.5,36.2,105462,32.7,11.3,6,65.5,0,False,False,False,False,True,False
61.0,3,0,1638.4,25.8,70238,27.7,10.2,7,70.4,0,False,False,False,True,False,False
21.0,1,0,2324.5,16.1,83796,41.1,13.4,11,337.3,0,False,False,True,False,False,False
35.0,1,0,2155.0,15.3,70863,28.8,15.8,8,306.7,0,False,False,False,False,False,True
92.0,5,0,1529.5,36.2,105462,32.7,11.3,2,48.4,0,False,False,False,False,True,False
89.0,4,0,2324.5,16.1,83796,41.1,13.4,6,314.7,0,False,False,True,False,False,False
66.0,3,0,2324.5,16.1,83796,41.1,13.4,7,126.1,0,False,False,True,False,False,False
76.0,4,1,1956.6,18.3,66372,26.5,15.3,5,224.8,1,True,False,False,False,False,False
42.0,2,0,2324.5,16.1,83796,41.1,13.4,10,113.7,0,False,False,True,False,False,False
40.0,2,0,2324.5,16.1,83796,41.1,13.4,6,351.7,0,False,False,True,False,False,False
104.0,5,1,1956.6,18.3,66372,26.5,15.3,3,109.5,0,True,False,False,False,False,False
103.0,4,0,1529.5,36.2,105462,32.7,11.3,3,345.0,0,False,False,False,False,True,False
23.0,1,0,1529.5,36.2,105462,32.7,11.3,1,136.7,0,False,False,False,False,True,False
43.0,2,0,2155.0,15.3,70863,28.8,15.8,6,92.5,0,False,False,False,False,False,True
24.0,1,0,1956.6,18.3,66372,26.5,15.3,7,58.5,0,True,False,False,False,False,False
58.0,3,0,2155.0,15.3,70863,28.8,15.8,3,133.8,0,False,False,False,False,False,True
107.0,4,0,1638.4,25.8,70238,27.7,10.2,6,132.1,0,False,False,False,True,False,False
48.0,2,0,1935.5,19.1,96734,32.2,13.0,10,217.2,0,False,True,False,False,False,False
66.0,3,1,1935.5,19.1,96734,32.2,13.0,4,141.1,0,False,True,False,False,False,False
75.0,4,0,1935.5,19.1,96734,32.2,13.0,11,127.1,0,False,True,False,False,False,False
101.0,5,1,1935.5,19.1,96734,32.2,13.0,7,40.1,0,False,True,False,False,False,False
16.0,1,0,1935.5,19.1,96734,32.2,13.0,9,34.0,0,False,True,False,False,False,False
30.0,2,0,2324.5,16.1,83796,41.1,13.4,9,92.2,0,False,False,True,False,False,False
52.0,1,0,1529.5,36.2,105462,32.7,11.3,3,197.5,0,False,False,False,False,True,False
64.0,3,0,2155.0,15.3,70863,28.8,15.8,3,321.8,0,False,False,False,False,False,True
45.0,2,0,1935.5,19.1,96734,32.2,13.0,6,265.5,0,False,True,False,False,False,False
63.0,3,0,1935.5,19.1,96734,32.2,13.0,8,142.7,0,False,True,False,False,False,False
29.0,1,0,1529.5,36.2,105462,32.7,11.3,11,84.1,0,False,False,False,False,True,False
36.0,2,0,1935.5,19.1,96734,32.2,13.0,8,171.5,0,False,True,False,False,False,False
122.0,5,1,1529.5,36.2,105462,32.7,11.3,8,248.9,0,False,False,False,False,True,False
68.0,3,0,2155.0,15.3,70863,28.8,15.8,12,109.9,0,False,False,False,False,False,True
32.0,2,0,2155.0,15.3,70863,28.8,15.8,10,187.5,0,False,False,False,False,False,True
65.0,2,0,1935.5,19.1,96734,32.2,13.0,10,24.5,0,False,True,False,False,False,False
85.0,4,0,1935.5,19.1,96734,32.2,13.0,5,65.0,0,False,True,False,False,False,False
27.0,1,0,2324.5,16.1,83796,41.1,13.4,12,192.2,0,False,False,True,False,False,False
113.0,4,0,1529.5,36.2,105462,32.7,11.3,10,39.8,0,False,False,False,False,True,False
62.0,3,0,1935.5,19.1,96734,32.2,13.0,1,123.0,0,False,True,False,False,False,False
68.0,3,0,1935.5,19.1,96734,32.2,13.0,7,70.6,1,False,True,False,False,False,False
131.0,4,1,1935.5,19.1,96734,32.2,13.0,12,76.9,0,False,True,False,False,False,False
48.0,2,0,1956.6,18.3,66372,26.5,15.3,10,45.7,0,True,False,False,False,False,False
39.0,2,0,1935.5,19.1,96734,32.2,13.0,2,218.1,0,False,True,False,False,False,False
30.0,1,0,2324.5,16.1,83796,41.1,13.4,4,185.7,0,False,False,True,False,False,False
93.0,4,0,1529.5,36.2,105462,32.7,11.3,12,206.6,0,False,False,False,False,True,False
30.0,2,0,2324.5,16.1,83796,41.1,13.4,11,159.7,0,False,False,True,False,False,False
20.0,1,0,1529.5,36.2,105462,32.7,11.3,10,59.2,0,False,False,False,False,True,False
200.0,6,1,1638.4,25.8,70238,27.7,10.2,6,142.2,0,False,False,False,True,False,False
69.0,3,0,2324.5,16.1,83796,41.1,13.4,10,84.9,0,False,False,True,False,False,False
106.0,4,1,1638.4,25.8,70238,27.7,10.2,9,163.8,0,False,False,False,True,False,False
58.0,3,0,1935.5,19.1,96734,32.2,13.0,10,197.0,0,False,True,False,False,False,False
34.0,2,0,1935.5,19.1,96734,32.2,13.0,9,133.6,0,False,True,False,False,False,False
120.0,4,0,2324.5,16.1,83796,41.1,13.4,3,50.9,0,False,False,True,False,False,False
73.0,4,0,1956.6,18.3,66372,26.5,15.3,3,212.7,1,True,False,False,False,False,False
62.0,3,0,1529.5,36.2,105462,32.7,11.3,10,138.6,0,False,False,False,False,True,False
43.0,1,0,2324.5,16.1,83796,41.1,13.4,6,251.8,0,False,False,True,False,False,False
66.0,4,0,2155.0,15.3,70863,28.8,15.8,7,174.0,0,False,False,False,False,False,True
95.0,4,1,2324.5,16.1,83796,41.1,13.4,11,275.8,0,False,False,True,False,False,False
121.0,6,1,1529.5,36.2,105462,32.7,11.3,3,85.0,0,False,False,False,False,True,False
22.0,1,0,1529.5,36.2,105462,32.7,11.3,2,80.9,0,False,False,False,False,True,False
114.0,5,1,1956.6,18.3,66372,26.5,15.3,7,216.5,0,True,False,False,False,False,False
92.0,3,1,1638.4,25.8,70238,27.7,10.2,3,229.0,0,False,False,False,True,False,False
45.0,2,0,1638.4,25.8,70238,27.7,10.2,10,195.3,0,False,False,False,True,False,False
18.0,1,0,1529.5,36.2,105462,32.7,11.3,6,129.8,0,False,False,False,False,True,False
62.0,3,0,2155.0,15.3,70863,28.8,15.8,3,85.7,0,False,False,False,False,False,True
190.0,6,1,1638.4,25.8,70238,27.7,10.2,3,348.2,1,False,False,False,True,False,False
73.0,3,0,2324.5,16.1,83796,41.1,13.4,1,47.0,0,False,False,True,False,False,False
44.0,2,0,1529.5,36.2,105462,32.7,11.3,2,19.6,0,False,False,False,False,True,False
67.0,3,0,1638.4,25.8,70238,27.7,10.2,5,207.0,0,False,False,False,True,False,False
104.0,4,1,1956.6,18.3,66372,26.5,15.3,5,221.1,0,True,False,False,False,False,False
68.0,3,0,2155.0,15.3,70863,28.8,15.8,1,72.7,0,False,False,False,False,False,True
60.0,3,0,1935.5,19.1,96734,32.2,13.0,3,63.5,1,False,True,False,False,False,False
30.0,1,0,1529.5,36.2,105462,32.7,11.3,2,80.9,0,False,False,False,False,True,False
27.0,2,0,1935.5,19.1,96734,32.2,13.0,9,312.2,0,False,True,False,False,False,False
26.0,1,0,1529.5,36.2,105462,32.7,11.3,1,66.6,0,False,False,False,False,True,False
60.0,3,1,1956.6,18.3,66372,26.5,15.3,11,134.1,1,True,False,False,False,False,False
81.0,3,0,2324.5,16.1,83796,41.1,13.4,4,148.1,0,False,False,True,False,False,False
246.0,6,1,2155.0,15.3,70863,28.8,15.8,2,158.5,0,False,False,False,False,False,True
60.0,3,0,1956.6,18.3,66372,26.5,15.3,7,421.3,0,True,False,False,False,False,False
63.0,3,0,1956.6,18.3,66372,26.5,15.3,9,306.0,0,True,False,False,False,False,False
51.0,3,0,1935.5,19.1,96734,32.2,13.0,3,339.9,0,False,True,False,False,False,False
36.0,1,0,1638.4,25.8,70238,27.7,10.2,4,71.5,0,False,False,False,True,False,False
41.0,2,0,2155.0,15.3,70863,28.8,15.8,10,103.4,0,False,False,False,False,False,True
54.0,3,0,1529.5,36.2,105462,32.7,11.3,8,126.2,0,False,False,False,False,True,False
38.0,1,0,2324.5,16.1,83796,41.1,13.4,3,143.7,0,False,False,True,False,False,False
62.0,3,0,1935.5,19.1,96734,32.2,13.0,1,89.2,0,False,True,False,False,False,False
56.0,2,0,1529.5,36.2,105462,32.7,11.3,11,209.9,0,False,False,False,False,True,False
92.0,4,0,1935.5,19.1,96734,32.2,13.0,11,45.1,0,False,True,False,False,False,False
42.0,2,0,1638.4,25.8,70238,27.7,10.2,9,98.1,0,False,False,False,True,False,False
22.0,1,0,1638.4,25.8,70238,27.7,10.2,11,204.8,0,False,False,False,True,False,False
31.0,2,0,1638.4,25.8,70238,27.7,10.2,7,179.5,0,False,False,False,True,False,False
48.0,2,0,1956.6,18.3,66372,26.5,15.3,6,28.6,0,True,False,False,False,False,False
20.0,1,0,2324.5,16.1,83796,41.1,13.4,6,164.9,0,False,False,True,False,False,False
105.0,4,1,1529.5,36.2,105462,32.7,11.3,7,222.7,0,False,False,False,False,True,False
73.0,3,0,2324.5,16.1,83796,41.1,13.4,2,182.0,0,False,False,True,False,False,False
67.0,3,0,1935.5,19.1,96734,32.2,13.0,1,54.4,0,False,True,False,False,False,False
42.0,2,0,1529.5,36.2,105462,32.7,11.3,3,297.1,1,False,False,False,False,True,False
80.0,4,0,1529.5,36.2,105462,32.7,11.3,7,129.7,0,False,False,False,False,True,False
37.0,1,0,2324.5,16.1,83796,41.1,13.4,12,77.4,0,False,False,True,False,False,False
93.0,4,1,1956.6,18.3,66372,26.5,15.3,1,122.4,0,True,False,False,False,False,False
49.0,2,0,1529.5,36.2,105462,32.7,11.3,8,141.1,0,False,False,False,False,True,False
38.0,2,0,1935.5,19.1,96734,32.2,13.0,5,187.2,0,False,True,False,False,False,False
40.0,2,0,1935.5,19.1,96734,32.2,13.0,11,89.5,0,False,True,False,False,False,False
22.0,1,0,2324.5,16.1,83796,41.1,13.4,7,75.5,0,False,False,True,False,False,False
60.0,3,0,1529.5,36.2,105462,32.7,11.3,5,104.2,0,False,False,False,False,True,False
30.0,1,0,1529.5,36.2,105462,32.7,11.3,2,23.9,0,False,False,False,False,True,False
169.0,7,1,1638.4,25.8,70238,27.7,10.2,1,146.5,0,False,False,False,True,False,False
65.0,3,0,1935.5,19.1,96734,32.2,13.0,9,255.9,0,False,True,False,False,False,False
60.0,3,0,2155.0,15.3,70863,28.8,15.8,9,187.3,0,False,False,False,False,False,True
28.0,1,0,2324.5,16.1,83796,41.1,13.4,3,106.8,0,False,False,True,False,False,False
71.0,3,0,1956.6,18.3,66372,26.5,15.3,2,390.9,0,True,False,False,False,False,False
90.0,4,1,2324.5,16.1,83796,41.1,13.4,6,55.6,0,False,False,True,False,False,False
62.0,3,0,2324.5,16.1,83796,41.1,13.4,7,53.6,0,False,False,True,False,False,False
45.0,2,0,1529.5,36.2,105462,32.7,11.3,4,6.8,0,False,False,False,False,True,False
60.0,2,0,2324.5,16.1,83796,41.1,13.4,1,116.8,0,False,False,True,False,False,False
11.0,1,0,1956.6,18.3,66372,26.5,15.3,9,109.0,0,True,False,False,False,False,False
135.0,6,1,1935.5,19.1,96734,32.2,13.0,3,147.4,0,False,True,False,False,False,False
104.0,2,0,2324.5,16.1,83796,41.1,13.4,1,14.7,1,False,False,True,False,False,False
57.0,3,0,1529.5,36.2,105462,32.7,11.3,7,141.2,0,False,False,False,False,True,False
64.0,3,0,1529.5,36.2,105462,32.7,11.3,10,148.7,0,False,False,False,False,True,False
81.0,4,1,1935.5,19.1,96734,32.2,13.0,4,37.5,0,False,True,False,False,False,False
21.0,1,0,1529.5,36.2,105462,32.7,11.3,12,45.6,0,False,False,False,False,True,False
43.0,2,0,1638.4,25.8,70238,27.7,10.2,4,100.3,0,False,False,False,True,False,False
33.0,2,0,2155.0,15.3,70863,28.8,15.8,4,123.9,0,False,False,False,False,False,True
52.0,3,0,1638.4,25.8,70238,27.7,10.2,4,231.8,0,False,False,False,True,False,False
66.0,3,0,2155.0,15.3,70863,28.8,15.8,9,298.2,0,False,False,False,False,False,True
46.0,3,0,1638.4,25.8,70238,27.7,10.2,3,223.8,0,False,False,False,True,False,False
69.0,3,0,1529.5,36.2,105462,32.7,11.3,6,16.2,0,False,False,False,False,True,False
40.0,2,0,1956.6,18.3,66372,26.5,15.3,3,131.9,0,True,False,False,False,False,False
240.0,7,1,2324.5,16.1,83796,41.1,13.4,10,78.1,0,False,False,True,False,False,False
65.0,3,0,1935.5,19.1,96734,32.2,13.0,5,93.9,0,False,True,False,False,False,False
90.0,4,0,2155.0,15.3,70863,28.8,15.8,11,158.4,0,False,False,False,False,False,True
44.0,3,0,2324.5,16.1,83796,41.1,13.4,1,102.1,0,False,False,True,False,False,False
121.0,5,0,2155.0,15.3,70863,28.8,15.8,9,85.7,0,False,False,False,False,False,True
23.0,1,0,1638.4,25.8,70238,27.7,10.2,7,94.3,0,False,False,False,True,False,False
64.0,4,0,1529.5,36.2,105462,32.7,11.3,6,297.1,1,False,False,False,False,True,False
60.0,3,0,1935.5,19.1,96734,32.2,13.0,9,82.7,0,False,True,False,False,False,False
68.0,3,0,1529.5,36.2,105462,32.7,11.3,8,268.8,0,False,False,False,False,True,False
44.0,2,0,1638.4,25.8,70238,27.7,10.2,11,115.7,0,False,False,False,True,False,False
56.0,3,0,1935.5,19.1,96734,32.2,13.0,9,203.0,0,False,True,False,False,False,False
66.0,3,0,1529.5,36.2,105462,32.7,11.3,2,207.2,1,False,False,False,False,True,False
66.0,4,0,1638.4,25.8,70238,27.7,10.2,5,147.5,0,False,False,False,True,False,False
67.0,4,1,1956.6,18.3,66372,26.5,15.3,11,69.3,0,True,False,False,False,False,False
45.0,2,0,2324.5,16.1,83796,41.1,13.4,8,75.7,0,False,False,True,False,False,False
46.0,2,0,1935.5,19.1,96734,32.2,13.0,10,280.5,0,False,True,False,False,False,False
64.0,3,0,1935.5,19.1,96734,32.2,13.0,7,121.7,0,False,True,False,False,False,False
38.0,2,0,1935.5,19.1,96734,32.2,13.0,4,123.0,0,False,True,False,False,False,False
59.0,3,0,2155.0,15.3,70863,28.8,15.8,11,96.8,0,False,False,False,False,False,True
86.0,3,0,2324.5,16.1,83796,41.1,13.4,7,227.8,0,False,False,True,False,False,False
24.0,1,0,1935.5,19.1,96734,32.2,13.0,5,36.7,0,False,True,False,False,False,False
79.0,4,0,1529.5,36.2,105462,32.7,11.3,1,148.7,0,False,False,False,False,True,False
118.0,4,0,2324.5,16.1,83796,41.1,13.4,3,225.1,0,False,False,True,False,False,False
42.0,2,0,1935.5,19.1,96734,32.2,13.0,9,206.3,0,False,True,False,False,False,False
37.0,2,0,2324.5,16.1,83796,41.1,13.4,12,84.1,0,False,False,True,False,False,False
85.0,5,1,1935.5,19.1,96734,32.2,13.0,6,237.9,0,False,True,False,False,False,False
51.0,3,0,1638.4,25.8,70238,27.7,10.2,5,39.1,1,False,False,False,True,False,False
47.0,2,0,2324.5,16.1,83796,41.1,13.4,5,129.7,0,False,False,True,False,False,False
61.0,3,0,1956.6,18.3,66372,26.5,15.3,10,114.3,0,True,False,False,False,False,False
96.0,4,1,1935.5,19.1,96734,32.2,13.0,10,461.4,0,False,True,False,False,False,False
30.0,1,0,2324.5,16.1,83796,41.1,13.4,7,170.1,0,False,False,True,False,False,False
60.0,3,0,1935.5,19.1,96734,32.2,13.0,3,176.1,0,False,True,False,False,False,False
67.0,3,0,1638.4,25.8,70238,27.7,10.2,8,244.4,0,False,False,False,True,False,False
44.0,2,0,2324.5,16.1,83796,41.1,13.4,3,109.1,0,False,False,True,False,False,False
68.0,3,0,2155.0,15.3,70863,28.8,15.8,7,307.0,0,False,False,False,False,False,True
40.0,2,0,2155.0,15.3,70863,28.8,15.8,4,183.0,0,False,False,False,False,False,True
75.0,3,0,1935.5,19.1,96734,32.2,13.0,12,134.7,0,False,True,False,False,False,False
51.0,2,0,1935.5,19.1,96734,32.2,13.0,7,46.2,0,False,True,False,False,False,False
52.0,3,0,1638.4,25.8,70238,27.7,10.2,12,145.7,0,False,False,False,True,False,False
55.0,3,0,2155.0,15.3,70863,28.8,15.8,8,178.8,0,False,False,False,False,False,True
40.0,2,0,1529.5,36.2,105462,32.7,11.3,7,167.2,0,False,False,False,False,True,False
32.0,2,0,1529.5,36.2,105462,32.7,11.3,11,209.8,0,False,False,False,False,True,False
18.0,1,0,2324.5,16.1,83796,41.1,13.4,2,64.9,0,False,False,True,False,False,False
115.0,5,1,1935.5,19.1,96734,32.2,13.0,12,140.7,0,False,True,False,False,False,False
43.0,3,0,1529.5,36.2,105462,32.7,11.3,8,113.5,0,False,False,False,False,True,False
58.0,3,0,1935.5,19.1,96734,32.2,13.0,11,63.0,0,False,True,False,False,False,False
35.0,2,0,2155.0,15.3,70863,28.8,15.8,7,123.4,0,False,False,False,False,False,True
62.0,3,0,1935.5,19.1,96734,32.2,13.0,11,209.2,0,False,True,False,False,False,False
57.0,2,0,1638.4,25.8,70238,27.7,10.2,5,15.0,0,False,False,False,True,False,False
72.0,3,0,1638.4,25.8,70238,27.7,10.2,5,163.8,0,False,False,False,True,False,False
41.0,2,0,1935.5,19.1,96734,32.2,13.0,5,10.2,0,False,True,False,False,False,False
52.0,2,0,2155.0,15.3,70863,28.8,15.8,7,126.4,0,False,False,False,False,False,True
63.0,3,0,1529.5,36.2,105462,32.7,11.3,7,212.6,0,False,False,False,False,True,False
153.0,4,0,2324.5,16.1,83796,41.1,13.4,1,168.9,0,False,False,True,False,False,False
100.0,6,1,1638.4,25.8,70238,27.7,10.2,8,263.8,0,False,False,False,True,False,False
71.0,4,0,1638.4,25.8,70238,27.7,10.2,1,136.1,0,False,False,False,True,False,False
259.0,8,0,2324.5,16.1,83796,41.1,13.4,1,34.0,0,False,False,True,False,False,False
76.0,3,0,1956.6,18.3,66372,26.5,15.3,3,120.5,0,True,False,False,False,False,False
101.0,4,1,1935.5,19.1,96734,32.2,13.0,3,187.4,0,False,True,False,False,False,False
44.0,2,0,2155.0,15.3,70863,28.8,15.8,11,40.6,0,False,False,False,False,False,True
62.0,3,0,1935.5,19.1,96734,32.2,13.0,2,149.2,0,False,True,False,False,False,False
76.0,3,0,2324.5,16.1,83796,41.1,13.4,10,46.7,0,False,False,True,False,False,False
47.0,2,0,1638.4,25.8,70238,27.7,10.2,7,138.9,0,False,False,False,True,False,False
25.0,1,0,2324.5,16.1,83796,41.1,13.4,9,269.8,0,False,False,True,False,False,False
40.0,2,0,1638.4,25.8,70238,27.7,10.2,8,340.2,0,False,False,False,True,False,False
42.0,2,0,1956.6,18.3,66372,26.5,15.3,9,190.4,0,True,False,False,False,False,False
47.0,2,0,1529.5,36.2,105462,32.7,11.3,12,99.1,0,False,False,False,False,True,False
83.0,4,1,1935.5,19.1,96734,32.2,13.0,5,213.4,0,False,True,False,False,False,False
37.0,1,0,2155.0,15.3,70863,28.8,15.8,7,34.9,0,False,False,False,False,False,True
67.0,3,0,1529.5,36.2,105462,32.7,11.3,10,123.2,0,False,False,False,False,True,False
24.0,1,0,1935.5,19.1,96734,32.2,13.0,7,38.5,0,False,True,False,False,False,False
29.0,1,0,2324.5,16.1,83796,41.1,13.4,2,98.9,0,False,False,True,False,False,False
20.0,1,0,1638.4,25.8,70238,27.7,10.2,2,64.0,0,False,False,False,True,False,False
46.0,2,0,1935.5,19.1,96734,32.2,13.0,3,19.7,0,False,True,False,False,False,False
72.0,3,0,1638.4,25.8,70238,27.7,10.2,7,59.3,0,False,False,False,True,False,False
36.0,1,0,2155.0,15.3,70863,28.8,15.8,12,44.0,0,False,False,False,False,False,True
50.0,3,0,2324.5,16.1,83796,41.1,13.4,12,136.5,0,False,False,True,False,False,False
54.0,3,0,2155.0,15.3,70863,28.8,15.8,11,80.6,0,False,False,False,False,False,True
63.0,4,0,1956.6,18.3,66372,26.5,15.3,1,151.1,0,True,False,False,False,False,False
70.0,3,0,2324.5,16.1,83796,41.1,13.4,3,176.2,1,False,False,True,False,False,False
71.0,3,0,1935.5,19.1,96734,32.2,13.0,12,150.2,1,False,True,False,False,False,False
33.0,1,0,1638.4,25.8,70238,27.7,10.2,9,189.3,0,False,False,False,True,False,False
35.0,1,0,1638.4,25.8,70238,27.7,10.2,7,95.7,0,False,False,False,True,False,False
64.0,3,0,1935.5,19.1,96734,32.2,13.0,7,270.1,0,False,True,False,False,False,False
69.0,3,0,1956.6,18.3,66372,26.5,15.3,10,184.6,0,True,False,False,False,False,False
90.0,4,1,1935.5,19.1,96734,32.2,13.0,1,93.4,0,False,True,False,False,False,False
90.0,4,0,2324.5,16.1,83796,41.1,13.4,10,29.2,0,False,False,True,False,False,False
81.0,4,0,1935.5,19.1,96734,32.2,13.0,7,199.2,0,False,True,False,False,False,False
88.0,4,1,1529.5,36.2,105462,32.7,11.3,4,148.6,0,False,False,False,False,True,False
46.0,2,0,1529.5,36.2,105462,32.7,11.3,3,175.0,0,False,False,False,False,True,False
36.0,1,0,2324.5,16.1,83796,41.1,13.4,9,144.3,0,False,False,True,False,False,False
17.0,1,0,1956.6,18.3,66372,26.5,15.3,6,158.3,0,True,False,False,False,False,False
15.0,1,0,2324.5,16.1,83796,41.1,13.4,8,229.4,0,False,False,True,False,False,False
60.0,3,1,1935.5,19.1,96734,32.2,13.0,12,127.4,0,False,True,False,False,False,False
26.0,1,0,1529.5,36.2,105462,32.7,11.3,3,35.1,0,False,False,False,False,True,False
55.0,2,0,1935.5,19.1,96734,32.2,13.0,12,60.4,0,False,True,False,False,False,False
41.0,2,0,2324.5,16.1,83796,41.1,13.4,12,51.2,0,False,False,True,False,False,False
35.0,1,0,2155.0,15.3,70863,28.8,15.8,10,52.4,0,False,False,False,False,False,True
92.0,4,1,2155.0,15.3,70863,28.8,15.8,12,68.9,0,False,False,False,False,False,True
140.0,5,1,1529.5,36.2,105462,32.7,11.3,4,137.7,0,False,False,False,False,True,False
65.0,4,0,1638.4,25.8,70238,27.7,10.2,3,81.5,0,False,False,False,True,False,False
57.0,3,0,1529.5,36.2,105462,32.7,11.3,2,18.5,0,False,False,False,False,True,False
17.0,1,0,1529.5,36.2,105462,32.7,11.3,5,18.1,0,False,False,False,False,True,False
75.0,3,0,2155.0,15.3,70863,28.8,15.8,10,131.5,0,False,False,False,False,False,True
63.0,3,0,2155.0,15.3,70863,28.8,15.8,5,165.4,0,False,False,False,False,False,True
80.0,4,0,2155.0,15.3,70863,28.8,15.8,9,139.9,0,False,False,False,False,False,True
89.0,5,0,1638.4,25.8,70238,27.7,10.2,6,174.8,0,False,False,False,True,False,False
44.0,2,0,2155.0,15.3,70863,28.8,15.8,6,160.7,0,False,False,False,False,False,True
66.0,3,0,2155.0,15.3,70863,28.8,15.8,9,57.3,0,False,False,False,False,False,True
95.0,5,0,2155.0,15.3,70863,28.8,15.8,6,175.8,0,False,False,False,False,False,True
30.0,1,0,2155.0,15.3,70863,28.8,15.8,7,201.5,0,False,False,False,False,False,True
30.0,2,0,2155.0,15.3,70863,28.8,15.8,8,192.4,0,False,False,False,False,False,True
76.0,4,0,2155.0,15.3,70863,28.8,15.8,5,62.7,0,False,False,False,False,False,True
64.0,3,0,2324.5,16.1,83796,41.1,13.4,5,121.1,0,False,False,True,False,False,False
42.0,2,0,1956.6,18.3,66372,26.5,15.3,12,210.0,0,True,False,False,False,False,False
107.0,4,1,1529.5,36.2,105462,32.7,11.3,3,225.0,0,False,False,False,False,True,False
66.0,4,0,1935.5,19.1,96734,32.2,13.0,3,23.4,0,False,True,False,False,False,False
84.0,5,0,1956.6,18.3,66372,26.5,15.3,2,176.0,0,True,False,False,False,False,False
57.0,3,0,1529.5,36.2,105462,32.7,11.3,11,190.6,0,False,False,False,False,True,False
61.0,3,0,1935.5,19.1,96734,32.2,13.0,3,142.1,0,False,True,False,False,False,False
62.0,3,0,1935.5,19.1,96734,32.2,13.0,6,103.6,0,False,True,False,False,False,False
64.0,3,0,1935.5,19.1,96734,32.2,13.0,9,22.7,0,False,True,False,False,False,False
57.0,3,0,2324.5,16.1,83796,41.1,13.4,6,53.8,0,False,False,True,False,False,False
81.0,5,0,1529.5,36.2,105462,32.7,11.3,8,146.5,0,False,False,False,False,True,False
110.0,5,0,2324.5,16.1,83796,41.1,13.4,7,186.9,0,False,False,True,False,False,False
90.0,5,1,1935.5,19.1,96734,32.2,13.0,12,377.1,0,False,True,False,False,False,False
160.0,6,1,1529.5,36.2,105462,32.7,11.3,9,428.6,0,False,False,False,False,True,False
47.0,2,0,1935.5,19.1,96734,32.2,13.0,6,130.4,0,False,True,False,False,False,False
67.0,3,0,1638.4,25.8,70238,27.7,10.2,3,199.5,0,False,False,False,True,False,False
45.0,2,0,1638.4,25.8,70238,27.7,10.2,9,98.6,0,False,False,False,True,False,False
50.0,2,1,1529.5,36.2,105462,32.7,11.3,9,95.8,0,False,False,False,False,True,False
19.0,1,0,1935.5,19.1,96734,32.2,13.0,2,7.1,0,False,True,False,False,False,False
76.0,4,1,1956.6,18.3,66372,26.5,15.3,9,165.8,0,True,False,False,False,False,False
56.0,3,0,1529.5,36.2,105462,32.7,11.3,12,240.7,1,False,False,False,False,True,False
59.0,3,0,1529.5,36.2,105462,32.7,11.3,7,152.5,0,False,False,False,False,True,False
165.0,5,0,2324.5,16.1,83796,41.1,13.4,11,103.3,0,False,False,True,False,False,False
70.0,3,0,1935.5,19.1,96734,32.2,13.0,4,292.8,0,False,True,False,False,False,False
48.0,2,0,1956.6,18.3,66372,26.5,15.3,6,309.6,0,True,False,False,False,False,False
94.0,4,0,2324.5,16.1,83796,41.1,13.4,9,127.2,0,False,False,True,False,False,False
85.0,3,0,2324.5,16.1,83796,41.1,13.4,12,196.2,0,False,False,True,False,False,False
47.0,1,0,1935.5,19.1,96734,32.2,13.0,10,177.0,0,False,True,False,False,False,False
17.0,1,0,1529.5,36.2,105462,32.7,11.3,10,275.2,0,False,False,False,False,True,False
65.0,4,0,1935.5,19.1,96734,32.2,13.0,12,151.3,0,False,True,False,False,False,False
80.0,4,0,2155.0,15.3,70863,28.8,15.8,2,117.8,0,False,False,False,False,False,True
22.0,1,0,1638.4,25.8,70238,27.7,10.2,12,374.6,1,False,False,False,True,False,False
66.0,4,0,1638.4,25.8,70238,27.7,10.2,3,147.5,0,False,False,False,True,False,False
84.0,4,1,1935.5,19.1,96734,32.2,13.0,11,144.3,0,False,True,False,False,False,False
63.0,3,0,1638.4,25.8,70238,27.7,10.2,9,372.6,1,False,False,False,True,False,False
99.0,4,0,1529.5,36.2,105462,32.7,11.3,8,121.2,0,False,False,False,False,True,False
52.0,2,0,1529.5,36.2,105462,32.7,11.3,12,164.8,0,False,False,False,False,True,False
29.0,2,0,2324.5,16.1,83796,41.1,13.4,4,184.7,0,False,False,True,False,False,False
79.0,3,1,1638.4,25.8,70238,27.7,10.2,10,115.4,0,False,False,False,True,False,False
21.0,1,0,2324.5,16.1,83796,41.1,13.4,9,140.1,0,False,False,True,False,False,False
59.0,2,0,1529.5,36.2,105462,32.7,11.3,10,66.5,0,False,False,False,False,True,False
18.0,1,0,2324.5,16.1,83796,41.1,13.4,5,114.8,0,False,False,True,False,False,False
52.0,3,0,1529.5,36.2,105462,32.7,11.3,9,108.5,0,False,False,False,False,True,False
70.0,3,0,1638.4,25.8,70238,27.7,10.2,2,71.2,0,False,False,False,True,False,False
46.0,2,0,1935.5,19.1,96734,32.2,13.0,9,221.8,0,False,True,False,False,False,False
67.0,4,0,1638.4,25.8,70238,27.7,10.2,2,75.8,0,False,False,False,True,False,False
52.0,2,0,1935.5,19.1,96734,32.2,13.0,8,321.3,0,False,True,False,False,False,False
25.0,1,0,1935.5,19.1,96734,32.2,13.0,7,168.7,0,False,True,False,False,False,False
32.0,1,0,1956.6,18.3,66372,26.5,15.3,12,166.4,0,True,False,False,False,False,False
51.0,2,0,1935.5,19.1,96734,32.2,13.0,11,202.4,0,False,True,False,False,False,False
79.0,3,0,1638.4,25.8,70238,27.7,10.2,10,61.2,0,False,False,False,True,False,False
49.0,2,0,2155.0,15.3,70863,28.8,15.8,6,221.3,0,False,False,False,False,False,True
58.0,3,0,1529.5,36.2,105462,32.7,11.3,12,114.3,1,False,False,False,False,True,False
52.0,3,0,1638.4,25.8,70238,27.7,10.2,6,183.2,0,False,False,False,True,False,False
70.0,3,1,1935.5,19.1,96734,32.2,13.0,12,118.3,0,False,True,False,False,False,False
39.0,2,0,1638.4,25.8,70238,27.7,10.2,4,12.7,0,False,False,False,True,False,False
65.0,3,0,1529.5,36.2,105462,32.7,11.3,10,120.3,0,False,False,False,False,True,False
44.0,2,0,2324.5,16.1,83796,41.1,13.4,12,207.7,0,False,False,True,False,False,False
65.0,3,0,1529.5,36.2,105462,32.7,11.3,12,79.8,0,False,False,False,False,True,False
110.0,3,0,1638.4,25.8,70238,27.7,10.2,1,139.8,0,False,False,False,True,False,False
130.0,5,1,1956.6,18.3,66372,26.5,15.3,6,295.0,0,True,False,False,False,False,False
66.0,3,0,2324.5,16.1,83796,41.1,13.4,3,219.0,0,False,False,True,False,False,False
85.0,5,0,1956.6,18.3,66372,26.5,15.3,2,252.0,0,True,False,False,False,False,False
69.0,3,0,1935.5,19.1,96734,32.2,13.0,6,299.4,0,False,True,False,False,False,False
70.0,4,0,1935.5,19.1,96734,32.2,13.0,5,79.5,0,False,True,False,False,False,False
71.0,4,0,1935.5,19.1,96734,32.2,13.0,8,92.8,0,False,True,False,False,False,False
55.0,2,0,2155.0,15.3,70863,28.8,15.8,11,229.9,0,False,False,False,False,False,True
64.0,3,0,1935.5,19.1,96734,32.2,13.0,1,329.2,0,False,True,False,False,False,False
26.0,1,0,1638.4,25.8,70238,27.7,10.2,1,224.9,0,False,False,False,True,False,False
100.0,4,0,1638.4,25.8,70238,27.7,10.2,1,199.5,0,False,False,False,True,False,False
60.0,3,0,1956.6,18.3,66372,26.5,15.3,6,148.0,0,True,False,False,False,False,False
77.0,4,1,1956.6,18.3,66372,26.5,15.3,6,51.7,0,True,False,False,False,False,False
40.0,1,0,1638.4,25.8,70238,27.7,10.2,5,235.3,0,False,False,False,True,False,False
21.0,1,0,2155.0,15.3,70863,28.8,15.8,8,123.1,0,False,False,False,False,False,True
35.0,2,0,2324.5,16.1,83796,41.1,13.4,4,124.2,0,False,False,True,False,False,False
65.0,3,0,1638.4,25.8,70238,27.7,10.2,1,172.1,0,False,False,False,True,False,False
77.0,4,0,1638.4,25.8,70238,27.7,10.2,8,71.2,0,False,False,False,True,False,False
23.0,2,0,2324.5,16.1,83796,41.1,13.4,6,60.9,0,False,False,True,False,False,False
67.0,3,0,2155.0,15.3,70863,28.8,15.8,6,175.8,0,False,False,False,False,False,True
57.0,3,0,2155.0,15.3,70863,28.8,15.8,1,178.8,1,False,False,False,False,False,True
81.0,4,0,1529.5,36.2,105462,32.7,11.3,5,223.0,0,False,False,False,False,True,False
18.0,1,0,2324.5,16.1,83796,41.1,13.4,10,179.8,0,False,False,True,False,False,False
78.0,4,0,1935.5,19.1,96734,32.2,13.0,1,22.6,0,False,True,False,False,False,False
66.0,3,0,1935.5,19.1,96734,32.2,13.0,9,179.7,0,False,True,False,False,False,False
48.0,2,0,1935.5,19.1,96734,32.2,13.0,12,207.1,1,False,True,False,False,False,False
38.0,1,0,2324.5,16.1,83796,41.1,13.4,11,29.9,0,False,False,True,False,False,False
47.0,2,0,1529.5,36.2,105462,32.7,11.3,5,39.4,0,False,False,False,False,True,False
58.0,3,0,1935.5,19.1,96734,32.2,13.0,5,200.9,0,False,True,False,False,False,False
87.0,4,0,1956.6,18.3,66372,26.5,15.3,7,297.2,1,True,False,False,False,False,False
56.0,2,0,1529.5,36.2,105462,32.7,11.3,11,102.3,0,False,False,False,False,True,False
36.0,1,0,1935.5,19.1,96734,32.2,13.0,9,286.7,0,False,True,False,False,False,False
19.0,1,0,2155.0,15.3,70863,28.8,15.8,3,42.7,0,False,False,False,False,False,True
67.0,3,0,1638.4,25.8,70238,27.7,10.2,8,181.4,0,False,False,False,True,False,False
67.0,4,0,2155.0,15.3,70863,28.8,15.8,5,115.7,0,False,False,False,False,False,True
95.0,5,0,1638.4,25.8,70238,27.7,10.2,6,169.4,0,False,False,False,True,False,False
64.0,2,0,1956.6,18.3,66372,26.5,15.3,4,196.3,0,True,False,False,False,False,False
87.0,3,1,2155.0,15.3,70863,28.8,15.8,3,100.8,0,False,False,False,False,False,True
94.0,5,0,1529.5,36.2,105462,32.7,11.3,10,16.2,0,False,False,False,False,True,False
118.0,4,0,1638.4,25.8,70238,27.7,10.2,6,184.0,0,False,False,False,True,False,False
63.0,3,1,1956.6,18.3,66372,26.5,15.3,4,118.2,0,True,False,False,False,False,False
73.0,3,0,1935.5,19.1,96734,32.2,13.0,12,83.2,1,False,True,False,False,False,False
57.0,3,0,1935.5,19.1,96734,32.2,13.0,4,40.8,0,False,True,False,False,False,False
62.0,3,0,1529.5,36.2,105462,32.7,11.3,10,239.9,0,False,False,False,False,True,False
64.0,3,0,2155.0,15.3,70863,28.8,15.8,7,193.1,0,False,False,False,False,False,True
90.0,3,0,1529.5,36.2,105462,32.7,11.3,3,97.2,0,False,False,False,False,True,False
57.0,3,0,2155.0,15.3,70863,28.8,15.8,10,67.9,0,False,False,False,False,False,True
18.0,1,0,1529.5,36.2,105462,32.7,11.3,2,81.2,0,False,False,False,False,True,False
85.0,4,0,1935.5,19.1,96734,32.2,13.0,12,97.8,0,False,True,False,False,False,False
176.0,6,1,1638.4,25.8,70238,27.7,10.2,7,308.2,0,False,False,False,True,False,False
35.0,2,0,1935.5,19.1,96734,32.2,13.0,9,81.9,0,False,True,False,False,False,False
47.0,2,0,2155.0,15.3,70863,28.8,15.8,7,193.1,0,False,False,False,False,False,True
48.0,2,0,2324.5,16.1,83796,41.1,13.4,9,82.5,0,False,False,True,False,False,False
67.0,3,0,1956.6,18.3,66372,26.5,15.3,11,83.3,0,True,False,False,False,False,False
64.0,4,0,2324.5,16.1,83796,41.1,13.4,7,139.0,1,False,False,True,False,False,False
69.0,3,0,2324.5,16.1,83796,41.1,13.4,2,73.2,0,False,False,True,False,False,False
61.0,2,0,1935.5,19.1,96734,32.2,13.0,9,20.5,0,False,True,False,False,False,False
61.0,3,0,2155.0,15.3,70863,28.8,15.8,6,120.7,0,False,False,False,False,False,True
71.0,3,0,1529.5,36.2,105462,32.7,11.3,7,120.5,0,False,False,False,False,True,False
83.0,4,1,1956.6,18.3,66372,26.5,15.3,3,238.8,0,True,False,False,False,False,False
39.0,1,0,1529.5,36.2,105462,32.7,11.3,10,112.3,0,False,False,False,False,True,False
64.0,3,0,1529.5,36.2,105462,32.7,11.3,4,148.7,0,False,False,False,False,True,False
84.0,4,0,1638.4,25.8,70238,27.7,10.2,9,98.5,0,False,False,False,True,False,False
78.0,5,0,1956.6,18.3,66372,26.5,15.3,4,79.4,0,True,False,False,False,False,False
42.0,2,0,2155.0,15.3,70863,28.8,15.8,8,68.3,0,False,False,False,False,False,True
54.0,2,0,1935.5,19.1,96734,32.2,13.0,9,22.7,0,False,True,False,False,False,False
86.0,3,1,1529.5,36.2,105462,32.7,11.3,8,114.0,0,False,False,False,False,True,False
142.0,5,0,1638.4,25.8,70238,27.7,10.2,9,81.9,0,False,False,False,True,False,False
67.0,3,0,2324.5,16.1,83796,41.1,13.4,3,232.8,0,False,False,True,False,False,False
64.0,3,0,1956.6,18.3,66372,26.5,15.3,4,96.2,0,True,False,False,False,False,False
62.0,3,0,1935.5,19.1,96734,32.2,13.0,2,321.3,0,False,True,False,False,False,False
112.0,4,0,1935.5,19.1,96734,32.2,13.0,12,334.8,0,False,True,False,False,False,False
80.0,3,1,1935.5,19.1,96734,32.2,13.0,1,132.3,0,False,True,False,False,False,False
41.0,2,0,1935.5,19.1,96734,32.2,13.0,12,115.0,0,False,True,False,False,False,False
38.0,1,0,1638.4,25.8,70238,27.7,10.2,1,165.2,0,False,False,False,True,False,False
34.0,2,0,1935.5,19.1,96734,32.2,13.0,6,330.7,0,False,True,False,False,False,False
105.0,5,1,1638.4,25.8,70238,27.7,10.2,12,91.4,0,False,False,False,True,False,False
65.0,3,0,1529.5,36.2,105462,32.7,11.3,10,109.6,0,False,False,False,False,True,False
21.0,1,0,1529.5,36.2,105462,32.7,11.3,9,254.1,0,False,False,False,False,True,False
112.0,4,1,2155.0,15.3,70863,28.8,15.8,3,334.9,0,False,False,False,False,False,True
51.0,2,0,2155.0,15.3,70863,28.8,15.8,9,153.7,0,False,False,False,False,False,True
63.0,3,0,1935.5,19.1,96734,32.2,13.0,2,194.1,0,False,True,False,False,False,False
107.0,3,0,1529.5,36.2,105462,32.7,11.3,4,53.0,0,False,False,False,False,True,False
28.0,1,0,1935.5,19.1,96734,32.2,13.0,3,348.6,0,False,True,False,False,False,False
93.0,4,0,1638.4,25.8,70238,27.7,10.2,7,280.4,0,False,False,False,True,False,False
46.0,2,0,1638.4,25.8,70238,27.7,10.2,11,72.4,0,False,False,False,True,False,False
60.0,3,0,2324.5,16.1,83796,41.1,13.4,1,111.6,0,False,False,True,False,False,False
20.0,1,0,2324.5,16.1,83796,41.1,13.4,12,153.3,0,False,False,True,False,False,False
50.0,3,0,1935.5,19.1,96734,32.2,13.0,10,124.8,1,False,True,False,False,False,False
60.0,3,0,1935.5,19.1,96734,32.2,13.0,4,165.3,0,False,True,False,False,False,False
31.0,2,0,1935.5,19.1,96734,32.2,13.0,3,123.8,0,False,True,False,False,False,False
23.0,1,0,2324.5,16.1,83796,41.1,13.4,8,88.0,0,False,False,True,False,False,False
88.0,4,0,1529.5,36.2,105462,32.7,11.3,6,619.9,0,False,False,False,False,True,False
84.0,3,0,1956.6,18.3,66372,26.5,15.3,2,65.4,0,True,False,False,False,False,False
75.0,3,0,1638.4,25.8,70238,27.7,10.2,5,140.4,0,False,False,False,True,False,False
64.0,3,0,1935.5,19.1,96734,32.2,13.0,9,214.1,0,False,True,False,False,False,False
61.0,3,0,1638.4,25.8,70238,27.7,10.2,2,110.3,0,False,False,False,True,False,False
58.0,3,0,1529.5,36.2,105462,32.7,11.3,2,21.1,0,False,False,False,False,True,False
67.0,4,1,1529.5,36.2,105462,32.7,11.3,8,94.1,0,False,False,False,False,True,False
57.0,3,0,1935.5,19.1,96734,32.2,13.0,5,128.8,0,False,True,False,False,False,False
82.0,4,0,1529.5,36.2,105462,32.7,11.3,6,117.4,0,False,False,False,False,True,False
43.0,2,0,1956.6,18.3,66372,26.5,15.3,6,169.4,0,True,False,False,False,False,False
71.0,5,0,2324.5,16.1,83796,41.1,13.4,4,94.5,0,False,False,True,False,False,False
78.0,4,0,2155.0,15.3,70863,28.8,15.8,1,129.0,0,False,False,False,False,False,True
66.0,3,0,1935.5,19.1,96734,32.2,13.0,9,470.6,0,False,True,False,False,False,False
90.0,3,0,1638.4,25.8,70238,27.7,10.2,8,205.4,0,False,False,False,True,False,False
72.0,4,0,2155.0,15.3,70863,28.8,15.8,6,69.1,0,False,False,False,False,False,True
43.0,2,0,2155.0,15.3,70863,28.8,15.8,3,158.6,0,False,False,False,False,False,True
77.0,4,0,1956.6,18.3,66372,26.5,15.3,10,239.1,0,True,False,False,False,False,False
97.0,4,0,1638.4,25.8,70238,27.7,10.2,10,45.8,0,False,False,False,True,False,False
32.0,1,0,1529.5,36.2,105462,32.7,11.3,5,118.5,0,False,False,False,False,True,False
41.0,2,0,1935.5,19.1,96734,32.2,13.0,2,22.6,0,False,True,False,False,False,False
30.0,1,0,2155.0,15.3,70863,28.8,15.8,4,100.5,0,False,False,False,False,False,True
80.0,3,0,1638.4,25.8,70238,27.7,10.2,8,64.2,0,False,False,False,True,False,False
25.0,2,1,1638.4,25.8,70238,27.7,10.2,7,85.4,0,False,False,False,True,False,False
40.0,2,0,1529.5,36.2,105462,32.7,11.3,5,319.3,0,False,False,False,False,True,False
64.0,3,0,1935.5,19.1,96734,32.2,13.0,2,105.5,0,False,True,False,False,False,False
262.0,6,1,1529.5,36.2,105462,32.7,11.3,12,72.2,0,False,False,False,False,True,False
75.0,3,0,2155.0,15.3,70863,28.8,15.8,9,165.3,0,False,False,False,False,False,True
59.0,3,0,2155.0,15.3,70863,28.8,15.8,7,56.1,0,False,False,False,False,False,True
37.0,2,0,1638.4,25.8,70238,27.7,10.2,5,110.0,0,False,False,False,True,False,False
55.0,3,0,1935.5,19.1,96734,32.2,13.0,5,95.5,0,False,True,False,False,False,False
73.0,4,0,1529.5,36.2,105462,32.7,11.3,6,187.6,0,False,False,False,False,True,False
91.0,5,0,1956.6,18.3,66372,26.5,15.3,2,63.5,0,True,False,False,False,False,False
39.0,1,1,2324.5,16.1,83796,41.1,13.4,9,228.5,0,False,False,True,False,False,False
46.0,2,0,1935.5,19.1,96734,32.2,13.0,12,102.6,0,False,True,False,False,False,False
63.0,3,0,1529.5,36.2,105462,32.7,11.3,4,94.0,0,False,False,False,False,True,False
28.0,1,0,1638.4,25.8,70238,27.7,10.2,4,77.5,0,False,False,False,True,False,False
57.0,2,0,2324.5,16.1,83796,41.1,13.4,5,81.2,0,False,False,True,False,False,False
63.0,3,0,1956.6,18.3,66372,26.5,15.3,8,148.0,0,True,False,False,False,False,False
20.0,1,0,2324.5,16.1,83796,41.1,13.4,2,92.7,0,False,False,True,False,False,False
92.0,4,0,1638.4,25.8,70238,27.7,10.2,9,105.8,0,False,False,False,True,False,False
49.0,2,0,1529.5,36.2,105462,32.7,11.3,12,121.2,0,False,False,False,False,True,False
19.0,1,0,2324.5,16.1,83796,41.1,13.4,1,84.7,0,False,False,True,False,False,False
110.0,5,0,1529.5,36.2,105462,32.7,11.3,5,115.5,0,False,False,False,False,True,False
125.0,5,1,1935.5,19.1,96734,32.2,13.0,8,124.3,1,False,True,False,False,False,False
49.0,2,0,2324.5,16.1,83796,41.1,13.4,10,226.2,0,False,False,True,False,False,False
68.0,4,0,1529.5,36.2,105462,32.7,11.3,1,176.3,0,False,False,False,False,True,False
41.0,3,0,2155.0,15.3,70863,28.8,15.8,3,123.2,0,False,False,False,False,False,True
87.0,4,0,1935.5,19.1,96734,32.2,13.0,10,120.8,0,False,True,False,False,False,False
31.0,2,0,2155.0,15.3,70863,28.8,15.8,9,216.8,0,False,False,False,False,False,True
75.0,4,0,1935.5,19.1,96734,32.2,13.0,10,115.8,0,False,True,False,False,False,False
23.0,1,0,1935.5,19.1,96734,32.2,13.0,3,175.5,0,False,True,False,False,False,False
32.0,2,0,1638.4,25.8,70238,27.7,10.2,7,73.1,0,False,False,False,True,False,False
99.0,5,0,2324.5,16.1,83796,41.1,13.4,7,130.3,0,False,False,True,False,False,False
46.0,2,0,2324.5,16.1,83796,41.1,13.4,7,152.2,0,False,False,True,False,False,False
63.0,3,0,1935.5,19.1,96734,32.2,13.0,12,86.6,0,False,True,False,False,False,False
63.0,3,0,1935.5,19.1,96734,32.2,13.0,7,25.0,0,False,True,False,False,False,False
70.0,3,0,1638.4,25.8,70238,27.7,10.2,12,184.7,0,False,False,False,True,False,False
63.0,2,0,2324.5,16.1,83796,41.1,13.4,7,131.5,0,False,False,True,False,False,False
21.0,1,0,1529.5,36.2,105462,32.7,11.3,2,116.4,0,False,False,False,False,True,False
65.0,3,0,1529.5,36.2,105462,32.7,11.3,7,197.3,0,False,False,False,False,True,False
62.0,3,0,2155.0,15.3,70863,28.8,15.8,10,58.9,0,False,False,False,False,False,True
22.0,2,0,2324.5,16.1,83796,41.1,13.4,7,94.3,0,False,False,True,False,False,False
46.0,2,0,1935.5,19.1,96734,32.2,13.0,9,77.6,0,False,True,False,False,False,False
62.0,3,0,1638.4,25.8,70238,27.7,10.2,3,100.7,1,False,False,False,True,False,False
73.0,3,0,1638.4,25.8,70238,27.7,10.2,1,76.8,0,False,False,False,True,False,False
87.0,4,1,1956.6,18.3,66372,26.5,15.3,9,66.7,0,True,False,False,False,False,False
44.0,2,0,1529.5,36.2,105462,32.7,11.3,9,75.0,0,False,False,False,False,True,False
69.0,3,0,1935.5,19.1,96734,32.2,13.0,6,29.6,0,False,True,False,False,False,False
69.0,3,0,2324.5,16.1,83796,41.1,13.4,4,226.9,0,False,False,True,False,False,False
64.0,3,1,2155.0,15.3,70863,28.8,15.8,5,107.2,0,False,False,False,False,False,True
42.0,2,0,1935.5,19.1,96734,32.2,13.0,9,127.7,0,False,True,False,False,False,False
109.0,4,0,1638.4,25.8,70238,27.7,10.2,10,123.5,0,False,False,False,True,False,False
80.0,4,0,1638.4,25.8,70238,27.7,10.2,7,172.7,0,False,False,False,True,False,False
42.0,2,0,1935.5,19.1,96734,32.2,13.0,4,198.5,0,False,True,False,False,False,False
90.0,4,0,2324.5,16.1,83796,41.1,13.4,8,117.9,0,False,False,True,False,False,False
93.0,4,1,1956.6,18.3,66372,26.5,15.3,12,191.0,0,True,False,False,False,False,False
76.0,3,1,1935.5,19.1,96734,32.2,13.0,5,108.2,0,False,True,False,False,False,False
47.0,2,0,1638.4,25.8,70238,27.7,10.2,3,127.4,0,False,False,False,True,False,False
23.0,1,0,2155.0,15.3,70863,28.8,15.8,3,68.9,0,False,False,False,False,False,True
46.0,2,0,1638.4,25.8,70238,27.7,10.2,9,128.2,0,False,False,False,True,False,False
155.0,8,1,1956.6,18.3,66372,26.5,15.3,6,60.5,0,True,False,False,False,False,False
57.0,3,0,2155.0,15.3,70863,28.8,15.8,9,42.0,0,False,False,False,False,False,True
53.0,3,0,2324.5,16.1,83796,41.1,13.4,1,84.0,0,False,False,True,False,False,False
47.0,2,0,2324.5,16.1,83796,41.1,13.4,10,109.6,0,False,False,True,False,False,False
41.0,1,0,2324.5,16.1,83796,41.1,13.4,5,126.2,0,False,False,True,False,False,False
135.0,5,1,1956.6,18.3,66372,26.5,15.3,3,129.6,0,True,False,False,False,False,False
69.0,3,0,1935.5,19.1,96734,32.2,13.0,8,127.5,0,False,True,False,False,False,False
168.0,5,1,1956.6,18.3,66372,26.5,15.3,12,183.4,0,True,False,False,False,False,False
18.0,1,0,1935.5,19.1,96734,32.2,13.0,7,163.5,0,False,True,False,False,False,False
52.0,3,0,2155.0,15.3,70863,28.8,15.8,7,118.4,0,False,False,False,False,False,True
46.0,2,0,1935.5,19.1,96734,32.2,13.0,12,22.6,0,False,True,False,False,False,False
45.0,2,0,1935.5,19.1,96734,32.2,13.0,5,39.4,1,False,True,False,False,False,False
62.0,2,1,1935.5,19.1,96734,32.2,13.0,9,166.2,0,False,True,False,False,False,False
41.0,2,0,2324.5,16.1,83796,41.1,13.4,3,108.7,0,False,False,True,False,False,False
150.0,6,1,1956.6,18.3,66372,26.5,15.3,2,330.7,0,True,False,False,False,False,False
41.0,2,0,2324.5,16.1,83796,41.1,13.4,11,117.6,0,False,False,True,False,False,False
50.0,2,0,2324.5,16.1,83796,41.1,13.4,9,90.0,0,False,False,True,False,False,False
110.0,3,1,1935.5,19.1,96734,32.2,13.0,9,173.1,0,False,True,False,False,False,False
105.0,5,0,1956.6,18.3,66372,26.5,15.3,7,30.3,0,True,False,False,False,False,False
65.0,4,0,2324.5,16.1,83796,41.1,13.4,12,146.6,0,False,False,True,False,False,False
85.0,4,1,1956.6,18.3,66372,26.5,15.3,11,127.4,0,True,False,False,False,False,False
46.0,2,0,2324.5,16.1,83796,41.1,13.4,2,130.7,0,False,False,True,False,False,False
40.0,1,0,1638.4,25.8,70238,27.7,10.2,7,222.7,0,False,False,False,True,False,False
56.0,3,0,1935.5,19.1,96734,32.2,13.0,5,151.3,0,False,True,False,False,False,False
114.0,3,1,1638.4,25.8,70238,27.7,10.2,10,102.1,0,False,False,False,True,False,False
125.0,7,1,1529.5,36.2,105462,32.7,11.3,9,108.2,0,False,False,False,False,True,False
48.0,2,0,1935.5,19.1,96734,32.2,13.0,3,72.9,0,False,True,False,False,False,False
57.0,3,0,2155.0,15.3,70863,28.8,15.8,7,103.2,0,False,False,False,False,False,True
90.0,4,0,1935.5,19.1,96734,32.2,13.0,10,176.8,0,False,True,False,False,False,False
69.0,3,0,1529.5,36.2,105462,32.7,11.3,11,29.5,0,False,False,False,False,True,False
99.0,5,1,1956.6,18.3,66372,26.5,15.3,5,221.1,0,True,False,False,False,False,False
57.0,3,0,1529.5,36.2,105462,32.7,11.3,9,128.4,0,False,False,False,False,True,False
63.0,3,0,1956.6,18.3,66372,26.5,15.3,4,171.1,0,True,False,False,False,False,False
63.0,3,0,1638.4,25.8,70238,27.7,10.2,1,179.7,1,False,False,False,True,False,False
27.0,2,0,2324.5,16.1,83796,41.1,13.4,11,123.3,0,False,False,True,False,False,False
128.0,3,1,1638.4,25.8,70238,27.7,10.2,2,93.7,0,False,False,False,True,False,False
115.0,5,1,1956.6,18.3,66372,26.5,15.3,10,151.0,0,True,False,False,False,False,False
83.0,4,1,1956.6,18.3,66372,26.5,15.3,9,257.7,0,True,False,False,False,False,False
65.0,3,0,1935.5,19.1,96734,32.2,13.0,6,53.5,0,False,True,False,False,False,False
59.0,3,0,1935.5,19.1,96734,32.2,13.0,12,287.0,0,False,True,False,False,False,False
41.0,2,0,1935.5,19.1,96734,32.2,13.0,10,266.7,0,False,True,False,False,False,False
86.0,2,1,1956.6,18.3,66372,26.5,15.3,3,95.4,0,True,False,False,False,False,False
80.0,2,0,1529.5,36.2,105462,32.7,11.3,3,111.8,0,False,False,False,False,True,False
56.0,2,0,2324.5,16.1,83796,41.1,13.4,3,78.2,0,False,False,True,False,False,False
47.0,3,0,1529.5,36.2,105462,32.7,11.3,11,153.8,0,False,False,False,False,True,False
90.0,5,1,1638.4,25.8,70238,27.7,10.2,6,290.3,0,False,False,False,True,False,False
98.0,5,1,1638.4,25.8,70238,27.7,10.2,1,139.8,0,False,False,False,True,False,False
77.0,4,0,1529.5,36.2,105462,32.7,11.3,3,73.0,0,False,False,False,False,True,False
61.0,3,0,1638.4,25.8,70238,27.7,10.2,6,164.9,0,False,False,False,True,False,False
88.0,4,0,1529.5,36.2,105462,32.7,11.3,3,162.1,0,False,False,False,False,True,False
29.0,1,0,2155.0,15.3,70863,28.8,15.8,2,82.3,0,False,False,False,False,False,True
45.0,2,0,2155.0,15.3,70863,28.8,15.8,7,56.1,0,False,False,False,False,False,True
65.0,3,0,1935.5,19.1,96734,32.2,13.0,4,160.6,0,False,True,False,False,False,False
98.0,4,0,1935.5,19.1,96734,32.2,13.0,2,149.7,1,False,True,False,False,False,False
73.0,4,1,1529.5,36.2,105462,32.7,11.3,11,101.1,0,False,False,False,False,True,False
34.0,2,0,1529.5,36.2,105462,32.7,11.3,9,33.0,0,False,False,False,False,True,False
38.0,2,0,1935.5,19.1,96734,32.2,13.0,9,281.9,0,False,True,False,False,False,False
66.0,3,0,1638.4,25.8,70238,27.7,10.2,12,58.6,0,False,False,False,True,False,False
83.0,4,1,1935.5,19.1,96734,32.2,13.0,8,213.4,0,False,True,False,False,False,False
64.0,3,0,2324.5,16.1,83796,41.1,13.4,6,67.6,0,False,False,True,False,False,False
110.0,3,0,1529.5,36.2,105462,32.7,11.3,3,141.6,0,False,False,False,False,True,False
27.0,1,0,1529.5,36.2,105462,32.7,11.3,3,223.9,0,False,False,False,False,True,False
61.0,3,0,1529.5,36.2,105462,32.7,11.3,8,75.9,0,False,False,False,False,True,False
66.0,3,0,2324.5,16.1,83796,41.1,13.4,7,224.3,0,False,False,True,False,False,False
80.0,5,1,1638.4,25.8,70238,27.7,10.2,12,183.8,0,False,False,False,True,False,False
90.0,5,0,1638.4,25.8,70238,27.7,10.2,5,108.4,0,False,False,False,True,False,False
90.0,4,1,1638.4,25.8,70238,27.7,10.2,12,78.9,0,False,False,False,True,False,False
42.0,2,0,1935.5,19.1,96734,32.2,13.0,12,129.3,0,False,True,False,False,False,False
63.0,3,0,1638.4,25.8,70238,27.7,10.2,11,138.9,0,False,False,False,True,False,False
55.0,3,1,1529.5,36.2,105462,32.7,11.3,5,488.4,0,False,False,False,False,True,False
65.0,4,0,1935.5,19.1,96734,32.2,13.0,2,159.9,0,False,True,False,False,False,False
59.0,3,0,1935.5,19.1,96734,32.2,13.0,7,101.4,0,False,True,False,False,False,False
61.0,3,0,1638.4,25.8,70238,27.7,10.2,5,115.7,0,False,False,False,True,False,False
18.0,1,0,1529.5,36.2,105462,32.7,11.3,7,133.7,1,False,False,False,False,True,False
50.0,2,0,1935.5,19.1,96734,32.2,13.0,10,92.6,0,False,True,False,False,False,False
63.0,3,0,2155.0,15.3,70863,28.8,15.8,3,166.4,0,False,False,False,False,False,True
56.0,3,0,1935.5,19.1,96734,32.2,13.0,6,143.3,0,False,True,False,False,False,False
50.0,2,0,1529.5,36.2,105462,32.7,11.3,12,153.9,0,False,False,False,False,True,False
44.0,2,0,1638.4,25.8,70238,27.7,10.2,2,56.0,0,False,False,False,True,False,False
37.0,2,0,2324.5,16.1,83796,41.1,13.4,10,78.6,0,False,False,True,False,False,False
78.0,4,1,2155.0,15.3,70863,28.8,15.8,12,261.4,0,False,False,False,False,False,True
20.0,1,0,2155.0,15.3,70863,28.8,15.8,7,28.7,0,False,False,False,False,False,True
38.0,1,0,1638.4,25.8,70238,27.7,10.2,8,90.0,0,False,False,False,True,False,False
46.0,2,0,2324.5,16.1,83796,41.1,13.4,3,114.6,0,False,False,True,False,False,False
60.0,3,1,1529.5,36.2,105462,32.7,11.3,7,164.4,0,False,False,False,False,True,False
90.0,5,1,2324.5,16.1,83796,41.1,13.4,8,155.1,0,False,False,True,False,False,False
17.0,1,0,2324.5,16.1,83796,41.1,13.4,1,64.9,0,False,False,True,False,False,False
33.0,1,0,2324.5,16.1,83796,41.1,13.4,7,112.0,0,False,False,True,False,False,False
25.0,1,0,2324.5,16.1,83796,41.1,13.4,6,360.0,0,False,False,True,False,False,False
107.0,5,1,1956.6,18.3,66372,26.5,15.3,3,172.4,0,True,False,False,False,False,False
34.0,2,0,2155.0,15.3,70863,28.8,15.8,12,66.5,0,False,False,False,False,False,True
54.0,3,1,1935.5,19.1,96734,32.2,13.0,11,118.1,0,False,True,False,False,False,False
125.0,5,1,1529.5,36.2,105462,32.7,11.3,11,27.5,0,False,False,False,False,True,False
20.0,1,0,1529.5,36.2,105462,32.7,11.3,9,262.1,1,False,False,False,False,True,False
38.0,2,0,1956.6,18.3,66372,26.5,15.3,10,125.9,0,True,False,False,False,False,False
60.0,3,0,2155.0,15.3,70863,28.8,15.8,11,24.5,0,False,False,False,False,False,True
64.0,3,0,2155.0,15.3,70863,28.8,15.8,1,127.5,0,False,False,False,False,False,True
112.0,5,1,2155.0,15.3,70863,28.8,15.8,9,150.2,0,False,False,False,False,False,True
60.0,1,0,2324.5,16.1,83796,41.1,13.4,5,101.4,0,False,False,True,False,False,False
50.0,3,0,1638.4,25.8,70238,27.7,10.2,6,74.8,0,False,False,False,True,False,False
106.0,5,0,2155.0,15.3,70863,28.8,15.8,11,112.6,0,False,False,False,False,False,True
26.0,1,0,1638.4,25.8,70238,27.7,10.2,7,95.2,0,False,False,False,True,False,False
65.0,3,0,1529.5,36.2,105462,32.7,11.3,10,109.7,0,False,False,False,False,True,False
90.0,4,1,1529.5,36.2,105462,32.7,11.3,7,311.8,1,False,False,False,False,True,False
48.0,2,0,1935.5,19.1,96734,32.2,13.0,12,185.4,0,False,True,False,False,False,False
63.0,3,0,1935.5,19.1,96734,32.2,13.0,8,126.8,0,False,True,False,False,False,False
40.0,2,0,1935.5,19.1,96734,32.2,13.0,3,197.0,0,False,True,False,False,False,False
95.0,4,0,2324.5,16.1,83796,41.1,13.4,10,133.3,1,False,False,True,False,False,False
112.0,5,0,2324.5,16.1,83796,41.1,13.4,5,280.8,0,False,False,True,False,False,False
42.0,2,0,1956.6,18.3,66372,26.5,15.3,6,157.8,0,True,False,False,False,False,False
60.0,3,0,2324.5,16.1,83796,41.1,13.4,6,79.5,0,False,False,True,False,False,False
32.0,2,0,1956.6,18.3,66372,26.5,15.3,4,84.4,0,True,False,False,False,False,False
28.0,1,0,2324.5,16.1,83796,41.1,13.4,6,156.1,0,False,False,True,False,False,False
74.0,1,0,2324.5,16.1,83796,41.1,13.4,4,194.5,0,False,False,True,False,False,False
49.0,3,0,1529.5,36.2,105462,32.7,11.3,4,70.8,0,False,False,False,False,True,False
55.0,3,0,1935.5,19.1,96734,32.2,13.0,6,74.6,0,False,True,False,False,False,False
28.0,1,0,1638.4,25.8,70238,27.7,10.2,1,319.2,0,False,False,False,True,False,False
36.0,2,0,1956.6,18.3,66372,26.5,15.3,1,197.3,0,True,False,False,False,False,False
64.0,3,0,2155.0,15.3,70863,28.8,15.8,6,33.0,0,False,False,False,False,False,True
77.0,4,0,1956.6,18.3,66372,26.5,15.3,11,239.1,0,True,False,False,False,False,False
64.0,3,0,2155.0,15.3,70863,28.8,15.8,9,83.2,0,False,False,False,False,False,True
61.0,3,0,1935.5,19.1,96734,32.2,13.0,7,256.9,0,False,True,False,False,False,False
84.0,4,0,2324.5,16.1,83796,41.1,13.4,5,142.7,0,False,False,True,False,False,False
76.0,3,0,2324.5,16.1,83796,41.1,13.4,11,61.1,0,False,False,True,False,False,False
62.0,3,0,1638.4,25.8,70238,27.7,10.2,8,89.3,0,False,False,False,True,False,False
56.0,3,0,1956.6,18.3,66372,26.5,15.3,3,212.7,1,True,False,False,False,False,False
68.0,4,0,2324.5,16.1,83796,41.1,13.4,6,267.5,0,False,False,True,False,False,False
69.0,4,0,1638.4,25.8,70238,27.7,10.2,6,113.7,0,False,False,False,True,False,False
22.0,1,0,1935.5,19.1,96734,32.2,13.0,1,22.3,0,False,True,False,False,False,False
131.0,6,0,1935.5,19.1,96734,32.2,13.0,9,30.3,0,False,True,False,False,False,False
20.0,1,0,1529.5,36.2,105462,32.7,11.3,3,118.7,0,False,False,False,False,True,False
63.0,3,0,1638.4,25.8,70238,27.7,10.2,2,61.3,0,False,False,False,True,False,False
75.0,3,0,1935.5,19.1,96734,32.2,13.0,3,85.5,0,False,True,False,False,False,False
78.0,3,0,1638.4,25.8,70238,27.7,10.2,9,55.0,0,False,False,False,True,False,False
84.0,4,1,1935.5,19.1,96734,32.2,13.0,2,271.3,0,False,True,False,False,False,False
64.0,3,0,1638.4,25.8,70238,27.7,10.2,12,126.0,0,False,False,False,True,False,False
91.0,5,0,1638.4,25.8,70238,27.7,10.2,3,321.9,0,False,False,False,True,False,False
23.0,1,0,2155.0,15.3,70863,28.8,15.8,3,108.4,0,False,False,False,False,False,True
83.0,4,1,1529.5,36.2,105462,32.7,11.3,12,170.1,0,False,False,False,False,True,False
56.0,3,0,1638.4,25.8,70238,27.7,10.2,8,89.8,0,False,False,False,True,False,False
88.0,4,1,1956.6,18.3,66372,26.5,15.3,1,118.7,0,True,False,False,False,False,False
20.0,1,0,1956.6,18.3,66372,26.5,15.3,3,140.6,0,True,False,False,False,False,False
64.0,3,0,1529.5,36.2,105462,32.7,11.3,3,60.4,0,False,False,False,False,True,False
52.0,2,0,1935.5,19.1,96734,32.2,13.0,12,75.0,0,False,True,False,False,False,False
160.0,5,1,2324.5,16.1,83796,41.1,13.4,7,131.1,0,False,False,True,False,False,False
67.0,3,0,1638.4,25.8,70238,27.7,10.2,7,180.3,0,False,False,False,True,False,False
41.0,2,0,2324.5,16.1,83796,41.1,13.4,8,201.8,0,False,False,True,False,False,False
54.0,2,0,2324.5,16.1,83796,41.1,13.4,5,127.0,0,False,False,True,False,False,False
25.0,1,0,1529.5,36.2,105462,32.7,11.3,7,41.1,0,False,False,False,False,True,False
56.0,3,0,1935.5,19.1,96734,32.2,13.0,8,248.0,0,False,True,False,False,False,False
20.0,1,0,2155.0,15.3,70863,28.8,15.8,7,120.1,0,False,False,False,False,False,True
114.0,4,1,1638.4,25.8,70238,27.7,10.2,12,35.2,0,False,False,False,True,False,False
50.0,2,0,2324.5,16.1,83796,41.1,13.4,2,129.3,0,False,False,True,False,False,False
56.0,3,0,1935.5,19.1,96734,32.2,13.0,1,97.4,0,False,True,False,False,False,False
25.0,1,0,2155.0,15.3,70863,28.8,15.8,3,33.3,0,False,False,False,False,False,True
61.0,3,0,1956.6,18.3,66372,26.5,15.3,5,109.4,0,True,False,False,False,False,False
43.0,2,0,1529.5,36.2,105462,32.7,11.3,1,41.0,1,False,False,False,False,True,False
138.0,5,0,2324.5,16.1,83796,41.1,13.4,1,124.2,0,False,False,True,False,False,False
53.0,4,0,1956.6,18.3,66372,26.5,15.3,4,130.2,0,True,False,False,False,False,False
47.0,2,0,1529.5,36.2,105462,32.7,11.3,6,68.5,0,False,False,False,False,True,False
32.0,2,0,2155.0,15.3,70863,28.8,15.8,8,105.1,0,False,False,False,False,False,True
58.0,3,0,1529.5,36.2,105462,32.7,11.3,1,203.1,0,False,False,False,False,True,False
140.0,4,0,2324.5,16.1,83796,41.1,13.4,4,196.3,1,False,False,True,False,False,False
60.0,3,0,1638.4,25.8,70238,27.7,10.2,9,340.6,1,False,False,False,True,False,False
41.0,2,0,2324.5,16.1,83796,41.1,13.4,12,186.1,1,False,False,True,False,False,False
43.0,2,0,1935.5,19.1,96734,32.2,13.0,1,40.8,0,False,True,False,False,False,False
27.0,1,0,1529.5,36.2,105462,32.7,11.3,1,117.0,1,False,False,False,False,True,False
90.0,3,0,1935.5,19.1,96734,32.2,13.0,6,83.2,1,False,True,False,False,False,False
95.0,4,1,1956.6,18.3,66372,26.5,15.3,12,10.1,0,True,False,False,False,False,False
65.0,3,0,1529.5,36.2,105462,32.7,11.3,5,120.3,0,False,False,False,False,True,False
40.0,2,0,1935.5,19.1,96734,32.2,13.0,4,124.3,0,False,True,False,False,False,False
42.0,2,0,1638.4,25.8,70238,27.7,10.2,12,12.7,0,False,False,False,True,False,False
94.0,3,0,2324.5,16.1,83796,41.1,13.4,5,211.2,1,False,False,True,False,False,False
225.0,5,1,1638.4,25.8,70238,27.7,10.2,2,388.7,0,False,False,False,True,False,False
55.0,3,0,1935.5,19.1,96734,32.2,13.0,7,107.8,0,False,True,False,False,False,False
47.0,3,0,2324.5,16.1,83796,41.1,13.4,4,86.9,0,False,False,True,False,False,False
147.0,5,0,2324.5,16.1,83796,41.1,13.4,7,29.3,0,False,False,True,False,False,False
49.0,2,0,1638.4,25.8,70238,27.7,10.2,6,225.5,0,False,False,False,True,False,False
86.0,4,0,1935.5,19.1,96734,32.2,13.0,3,241.2,0,False,True,False,False,False,False
30.0,2,0,2324.5,16.1,83796,41.1,13.4,7,89.2,0,False,False,True,False,False,False
63.0,3,1,1638.4,25.8,70238,27.7,10.2,7,151.7,0,False,False,False,True,False,False
112.0,6,0,1956.6,18.3,66372,26.5,15.3,3,73.6,0,True,False,False,False,False,False
69.0,3,0,1935.5,19.1,96734,32.2,13.0,4,260.4,0,False,True,False,False,False,False
80.0,4,1,1935.5,19.1,96734,32.2,13.0,3,72.6,0,False,True,False,False,False,False
42.0,2,0,2155.0,15.3,70863,28.8,15.8,4,105.1,0,False,False,False,False,False,True
105.0,5,1,1935.5,19.1,96734,32.2,13.0,7,151.7,0,False,True,False,False,False,False
14.0,1,0,2324.5,16.1,83796,41.1,13.4,2,100.5,0,False,False,True,False,False,False
23.0,2,0,2324.5,16.1,83796,41.1,13.4,4,34.7,0,False,False,True,False,False,False
50.0,2,0,1529.5,36.2,105462,32.7,11.3,3,69.5,0,False,False,False,False,True,False
28.0,2,0,1956.6,18.3,66372,26.5,15.3,2,14.3,0,True,False,False,False,False,False
41.0,2,0,1935.5,19.1,96734,32.2,13.0,6,71.5,0,False,True,False,False,False,False
82.0,4,0,2155.0,15.3,70863,28.8,15.8,1,126.8,0,False,False,False,False,False,True
54.0,3,0,1935.5,19.1,96734,32.2,13.0,5,95.0,0,False,True,False,False,False,False
36.0,2,0,2155.0,15.3,70863,28.8,15.8,10,187.3,0,False,False,False,False,False,True
80.0,4,0,1529.5,36.2,105462,32.7,11.3,12,245.3,0,False,False,False,False,True,False
61.0,3,0,1935.5,19.1,96734,32.2,13.0,1,181.4,0,False,True,False,False,False,False
148.0,4,0,2324.5,16.1,83796,41.1,13.4,9,126.2,0,False,False,True,False,False,False
31.0,2,0,2155.0,15.3,70863,28.8,15.8,3,135.0,0,False,False,False,False,False,True
41.0,2,0,2324.5,16.1,83796,41.1,13.4,10,45.6,0,False,False,True,False,False,False
63.0,3,0,1638.4,25.8,70238,27.7,10.2,10,113.4,0,False,False,False,True,False,False
47.0,2,0,2155.0,15.3,70863,28.8,15.8,7,108.2,0,False,False,False,False,False,True
115.0,5,1,1935.5,19.1,96734,32.2,13.0,9,230.1,0,False,True,False,False,False,False
21.0,1,0,2155.0,15.3,70863,28.8,15.8,11,87.5,0,False,False,False,False,False,True
62.0,3,0,1935.5,19.1,96734,32.2,13.0,6,92.8,0,False,True,False,False,False,False
92.0,4,0,2155.0,15.3,70863,28.8,15.8,10,242.0,0,False,False,False,False,False,True
46.0,2,0,1638.4,25.8,70238,27.7,10.2,3,56.7,0,False,False,False,True,False,False
41.0,2,0,1638.4,25.8,70238,27.7,10.2,1,178.3,0,False,False,False,True,False,False
72.0,4,0,1935.5,19.1,96734,32.2,13.0,9,258.0,0,False,True,False,False,False,False
89.0,5,1,1956.6,18.3,66372,26.5,15.3,7,264.1,0,True,False,False,False,False,False
62.0,3,0,2324.5,16.1,83796,41.1,13.4,8,150.8,0,False,False,True,False,False,False
56.0,2,0,1638.4,25.8,70238,27.7,10.2,4,291.7,0,False,False,False,True,False,False
58.0,3,0,2155.0,15.3,70863,28.8,15.8,12,93.4,0,False,False,False,False,False,True
150.0,8,1,1529.5,36.2,105462,32.7,11.3,9,195.1,0,False,False,False,False,True,False
90.0,4,1,1956.6,18.3,66372,26.5,15.3,10,153.2,0,True,False,False,False,False,False
52.0,3,0,2155.0,15.3,70863,28.8,15.8,3,136.7,0,False,False,False,False,False,True
100.0,5,0,1529.5,36.2,105462,32.7,11.3,4,81.5,0,False,False,False,False,True,False
23.0,1,0,1529.5,36.2,105462,32.7,11.3,7,226.1,1,False,False,False,False,True,False
41.0,2,0,1956.6,18.3,66372,26.5,15.3,6,109.4,0,True,False,False,False,False,False
48.0,2,0,1935.5,19.1,96734,32.2,13.0,7,193.6,0,False,True,False,False,False,False
53.0,2,0,2155.0,15.3,70863,28.8,15.8,7,106.0,0,False,False,False,False,False,True
105.0,5,1,1529.5,36.2,105462,32.7,11.3,3,172.6,0,False,False,False,False,True,False
17.0,1,0,1638.4,25.8,70238,27.7,10.2,9,94.3,0,False,False,False,True,False,False
57.0,3,0,1529.5,36.2,105462,32.7,11.3,2,88.1,0,False,False,False,False,True,False
48.0,2,0,1935.5,19.1,96734,32.2,13.0,6,90.6,0,False,True,False,False,False,False
120.0,6,1,1638.4,25.8,70238,27.7,10.2,6,151.9,0,False,False,False,True,False,False
43.0,2,0,1638.4,25.8,70238,27.7,10.2,10,80.6,0,False,False,False,True,False,False
68.0,4,0,1638.4,25.8,70238,27.7,10.2,9,277.2,0,False,False,False,True,False,False
66.0,3,0,2155.0,15.3,70863,28.8,15.8,1,76.0,0,False,False,False,False,False,True
56.0,3,0,1529.5,36.2,105462,32.7,11.3,9,155.0,0,False,False,False,False,True,False
31.0,2,0,1935.5,19.1,96734,32.2,13.0,9,470.6,0,False,True,False,False,False,False
28.0,1,0,2155.0,15.3,70863,28.8,15.8,9,98.5,0,False,False,False,False,False,True
60.0,3,0,2324.5,16.1,83796,41.1,13.4,6,57.6,0,False,False,True,False,False,False
27.0,2,0,1529.5,36.2,105462,32.7,11.3,9,86.2,0,False,False,False,False,True,False
90.0,5,0,1638.4,25.8,70238,27.7,10.2,5,124.2,0,False,False,False,True,False,False
130.0,4,1,1529.5,36.2,105462,32.7,11.3,9,98.7,0,False,False,False,False,True,False
81.0,3,0,1935.5,19.1,96734,32.2,13.0,5,45.8,0,False,True,False,False,False,False
28.0,1,0,1529.5,36.2,105462,32.7,11.3,3,266.3,0,False,False,False,False,True,False
90.0,6,0,1935.5,19.1,96734,32.2,13.0,6,151.3,0,False,True,False,False,False,False
30.0,1,0,2324.5,16.1,83796,41.1,13.4,5,14.1,0,False,False,True,False,False,False
24.0,1,0,1529.5,36.2,105462,32.7,11.3,11,44.2,0,False,False,False,False,True,False
74.0,4,0,1956.6,18.3,66372,26.5,15.3,7,34.0,0,True,False,False,False,False,False
40.0,1,0,2324.5,16.1,83796,41.1,13.4,4,189.0,0,False,False,True,False,False,False
31.0,1,0,1529.5,36.2,105462,32.7,11.3,11,27.8,0,False,False,False,False,True,False
88.0,5,1,1935.5,19.1,96734,32.2,13.0,3,309.8,0,False,True,False,False,False,False
42.0,2,0,1529.5,36.2,105462,32.7,11.3,10,112.3,0,False,False,False,False,True,False
64.0,2,0,1638.4,25.8,70238,27.7,10.2,1,198.5,0,False,False,False,True,False,False
61.0,3,0,1935.5,19.1,96734,32.2,13.0,6,113.5,0,False,True,False,False,False,False
32.0,2,0,1529.5,36.2,105462,32.7,11.3,2,148.0,0,False,False,False,False,True,False
130.0,4,0,2324.5,16.1,83796,41.1,13.4,4,118.9,0,False,False,True,False,False,False
55.0,2,0,1935.5,19.1,96734,32.2,13.0,5,357.1,0,False,True,False,False,False,False
43.0,2,0,1935.5,19.1,96734,32.2,13.0,10,210.6,0,False,True,False,False,False,False
17.0,1,0,1638.4,25.8,70238,27.7,10.2,12,89.3,0,False,False,False,True,False,False
30.0,2,0,1638.4,25.8,70238,27.7,10.2,11,197.2,0,False,False,False,True,False,False
35.0,1,0,1529.5,36.2,105462,32.7,11.3,7,77.2,0,False,False,False,False,True,False
87.0,4,0,2155.0,15.3,70863,28.8,15.8,9,28.9,0,False,False,False,False,False,True
35.0,2,0,2324.5,16.1,83796,41.1,13.4,4,196.0,0,False,False,True,False,False,False
50.0,3,0,1638.4,25.8,70238,27.7,10.2,1,91.2,0,False,False,False,True,False,False
39.0,1,0,1956.6,18.3,66372,26.5,15.3,5,239.1,0,True,False,False,False,False,False
87.0,4,0,2324.5,16.1,83796,41.1,13.4,6,69.7,0,False,False,True,False,False,False
237.0,6,0,2324.5,16.1,83796,41.1,13.4,9,63.7,0,False,False,True,False,False,False
79.0,5,0,1638.4,25.8,70238,27.7,10.2,12,186.8,0,False,False,False,True,False,False
100.0,4,0,1638.4,25.8,70238,27.7,10.2,7,208.1,0,False,False,False,True,False,False
64.0,3,0,1529.5,36.2,105462,32.7,11.3,1,154.9,0,False,False,False,False,True,False
46.0,2,0,1956.6,18.3,66372,26.5,15.3,6,196.9,0,True,False,False,False,False,False
76.0,3,0,1935.5,19.1,96734,32.2,13.0,12,140.9,0,False,True,False,False,False,False
44.0,2,0,1935.5,19.1,96734,32.2,13.0,8,89.7,0,False,True,False,False,False,False
60.0,3,0,2324.5,16.1,83796,41.1,13.4,3,233.3,0,False,False,True,False,False,False
25.0,1,0,1935.5,19.1,96734,32.2,13.0,9,88.3,0,False,True,False,False,False,False
78.0,4,0,1638.4,25.8,70238,27.7,10.2,4,229.0,1,False,False,False,True,False,False
63.0,1,0,2324.5,16.1,83796,41.1,13.4,12,64.5,0,False,False,True,False,False,False
159.0,7,1,2324.5,16.1,83796,41.1,13.4,4,92.1,0,False,False,True,False,False,False
112.0,5,0,1638.4,25.8,70238,27.7,10.2,11,72.4,0,False,False,False,True,False,False
50.0,2,0,1638.4,25.8,70238,27.7,10.2,9,213.1,0,False,False,False,True,False,False
120.0,5,1,1638.4,25.8,70238,27.7,10.2,2,114.0,0,False,False,False,True,False,False
17.0,1,0,2324.5,16.1,83796,41.1,13.4,11,168.1,0,False,False,True,False,False,False
77.0,4,0,1638.4,25.8,70238,27.7,10.2,8,71.2,0,False,False,False,True,False,False
45.0,2,0,1935.5,19.1,96734,32.2,13.0,4,12.8,0,False,True,False,False,False,False
57.0,3,0,1935.5,19.1,96734,32.2,13.0,7,124.9,0,False,True,False,False,False,False
51.0,3,0,2324.5,16.1,83796,41.1,13.4,6,66.0,0,False,False,True,False,False,False
41.0,2,0,1956.6,18.3,66372,26.5,15.3,7,58.5,0,True,False,False,False,False,False
62.0,3,0,1935.5,19.1,96734,32.2,13.0,5,213.7,0,False,True,False,False,False,False
43.0,2,0,1529.5,36.2,105462,32.7,11.3,7,285.9,0,False,False,False,False,True,False
155.0,5,0,2324.5,16.1,83796,41.1,13.4,12,80.3,0,False,False,True,False,False,False
82.0,3,0,1638.4,25.8,70238,27.7,10.2,7,285.3,0,False,False,False,True,False,False
27.0,1,0,1529.5,36.2,105462,32.7,11.3,1,80.1,0,False,False,False,False,True,False
78.0,4,0,1956.6,18.3,66372,26.5,15.3,3,113.3,0,True,False,False,False,False,False
60.0,2,0,2324.5,16.1,83796,41.1,13.4,5,319.0,0,False,False,True,False,False,False
80.0,4,0,1935.5,19.1,96734,32.2,13.0,12,166.2,0,False,True,False,False,False,False
40.0,2,0,1956.6,18.3,66372,26.5,15.3,11,69.9,0,True,False,False,False,False,False
45.0,3,0,1935.5,19.1,96734,32.2,13.0,5,122.9,0,False,True,False,False,False,False
59.0,3,0,1638.4,25.8,70238,27.7,10.2,6,97.0,0,False,False,False,True,False,False
62.0,3,0,2155.0,15.3,70863,28.8,15.8,12,304.5,0,False,False,False,False,False,True
15.0,1,0,1529.5,36.2,105462,32.7,11.3,7,158.6,0,False,False,False,False,True,False
65.0,4,0,2155.0,15.3,70863,28.8,15.8,7,24.9,0,False,False,False,False,False,True
67.0,3,0,2155.0,15.3,70863,28.8,15.8,6,76.0,0,False,False,False,False,False,True
40.0,1,0,2324.5,16.1,83796,41.1,13.4,12,189.0,0,False,False,True,False,False,False
66.0,3,0,1529.5,36.2,105462,32.7,11.3,5,161.7,0,False,False,False,False,True,False
102.0,6,1,1956.6,18.3,66372,26.5,15.3,9,116.4,0,True,False,False,False,False,False
88.0,3,0,1935.5,19.1,96734,32.2,13.0,3,70.0,0,False,True,False,False,False,False
65.0,3,1,1956.6,18.3,66372,26.5,15.3,3,705.6,0,True,False,False,False,False,False
86.0,4,0,1638.4,25.8,70238,27.7,10.2,2,254.6,0,False,False,False,True,False,False
67.0,3,0,2155.0,15.3,70863,28.8,15.8,3,147.4,1,False,False,False,False,False,True
102.0,4,1,1935.5,19.1,96734,32.2,13.0,11,150.4,0,False,True,False,False,False,False
100.0,5,1,1935.5,19.1,96734,32.2,13.0,7,180.6,0,False,True,False,False,False,False
25.0,2,0,1529.5,36.2,105462,32.7,11.3,11,57.6,0,False,False,False,False,True,False
33.0,2,0,2155.0,15.3,70863,28.8,15.8,9,217.7,1,False,False,False,False,False,True
28.0,2,0,2324.5,16.1,83796,41.1,13.4,11,96.1,0,False,False,True,False,False,False
72.0,3,0,1638.4,25.8,70238,27.7,10.2,9,202.2,0,False,False,False,True,False,False
16.0,1,0,2324.5,16.1,83796,41.1,13.4,8,229.4,0,False,False,True,False,False,False
29.0,1,0,1935.5,19.1,96734,32.2,13.0,6,83.8,0,False,True,False,False,False,False
43.0,2,0,1638.4,25.8,70238,27.7,10.2,5,149.5,0,False,False,False,True,False,False
95.0,4,0,1935.5,19.1,96734,32.2,13.0,8,193.6,0,False,True,False,False,False,False
55.0,1,0,2324.5,16.1,83796,41.1,13.4,2,52.2,0,False,False,True,False,False,False
38.0,2,0,2324.5,16.1,83796,41.1,13.4,6,45.5,0,False,False,True,False,False,False
26.0,1,0,2155.0,15.3,70863,28.8,15.8,7,82.5,0,False,False,False,False,False,True
98.0,3,0,1935.5,19.1,96734,32.2,13.0,8,70.4,0,False,True,False,False,False,False
80.0,5,0,2324.5,16.1,83796,41.1,13.4,1,117.4,0,False,False,True,False,False,False
30.0,1,0,2324.5,16.1,83796,41.1,13.4,4,101.4,0,False,False,True,False,False,False
44.0,2,0,1935.5,19.1,96734,32.2,13.0,6,330.2,0,False,True,False,False,False,False
47.0,2,0,2155.0,15.3,70863,28.8,15.8,7,22.0,0,False,False,False,False,False,True
39.0,2,0,2155.0,15.3,70863,28.8,15.8,7,66.4,0,False,False,False,False,False,True
45.0,2,0,1529.5,36.2,105462,32.7,11.3,8,51.2,0,False,False,False,False,True,False
29.0,1,0,1529.5,36.2,105462,32.7,11.3,10,112.3,0,False,False,False,False,True,False
44.0,2,0,2155.0,15.3,70863,28.8,15.8,5,100.0,0,False,False,False,False,False,True
80.0,4,1,1956.6,18.3,66372,26.5,15.3,4,349.0,0,True,False,False,False,False,False
68.0,3,0,1935.5,19.1,96734,32.2,13.0,5,110.8,0,False,True,False,False,False,False
27.0,1,0,1638.4,25.8,70238,27.7,10.2,6,183.0,0,False,False,False,True,False,False
37.0,1,0,1935.5,19.1,96734,32.2,13.0,11,153.1,0,False,True,False,False,False,False
61.0,3,0,2155.0,15.3,70863,28.8,15.8,4,73.1,0,False,False,False,False,False,True
59.0,3,0,2324.5,16.1,83796,41.1,13.4,10,17.1,0,False,False,True,False,False,False
73.0,3,1,1935.5,19.1,96734,32.2,13.0,2,118.7,0,False,True,False,False,False,False
111.0,4,0,2155.0,15.3,70863,28.8,15.8,1,203.5,0,False,False,False,False,False,True
190.0,8,1,1529.5,36.2,105462,32.7,11.3,12,189.7,0,False,False,False,False,True,False
62.0,3,0,1529.5,36.2,105462,32.7,11.3,5,154.9,0,False,False,False,False,True,False
39.0,2,0,1529.5,36.2,105462,32.7,11.3,7,225.6,0,False,False,False,False,True,False
70.0,5,1,1638.4,25.8,70238,27.7,10.2,9,237.4,0,False,False,False,True,False,False
47.0,2,0,2155.0,15.3,70863,28.8,15.8,10,236.5,0,False,False,False,False,False,True
95.0,4,1,1935.5,19.1,96734,32.2,13.0,12,29.2,0,False,True,False,False,False,False
72.0,4,0,2155.0,15.3,70863,28.8,15.8,3,105.2,0,False,False,False,False,False,True
30.0,1,0,2324.5,16.1,83796,41.1,13.4,9,142.2,0,False,False,True,False,False,False
45.0,2,0,2324.5,16.1,83796,41.1,13.4,6,113.9,0,False,False,True,False,False,False
233.0,6,1,1529.5,36.2,105462,32.7,11.3,8,175.0,0,False,False,False,False,True,False
38.0,2,0,1529.5,36.2,105462,32.7,11.3,8,240.7,0,False,False,False,False,True,False
59.0,3,1,1935.5,19.1,96734,32.2,13.0,2,142.7,0,False,True,False,False,False,False
50.0,2,0,1956.6,18.3,66372,26.5,15.3,8,95.6,0,True,False,False,False,False,False
66.0,3,0,1935.5,19.1,96734,32.2,13.0,2,59.0,0,False,True,False,False,False,False
160.0,5,1,1529.5,36.2,105462,32.7,11.3,6,105.5,0,False,False,False,False,True,False
89.0,5,1,1935.5,19.1,96734,32.2,13.0,7,129.3,0,False,True,False,False,False,False
44.0,1,0,2324.5,16.1,83796,41.1,13.4,12,191.5,0,False,False,True,False,False,False
63.0,4,0,2155.0,15.3,70863,28.8,15.8,2,127.9,0,False,False,False,False,False,True
70.0,3,0,1529.5,36.2,105462,32.7,11.3,12,188.1,0,False,False,False,False,True,False
104.0,6,1,1935.5,19.1,96734,32.2,13.0,6,145.2,0,False,True,False,False,False,False
23.0,1,0,1956.6,18.3,66372,26.5,15.3,7,28.6,0,True,False,False,False,False,False
56.0,3,0,1638.4,25.8,70238,27.7,10.2,11,41.3,0,False,False,False,True,False,False
57.0,2,0,1638.4,25.8,70238,27.7,10.2,10,80.4,0,False,False,False,True,False,False
37.0,3,0,2324.5,16.1,83796,41.1,13.4,2,329.5,0,False,False,True,False,False,False
151.0,5,1,1956.6,18.3,66372,26.5,15.3,9,351.3,0,True,False,False,False,False,False
61.0,4,1,1956.6,18.3,66372,26.5,15.3,3,140.3,0,True,False,False,False,False,False
28.0,1,0,1638.4,25.8,70238,27.7,10.2,5,286.5,1,False,False,False,True,False,False
65.0,3,0,1935.5,19.1,96734,32.2,13.0,7,51.5,0,False,True,False,False,False,False
68.0,3,0,1935.5,19.1,96734,32.2,13.0,6,200.6,0,False,True,False,False,False,False
52.0,2,0,2324.5,16.1,83796,41.1,13.4,6,151.1,0,False,False,True,False,False,False
59.0,3,1,2324.5,16.1,83796,41.1,13.4,7,162.7,0,False,False,True,False,False,False
37.0,2,0,1935.5,19.1,96734,32.2,13.0,3,164.5,0,False,True,False,False,False,False
54.0,3,0,2324.5,16.1,83796,41.1,13.4,2,146.6,0,False,False,True,False,False,False
19.0,1,0,2324.5,16.1,83796,41.1,13.4,10,114.0,0,False,False,True,False,False,False
24.0,1,0,2324.5,16.1,83796,41.1,13.4,12,78.2,0,False,False,True,False,False,False
65.0,3,0,1956.6,18.3,66372,26.5,15.3,4,221.4,0,True,False,False,False,False,False
61.0,3,0,1529.5,36.2,105462,32.7,11.3,8,55.2,0,False,False,False,False,True,False
93.0,4,0,1956.6,18.3,66372,26.5,15.3,9,143.8,0,True,False,False,False,False,False
25.0,1,0,2324.5,16.1,83796,41.1,13.4,8,157.6,0,False,False,True,False,False,False
39.0,2,0,1935.5,19.1,96734,32.2,13.0,9,69.1,0,False,True,False,False,False,False
74.0,2,0,2324.5,16.1,83796,41.1,13.4,3,32.7,0,False,False,True,False,False,False
180.0,6,0,1529.5,36.2,105462,32.7,11.3,3,157.9,0,False,False,False,False,True,False
78.0,4,0,2324.5,16.1,83796,41.1,13.4,11,263.0,0,False,False,True,False,False,False
70.0,4,0,1935.5,19.1,96734,32.2,13.0,3,117.2,0,False,True,False,False,False,False
46.0,2,0,1956.6,18.3,66372,26.5,15.3,12,60.8,0,True,False,False,False,False,False
41.0,2,0,2155.0,15.3,70863,28.8,15.8,12,321.8,0,False,False,False,False,False,True
51.0,2,0,2324.5,16.1,83796,41.1,13.4,9,165.3,0,False,False,True,False,False,False
91.0,5,1,1956.6,18.3,66372,26.5,15.3,2,106.9,0,True,False,False,False,False,False
26.0,1,0,1956.6,18.3,66372,26.5,15.3,6,93.1,0,True,False,False,False,False,False
33.0,1,0,2324.5,16.1,83796,41.1,13.4,10,112.6,0,False,False,True,False,False,False
59.0,3,0,1935.5,19.1,96734,32.2,13.0,12,232.1,0,False,True,False,False,False,False
51.0,2,0,1529.5,36.2,105462,32.7,11.3,2,79.1,0,False,False,False,False,True,False
85.0,4,0,1935.5,19.1,96734,32.2,13.0,11,109.8,0,False,True,False,False,False,False
123.0,4,1,2324.5,16.1,83796,41.1,13.4,1,136.3,0,False,False,True,False,False,False
61.0,3,0,2155.0,15.3,70863,28.8,15.8,8,82.8,0,False,False,False,False,False,True
96.0,4,1,1638.4,25.8,70238,27.7,10.2,3,104.8,0,False,False,False,True,False,False
34.0,2,0,2324.5,16.1,83796,41.1,13.4,7,48.4,0,False,False,True,False,False,False
80.0,3,0,1935.5,19.1,96734,32.2,13.0,10,209.7,0,False,True,False,False,False,False
101.0,5,0,2324.5,16.1,83796,41.1,13.4,11,130.4,0,False,False,True,False,False,False
49.0,3,0,2155.0,15.3,70863,28.8,15.8,6,72.1,0,False,False,False,False,False,True
73.0,3,0,1529.5,36.2,105462,32.7,11.3,2,111.2,0,False,False,False,False,True,False
27.0,1,0,2324.5,16.1,83796,41.1,13.4,3,73.9,0,False,False,True,False,False,False
31.0,1,0,1935.5,19.1,96734,32.2,13.0,8,96.0,0,False,True,False,False,False,False
83.0,4,1,1956.6,18.3,66372,26.5,15.3,1,191.5,0,True,False,False,False,False,False
95.0,4,1,2155.0,15.3,70863,28.8,15.8,12,489.0,0,False,False,False,False,False,True
66.0,3,0,1638.4,25.8,70238,27.7,10.2,11,83.6,0,False,False,False,True,False,False
88.0,5,0,1529.5,36.2,105462,32.7,11.3,7,69.6,0,False,False,False,False,True,False
95.0,4,0,1935.5,19.1,96734,32.2,13.0,12,107.5,0,False,True,False,False,False,False
73.0,3,0,1956.6,18.3,66372,26.5,15.3,2,152.7,0,True,False,False,False,False,False
32.0,1,0,2324.5,16.1,83796,41.1,13.4,10,97.5,0,False,False,True,False,False,False
22.0,1,0,1638.4,25.8,70238,27.7,10.2,6,94.3,0,False,False,False,True,False,False
100.0,5,0,1529.5,36.2,105462,32.7,11.3,12,74.1,0,False,False,False,False,True,False
60.0,3,0,1935.5,19.1,96734,32.2,13.0,9,33.1,0,False,True,False,False,False,False
48.0,3,0,2155.0,15.3,70863,28.8,15.8,7,274.9,0,False,False,False,False,False,True
73.0,3,0,1935.5,19.1,96734,32.2,13.0,8,133.9,0,False,True,False,False,False,False
27.0,1,0,2155.0,15.3,70863,28.8,15.8,2,80.1,0,False,False,False,False,False,True
56.0,3,0,1935.5,19.1,96734,32.2,13.0,5,238.9,0,False,True,False,False,False,False
22.0,2,0,2324.5,16.1,83796,41.1,13.4,5,358.2,0,False,False,True,False,False,False
129.0,5,0,2324.5,16.1,83796,41.1,13.4,6,185.7,0,False,False,True,False,False,False
42.0,2,0,1935.5,19.1,96734,32.2,13.0,12,334.6,0,False,True,False,False,False,False
37.0,2,0,1956.6,18.3,66372,26.5,15.3,11,33.1,0,True,False,False,False,False,False
20.0,1,0,2155.0,15.3,70863,28.8,15.8,8,103.7,0,False,False,False,False,False,True
42.0,2,0,1529.5,36.2,105462,32.7,11.3,7,27.0,0,False,False,False,False,True,False
189.0,5,0,2324.5,16.1,83796,41.1,13.4,7,73.9,0,False,False,True,False,False,False
42.0,2,0,1935.5,19.1,96734,32.2,13.0,6,196.6,0,False,True,False,False,False,False
60.0,4,1,1956.6,18.3,66372,26.5,15.3,11,185.5,0,True,False,False,False,False,False
33.0,2,0,1529.5,36.2,105462,32.7,11.3,5,272.7,0,False,False,False,False,True,False
28.0,1,0,2324.5,16.1,83796,41.1,13.4,6,145.8,0,False,False,True,False,False,False
91.0,4,0,1935.5,19.1,96734,32.2,13.0,3,157.8,1,False,True,False,False,False,False
99.0,4,0,2324.5,16.1,83796,41.1,13.4,12,154.2,0,False,False,True,False,False,False
82.0,4,0,2324.5,16.1,83796,41.1,13.4,4,45.9,0,False,False,True,False,False,False
87.0,4,0,1638.4,25.8,70238,27.7,10.2,3,226.5,0,False,False,False,True,False,False
84.0,4,1,1956.6,18.3,66372,26.5,15.3,5,8.0,0,True,False,False,False,False,False
31.0,2,0,1529.5,36.2,105462,32.7,11.3,1,207.9,0,False,False,False,False,True,False
80.0,3,0,2324.5,16.1,83796,41.1,13.4,8,165.6,0,False,False,True,False,False,False
39.0,2,0,1935.5,19.1,96734,32.2,13.0,5,175.3,0,False,True,False,False,False,False
19.0,1,0,2324.5,16.1,83796,41.1,13.4,8,50.8,0,False,False,True,False,False,False
22.0,1,0,1638.4,25.8,70238,27.7,10.2,9,229.0,0,False,False,False,True,False,False
75.0,3,0,1529.5,36.2,105462,32.7,11.3,11,67.2,0,False,False,False,False,True,False
19.0,1,0,2155.0,15.3,70863,28.8,15.8,3,103.7,0,False,False,False,False,False,True
164.0,5,1,1638.4,25.8,70238,27.7,10.2,9,136.6,0,False,False,False,True,False,False
113.0,5,0,1638.4,25.8,70238,27.7,10.2,3,80.9,0,False,False,False,True,False,False
73.0,4,0,1529.5,36.2,105462,32.7,11.3,11,189.1,0,False,False,False,False,True,False
23.0,1,0,2324.5,16.1,83796,41.1,13.4,9,104.9,0,False,False,True,False,False,False
47.0,2,0,1638.4,25.8,70238,27.7,10.2,11,8.4,0,False,False,False,True,False,False
18.0,1,0,1529.5,36.2,105462,32.7,11.3,9,284.8,0,False,False,False,False,True,False
210.0,4,0,2324.5,16.1,83796,41.1,13.4,6,93.0,0,False,False,True,False,False,False
84.0,4,1,1935.5,19.1,96734,32.2,13.0,1,105.0,0,False,True,False,False,False,False
78.0,3,1,2155.0,15.3,70863,28.8,15.8,8,226.1,0,False,False,False,False,False,True
40.0,2,0,1935.5,19.1,96734,32.2,13.0,9,78.2,0,False,True,False,False,False,False
75.0,3,0,1638.4,25.8,70238,27.7,10.2,8,96.4,0,False,False,False,True,False,False
21.0,1,0,2324.5,16.1,83796,41.1,13.4,2,348.6,0,False,False,True,False,False,False
91.0,4,1,1935.5,19.1,96734,32.2,13.0,8,238.6,0,False,True,False,False,False,False
71.0,3,0,1935.5,19.1,96734,32.2,13.0,3,117.8,0,False,True,False,False,False,False
68.0,3,0,2155.0,15.3,70863,28.8,15.8,7,269.5,0,False,False,False,False,False,True
42.0,2,0,1529.5,36.2,105462,32.7,11.3,2,23.1,0,False,False,False,False,True,False
100.0,2,1,2155.0,15.3,70863,28.8,15.8,4,93.9,0,False,False,False,False,False,True
31.0,1,0,1529.5,36.2,105462,32.7,11.3,1,138.6,0,False,False,False,False,True,False
67.0,3,0,1935.5,19.1,96734,32.2,13.0,6,120.3,1,False,True,False,False,False,False
104.0,4,0,2324.5,16.1,83796,41.1,13.4,7,104.1,0,False,False,True,False,False,False
49.0,2,0,1935.5,19.1,96734,32.2,13.0,10,106.9,0,False,True,False,False,False,False
49.0,2,0,2324.5,16.1,83796,41.1,13.4,9,216.9,0,False,False,True,False,False,False
35.0,1,0,1529.5,36.2,105462,32.7,11.3,3,162.6,0,False,False,False,False,True,False
66.0,3,0,2155.0,15.3,70863,28.8,15.8,8,13.8,0,False,False,False,False,False,True
67.0,3,0,2155.0,15.3,70863,28.8,15.8,3,195.9,0,False,False,False,False,False,True
58.0,2,0,1935.5,19.1,96734,32.2,13.0,3,365.8,0,False,True,False,False,False,False
43.0,2,0,1956.6,18.3,66372,26.5,15.3,9,27.8,0,True,False,False,False,False,False
69.0,3,0,2324.5,16.1,83796,41.1,13.4,11,129.7,0,False,False,True,False,False,False
64.0,3,0,1956.6,18.3,66372,26.5,15.3,5,338.0,0,True,False,False,False,False,False
67.0,4,0,2155.0,15.3,70863,28.8,15.8,7,120.4,0,False,False,False,False,False,True
64.0,3,0,1638.4,25.8,70238,27.7,10.2,9,111.2,0,False,False,False,True,False,False
55.0,3,0,2324.5,16.1,83796,41.1,13.4,5,119.4,0,False,False,True,False,False,False
116.0,5,1,1935.5,19.1,96734,32.2,13.0,1,159.5,0,False,True,False,False,False,False
22.0,1,0,1638.4,25.8,70238,27.7,10.2,5,151.6,0,False,False,False,True,False,False
66.0,3,0,1935.5,19.1,96734,32.2,13.0,7,161.9,0,False,True,False,False,False,False
35.0,2,0,1956.6,18.3,66372,26.5,15.3,11,137.9,0,True,False,False,False,False,False
74.0,3,0,1935.5,19.1,96734,32.2,13.0,3,130.3,0,False,True,False,False,False,False
78.0,3,0,1956.6,18.3,66372,26.5,15.3,9,109.0,0,True,False,False,False,False,False
54.0,3,0,1529.5,36.2,105462,32.7,11.3,8,106.6,0,False,False,False,False,True,False
27.0,1,0,1935.5,19.1,96734,32.2,13.0,11,86.2,0,False,True,False,False,False,False
68.0,4,0,1956.6,18.3,66372,26.5,15.3,12,137.1,0,True,False,False,False,False,False
63.0,3,0,1935.5,19.1,96734,32.2,13.0,10,112.8,0,False,True,False,False,False,False
30.0,1,0,1935.5,19.1,96734,32.2,13.0,10,151.3,0,False,True,False,False,False,False
51.0,3,0,1638.4,25.8,70238,27.7,10.2,7,198.1,0,False,False,False,True,False,False
83.0,4,1,1956.6,18.3,66372,26.5,15.3,12,223.1,0,True,False,False,False,False,False
60.0,3,0,1638.4,25.8,70238,27.7,10.2,5,48.1,0,False,False,False,True,False,False
78.0,3,0,2324.5,16.1,83796,41.1,13.4,1,156.6,0,False,False,True,False,False,False
115.0,4,1,1935.5,19.1,96734,32.2,13.0,5,116.1,0,False,True,False,False,False,False
63.0,3,0,2155.0,15.3,70863,28.8,15.8,9,45.7,0,False,False,False,False,False,True
69.0,4,0,2155.0,15.3,70863,28.8,15.8,7,62.6,0,False,False,False,False,False,True
42.0,1,0,2324.5,16.1,83796,41.1,13.4,2,240.4,0,False,False,True,False,False,False
89.0,5,0,2324.5,16.1,83796,41.1,13.4,7,113.2,0,False,False,True,False,False,False
85.0,5,1,1529.5,36.2,105462,32.7,11.3,4,136.6,0,False,False,False,False,True,False
73.0,4,0,1956.6,18.3,66372,26.5,15.3,6,317.3,0,True,False,False,False,False,False
34.0,1,0,2324.5,16.1,83796,41.1,13.4,10,254.3,0,False,False,True,False,False,False
58.0,3,0,2155.0,15.3,70863,28.8,15.8,12,110.2,0,False,False,False,False,False,True
48.0,2,0,1529.5,36.2,105462,32.7,11.3,1,195.7,0,False,False,False,False,True,False
122.0,4,0,1529.5,36.2,105462,32.7,11.3,10,83.5,0,False,False,False,False,True,False
91.0,5,0,1529.5,36.2,105462,32.7,11.3,7,140.8,0,False,False,False,False,True,False
65.0,4,0,1529.5,36.2,105462,32.7,11.3,10,120.9,0,False,False,False,False,True,False
35.0,2,0,2324.5,16.1,83796,41.1,13.4,3,370.9,0,False,False,True,False,False,False
62.0,3,0,2324.5,16.1,83796,41.1,13.4,2,186.1,1,False,False,True,False,False,False
62.0,3,0,1529.5,36.2,105462,32.7,11.3,6,55.1,0,False,False,False,False,True,False
59.0,3,0,1935.5,19.1,96734,32.2,13.0,11,218.1,0,False,True,False,False,False,False
134.0,6,1,1935.5,19.1,96734,32.2,13.0,3,274.7,0,False,True,False,False,False,False
73.0,4,0,2324.5,16.1,83796,41.1,13.4,7,59.8,0,False,False,True,False,False,False
27.0,1,0,2324.5,16.1,83796,41.1,13.4,12,47.7,0,False,False,True,False,False,False
74.0,3,0,2324.5,16.1,83796,41.1,13.4,11,281.0,0,False,False,True,False,False,False
105.0,4,0,1935.5,19.1,96734,32.2,13.0,6,62.6,0,False,True,False,False,False,False
150.0,5,0,2324.5,16.1,83796,41.1,13.4,9,74.6,0,False,False,True,False,False,False
58.0,4,0,2324.5,16.1,83796,41.1,13.4,12,94.8,0,False,False,True,False,False,False
50.0,2,0,1529.5,36.2,105462,32.7,11.3,5,120.3,0,False,False,False,False,True,False
15.0,1,0,2155.0,15.3,70863,28.8,15.8,3,100.9,0,False,False,False,False,False,True
36.0,2,0,1956.6,18.3,66372,26.5,15.3,2,200.8,0,True,False,False,False,False,False
66.0,4,0,1529.5,36.2,105462,32.7,11.3,4,82.8,0,False,False,False,False,True,False
90.0,6,1,1638.4,25.8,70238,27.7,10.2,1,93.9,0,False,False,False,True,False,False
55.0,3,0,2324.5,16.1,83796,41.1,13.4,6,172.5,0,False,False,True,False,False,False
13.0,1,0,1529.5,36.2,105462,32.7,11.3,5,78.2,0,False,False,False,False,True,False
89.0,4,0,1638.4,25.8,70238,27.7,10.2,2,145.7,0,False,False,False,True,False,False
52.0,2,0,1638.4,25.8,70238,27.7,10.2,2,145.0,0,False,False,False,True,False,False
82.0,3,0,2324.5,16.1,83796,41.1,13.4,8,153.4,0,False,False,True,False,False,False
157.0,4,1,1638.4,25.8,70238,27.7,10.2,3,101.7,0,False,False,False,True,False,False
94.0,4,0,2324.5,16.1,83796,41.1,13.4,1,191.2,0,False,False,True,False,False,False
20.0,1,0,2155.0,15.3,70863,28.8,15.8,8,120.1,0,False,False,False,False,False,True
61.0,4,0,1935.5,19.1,96734,32.2,13.0,8,137.2,0,False,True,False,False,False,False
67.0,2,0,2324.5,16.1,83796,41.1,13.4,2,172.7,0,False,False,True,False,False,False
102.0,4,0,2324.5,16.1,83796,41.1,13.4,10,101.8,0,False,False,True,False,False,False
68.0,3,0,2155.0,15.3,70863,28.8,15.8,2,269.5,0,False,False,False,False,False,True
53.0,2,0,1638.4,25.8,70238,27.7,10.2,10,89.2,0,False,False,False,True,False,False
42.0,2,0,2324.5,16.1,83796,41.1,13.4,5,84.3,0,False,False,True,False,False,False
85.0,4,0,1935.5,19.1,96734,32.2,13.0,11,108.1,0,False,True,False,False,False,False
69.0,3,0,1529.5,36.2,105462,32.7,11.3,10,164.4,0,False,False,False,False,True,False
81.0,3,0,1638.4,25.8,70238,27.7,10.2,4,138.5,0,False,False,False,True,False,False
34.0,2,0,1529.5,36.2,105462,32.7,11.3,1,173.1,0,False,False,False,False,True,False
22.0,1,0,1638.4,25.8,70238,27.7,10.2,12,55.5,0,False,False,False,True,False,False
68.0,4,0,1529.5,36.2,105462,32.7,11.3,2,88.1,0,False,False,False,False,True,False
110.0,4,0,1638.4,25.8,70238,27.7,10.2,8,244.1,0,False,False,False,True,False,False
31.0,1,0,1638.4,25.8,70238,27.7,10.2,7,12.7,0,False,False,False,True,False,False
102.0,4,1,1638.4,25.8,70238,27.7,10.2,4,123.8,0,False,False,False,True,False,False
46.0,3,0,1638.4,25.8,70238,27.7,10.2,7,323.2,0,False,False,False,True,False,False
51.0,2,0,2324.5,16.1,83796,41.1,13.4,8,37.9,0,False,False,True,False,False,False
83.0,4,1,1935.5,19.1,96734,32.2,13.0,7,167.9,0,False,True,False,False,False,False
76.0,4,1,1956.6,18.3,66372,26.5,15.3,6,103.8,0,True,False,False,False,False,False
72.0,3,0,1529.5,36.2,105462,32.7,11.3,8,49.8,0,False,False,False,False,True,False
104.0,3,0,2324.5,16.1,83796,41.1,13.4,10,150.6,0,False,False,True,False,False,False
66.0,3,0,2155.0,15.3,70863,28.8,15.8,3,111.2,0,False,False,False,False,False,True
29.0,1,0,2324.5,16.1,83796,41.1,13.4,3,143.3,0,False,False,True,False,False,False
120.0,3,0,1935.5,19.1,96734,32.2,13.0,3,234.5,0,False,True,False,False,False,False
40.0,2,0,1956.6,18.3,66372,26.5,15.3,6,379.2,0,True,False,False,False,False,False
190.0,4,1,1956.6,18.3,66372,26.5,15.3,4,140.8,0,True,False,False,False,False,False
45.0,2,0,1956.6,18.3,66372,26.5,15.3,10,162.5,0,True,False,False,False,False,False
20.0,1,0,1529.5,36.2,105462,32.7,11.3,12,63.8,0,False,False,False,False,True,False
96.0,5,1,1935.5,19.1,96734,32.2,13.0,5,89.1,0,False,True,False,False,False,False
52.0,3,0,1638.4,25.8,70238,27.7,10.2,5,281.9,0,False,False,False,True,False,False
210.0,6,1,2155.0,15.3,70863,28.8,15.8,3,39.5,0,False,False,False,False,False,True
55.0,3,0,1956.6,18.3,66372,26.5,15.3,6,233.0,0,True,False,False,False,False,False
60.0,3,0,1935.5,19.1,96734,32.2,13.0,8,383.0,0,False,True,False,False,False,False
80.0,3,1,1956.6,18.3,66372,26.5,15.3,9,123.2,0,True,False,False,False,False,False
22.0,2,0,2324.5,16.1,83796,41.1,13.4,1,111.4,0,False,False,True,False,False,False
60.0,2,0,1529.5,36.2,105462,32.7,11.3,11,114.0,0,False,False,False,False,True,False
180.0,5,0,1529.5,36.2,105462,32.7,11.3,6,24.1,0,False,False,False,False,True,False
80.0,4,1,1935.5,19.1,96734,32.2,13.0,12,60.9,0,False,True,False,False,False,False
19.0,1,0,2324.5,16.1,83796,41.1,13.4,10,61.4,0,False,False,True,False,False,False
98.0,3,0,1529.5,36.2,105462,32.7,11.3,9,165.4,0,False,False,False,False,True,False
50.0,2,0,2324.5,16.1,83796,41.1,13.4,10,156.9,0,False,False,True,False,False,False
62.0,3,0,1956.6,18.3,66372,26.5,15.3,5,239.8,0,True,False,False,False,False,False
29.0,1,0,1529.5,36.2,105462,32.7,11.3,9,294.8,0,False,False,False,False,True,False
67.0,4,0,1529.5,36.2,105462,32.7,11.3,12,176.3,0,False,False,False,False,True,False
60.0,3,1,1529.5,36.2,105462,32.7,11.3,6,90.4,0,False,False,False,False,True,False
66.0,3,0,1529.5,36.2,105462,32.7,11.3,7,171.8,0,False,False,False,False,True,False
58.0,3,0,2324.5,16.1,83796,41.1,13.4,3,206.4,0,False,False,True,False,False,False
30.0,1,0,1638.4,25.8,70238,27.7,10.2,9,38.1,0,False,False,False,True,False,False
30.0,2,0,2324.5,16.1,83796,41.1,13.4,7,74.7,0,False,False,True,False,False,False
129.0,6,1,1956.6,18.3,66372,26.5,15.3,8,312.2,0,True,False,False,False,False,False
125.0,5,1,1529.5,36.2,105462,32.7,11.3,4,152.6,0,False,False,False,False,True,False
54.0,3,0,1638.4,25.8,70238,27.7,10.2,9,89.8,0,False,False,False,True,False,False
56.0,3,0,1529.5,36.2,105462,32.7,11.3,11,172.1,0,False,False,False,False,True,False
64.0,4,0,1638.4,25.8,70238,27.7,10.2,8,220.2,0,False,False,False,True,False,False
47.0,2,0,1529.5,36.2,105462,32.7,11.3,8,498.8,0,False,False,False,False,True,False
105.0,5,1,1956.6,18.3,66372,26.5,15.3,4,52.2,1,True,False,False,False,False,False
45.0,2,0,1529.5,36.2,105462,32.7,11.3,5,148.5,1,False,False,False,False,True,False
98.0,5,0,2155.0,15.3,70863,28.8,15.8,9,126.7,0,False,False,False,False,False,True
56.0,3,0,2155.0,15.3,70863,28.8,15.8,9,7.4,0,False,False,False,False,False,True
43.0,2,0,1956.6,18.3,66372,26.5,15.3,12,191.0,0,True,False,False,False,False,False
112.0,5,1,2155.0,15.3,70863,28.8,15.8,8,114.0,0,False,False,False,False,False,True
33.0,2,0,2155.0,15.3,70863,28.8,15.8,7,110.8,0,False,False,False,False,False,True
78.0,4,0,1638.4,25.8,70238,27.7,10.2,4,235.2,0,False,False,False,True,False,False
37.0,2,0,2155.0,15.3,70863,28.8,15.8,5,130.1,0,False,False,False,False,False,True
22.0,1,0,2324.5,16.1,83796,41.1,13.4,4,174.4,0,False,False,True,False,False,False
62.0,3,0,1638.4,25.8,70238,27.7,10.2,10,191.8,0,False,False,False,True,False,False
64.0,3,0,1935.5,19.1,96734,32.2,13.0,9,89.3,0,False,True,False,False,False,False
105.0,5,1,1935.5,19.1,96734,32.2,13.0,2,230.2,0,False,True,False,False,False,False
61.0,3,0,1935.5,19.1,96734,32.2,13.0,8,60.4,0,False,True,False,False,False,False
35.0,1,0,1638.4,25.8,70238,27.7,10.2,7,111.7,1,False,False,False,True,False,False
54.0,1,0,2324.5,16.1,83796,41.1,13.4,1,84.7,0,False,False,True,False,False,False
102.0,4,1,1956.6,18.3,66372,26.5,15.3,10,287.1,0,True,False,False,False,False,False
63.0,3,0,1935.5,19.1,96734,32.2,13.0,3,112.6,0,False,True,False,False,False,False
63.0,3,0,1638.4,25.8,70238,27.7,10.2,7,380.9,1,False,False,False,True,False,False
50.0,3,0,2155.0,15.3,70863,28.8,15.8,7,131.6,0,False,False,False,False,False,True
44.0,2,0,1935.5,19.1,96734,32.2,13.0,3,102.7,0,False,True,False,False,False,False
19.0,1,0,1529.5,36.2,105462,32.7,11.3,5,67.5,0,False,False,False,False,True,False
31.0,1,0,2324.5,16.1,83796,41.1,13.4,2,213.7,0,False,False,True,False,False,False
61.0,3,0,1956.6,18.3,66372,26.5,15.3,2,108.7,0,True,False,False,False,False,False
24.0,1,0,1935.5,19.1,96734,32.2,13.0,2,343.2,1,False,True,False,False,False,False
38.0,1,0,1638.4,25.8,70238,27.7,10.2,7,119.0,0,False,False,False,True,False,False
47.0,3,0,2155.0,15.3,70863,28.8,15.8,5,99.2,0,False,False,False,False,False,True
86.0,5,0,1529.5,36.2,105462,32.7,11.3,3,144.5,0,False,False,False,False,True,False
34.0,2,0,2155.0,15.3,70863,28.8,15.8,2,19.4,0,False,False,False,False,False,True
19.0,1,0,2324.5,16.1,83796,41.1,13.4,3,90.1,0,False,False,True,False,False,False
112.0,4,0,2324.5,16.1,83796,41.1,13.4,12,68.8,0,False,False,True,False,False,False
18.0,1,0,1935.5,19.1,96734,32.2,13.0,11,163.5,0,False,True,False,False,False,False
69.0,3,1,1956.6,18.3,66372,26.5,15.3,9,154.8,0,True,False,False,False,False,False
24.0,1,0,1529.5,36.2,105462,32.7,11.3,5,148.0,0,False,False,False,False,True,False
110.0,5,1,1529.5,36.2,105462,32.7,11.3,4,133.5,0,False,False,False,False,True,False
62.0,3,0,1529.5,36.2,105462,32.7,11.3,11,172.0,0,False,False,False,False,True,False
57.0,3,0,1935.5,19.1,96734,32.2,13.0,6,63.3,0,False,True,False,False,False,False
43.0,2,0,1529.5,36.2,105462,32.7,11.3,1,136.7,0,False,False,False,False,True,False
51.0,3,0,1935.5,19.1,96734,32.2,13.0,10,416.1,0,False,True,False,False,False,False
55.0,3,0,1638.4,25.8,70238,27.7,10.2,8,61.3,0,False,False,False,True,False,False
28.0,1,0,1529.5,36.2,105462,32.7,11.3,9,195.4,0,False,False,False,False,True,False
34.0,1,0,2324.5,16.1,83796,41.1,13.4,1,213.8,1,False,False,True,False,False,False
40.0,2,0,2155.0,15.3,70863,28.8,15.8,2,85.1,0,False,False,False,False,False,True
124.0,4,1,1529.5,36.2,105462,32.7,11.3,12,263.3,0,False,False,False,False,True,False
99.0,3,0,2324.5,16.1,83796,41.1,13.4,7,293.0,0,False,False,True,False,False,False
64.0,3,0,1529.5,36.2,105462,32.7,11.3,5,129.2,0,False,False,False,False,True,False
30.0,1,0,2324.5,16.1,83796,41.1,13.4,8,71.1,0,False,False,True,False,False,False
70.0,4,1,1935.5,19.1,96734,32.2,13.0,9,140.6,0,False,True,False,False,False,False
74.0,4,0,1956.6,18.3,66372,26.5,15.3,8,176.0,0,True,False,False,False,False,False
31.0,2,0,1935.5,19.1,96734,32.2,13.0,2,256.1,0,False,True,False,False,False,False
73.0,3,0,1638.4,25.8,70238,27.7,10.2,8,244.4,0,False,False,False,True,False,False
51.0,3,0,1935.5,19.1,96734,32.2,13.0,12,416.1,0,False,True,False,False,False,False
22.0,1,0,1638.4,25.8,70238,27.7,10.2,7,57.9,0,False,False,False,True,False,False
16.0,1,0,2324.5,16.1,83796,41.1,13.4,6,88.2,0,False,False,True,False,False,False
81.0,5,0,1529.5,36.2,105462,32.7,11.3,11,53.7,0,False,False,False,False,True,False
28.0,1,0,2155.0,15.3,70863,28.8,15.8,2,80.1,0,False,False,False,False,False,True
36.0,1,0,1956.6,18.3,66372,26.5,15.3,6,158.3,0,True,False,False,False,False,False
23.0,1,0,1529.5,36.2,105462,32.7,11.3,8,282.5,0,False,False,False,False,True,False
260.0,6,1,1638.4,25.8,70238,27.7,10.2,11,110.7,0,False,False,False,True,False,False
77.0,5,1,1956.6,18.3,66372,26.5,15.3,7,48.5,0,True,False,False,False,False,False
75.0,4,0,1638.4,25.8,70238,27.7,10.2,1,129.3,0,False,False,False,True,False,False
27.0,2,0,1638.4,25.8,70238,27.7,10.2,12,374.6,1,False,False,False,True,False,False
90.0,5,0,1638.4,25.8,70238,27.7,10.2,8,139.6,0,False,False,False,True,False,False
32.0,1,0,1638.4,25.8,70238,27.7,10.2,2,188.5,0,False,False,False,True,False,False
25.0,1,0,1935.5,19.1,96734,32.2,13.0,1,156.6,0,False,True,False,False,False,False
52.0,3,0,1638.4,25.8,70238,27.7,10.2,10,145.7,0,False,False,False,True,False,False
67.0,3,0,2155.0,15.3,70863,28.8,15.8,3,330.5,0,False,False,False,False,False,True
48.0,2,0,1935.5,19.1,96734,32.2,13.0,12,177.0,0,False,True,False,False,False,False
38.0,2,1,2155.0,15.3,70863,28.8,15.8,10,116.4,0,False,False,False,False,False,True
18.0,1,0,1935.5,19.1,96734,32.2,13.0,6,181.4,0,False,True,False,False,False,False
24.0,1,0,1956.6,18.3,66372,26.5,15.3,5,129.5,0,True,False,False,False,False,False
103.0,5,0,2155.0,15.3,70863,28.8,15.8,11,175.8,0,False,False,False,False,False,True
22.0,1,0,1529.5,36.2,105462,32.7,11.3,3,16.2,0,False,False,False,False,True,False
22.0,1,0,2324.5,16.1,83796,41.1,13.4,12,146.4,0,False,False,True,False,False,False
170.0,6,0,1956.6,18.3,66372,26.5,15.3,12,202.8,0,True,False,False,False,False,False
100.0,3,1,1638.4,25.8,70238,27.7,10.2,10,107.2,0,False,False,False,True,False,False
55.0,3,0,1956.6,18.3,66372,26.5,15.3,7,109.0,1,True,False,False,False,False,False
36.0,3,1,2324.5,16.1,83796,41.1,13.4,4,181.0,0,False,False,True,False,False,False
44.0,2,0,1935.5,19.1,96734,32.2,13.0,4,191.6,0,False,True,False,False,False,False
24.0,1,0,2324.5,16.1,83796,41.1,13.4,12,137.9,0,False,False,True,False,False,False
57.0,3,0,1935.5,19.1,96734,32.2,13.0,1,73.6,0,False,True,False,False,False,False
106.0,4,0,1529.5,36.2,105462,32.7,11.3,6,86.8,0,False,False,False,False,True,False
28.0,1,0,2155.0,15.3,70863,28.8,15.8,2,50.5,0,False,False,False,False,False,True
61.0,4,0,2324.5,16.1,83796,41.1,13.4,4,188.5,1,False,False,True,False,False,False
91.0,3,0,1529.5,36.2,105462,32.7,11.3,6,129.9,0,False,False,False,False,True,False
70.0,3,0,1638.4,25.8,70238,27.7,10.2,6,145.7,0,False,False,False,True,False,False
19.0,1,0,1638.4,25.8,70238,27.7,10.2,4,97.2,0,False,False,False,True,False,False
63.0,3,0,2155.0,15.3,70863,28.8,15.8,4,15.0,0,False,False,False,False,False,True
120.0,7,1,1956.6,18.3,66372,26.5,15.3,10,307.8,0,True,False,False,False,False,False
60.0,3,0,2324.5,16.1,83796,41.1,13.4,10,40.0,0,False,False,True,False,False,False
16.0,1,0,1529.5,36.2,105462,32.7,11.3,4,143.0,0,False,False,False,False,True,False
71.0,3,0,1935.5,19.1,96734,32.2,13.0,11,53.7,0,False,True,False,False,False,False
61.0,3,0,1935.5,19.1,96734,32.2,13.0,5,67.8,0,False,True,False,False,False,False
28.0,1,0,1935.5,19.1,96734,32.2,13.0,12,249.8,0,False,True,False,False,False,False
82.0,3,0,1935.5,19.1,96734,32.2,13.0,12,79.2,0,False,True,False,False,False,False
22.0,1,0,1956.6,18.3,66372,26.5,15.3,11,160.1,0,True,False,False,False,False,False
60.0,2,0,1935.5,19.1,96734,32.2,13.0,7,31.5,0,False,True,False,False,False,False
55.0,3,0,1638.4,25.8,70238,27.7,10.2,6,56.0,0,False,False,False,True,False,False
130.0,5,1,1638.4,25.8,70238,27.7,10.2,8,259.4,0,False,False,False,True,False,False
68.0,3,0,2155.0,15.3,70863,28.8,15.8,12,120.6,0,False,False,False,False,False,True
71.0,3,0,1638.4,25.8,70238,27.7,10.2,1,115.5,0,False,False,False,True,False,False
56.0,3,0,2324.5,16.1,83796,41.1,13.4,12,229.5,0,False,False,True,False,False,False
86.0,5,0,1529.5,36.2,105462,32.7,11.3,3,75.4,0,False,False,False,False,True,False
30.0,1,1,1638.4,25.8,70238,27.7,10.2,11,122.0,0,False,False,False,True,False,False
42.0,3,0,2324.5,16.1,83796,41.1,13.4,11,360.0,0,False,False,True,False,False,False
38.0,2,0,1529.5,36.2,105462,32.7,11.3,2,55.2,0,False,False,False,False,True,False
58.0,3,0,1956.6,18.3,66372,26.5,15.3,3,97.0,0,True,False,False,False,False,False
48.0,3,0,1638.4,25.8,70238,27.7,10.2,9,242.6,0,False,False,False,True,False,False
160.0,7,1,1638.4,25.8,70238,27.7,10.2,9,220.5,0,False,False,False,True,False,False
92.0,4,0,1529.5,36.2,105462,32.7,11.3,2,29.5,0,False,False,False,False,True,False
100.0,4,0,2155.0,15.3,70863,28.8,15.8,3,12.3,0,False,False,False,False,False,True
65.0,3,0,1935.5,19.1,96734,32.2,13.0,12,140.7,0,False,True,False,False,False,False
102.0,4,0,2324.5,16.1,83796,41.1,13.4,11,216.7,0,False,False,True,False,False,False
77.0,4,0,1529.5,36.2,105462,32.7,11.3,9,6.4,0,False,False,False,False,True,False
65.0,4,0,2324.5,16.1,83796,41.1,13.4,6,91.2,0,False,False,True,False,False,False
82.0,3,0,2324.5,16.1,83796,41.1,13.4,7,136.4,0,False,False,True,False,False,False
49.0,2,0,1935.5,19.1,96734,32.2,13.0,3,384.9,0,False,True,False,False,False,False
77.0,3,0,1935.5,19.1,96734,32.2,13.0,10,62.3,0,False,True,False,False,False,False
109.0,3,0,1935.5,19.1,96734,32.2,13.0,2,115.7,0,False,True,False,False,False,False
55.0,3,0,2324.5,16.1,83796,41.1,13.4,1,129.9,0,False,False,True,False,False,False
58.0,2,0,1529.5,36.2,105462,32.7,11.3,6,105.9,0,False,False,False,False,True,False
74.0,3,0,1529.5,36.2,105462,32.7,11.3,12,129.2,0,False,False,False,False,True,False
54.0,2,0,1638.4,25.8,70238,27.7,10.2,9,33.1,0,False,False,False,True,False,False
75.0,2,0,1529.5,36.2,105462,32.7,11.3,11,211.7,0,False,False,False,False,True,False
18.0,1,0,2324.5,16.1,83796,41.1,13.4,10,148.1,0,False,False,True,False,False,False
62.0,3,0,1935.5,19.1,96734,32.2,13.0,9,270.1,0,False,True,False,False,False,False
46.0,2,0,1935.5,19.1,96734,32.2,13.0,9,470.6,0,False,True,False,False,False,False
48.0,2,0,1529.5,36.2,105462,32.7,11.3,2,143.6,0,False,False,False,False,True,False
50.0,2,0,2155.0,15.3,70863,28.8,15.8,4,81.2,0,False,False,False,False,False,True
117.0,4,1,1935.5,19.1,96734,32.2,13.0,12,133.1,0,False,True,False,False,False,False
15.0,1,0,1529.5,36.2,105462,32.7,11.3,2,89.3,0,False,False,False,False,True,False
36.0,1,0,1529.5,36.2,105462,32.7,11.3,10,24.5,1,False,False,False,False,True,False
49.0,2,0,2155.0,15.3,70863,28.8,15.8,10,44.0,0,False,False,False,False,False,True
82.0,4,0,1529.5,36.2,105462,32.7,11.3,6,138.4,0,False,False,False,False,True,False
39.0,2,0,1529.5,36.2,105462,32.7,11.3,12,119.4,0,False,False,False,False,True,False
34.0,2,0,2324.5,16.1,83796,41.1,13.4,7,57.9,0,False,False,True,False,False,False
20.0,1,0,1529.5,36.2,105462,32.7,11.3,7,66.1,0,False,False,False,False,True,False
47.0,2,0,1638.4,25.8,70238,27.7,10.2,10,87.2,0,False,False,False,True,False,False
31.0,1,0,2155.0,15.3,70863,28.8,15.8,12,83.3,0,False,False,False,False,False,True
77.0,5,1,1956.6,18.3,66372,26.5,15.3,7,58.4,0,True,False,False,False,False,False
59.0,2,0,1638.4,25.8,70238,27.7,10.2,12,90.6,0,False,False,False,True,False,False
31.0,2,0,1956.6,18.3,66372,26.5,15.3,4,116.5,0,True,False,False,False,False,False
36.0,1,0,2324.5,16.1,83796,41.1,13.4,12,189.6,0,False,False,True,False,False,False
83.0,3,0,2324.5,16.1,83796,41.1,13.4,7,112.5,0,False,False,True,False,False,False
65.0,4,0,1638.4,25.8,70238,27.7,10.2,10,61.3,0,False,False,False,True,False,False
30.0,1,0,1638.4,25.8,70238,27.7,10.2,4,105.0,0,False,False,False,True,False,False
67.0,3,0,2155.0,15.3,70863,28.8,15.8,12,339.0,0,False,False,False,False,False,True
55.0,2,0,1529.5,36.2,105462,32.7,11.3,12,137.3,0,False,False,False,False,True,False
50.0,2,0,1638.4,25.8,70238,27.7,10.2,11,343.6,0,False,False,False,True,False,False
81.0,4,0,1935.5,19.1,96734,32.2,13.0,4,116.2,0,False,True,False,False,False,False
23.0,1,0,2155.0,15.3,70863,28.8,15.8,5,104.6,0,False,False,False,False,False,True
91.0,4,0,2324.5,16.1,83796,41.1,13.4,10,64.5,0,False,False,True,False,False,False
60.0,3,0,1935.5,19.1,96734,32.2,13.0,6,297.3,0,False,True,False,False,False,False
56.0,3,0,2324.5,16.1,83796,41.1,13.4,12,55.0,0,False,False,True,False,False,False
81.0,4,1,1956.6,18.3,66372,26.5,15.3,6,293.8,0,True,False,False,False,False,False
72.0,3,0,2324.5,16.1,83796,41.1,13.4,9,220.7,0,False,False,True,False,False,False
48.0,3,0,1638.4,25.8,70238,27.7,10.2,3,29.7,0,False,False,False,True,False,False
30.0,2,0,1638.4,25.8,70238,27.7,10.2,6,197.2,0,False,False,False,True,False,False
33.0,2,0,2324.5,16.1,83796,41.1,13.4,12,84.1,0,False,False,True,False,False,False
163.0,8,1,1529.5,36.2,105462,32.7,11.3,10,20.8,0,False,False,False,False,True,False
20.0,1,0,1529.5,36.2,105462,32.7,11.3,2,80.1,0,False,False,False,False,True,False
65.0,3,0,2324.5,16.1,83796,41.1,13.4,6,34.6,0,False,False,True,False,False,False
47.0,2,0,1529.5,36.2,105462,32.7,11.3,3,179.4,0,False,False,False,False,True,False
125.0,3,0,1935.5,19.1,96734,32.2,13.0,2,283.6,0,False,True,False,False,False,False
82.0,3,0,1638.4,25.8,70238,27.7,10.2,6,223.4,0,False,False,False,True,False,False
47.0,3,0,1638.4,25.8,70238,27.7,10.2,1,163.0,0,False,False,False,True,False,False
60.0,3,0,2324.5,16.1,83796,41.1,13.4,4,236.9,0,False,False,True,False,False,False
58.0,2,0,1638.4,25.8,70238,27.7,10.2,1,197.0,0,False,False,False,True,False,False
70.0,4,1,2155.0,15.3,70863,28.8,15.8,5,53.5,0,False,False,False,False,False,True
49.0,2,0,1956.6,18.3,66372,26.5,15.3,10,58.8,0,True,False,False,False,False,False
48.0,2,0,1638.4,25.8,70238,27.7,10.2,10,80.4,0,False,False,False,True,False,False
45.0,2,1,1956.6,18.3,66372,26.5,15.3,5,132.6,0,True,False,False,False,False,False
68.0,4,0,2155.0,15.3,70863,28.8,15.8,4,115.7,0,False,False,False,False,False,True
64.0,3,0,1935.5,19.1,96734,32.2,13.0,9,120.8,0,False,True,False,False,False,False
115.0,5,1,1529.5,36.2,105462,32.7,11.3,8,67.3,0,False,False,False,False,True,False
37.0,1,0,2155.0,15.3,70863,28.8,15.8,8,229.9,0,False,False,False,False,False,True
48.0,2,0,2324.5,16.1,83796,41.1,13.4,7,34.5,0,False,False,True,False,False,False
43.0,2,0,2155.0,15.3,70863,28.8,15.8,9,157.1,0,False,False,False,False,False,True
81.0,4,0,1956.6,18.3,66372,26.5,15.3,10,21.3,0,True,False,False,False,False,False
72.0,4,0,2324.5,16.1,83796,41.1,13.4,6,14.1,0,False,False,True,False,False,False
18.0,1,0,1529.5,36.2,105462,32.7,11.3,6,115.2,0,False,False,False,False,True,False
110.0,5,1,1638.4,25.8,70238,27.7,10.2,3,150.1,0,False,False,False,True,False,False
77.0,4,0,1956.6,18.3,66372,26.5,15.3,1,128.8,0,True,False,False,False,False,False
23.0,2,0,1638.4,25.8,70238,27.7,10.2,4,159.5,0,False,False,False,True,False,False
33.0,2,0,2324.5,16.1,83796,41.1,13.4,10,96.6,0,False,False,True,False,False,False
130.0,4,0,1638.4,25.8,70238,27.7,10.2,1,167.1,0,False,False,False,True,False,False
68.0,4,0,2324.5,16.1,83796,41.1,13.4,6,129.8,0,False,False,True,False,False,False
21.0,1,0,1956.6,18.3,66372,26.5,15.3,2,137.9,0,True,False,False,False,False,False
35.0,1,0,2324.5,16.1,83796,41.1,13.4,7,156.5,0,False,False,True,False,False,False
19.0,1,0,1529.5,36.2,105462,32.7,11.3,9,66.5,0,False,False,False,False,True,False
32.0,2,0,2155.0,15.3,70863,28.8,15.8,12,28.8,0,False,False,False,False,False,True
49.0,2,0,2155.0,15.3,70863,28.8,15.8,2,68.3,0,False,False,False,False,False,True
53.0,2,0,1638.4,25.8,70238,27.7,10.2,9,13.2,0,False,False,False,True,False,False
49.0,3,0,1638.4,25.8,70238,27.7,10.2,10,223.8,0,False,False,False,True,False,False
59.0,3,0,2155.0,15.3,70863,28.8,15.8,7,56.1,0,False,False,False,False,False,True
68.0,4,0,1935.5,19.1,96734,32.2,13.0,3,137.2,0,False,True,False,False,False,False
95.0,4,1,2155.0,15.3,70863,28.8,15.8,2,50.7,0,False,False,False,False,False,True
60.0,3,0,1956.6,18.3,66372,26.5,15.3,10,519.7,0,True,False,False,False,False,False
92.0,4,1,1935.5,19.1,96734,32.2,13.0,1,365.8,0,False,True,False,False,False,False
82.0,4,1,1956.6,18.3,66372,26.5,15.3,4,63.9,0,True,False,False,False,False,False
45.0,2,0,1956.6,18.3,66372,26.5,15.3,6,166.4,0,True,False,False,False,False,False
49.0,2,0,1935.5,19.1,96734,32.2,13.0,12,77.7,0,False,True,False,False,False,False
23.0,1,0,1638.4,25.8,70238,27.7,10.2,12,46.0,0,False,False,False,True,False,False
92.0,4,0,1529.5,36.2,105462,32.7,11.3,2,15.8,0,False,False,False,False,True,False
68.0,4,0,2155.0,15.3,70863,28.8,15.8,3,115.7,0,False,False,False,False,False,True
66.0,3,0,1956.6,18.3,66372,26.5,15.3,7,239.1,0,True,False,False,False,False,False
26.0,1,0,1956.6,18.3,66372,26.5,15.3,9,93.1,0,True,False,False,False,False,False
92.0,4,1,1956.6,18.3,66372,26.5,15.3,3,382.7,0,True,False,False,False,False,False
102.0,4,0,1638.4,25.8,70238,27.7,10.2,9,348.2,0,False,False,False,True,False,False
85.0,4,1,1638.4,25.8,70238,27.7,10.2,3,64.0,0,False,False,False,True,False,False
26.0,2,0,1529.5,36.2,105462,32.7,11.3,3,97.2,0,False,False,False,False,True,False
78.0,3,0,1529.5,36.2,105462,32.7,11.3,7,235.9,0,False,False,False,False,True,False
18.0,1,0,1956.6,18.3,66372,26.5,15.3,1,47.2,1,True,False,False,False,False,False
72.0,3,1,1935.5,19.1,96734,32.2,13.0,6,116.0,0,False,True,False,False,False,False
18.0,1,0,1529.5,36.2,105462,32.7,11.3,2,212.3,0,False,False,False,False,True,False
25.0,1,0,1935.5,19.1,96734,32.2,13.0,6,121.5,1,False,True,False,False,False,False
76.0,4,0,1529.5,36.2,105462,32.7,11.3,12,138.6,0,False,False,False,False,True,False
28.0,1,0,1529.5,36.2,105462,32.7,11.3,11,27.4,0,False,False,False,False,True,False
55.0,2,0,1638.4,25.8,70238,27.7,10.2,3,61.2,0,False,False,False,True,False,False
32.0,2,0,1529.5,36.2,105462,32.7,11.3,9,135.3,0,False,False,False,False,True,False
41.0,2,0,1935.5,19.1,96734,32.2,13.0,9,286.0,0,False,True,False,False,False,False
77.0,4,0,1529.5,36.2,105462,32.7,11.3,1,171.8,0,False,False,False,False,True,False
75.0,3,1,1935.5,19.1,96734,32.2,13.0,12,210.3,0,False,True,False,False,False,False
52.0,1,0,1529.5,36.2,105462,32.7,11.3,9,216.2,0,False,False,False,False,True,False
26.0,1,0,2324.5,16.1,83796,41.1,13.4,9,213.7,0,False,False,True,False,False,False
17.0,2,0,1529.5,36.2,105462,32.7,11.3,6,104.8,0,False,False,False,False,True,False
73.0,4,0,2324.5,16.1,83796,41.1,13.4,6,31.7,0,False,False,True,False,False,False
65.0,2,0,1529.5,36.2,105462,32.7,11.3,11,85.4,0,False,False,False,False,True,False
69.0,3,0,2324.5,16.1,83796,41.1,13.4,5,67.6,0,False,False,True,False,False,False
63.0,3,0,1638.4,25.8,70238,27.7,10.2,10,123.5,0,False,False,False,True,False,False
42.0,3,0,1529.5,36.2,105462,32.7,11.3,9,166.6,0,False,False,False,False,True,False
25.0,1,0,2324.5,16.1,83796,41.1,13.4,12,201.0,0,False,False,True,False,False,False
30.0,1,0,2155.0,15.3,70863,28.8,15.8,4,46.3,0,False,False,False,False,False,True
45.0,2,0,1935.5,19.1,96734,32.2,13.0,7,48.0,0,False,True,False,False,False,False
40.0,2,0,1935.5,19.1,96734,32.2,13.0,3,198.5,0,False,True,False,False,False,False
95.0,5,1,1638.4,25.8,70238,27.7,10.2,7,62.5,0,False,False,False,True,False,False
41.0,2,0,1935.5,19.1,96734,32.2,13.0,4,273.8,0,False,True,False,False,False,False
132.0,5,0,2324.5,16.1,83796,41.1,13.4,10,43.8,0,False,False,True,False,False,False
49.0,2,0,1529.5,36.2,105462,32.7,11.3,8,120.1,0,False,False,False,False,True,False
53.0,3,0,1638.4,25.8,70238,27.7,10.2,4,203.9,0,False,False,False,True,False,False
27.0,1,0,1529.5,36.2,105462,32.7,11.3,8,115.8,0,False,False,False,False,True,False
56.0,3,0,1638.4,25.8,70238,27.7,10.2,12,121.1,0,False,False,False,True,False,False
65.0,3,0,2155.0,15.3,70863,28.8,15.8,11,61.1,0,False,False,False,False,False,True
49.0,2,0,2155.0,15.3,70863,28.8,15.8,9,110.8,0,False,False,False,False,False,True
87.0,3,0,2155.0,15.3,70863,28.8,15.8,7,177.8,0,False,False,False,False,False,True
68.0,4,0,1638.4,25.8,70238,27.7,10.2,3,159.1,0,False,False,False,True,False,False
88.0,4,0,1638.4,25.8,70238,27.7,10.2,10,262.5,0,False,False,False,True,False,False
24.0,1,0,2324.5,16.1,83796,41.1,13.4,8,180.7,1,False,False,True,False,False,False
100.0,5,1,1935.5,19.1,96734,32.2,13.0,10,161.0,0,False,True,False,False,False,False
231.0,8,1,2324.5,16.1,83796,41.1,13.4,3,129.2,1,False,False,True,False,False,False
54.0,2,0,1529.5,36.2,105462,32.7,11.3,7,105.6,0,False,False,False,False,True,False
50.0,3,1,2155.0,15.3,70863,28.8,15.8,12,27.0,0,False,False,False,False,False,True
75.0,4,0,1638.4,25.8,70238,27.7,10.2,1,136.7,0,False,False,False,True,False,False
119.0,5,0,1529.5,36.2,105462,32.7,11.3,7,260.7,0,False,False,False,False,True,False
78.0,5,0,1935.5,19.1,96734,32.2,13.0,2,151.3,0,False,True,False,False,False,False
41.0,2,0,1529.5,36.2,105462,32.7,11.3,10,210.7,0,False,False,False,False,True,False
43.0,2,0,2324.5,16.1,83796,41.1,13.4,7,115.7,0,False,False,True,False,False,False
57.0,3,0,1638.4,25.8,70238,27.7,10.2,6,246.7,0,False,False,False,True,False,False
23.0,1,0,2324.5,16.1,83796,41.1,13.4,2,83.5,0,False,False,True,False,False,False
15.0,1,0,2324.5,16.1,83796,41.1,13.4,4,102.8,0,False,False,True,False,False,False
21.0,1,0,1529.5,36.2,105462,32.7,11.3,8,130.5,0,False,False,False,False,True,False
75.0,3,0,1529.5,36.2,105462,32.7,11.3,12,202.7,0,False,False,False,False,True,False
45.0,2,0,2324.5,16.1,83796,41.1,13.4,7,73.5,0,False,False,True,False,False,False
16.0,1,0,2324.5,16.1,83796,41.1,13.4,6,47.0,0,False,False,True,False,False,False
66.0,3,1,1529.5,36.2,105462,32.7,11.3,8,116.1,0,False,False,False,False,True,False
59.0,2,0,2324.5,16.1,83796,41.1,13.4,2,38.8,0,False,False,True,False,False,False
62.0,3,0,1935.5,19.1,96734,32.2,13.0,7,208.9,0,False,True,False,False,False,False
54.0,2,0,1935.5,19.1,96734,32.2,13.0,12,110.7,0,False,True,False,False,False,False
100.0,5,0,2155.0,15.3,70863,28.8,15.8,10,130.8,0,False,False,False,False,False,True
16.0,1,0,1529.5,36.2,105462,32.7,11.3,6,18.1,0,False,False,False,False,True,False
62.0,3,0,1935.5,19.1,96734,32.2,13.0,4,175.3,0,False,True,False,False,False,False
94.0,4,1,1935.5,19.1,96734,32.2,13.0,8,248.2,0,False,True,False,False,False,False
124.0,5,0,2324.5,16.1,83796,41.1,13.4,7,189.6,0,False,False,True,False,False,False
89.0,4,0,2155.0,15.3,70863,28.8,15.8,11,227.9,0,False,False,False,False,False,True
41.0,2,0,1638.4,25.8,70238,27.7,10.2,6,254.2,0,False,False,False,True,False,False
69.0,3,0,1935.5,19.1,96734,32.2,13.0,1,248.0,0,False,True,False,False,False,False
62.0,3,0,2155.0,15.3,70863,28.8,15.8,11,67.4,0,False,False,False,False,False,True
97.0,5,1,1935.5,19.1,96734,32.2,13.0,4,81.3,0,False,True,False,False,False,False
63.0,3,0,1935.5,19.1,96734,32.2,13.0,7,194.0,0,False,True,False,False,False,False
84.0,4,0,1935.5,19.1,96734,32.2,13.0,4,164.5,0,False,True,False,False,False,False
23.0,1,0,1529.5,36.2,105462,32.7,11.3,8,75.1,0,False,False,False,False,True,False
102.0,4,0,2324.5,16.1,83796,41.1,13.4,2,38.8,0,False,False,True,False,False,False
67.0,3,0,1529.5,36.2,105462,32.7,11.3,1,177.6,0,False,False,False,False,True,False
100.0,4,1,1638.4,25.8,70238,27.7,10.2,1,356.5,0,False,False,False,True,False,False
60.0,3,1,1638.4,25.8,70238,27.7,10.2,1,419.2,0,False,False,False,True,False,False
56.0,2,0,1638.4,25.8,70238,27.7,10.2,5,160.0,0,False,False,False,True,False,False
28.0,1,0,1935.5,19.1,96734,32.2,13.0,12,53.3,0,False,True,False,False,False,False
66.0,3,0,1935.5,19.1,96734,32.2,13.0,10,161.9,0,False,True,False,False,False,False
31.0,2,0,1956.6,18.3,66372,26.5,15.3,3,131.4,0,True,False,False,False,False,False
38.0,2,0,1638.4,25.8,70238,27.7,10.2,8,220.2,0,False,False,False,True,False,False
100.0,4,0,1935.5,19.1,96734,32.2,13.0,8,139.4,0,False,True,False,False,False,False
87.0,4,1,1956.6,18.3,66372,26.5,15.3,8,131.8,0,True,False,False,False,False,False
38.0,2,0,1935.5,19.1,96734,32.2,13.0,10,84.0,0,False,True,False,False,False,False
96.0,2,0,2324.5,16.1,83796,41.1,13.4,8,64.9,0,False,False,True,False,False,False
48.0,3,0,1529.5,36.2,105462,32.7,11.3,1,90.0,0,False,False,False,False,True,False
22.0,1,0,1529.5,36.2,105462,32.7,11.3,12,144.9,0,False,False,False,False,True,False
30.0,1,0,1529.5,36.2,105462,32.7,11.3,9,148.0,0,False,False,False,False,True,False
116.0,5,1,2155.0,15.3,70863,28.8,15.8,3,150.7,0,False,False,False,False,False,True
56.0,3,0,2324.5,16.1,83796,41.1,13.4,3,63.4,0,False,False,True,False,False,False
82.0,3,0,1638.4,25.8,70238,27.7,10.2,10,80.9,0,False,False,False,True,False,False
46.0,2,0,1935.5,19.1,96734,32.2,13.0,10,280.5,0,False,True,False,False,False,False
43.0,2,0,1935.5,19.1,96734,32.2,13.0,3,121.4,0,False,True,False,False,False,False
22.0,1,0,1529.5,36.2,105462,32.7,11.3,8,214.4,0,False,False,False,False,True,False
62.0,3,0,2324.5,16.1,83796,41.1,13.4,5,113.0,0,False,False,True,False,False,False
50.0,2,0,1956.6,18.3,66372,26.5,15.3,3,326.1,1,True,False,False,False,False,False
100.0,4,1,2324.5,16.1,83796,41.1,13.4,1,190.7,0,False,False,True,False,False,False
43.0,2,0,1935.5,19.1,96734,32.2,13.0,7,133.1,0,False,True,False,False,False,False
90.0,4,0,1956.6,18.3,66372,26.5,15.3,10,123.3,0,True,False,False,False,False,False
128.0,5,0,1638.4,25.8,70238,27.7,10.2,6,298.1,0,False,False,False,True,False,False
71.0,4,0,1935.5,19.1,96734,32.2,13.0,10,18.0,0,False,True,False,False,False,False
78.0,4,0,1935.5,19.1,96734,32.2,13.0,9,149.4,0,False,True,False,False,False,False
64.0,4,1,1638.4,25.8,70238,27.7,10.2,6,180.7,0,False,False,False,True,False,False
97.0,4,1,1638.4,25.8,70238,27.7,10.2,8,240.4,0,False,False,False,True,False,False
34.0,2,0,2324.5,16.1,83796,41.1,13.4,12,100.6,0,False,False,True,False,False,False
83.0,3,0,2324.5,16.1,83796,41.1,13.4,10,78.3,0,False,False,True,False,False,False
47.0,2,0,1935.5,19.1,96734,32.2,13.0,10,127.7,0,False,True,False,False,False,False
85.0,4,0,1529.5,36.2,105462,32.7,11.3,8,74.1,0,False,False,False,False,True,False
66.0,3,0,1529.5,36.2,105462,32.7,11.3,2,91.4,0,False,False,False,False,True,False
36.0,2,0,1935.5,19.1,96734,32.2,13.0,6,203.0,0,False,True,False,False,False,False
73.0,4,0,1638.4,25.8,70238,27.7,10.2,12,150.9,0,False,False,False,True,False,False
60.0,3,0,1935.5,19.1,96734,32.2,13.0,5,71.5,0,False,True,False,False,False,False
185.0,5,0,2324.5,16.1,83796,41.1,13.4,7,255.4,0,False,False,True,False,False,False
67.0,3,0,1638.4,25.8,70238,27.7,10.2,1,123.6,0,False,False,False,True,False,False
19.0,1,0,1638.4,25.8,70238,27.7,10.2,11,259.3,0,False,False,False,True,False,False
100.0,4,0,1638.4,25.8,70238,27.7,10.2,9,348.2,0,False,False,False,True,False,False
50.0,3,0,1935.5,19.1,96734,32.2,13.0,6,103.3,0,False,True,False,False,False,False
83.0,4,1,1956.6,18.3,66372,26.5,15.3,7,258.3,0,True,False,False,False,False,False
47.0,2,0,1638.4,25.8,70238,27.7,10.2,10,344.2,0,False,False,False,True,False,False
85.0,3,1,1638.4,25.8,70238,27.7,10.2,4,237.5,0,False,False,False,True,False,False
56.0,2,0,2155.0,15.3,70863,28.8,15.8,9,246.1,0,False,False,False,False,False,True
16.0,2,1,1935.5,19.1,96734,32.2,13.0,5,148.5,0,False,True,False,False,False,False
49.0,3,0,1638.4,25.8,70238,27.7,10.2,9,151.9,0,False,False,False,True,False,False
97.0,4,1,1935.5,19.1,96734,32.2,13.0,9,112.2,0,False,True,False,False,False,False
18.0,1,0,1529.5,36.2,105462,32.7,11.3,4,122.1,0,False,False,False,False,True,False
44.0,2,0,2155.0,15.3,70863,28.8,15.8,9,139.9,0,False,False,False,False,False,True
64.0,4,0,1638.4,25.8,70238,27.7,10.2,10,226.9,0,False,False,False,True,False,False
52.0,3,0,2155.0,15.3,70863,28.8,15.8,1,114.0,0,False,False,False,False,False,True
68.0,3,0,1935.5,19.1,96734,32.2,13.0,5,213.4,0,False,True,False,False,False,False
37.0,2,0,1529.5,36.2,105462,32.7,11.3,10,233.5,0,False,False,False,False,True,False
56.0,2,0,1638.4,25.8,70238,27.7,10.2,3,111.8,0,False,False,False,True,False,False
50.0,3,0,1935.5,19.1,96734,32.2,13.0,7,219.5,0,False,True,False,False,False,False
31.0,1,0,1529.5,36.2,105462,32.7,11.3,3,149.4,0,False,False,False,False,True,False
67.0,3,0,2155.0,15.3,70863,28.8,15.8,7,83.0,0,False,False,False,False,False,True
48.0,2,0,1529.5,36.2,105462,32.7,11.3,5,121.0,0,False,False,False,False,True,False
62.0,3,0,1529.5,36.2,105462,32.7,11.3,1,153.9,0,False,False,False,False,True,False
130.0,5,1,1935.5,19.1,96734,32.2,13.0,1,118.1,0,False,True,False,False,False,False
70.0,3,0,1638.4,25.8,70238,27.7,10.2,2,71.2,0,False,False,False,True,False,False
37.0,2,0,1638.4,25.8,70238,27.7,10.2,9,105.5,0,False,False,False,True,False,False
74.0,4,1,2155.0,15.3,70863,28.8,15.8,12,141.7,0,False,False,False,False,False,True
86.0,4,0,1935.5,19.1,96734,32.2,13.0,11,85.1,0,False,True,False,False,False,False
90.0,3,0,2324.5,16.1,83796,41.1,13.4,3,109.1,0,False,False,True,False,False,False
180.0,5,1,2324.5,16.1,83796,41.1,13.4,3,122.9,0,False,False,True,False,False,False
61.0,3,0,1935.5,19.1,96734,32.2,13.0,6,110.7,0,False,True,False,False,False,False
58.0,3,0,1956.6,18.3,66372,26.5,15.3,5,180.5,0,True,False,False,False,False,False
101.0,5,0,2324.5,16.1,83796,41.1,13.4,4,147.1,1,False,False,True,False,False,False
29.0,1,0,1956.6,18.3,66372,26.5,15.3,7,28.6,0,True,False,False,False,False,False
40.0,3,0,1638.4,25.8,70238,27.7,10.2,11,197.2,0,False,False,False,True,False,False
71.0,4,0,1638.4,25.8,70238,27.7,10.2,9,50.3,0,False,False,False,True,False,False
19.0,1,0,2324.5,16.1,83796,41.1,13.4,2,124.9,0,False,False,True,False,False,False
64.0,3,0,2155.0,15.3,70863,28.8,15.8,2,119.9,0,False,False,False,False,False,True
82.0,4,0,1529.5,36.2,105462,32.7,11.3,7,128.4,0,False,False,False,False,True,False
70.0,3,0,1935.5,19.1,96734,32.2,13.0,9,334.8,0,False,True,False,False,False,False
66.0,3,0,1638.4,25.8,70238,27.7,10.2,10,311.5,0,False,False,False,True,False,False
18.0,1,0,2324.5,16.1,83796,41.1,13.4,1,110.0,0,False,False,True,False,False,False
73.0,3,0,1638.4,25.8,70238,27.7,10.2,3,134.8,0,False,False,False,True,False,False
34.0,2,0,1935.5,19.1,96734,32.2,13.0,11,219.3,0,False,True,False,False,False,False
46.0,2,0,1529.5,36.2,105462,32.7,11.3,2,165.9,0,False,False,False,False,True,False
60.0,3,0,2324.5,16.1,83796,41.1,13.4,1,294.2,0,False,False,True,False,False,False
70.0,4,1,1935.5,19.1,96734,32.2,13.0,2,252.5,0,False,True,False,False,False,False
59.0,3,0,1638.4,25.8,70238,27.7,10.2,6,242.1,0,False,False,False,True,False,False
59.0,3,0,1935.5,19.1,96734,32.2,13.0,8,142.1,0,False,True,False,False,False,False
123.0,5,0,2324.5,16.1,83796,41.1,13.4,12,98.8,0,False,False,True,False,False,False
80.0,4,1,1638.4,25.8,70238,27.7,10.2,7,116.2,0,False,False,False,True,False,False
100.0,4,1,1956.6,18.3,66372,26.5,15.3,9,101.6,0,True,False,False,False,False,False
40.0,2,0,2324.5,16.1,83796,41.1,13.4,3,126.8,0,False,False,True,False,False,False
39.0,2,0,1956.6,18.3,66372,26.5,15.3,7,379.2,0,True,False,False,False,False,False
64.0,3,0,1638.4,25.8,70238,27.7,10.2,12,64.0,0,False,False,False,True,False,False
66.0,3,0,2324.5,16.1,83796,41.1,13.4,12,67.7,0,False,False,True,False,False,False
31.0,2,0,1935.5,19.1,96734,32.2,13.0,1,167.2,0,False,True,False,False,False,False
61.0,3,0,1935.5,19.1,96734,32.2,13.0,2,78.4,0,False,True,False,False,False,False
45.0,3,0,1638.4,25.8,70238,27.7,10.2,7,50.1,0,False,False,False,True,False,False
66.0,3,0,1935.5,19.1,96734,32.2,13.0,1,5.8,0,False,True,False,False,False,False
70.0,3,0,1638.4,25.8,70238,27.7,10.2,11,280.4,0,False,False,False,True,False,False
170.0,6,1,1638.4,25.8,70238,27.7,10.2,7,382.9,0,False,False,False,True,False,False
56.0,3,0,2324.5,16.1,83796,41.1,13.4,8,113.7,0,False,False,True,False,False,False
19.0,1,0,2155.0,15.3,70863,28.8,15.8,11,32.5,0,False,False,False,False,False,True
62.0,3,0,1529.5,36.2,105462,32.7,11.3,7,209.8,0,False,False,False,False,True,False
32.0,2,0,1956.6,18.3,66372,26.5,15.3,7,131.9,0,True,False,False,False,False,False
62.0,3,0,1638.4,25.8,70238,27.7,10.2,11,71.2,0,False,False,False,True,False,False
64.0,3,0,2155.0,15.3,70863,28.8,15.8,1,119.9,0,False,False,False,False,False,True
22.0,1,0,1529.5,36.2,105462,32.7,11.3,10,108.8,0,False,False,False,False,True,False
118.0,4,1,1529.5,36.2,105462,32.7,11.3,5,115.2,0,False,False,False,False,True,False
46.0,2,0,1638.4,25.8,70238,27.7,10.2,5,212.1,0,False,False,False,True,False,False
82.0,4,0,1935.5,19.1,96734,32.2,13.0,3,91.4,0,False,True,False,False,False,False
40.0,2,0,1638.4,25.8,70238,27.7,10.2,10,218.1,0,False,False,False,True,False,False
61.0,3,0,2155.0,15.3,70863,28.8,15.8,11,134.5,0,False,False,False,False,False,True
56.0,3,0,1935.5,19.1,96734,32.2,13.0,4,116.4,0,False,True,False,False,False,False
43.0,2,0,2324.5,16.1,83796,41.1,13.4,7,163.2,0,False,False,True,False,False,False
40.0,3,0,1529.5,36.2,105462,32.7,11.3,6,160.8,0,False,False,False,False,True,False
25.0,1,0,2324.5,16.1,83796,41.1,13.4,8,197.6,0,False,False,True,False,False,False
55.0,3,0,2324.5,16.1,83796,41.1,13.4,11,74.8,0,False,False,True,False,False,False
110.0,5,0,2155.0,15.3,70863,28.8,15.8,6,63.7,0,False,False,False,False,False,True
78.0,3,1,1638.4,25.8,70238,27.7,10.2,8,41.0,0,False,False,False,True,False,False
87.0,4,0,1529.5,36.2,105462,32.7,11.3,5,114.6,0,False,False,False,False,True,False
67.0,4,0,1638.4,25.8,70238,27.7,10.2,4,271.7,0,False,False,False,True,False,False
40.0,2,0,1935.5,19.1,96734,32.2,13.0,9,89.5,0,False,True,False,False,False,False
67.0,3,0,2324.5,16.1,83796,41.1,13.4,8,216.5,0,False,False,True,False,False,False
61.0,3,0,1935.5,19.1,96734,32.2,13.0,7,143.3,0,False,True,False,False,False,False
32.0,1,0,1529.5,36.2,105462,32.7,11.3,6,41.1,0,False,False,False,False,True,False
76.0,4,0,2324.5,16.1,83796,41.1,13.4,8,210.0,0,False,False,True,False,False,False
41.0,1,0,2155.0,15.3,70863,28.8,15.8,5,96.7,0,False,False,False,False,False,True
62.0,3,0,1935.5,19.1,96734,32.2,13.0,12,92.8,0,False,True,False,False,False,False
73.0,3,0,1935.5,19.1,96734,32.2,13.0,12,90.0,0,False,True,False,False,False,False
39.0,1,0,1529.5,36.2,105462,32.7,11.3,11,184.8,1,False,False,False,False,True,False
63.0,3,0,1529.5,36.2,105462,32.7,11.3,11,144.5,0,False,False,False,False,True,False
98.0,4,0,1935.5,19.1,96734,32.2,13.0,1,71.7,0,False,True,False,False,False,False
49.0,2,0,1935.5,19.1,96734,32.2,13.0,4,156.0,0,False,True,False,False,False,False
75.0,4,0,2324.5,16.1,83796,41.1,13.4,8,93.4,0,False,False,True,False,False,False
32.0,2,0,1638.4,25.8,70238,27.7,10.2,2,111.1,0,False,False,False,True,False,False
32.0,1,0,1956.6,18.3,66372,26.5,15.3,6,136.8,0,True,False,False,False,False,False
57.0,3,0,2155.0,15.3,70863,28.8,15.8,9,102.5,0,False,False,False,False,False,True
62.0,3,1,1935.5,19.1,96734,32.2,13.0,3,319.0,0,False,True,False,False,False,False
40.0,2,0,1935.5,19.1,96734,32.2,13.0,8,18.7,0,False,True,False,False,False,False
24.0,1,0,2324.5,16.1,83796,41.1,13.4,4,96.7,0,False,False,True,False,False,False
60.0,3,0,1638.4,25.8,70238,27.7,10.2,1,153.0,0,False,False,False,True,False,False
63.0,3,0,1935.5,19.1,96734,32.2,13.0,6,181.8,0,False,True,False,False,False,False
60.0,2,0,1638.4,25.8,70238,27.7,10.2,1,206.3,0,False,False,False,True,False,False
100.0,4,0,2324.5,16.1,83796,41.1,13.4,3,29.9,0,False,False,True,False,False,False
56.0,3,0,2324.5,16.1,83796,41.1,13.4,8,130.6,0,False,False,True,False,False,False
24.0,1,0,1956.6,18.3,66372,26.5,15.3,11,60.9,0,True,False,False,False,False,False
36.0,2,0,2155.0,15.3,70863,28.8,15.8,5,187.3,0,False,False,False,False,False,True
58.0,3,0,1638.4,25.8,70238,27.7,10.2,1,79.2,0,False,False,False,True,False,False
60.0,3,1,1638.4,25.8,70238,27.7,10.2,10,35.5,0,False,False,False,True,False,False
40.0,2,0,2324.5,16.1,83796,41.1,13.4,2,213.0,0,False,False,True,False,False,False
35.0,2,0,1935.5,19.1,96734,32.2,13.0,2,55.0,0,False,True,False,False,False,False
66.0,3,0,1935.5,19.1,96734,32.2,13.0,10,161.9,0,False,True,False,False,False,False
64.0,3,0,1638.4,25.8,70238,27.7,10.2,5,71.2,0,False,False,False,True,False,False
57.0,3,0,2155.0,15.3,70863,28.8,15.8,10,62.6,0,False,False,False,False,False,True
68.0,3,0,1956.6,18.3,66372,26.5,15.3,2,107.1,0,True,False,False,False,False,False
70.0,3,0,1638.4,25.8,70238,27.7,10.2,10,71.2,0,False,False,False,True,False,False
71.0,4,0,1529.5,36.2,105462,32.7,11.3,10,189.1,0,False,False,False,False,True,False
69.0,2,0,2324.5,16.1,83796,41.1,13.4,5,51.1,0,False,False,True,False,False,False
60.0,3,0,1529.5,36.2,105462,32.7,11.3,8,72.5,0,False,False,False,False,True,False
77.0,3,0,2324.5,16.1,83796,41.1,13.4,1,78.3,0,False,False,True,False,False,False
52.0,2,0,1935.5,19.1,96734,32.2,13.0,1,40.8,0,False,True,False,False,False,False
100.0,4,0,2155.0,15.3,70863,28.8,15.8,1,110.6,0,False,False,False,False,False,True
26.0,1,0,1529.5,36.2,105462,32.7,11.3,6,179.3,0,False,False,False,False,True,False
69.0,3,0,1638.4,25.8,70238,27.7,10.2,6,160.0,0,False,False,False,True,False,False
62.0,3,0,1956.6,18.3,66372,26.5,15.3,10,155.5,0,True,False,False,False,False,False
20.0,1,0,1638.4,25.8,70238,27.7,10.2,5,143.3,0,False,False,False,True,False,False
96.0,4,0,1638.4,25.8,70238,27.7,10.2,7,33.7,0,False,False,False,True,False,False
52.0,3,0,2155.0,15.3,70863,28.8,15.8,7,118.4,0,False,False,False,False,False,True
30.0,1,0,2155.0,15.3,70863,28.8,15.8,12,123.1,0,False,False,False,False,False,True
48.0,2,0,2155.0,15.3,70863,28.8,15.8,7,64.4,0,False,False,False,False,False,True
65.0,3,0,1529.5,36.2,105462,32.7,11.3,6,116.1,0,False,False,False,False,True,False
46.0,2,0,1935.5,19.1,96734,32.2,13.0,12,71.5,0,False,True,False,False,False,False
23.0,2,0,2324.5,16.1,83796,41.1,13.4,7,210.1,0,False,False,True,False,False,False
38.0,2,0,2155.0,15.3,70863,28.8,15.8,11,98.8,0,False,False,False,False,False,True
77.0,4,0,1638.4,25.8,70238,27.7,10.2,11,9.8,0,False,False,False,True,False,False
100.0,4,0,1638.4,25.8,70238,27.7,10.2,10,297.0,0,False,False,False,True,False,False
21.0,2,0,1638.4,25.8,70238,27.7,10.2,11,105.0,0,False,False,False,True,False,False
24.0,1,0,2155.0,15.3,70863,28.8,15.8,2,10.1,0,False,False,False,False,False,True
80.0,3,0,1529.5,36.2,105462,32.7,11.3,10,97.7,0,False,False,False,False,True,False
37.0,1,0,2324.5,16.1,83796,41.1,13.4,11,225.0,0,False,False,True,False,False,False
62.0,3,0,1529.5,36.2,105462,32.7,11.3,9,224.5,0,False,False,False,False,True,False
53.0,3,0,2324.5,16.1,83796,41.1,13.4,2,58.4,0,False,False,True,False,False,False
63.0,3,0,1638.4,25.8,70238,27.7,10.2,10,326.2,0,False,False,False,True,False,False
120.0,5,1,2155.0,15.3,70863,28.8,15.8,7,93.4,0,False,False,False,False,False,True
20.0,1,0,2324.5,16.1,83796,41.1,13.4,12,209.7,0,False,False,True,False,False,False
54.0,2,0,1638.4,25.8,70238,27.7,10.2,3,61.6,0,False,False,False,True,False,False
14.0,1,0,2324.5,16.1,83796,41.1,13.4,9,43.5,0,False,False,True,False,False,False
15.0,1,0,2324.5,16.1,83796,41.1,13.4,11,50.9,0,False,False,True,False,False,False
185.0,5,0,1529.5,36.2,105462,32.7,11.3,6,42.4,0,False,False,False,False,True,False
116.0,5,1,1529.5,36.2,105462,32.7,11.3,3,46.1,0,False,False,False,False,True,False
34.0,1,0,1529.5,36.2,105462,32.7,11.3,7,116.3,0,False,False,False,False,True,False
77.0,3,0,2324.5,16.1,83796,41.1,13.4,6,91.9,0,False,False,True,False,False,False
30.0,1,0,1529.5,36.2,105462,32.7,11.3,8,19.6,0,False,False,False,False,True,False
65.0,3,0,1956.6,18.3,66372,26.5,15.3,9,41.3,0,True,False,False,False,False,False
160.0,6,1,1638.4,25.8,70238,27.7,10.2,4,98.4,0,False,False,False,True,False,False
143.0,5,0,2155.0,15.3,70863,28.8,15.8,10,97.8,0,False,False,False,False,False,True
31.0,1,0,2324.5,16.1,83796,41.1,13.4,2,184.8,0,False,False,True,False,False,False
61.0,3,0,1935.5,19.1,96734,32.2,13.0,8,124.3,0,False,True,False,False,False,False
104.0,3,0,2155.0,15.3,70863,28.8,15.8,4,137.9,0,False,False,False,False,False,True
28.0,1,0,2155.0,15.3,70863,28.8,15.8,1,184.0,1,False,False,False,False,False,True
77.0,3,0,1638.4,25.8,70238,27.7,10.2,5,36.3,0,False,False,False,True,False,False
130.0,5,1,1638.4,25.8,70238,27.7,10.2,6,101.9,0,False,False,False,True,False,False
60.0,3,0,1529.5,36.2,105462,32.7,11.3,10,67.1,0,False,False,False,False,True,False
60.0,3,0,1935.5,19.1,96734,32.2,13.0,12,160.3,0,False,True,False,False,False,False
41.0,2,0,1935.5,19.1,96734,32.2,13.0,12,12.0,0,False,True,False,False,False,False
87.0,4,0,1935.5,19.1,96734,32.2,13.0,6,275.4,0,False,True,False,False,False,False
71.0,3,0,1935.5,19.1,96734,32.2,13.0,11,34.7,0,False,True,False,False,False,False
62.0,3,0,1935.5,19.1,96734,32.2,13.0,7,50.9,0,False,True,False,False,False,False
25.0,1,0,2324.5,16.1,83796,41.1,13.4,9,246.6,1,False,False,True,False,False,False
22.0,1,0,1935.5,19.1,96734,32.2,13.0,10,24.0,0,False,True,False,False,False,False
48.0,2,0,2155.0,15.3,70863,28.8,15.8,12,64.8,0,False,False,False,False,False,True
53.0,3,0,2155.0,15.3,70863,28.8,15.8,9,170.8,0,False,False,False,False,False,True
20.0,1,0,1638.4,25.8,70238,27.7,10.2,1,65.5,0,False,False,False,True,False,False
70.0,4,1,1638.4,25.8,70238,27.7,10.2,11,204.5,0,False,False,False,True,False,False
61.0,3,0,1935.5,19.1,96734,32.2,13.0,7,100.8,0,False,True,False,False,False,False
68.0,3,0,1935.5,19.1,96734,32.2,13.0,3,217.2,0,False,True,False,False,False,False
66.0,3,0,1529.5,36.2,105462,32.7,11.3,7,179.4,0,False,False,False,False,True,False
31.0,2,0,1935.5,19.1,96734,32.2,13.0,12,111.3,1,False,True,False,False,False,False
28.0,2,0,1935.5,19.1,96734,32.2,13.0,6,126.9,0,False,True,False,False,False,False
45.0,2,0,1935.5,19.1,96734,32.2,13.0,7,260.5,0,False,True,False,False,False,False
66.0,3,0,2155.0,15.3,70863,28.8,15.8,5,76.0,0,False,False,False,False,False,True
41.0,2,0,1638.4,25.8,70238,27.7,10.2,11,120.4,0,False,False,False,True,False,False
75.0,3,0,1638.4,25.8,70238,27.7,10.2,7,36.6,0,False,False,False,True,False,False
26.0,1,0,2155.0,15.3,70863,28.8,15.8,8,173.2,1,False,False,False,False,False,True
66.0,3,0,2324.5,16.1,83796,41.1,13.4,6,175.5,0,False,False,True,False,False,False
50.0,2,0,1529.5,36.2,105462,32.7,11.3,8,198.1,0,False,False,False,False,True,False
41.0,2,0,2324.5,16.1,83796,41.1,13.4,12,121.4,0,False,False,True,False,False,False
42.0,1,0,1529.5,36.2,105462,32.7,11.3,7,132.8,0,False,False,False,False,True,False
117.0,2,0,1638.4,25.8,70238,27.7,10.2,5,151.9,0,False,False,False,True,False,False
40.0,2,0,2324.5,16.1,83796,41.1,13.4,12,146.0,0,False,False,True,False,False,False
70.0,3,0,2324.5,16.1,83796,41.1,13.4,3,162.0,0,False,False,True,False,False,False
40.0,2,0,1935.5,19.1,96734,32.2,13.0,1,29.6,0,False,True,False,False,False,False
34.0,2,0,2324.5,16.1,83796,41.1,13.4,9,52.9,0,False,False,True,False,False,False
75.0,3,0,1935.5,19.1,96734,32.2,13.0,9,83.8,0,False,True,False,False,False,False
70.0,4,1,1529.5,36.2,105462,32.7,11.3,1,46.5,0,False,False,False,False,True,False
99.0,5,0,2324.5,16.1,83796,41.1,13.4,7,168.8,0,False,False,True,False,False,False
84.0,4,0,1956.6,18.3,66372,26.5,15.3,6,48.4,0,True,False,False,False,False,False
68.0,4,1,1935.5,19.1,96734,32.2,13.0,3,134.1,0,False,True,False,False,False,False
22.0,1,0,1935.5,19.1,96734,32.2,13.0,12,321.0,0,False,True,False,False,False,False
40.0,2,0,1956.6,18.3,66372,26.5,15.3,8,185.9,0,True,False,False,False,False,False
86.0,4,1,1638.4,25.8,70238,27.7,10.2,12,100.8,0,False,False,False,True,False,False
66.0,2,0,1935.5,19.1,96734,32.2,13.0,10,196.4,0,False,True,False,False,False,False
78.0,4,0,1935.5,19.1,96734,32.2,13.0,5,108.4,0,False,True,False,False,False,False
67.0,4,0,2155.0,15.3,70863,28.8,15.8,3,75.2,0,False,False,False,False,False,True
38.0,1,0,2324.5,16.1,83796,41.1,13.4,10,100.0,0,False,False,True,False,False,False
44.0,2,0,2324.5,16.1,83796,41.1,13.4,6,237.0,0,False,False,True,False,False,False
40.0,2,0,1529.5,36.2,105462,32.7,11.3,10,99.1,1,False,False,False,False,True,False
72.0,2,0,2324.5,16.1,83796,41.1,13.4,11,59.5,0,False,False,True,False,False,False
42.0,2,0,1935.5,19.1,96734,32.2,13.0,11,187.2,0,False,True,False,False,False,False
24.0,1,0,1529.5,36.2,105462,32.7,11.3,8,153.4,0,False,False,False,False,True,False
96.0,5,1,1956.6,18.3,66372,26.5,15.3,10,277.6,0,True,False,False,False,False,False
24.0,1,0,1529.5,36.2,105462,32.7,11.3,2,14.6,0,False,False,False,False,True,False
17.0,1,0,1529.5,36.2,105462,32.7,11.3,11,177.6,0,False,False,False,False,True,False
28.0,2,0,1529.5,36.2,105462,32.7,11.3,7,120.5,0,False,False,False,False,True,False
22.0,2,0,2324.5,16.1,83796,41.1,13.4,12,126.2,0,False,False,True,False,False,False
53.0,2,0,1935.5,19.1,96734,32.2,13.0,11,176.5,0,False,True,False,False,False,False
50.0,2,0,1956.6,18.3,66372,26.5,15.3,4,149.9,0,True,False,False,False,False,False
51.0,2,0,1956.6,18.3,66372,26.5,15.3,3,150.4,0,True,False,False,False,False,False
48.0,2,0,1638.4,25.8,70238,27.7,10.2,7,365.2,0,False,False,False,True,False,False
118.0,6,1,2155.0,15.3,70863,28.8,15.8,4,116.0,0,False,False,False,False,False,True
50.0,2,0,1638.4,25.8,70238,27.7,10.2,7,129.4,1,False,False,False,True,False,False
100.0,4,0,1529.5,36.2,105462,32.7,11.3,2,37.2,0,False,False,False,False,True,False
46.0,2,0,1935.5,19.1,96734,32.2,13.0,4,101.8,0,False,True,False,False,False,False
60.0,3,0,1935.5,19.1,96734,32.2,13.0,1,108.8,0,False,True,False,False,False,False
44.0,2,0,2155.0,15.3,70863,28.8,15.8,1,87.3,0,False,False,False,False,False,True
25.0,1,0,2324.5,16.1,83796,41.1,13.4,9,137.2,0,False,False,True,False,False,False
74.0,4,0,1956.6,18.3,66372,26.5,15.3,9,60.4,0,True,False,False,False,False,False
14.0,1,0,2155.0,15.3,70863,28.8,15.8,10,92.9,0,False,False,False,False,False,True
80.0,4,0,2324.5,16.1,83796,41.1,13.4,6,127.7,0,False,False,True,False,False,False
93.0,4,0,1935.5,19.1,96734,32.2,13.0,3,45.1,0,False,True,False,False,False,False
49.0,2,1,1638.4,25.8,70238,27.7,10.2,1,156.3,0,False,False,False,True,False,False
45.0,2,0,2324.5,16.1,83796,41.1,13.4,3,90.0,0,False,False,True,False,False,False
37.0,2,0,2155.0,15.3,70863,28.8,15.8,9,174.6,0,False,False,False,False,False,True
47.0,2,0,2324.5,16.1,83796,41.1,13.4,3,217.1,0,False,False,True,False,False,False
28.0,2,0,1529.5,36.2,105462,32.7,11.3,7,150.7,0,False,False,False,False,True,False
49.0,2,0,2324.5,16.1,83796,41.1,13.4,3,293.4,0,False,False,True,False,False,False
62.0,3,0,2155.0,15.3,70863,28.8,15.8,2,193.1,0,False,False,False,False,False,True
78.0,4,0,1529.5,36.2,105462,32.7,11.3,7,92.8,0,False,False,False,False,True,False
128.0,6,1,1529.5,36.2,105462,32.7,11.3,6,103.9,0,False,False,False,False,True,False
50.0,2,0,2155.0,15.3,70863,28.8,15.8,9,66.6,0,False,False,False,False,False,True
44.0,2,0,1638.4,25.8,70238,27.7,10.2,1,240.5,0,False,False,False,True,False,False
35.0,1,0,1935.5,19.1,96734,32.2,13.0,9,125.7,0,False,True,False,False,False,False
150.0,5,1,2324.5,16.1,83796,41.1,13.4,11,70.3,0,False,False,True,False,False,False
43.0,2,0,1935.5,19.1,96734,32.2,13.0,5,293.4,0,False,True,False,False,False,False
68.0,3,0,1935.5,19.1,96734,32.2,13.0,8,61.6,0,False,True,False,False,False,False
65.0,4,0,2155.0,15.3,70863,28.8,15.8,11,82.8,0,False,False,False,False,False,True
40.0,3,1,2324.5,16.1,83796,41.1,13.4,6,161.4,0,False,False,True,False,False,False
65.0,3,0,1935.5,19.1,96734,32.2,13.0,5,286.0,0,False,True,False,False,False,False
49.0,3,0,2324.5,16.1,83796,41.1,13.4,1,159.5,0,False,False,True,False,False,False
120.0,5,0,1529.5,36.2,105462,32.7,11.3,12,64.3,0,False,False,False,False,True,False
92.0,4,1,1638.4,25.8,70238,27.7,10.2,2,236.9,0,False,False,False,True,False,False
90.0,3,0,2324.5,16.1,83796,41.1,13.4,7,150.0,0,False,False,True,False,False,False
22.0,1,0,1638.4,25.8,70238,27.7,10.2,1,65.5,0,False,False,False,True,False,False
42.0,2,0,1529.5,36.2,105462,32.7,11.3,5,268.6,0,False,False,False,False,True,False
29.0,1,0,1638.4,25.8,70238,27.7,10.2,7,267.1,0,False,False,False,True,False,False
62.0,3,0,1529.5,36.2,105462,32.7,11.3,10,106.6,0,False,False,False,False,True,False
75.0,3,0,1529.5,36.2,105462,32.7,11.3,3,200.4,0,False,False,False,False,True,False
72.0,3,0,1529.5,36.2,105462,32.7,11.3,6,240.1,0,False,False,False,False,True,False
59.0,3,0,1935.5,19.1,96734,32.2,13.0,12,127.7,0,False,True,False,False,False,False
98.0,4,0,2324.5,16.1,83796,41.1,13.4,4,56.7,0,False,False,True,False,False,False
68.0,4,0,1638.4,25.8,70238,27.7,10.2,4,112.4,0,False,False,False,True,False,False
69.0,3,0,2155.0,15.3,70863,28.8,15.8,4,58.1,0,False,False,False,False,False,True
92.0,4,0,1529.5,36.2,105462,32.7,11.3,7,39.2,0,False,False,False,False,True,False
63.0,3,0,1935.5,19.1,96734,32.2,13.0,4,173.8,0,False,True,False,False,False,False
67.0,3,0,1935.5,19.1,96734,32.2,13.0,3,322.1,0,False,True,False,False,False,False
60.0,3,0,2155.0,15.3,70863,28.8,15.8,7,103.5,0,False,False,False,False,False,True
73.0,4,0,1638.4,25.8,70238,27.7,10.2,4,180.2,0,False,False,False,True,False,False
44.0,2,0,2155.0,15.3,70863,28.8,15.8,11,202.1,1,False,False,False,False,False,True
64.0,3,0,1529.5,36.2,105462,32.7,11.3,12,118.5,0,False,False,False,False,True,False
117.0,4,0,1956.6,18.3,66372,26.5,15.3,4,109.2,0,True,False,False,False,False,False
85.0,4,1,1956.6,18.3,66372,26.5,15.3,2,120.4,0,True,False,False,False,False,False
109.0,5,1,1935.5,19.1,96734,32.2,13.0,12,221.0,0,False,True,False,False,False,False
15.0,1,0,2324.5,16.1,83796,41.1,13.4,4,47.0,0,False,False,True,False,False,False
43.0,2,0,2155.0,15.3,70863,28.8,15.8,1,282.5,0,False,False,False,False,False,True
46.0,2,0,2155.0,15.3,70863,28.8,15.8,9,92.5,0,False,False,False,False,False,True
28.0,1,0,1529.5,36.2,105462,32.7,11.3,11,156.8,0,False,False,False,False,True,False
25.0,1,0,1529.5,36.2,105462,32.7,11.3,11,162.4,0,False,False,False,False,True,False
42.0,2,0,2155.0,15.3,70863,28.8,15.8,10,42.4,0,False,False,False,False,False,True
45.0,2,0,1529.5,36.2,105462,32.7,11.3,7,73.0,0,False,False,False,False,True,False
25.0,1,0,2324.5,16.1,83796,41.1,13.4,2,83.0,0,False,False,True,False,False,False
75.0,3,0,2324.5,16.1,83796,41.1,13.4,5,256.5,0,False,False,True,False,False,False
78.0,3,0,2324.5,16.1,83796,41.1,13.4,6,102.7,0,False,False,True,False,False,False
60.0,3,0,2324.5,16.1,83796,41.1,13.4,11,39.8,0,False,False,True,False,False,False
39.0,2,0,2324.5,16.1,83796,41.1,13.4,7,91.7,0,False,False,True,False,False,False
20.0,1,0,2324.5,16.1,83796,41.1,13.4,8,308.2,1,False,False,True,False,False,False
83.0,2,0,1638.4,25.8,70238,27.7,10.2,10,44.5,0,False,False,False,True,False,False
48.0,2,0,1956.6,18.3,66372,26.5,15.3,9,167.2,0,True,False,False,False,False,False
60.0,3,0,1529.5,36.2,105462,32.7,11.3,7,51.6,0,False,False,False,False,True,False
87.0,4,0,1638.4,25.8,70238,27.7,10.2,5,109.6,0,False,False,False,True,False,False
65.0,3,0,1529.5,36.2,105462,32.7,11.3,10,143.6,0,False,False,False,False,True,False
24.0,1,0,1935.5,19.1,96734,32.2,13.0,6,194.8,0,False,True,False,False,False,False
37.0,2,0,1638.4,25.8,70238,27.7,10.2,7,229.0,0,False,False,False,True,False,False
86.0,3,0,2324.5,16.1,83796,41.1,13.4,9,106.4,1,False,False,True,False,False,False
65.0,3,0,1638.4,25.8,70238,27.7,10.2,12,30.3,0,False,False,False,True,False,False
22.0,1,0,2155.0,15.3,70863,28.8,15.8,12,595.7,0,False,False,False,False,False,True
40.0,1,0,2324.5,16.1,83796,41.1,13.4,4,154.9,0,False,False,True,False,False,False
70.0,2,0,1529.5,36.2,105462,32.7,11.3,4,32.8,0,False,False,False,False,True,False
61.0,3,0,2155.0,15.3,70863,28.8,15.8,11,165.0,0,False,False,False,False,False,True
89.0,5,0,1638.4,25.8,70238,27.7,10.2,3,220.2,0,False,False,False,True,False,False
28.0,1,0,2155.0,15.3,70863,28.8,15.8,2,50.1,0,False,False,False,False,False,True
48.0,1,0,2155.0,15.3,70863,28.8,15.8,5,136.5,0,False,False,False,False,False,True
73.0,4,0,1638.4,25.8,70238,27.7,10.2,2,446.7,0,False,False,False,True,False,False
43.0,2,0,1529.5,36.2,105462,32.7,11.3,1,126.5,0,False,False,False,False,True,False
111.0,5,0,1638.4,25.8,70238,27.7,10.2,3,51.9,0,False,False,False,True,False,False
63.0,3,0,1935.5,19.1,96734,32.2,13.0,3,189.0,0,False,True,False,False,False,False
61.0,3,0,1956.6,18.3,66372,26.5,15.3,5,162.5,0,True,False,False,False,False,False
24.0,1,0,2324.5,16.1,83796,41.1,13.4,3,225.5,0,False,False,True,False,False,False
105.0,3,1,1638.4,25.8,70238,27.7,10.2,12,196.6,0,False,False,False,True,False,False
72.0,3,0,2324.5,16.1,83796,41.1,13.4,10,192.9,0,False,False,True,False,False,False
75.0,4,0,2155.0,15.3,70863,28.8,15.8,12,255.1,0,False,False,False,False,False,True
42.0,2,0,1529.5,36.2,105462,32.7,11.3,3,19.2,0,False,False,False,False,True,False
92.0,4,0,1638.4,25.8,70238,27.7,10.2,9,348.2,0,False,False,False,True,False,False
50.0,3,0,1638.4,25.8,70238,27.7,10.2,4,190.2,0,False,False,False,True,False,False
45.0,2,0,2324.5,16.1,83796,41.1,13.4,9,172.8,0,False,False,True,False,False,False
17.0,1,1,1638.4,25.8,70238,27.7,10.2,4,234.4,0,False,False,False,True,False,False
77.0,4,1,1935.5,19.1,96734,32.2,13.0,4,216.8,0,False,True,False,False,False,False
80.0,3,0,2155.0,15.3,70863,28.8,15.8,7,355.8,0,False,False,False,False,False,True
14.0,1,0,1638.4,25.8,70238,27.7,10.2,12,46.0,0,False,False,False,True,False,False
62.0,3,0,1638.4,25.8,70238,27.7,10.2,4,117.0,0,False,False,False,True,False,False
96.0,3,0,1638.4,25.8,70238,27.7,10.2,8,97.5,0,False,False,False,True,False,False
38.0,2,0,2324.5,16.1,83796,41.1,13.4,12,68.0,0,False,False,True,False,False,False
60.0,3,0,1935.5,19.1,96734,32.2,13.0,5,33.1,0,False,True,False,False,False,False
145.0,7,1,2324.5,16.1,83796,41.1,13.4,7,138.7,0,False,False,True,False,False,False
71.0,4,0,1935.5,19.1,96734,32.2,13.0,11,84.9,0,False,True,False,False,False,False
66.0,3,0,2155.0,15.3,70863,28.8,15.8,6,80.7,1,False,False,False,False,False,True
35.0,3,1,1956.6,18.3,66372,26.5,15.3,11,144.5,0,True,False,False,False,False,False
42.0,2,0,1529.5,36.2,105462,32.7,11.3,12,13.8,0,False,False,False,False,True,False
78.0,3,0,2324.5,16.1,83796,41.1,13.4,10,140.5,0,False,False,True,False,False,False
57.0,3,0,1935.5,19.1,96734,32.2,13.0,1,103.6,0,False,True,False,False,False,False
40.0,2,0,2324.5,16.1,83796,41.1,13.4,12,114.2,0,False,False,True,False,False,False
100.0,5,0,1935.5,19.1,96734,32.2,13.0,11,288.7,0,False,True,False,False,False,False
55.0,2,0,1935.5,19.1,96734,32.2,13.0,3,257.4,0,False,True,False,False,False,False
89.0,5,0,1638.4,25.8,70238,27.7,10.2,4,220.2,0,False,False,False,True,False,False
47.0,2,0,2155.0,15.3,70863,28.8,15.8,10,242.8,0,False,False,False,False,False,True
59.0,3,0,1956.6,18.3,66372,26.5,15.3,9,84.4,0,True,False,False,False,False,False
56.0,4,0,1956.6,18.3,66372,26.5,15.3,11,191.0,0,True,False,False,False,False,False
74.0,3,0,1529.5,36.2,105462,32.7,11.3,6,166.1,0,False,False,False,False,True,False
124.0,5,1,2324.5,16.1,83796,41.1,13.4,9,126.0,0,False,False,True,False,False,False
101.0,4,1,1529.5,36.2,105462,32.7,11.3,2,120.4,0,False,False,False,False,True,False
50.0,2,0,1935.5,19.1,96734,32.2,13.0,7,161.0,0,False,True,False,False,False,False
66.0,3,0,1935.5,19.1,96734,32.2,13.0,4,150.2,0,False,True,False,False,False,False
81.0,3,1,2155.0,15.3,70863,28.8,15.8,9,390.8,0,False,False,False,False,False,True
26.0,1,0,2324.5,16.1,83796,41.1,13.4,9,302.4,0,False,False,True,False,False,False
83.0,4,0,2155.0,15.3,70863,28.8,15.8,10,133.8,0,False,False,False,False,False,True
154.0,6,1,2155.0,15.3,70863,28.8,15.8,10,166.4,0,False,False,False,False,False,True
87.0,4,0,1529.5,36.2,105462,32.7,11.3,3,19.2,0,False,False,False,False,True,False
47.0,2,0,1529.5,36.2,105462,32.7,11.3,10,139.2,0,False,False,False,False,True,False
33.0,2,0,1638.4,25.8,70238,27.7,10.2,5,41.3,0,False,False,False,True,False,False
52.0,2,0,2324.5,16.1,83796,41.1,13.4,12,146.4,0,False,False,True,False,False,False
22.0,1,0,1529.5,36.2,105462,32.7,11.3,6,213.9,0,False,False,False,False,True,False
95.0,4,1,1935.5,19.1,96734,32.2,13.0,4,141.2,0,False,True,False,False,False,False
40.0,2,0,1935.5,19.1,96734,32.2,13.0,2,142.8,0,False,True,False,False,False,False
46.0,2,0,1935.5,19.1,96734,32.2,13.0,11,395.1,0,False,True,False,False,False,False
130.0,5,0,1935.5,19.1,96734,32.2,13.0,12,107.9,0,False,True,False,False,False,False
53.0,2,0,2324.5,16.1,83796,41.1,13.4,4,159.0,0,False,False,True,False,False,False
21.0,2,0,1529.5,36.2,105462,32.7,11.3,9,62.1,0,False,False,False,False,True,False
23.0,1,0,1529.5,36.2,105462,32.7,11.3,3,115.8,0,False,False,False,False,True,False
17.0,1,0,2324.5,16.1,83796,41.1,13.4,5,188.4,1,False,False,True,False,False,False
43.0,1,0,2155.0,15.3,70863,28.8,15.8,4,136.5,0,False,False,False,False,False,True
42.0,2,0,1529.5,36.2,105462,32.7,11.3,4,32.9,0,False,False,False,False,True,False
60.0,3,0,2155.0,15.3,70863,28.8,15.8,1,81.0,0,False,False,False,False,False,True
97.0,5,0,1529.5,36.2,105462,32.7,11.3,3,159.7,0,False,False,False,False,True,False
27.0,1,0,1529.5,36.2,105462,32.7,11.3,3,110.9,0,False,False,False,False,True,False
30.0,1,0,2324.5,16.1,83796,41.1,13.4,2,36.0,0,False,False,True,False,False,False
46.0,2,0,1638.4,25.8,70238,27.7,10.2,10,137.9,0,False,False,False,True,False,False
70.0,3,0,2155.0,15.3,70863,28.8,15.8,10,84.0,0,False,False,False,False,False,True
65.0,3,0,2324.5,16.1,83796,41.1,13.4,5,47.7,0,False,False,True,False,False,False
63.0,3,0,1638.4,25.8,70238,27.7,10.2,1,180.2,0,False,False,False,True,False,False
87.0,4,0,1956.6,18.3,66372,26.5,15.3,9,243.9,0,True,False,False,False,False,False
104.0,5,0,1956.6,18.3,66372,26.5,15.3,12,81.6,0,True,False,False,False,False,False
78.0,3,0,2324.5,16.1,83796,41.1,13.4,10,140.5,0,False,False,True,False,False,False
113.0,4,1,1935.5,19.1,96734,32.2,13.0,5,161.5,0,False,True,False,False,False,False
42.0,2,0,1956.6,18.3,66372,26.5,15.3,3,24.2,0,True,False,False,False,False,False
26.0,1,0,2324.5,16.1,83796,41.1,13.4,5,126.6,0,False,False,True,False,False,False
65.0,3,0,2155.0,15.3,70863,28.8,15.8,7,300.9,0,False,False,False,False,False,True
65.0,3,0,1935.5,19.1,96734,32.2,13.0,8,46.2,0,False,True,False,False,False,False
50.0,2,0,1956.6,18.3,66372,26.5,15.3,2,30.8,0,True,False,False,False,False,False
85.0,3,0,2155.0,15.3,70863,28.8,15.8,10,241.3,0,False,False,False,False,False,True
75.0,4,1,1638.4,25.8,70238,27.7,10.2,6,197.8,0,False,False,False,True,False,False
27.0,1,0,2324.5,16.1,83796,41.1,13.4,6,61.8,0,False,False,True,False,False,False
59.0,3,0,2155.0,15.3,70863,28.8,15.8,9,56.1,0,False,False,False,False,False,True
80.0,4,0,1935.5,19.1,96734,32.2,13.0,6,102.4,0,False,True,False,False,False,False
68.0,3,0,2155.0,15.3,70863,28.8,15.8,7,92.5,0,False,False,False,False,False,True
64.0,3,0,1638.4,25.8,70238,27.7,10.2,10,206.9,0,False,False,False,True,False,False
107.0,5,0,2155.0,15.3,70863,28.8,15.8,9,326.9,0,False,False,False,False,False,True
35.0,2,0,1935.5,19.1,96734,32.2,13.0,10,180.6,0,False,True,False,False,False,False
34.0,1,0,1638.4,25.8,70238,27.7,10.2,8,60.0,0,False,False,False,True,False,False
87.0,4,0,2155.0,15.3,70863,28.8,15.8,12,156.3,0,False,False,False,False,False,True
44.0,2,0,2324.5,16.1,83796,41.1,13.4,10,177.2,0,False,False,True,False,False,False
62.0,3,0,1935.5,19.1,96734,32.2,13.0,12,116.4,0,False,True,False,False,False,False
47.0,2,0,1935.5,19.1,96734,32.2,13.0,8,223.9,0,False,True,False,False,False,False
51.0,2,0,1935.5,19.1,96734,32.2,13.0,6,185.3,0,False,True,False,False,False,False
68.0,3,0,2155.0,15.3,70863,28.8,15.8,7,241.3,0,False,False,False,False,False,True
86.0,4,0,2324.5,16.1,83796,41.1,13.4,1,75.2,0,False,False,True,False,False,False
70.0,3,0,2155.0,15.3,70863,28.8,15.8,4,233.7,0,False,False,False,False,False,True
35.0,2,0,1956.6,18.3,66372,26.5,15.3,7,58.5,0,True,False,False,False,False,False
58.0,3,0,1935.5,19.1,96734,32.2,13.0,7,273.8,0,False,True,False,False,False,False
44.0,1,0,1956.6,18.3,66372,26.5,15.3,1,154.4,0,True,False,False,False,False,False
37.0,2,0,1529.5,36.2,105462,32.7,11.3,1,55.2,0,False,False,False,False,True,False
60.0,2,0,1935.5,19.1,96734,32.2,13.0,12,100.1,0,False,True,False,False,False,False
69.0,4,1,1638.4,25.8,70238,27.7,10.2,5,124.0,0,False,False,False,True,False,False
20.0,1,0,1956.6,18.3,66372,26.5,15.3,12,140.6,0,True,False,False,False,False,False
78.0,4,0,2155.0,15.3,70863,28.8,15.8,3,189.0,0,False,False,False,False,False,True
68.0,3,0,1638.4,25.8,70238,27.7,10.2,8,162.1,0,False,False,False,True,False,False
62.0,3,0,1638.4,25.8,70238,27.7,10.2,8,88.4,1,False,False,False,True,False,False
92.0,5,1,1529.5,36.2,105462,32.7,11.3,5,221.0,0,False,False,False,False,True,False
22.0,1,0,1529.5,36.2,105462,32.7,11.3,6,192.3,0,False,False,False,False,True,False
65.0,3,0,1529.5,36.2,105462,32.7,11.3,3,120.3,0,False,False,False,False,True,False
17.0,1,0,2155.0,15.3,70863,28.8,15.8,2,100.9,0,False,False,False,False,False,True
46.0,2,0,1956.6,18.3,66372,26.5,15.3,1,83.3,0,True,False,False,False,False,False
22.0,1,0,2155.0,15.3,70863,28.8,15.8,8,75.1,0,False,False,False,False,False,True
52.0,2,0,2324.5,16.1,83796,41.1,13.4,10,160.6,0,False,False,True,False,False,False
120.0,5,1,1956.6,18.3,66372,26.5,15.3,9,194.7,0,True,False,False,False,False,False
78.0,3,0,2324.5,16.1,83796,41.1,13.4,10,115.1,0,False,False,True,False,False,False
65.0,2,0,1529.5,36.2,105462,32.7,11.3,6,72.5,0,False,False,False,False,True,False
100.0,5,1,1956.6,18.3,66372,26.5,15.3,10,124.6,0,True,False,False,False,False,False
35.0,2,0,2155.0,15.3,70863,28.8,15.8,6,100.0,0,False,False,False,False,False,True
40.0,2,0,1956.6,18.3,66372,26.5,15.3,2,46.0,0,True,False,False,False,False,False
46.0,2,0,1638.4,25.8,70238,27.7,10.2,1,319.1,0,False,False,False,True,False,False
44.0,2,0,1529.5,36.2,105462,32.7,11.3,11,81.8,0,False,False,False,False,True,False
49.0,3,0,1529.5,36.2,105462,32.7,11.3,2,104.8,0,False,False,False,False,True,False
32.0,1,0,1935.5,19.1,96734,32.2,13.0,11,185.2,0,False,True,False,False,False,False
54.0,2,0,1638.4,25.8,70238,27.7,10.2,4,352.2,0,False,False,False,True,False,False
71.0,3,0,1935.5,19.1,96734,32.2,13.0,11,71.2,0,False,True,False,False,False,False
63.0,3,0,1935.5,19.1,96734,32.2,13.0,12,102.9,0,False,True,False,False,False,False
81.0,4,1,1956.6,18.3,66372,26.5,15.3,2,272.9,0,True,False,False,False,False,False
65.0,3,0,1638.4,25.8,70238,27.7,10.2,7,88.4,1,False,False,False,True,False,False
41.0,2,0,1935.5,19.1,96734,32.2,13.0,6,232.0,0,False,True,False,False,False,False
27.0,1,0,1638.4,25.8,70238,27.7,10.2,9,164.5,0,False,False,False,True,False,False
116.0,5,1,1956.6,18.3,66372,26.5,15.3,1,133.8,0,True,False,False,False,False,False
34.0,2,0,1935.5,19.1,96734,32.2,13.0,5,194.1,0,False,True,False,False,False,False
38.0,2,0,2155.0,15.3,70863,28.8,15.8,3,77.7,0,False,False,False,False,False,True
52.0,3,0,1935.5,19.1,96734,32.2,13.0,8,86.8,0,False,True,False,False,False,False
112.0,5,0,2155.0,15.3,70863,28.8,15.8,7,127.1,0,False,False,False,False,False,True
59.0,3,0,1935.5,19.1,96734,32.2,13.0,11,255.3,0,False,True,False,False,False,False
58.0,3,0,1638.4,25.8,70238,27.7,10.2,1,199.5,0,False,False,False,True,False,False
25.0,1,0,1638.4,25.8,70238,27.7,10.2,11,179.8,0,False,False,False,True,False,False
41.0,2,0,2155.0,15.3,70863,28.8,15.8,1,98.3,0,False,False,False,False,False,True
90.0,4,1,1529.5,36.2,105462,32.7,11.3,8,131.7,0,False,False,False,False,True,False
68.0,3,0,1638.4,25.8,70238,27.7,10.2,9,12.8,0,False,False,False,True,False,False
44.0,2,0,1956.6,18.3,66372,26.5,15.3,1,109.5,0,True,False,False,False,False,False
66.0,3,0,1638.4,25.8,70238,27.7,10.2,12,244.4,0,False,False,False,True,False,False
68.0,3,0,1638.4,25.8,70238,27.7,10.2,2,112.9,0,False,False,False,True,False,False
117.0,5,1,2155.0,15.3,70863,28.8,15.8,1,53.1,0,False,False,False,False,False,True
59.0,3,0,2155.0,15.3,70863,28.8,15.8,3,133.8,0,False,False,False,False,False,True
65.0,3,0,1935.5,19.1,96734,32.2,13.0,2,159.9,0,False,True,False,False,False,False
62.0,3,0,1935.5,19.1,96734,32.2,13.0,1,268.7,0,False,True,False,False,False,False
55.0,3,0,1935.5,19.1,96734,32.2,13.0,5,123.4,0,False,True,False,False,False,False
32.0,1,0,2155.0,15.3,70863,28.8,15.8,7,22.0,0,False,False,False,False,False,True
34.0,2,0,2324.5,16.1,83796,41.1,13.4,7,165.6,0,False,False,True,False,False,False
56.0,3,0,1956.6,18.3,66372,26.5,15.3,4,180.5,0,True,False,False,False,False,False
25.0,1,0,1935.5,19.1,96734,32.2,13.0,1,261.8,0,False,True,False,False,False,False
22.0,1,0,2324.5,16.1,83796,41.1,13.4,7,285.6,0,False,False,True,False,False,False
27.0,1,0,2324.5,16.1,83796,41.1,13.4,7,238.5,0,False,False,True,False,False,False
83.0,4,0,2155.0,15.3,70863,28.8,15.8,11,120.7,0,False,False,False,False,False,True
65.0,4,0,1638.4,25.8,70238,27.7,10.2,1,28.6,0,False,False,False,True,False,False
100.0,4,1,1956.6,18.3,66372,26.5,15.3,4,237.9,0,True,False,False,False,False,False
60.0,2,0,1935.5,19.1,96734,32.2,13.0,11,86.2,0,False,True,False,False,False,False
61.0,3,0,1935.5,19.1,96734,32.2,13.0,10,243.6,0,False,True,False,False,False,False
64.0,3,0,1935.5,19.1,96734,32.2,13.0,10,78.8,0,False,True,False,False,False,False
23.0,1,0,1529.5,36.2,105462,32.7,11.3,10,93.9,0,False,False,False,False,True,False
56.0,3,0,2324.5,16.1,83796,41.1,13.4,4,213.6,0,False,False,True,False,False,False
74.0,4,0,1956.6,18.3,66372,26.5,15.3,8,75.7,0,True,False,False,False,False,False
21.0,1,0,1529.5,36.2,105462,32.7,11.3,7,210.8,0,False,False,False,False,True,False
116.0,5,1,1529.5,36.2,105462,32.7,11.3,9,252.1,0,False,False,False,False,True,False
63.0,3,0,2324.5,16.1,83796,41.1,13.4,9,92.3,0,False,False,True,False,False,False
120.0,5,0,2324.5,16.1,83796,41.1,13.4,10,141.7,0,False,False,True,False,False,False
31.0,1,0,2324.5,16.1,83796,41.1,13.4,10,36.9,0,False,False,True,False,False,False
43.0,2,0,1529.5,36.2,105462,32.7,11.3,7,143.1,0,False,False,False,False,True,False
76.0,4,1,1935.5,19.1,96734,32.2,13.0,2,214.6,0,False,True,False,False,False,False
16.0,1,0,2324.5,16.1,83796,41.1,13.4,3,75.5,0,False,False,True,False,False,False
53.0,3,0,1529.5,36.2,105462,32.7,11.3,8,167.0,0,False,False,False,False,True,False
44.0,2,0,2324.5,16.1,83796,41.1,13.4,3,109.1,0,False,False,True,False,False,False
68.0,3,0,1529.5,36.2,105462,32.7,11.3,10,45.1,0,False,False,False,False,True,False
93.0,4,0,1935.5,19.1,96734,32.2,13.0,11,98.3,0,False,True,False,False,False,False
67.0,3,0,1529.5,36.2,105462,32.7,11.3,8,122.1,0,False,False,False,False,True,False
58.0,3,0,1935.5,19.1,96734,32.2,13.0,7,15.1,0,False,True,False,False,False,False
72.0,3,0,2155.0,15.3,70863,28.8,15.8,5,158.8,0,False,False,False,False,False,True
20.0,1,0,1529.5,36.2,105462,32.7,11.3,7,148.0,0,False,False,False,False,True,False
61.0,3,0,1529.5,36.2,105462,32.7,11.3,5,195.4,0,False,False,False,False,True,False
104.0,5,1,1529.5,36.2,105462,32.7,11.3,3,139.1,0,False,False,False,False,True,False
50.0,2,0,1529.5,36.2,105462,32.7,11.3,1,35.7,0,False,False,False,False,True,False
110.0,6,0,1529.5,36.2,105462,32.7,11.3,2,189.5,0,False,False,False,False,True,False
130.0,7,1,1956.6,18.3,66372,26.5,15.3,4,82.8,0,True,False,False,False,False,False
42.0,3,0,2155.0,15.3,70863,28.8,15.8,5,201.5,0,False,False,False,False,False,True
45.0,2,0,1935.5,19.1,96734,32.2,13.0,11,28.5,0,False,True,False,False,False,False
70.0,3,0,1935.5,19.1,96734,32.2,13.0,4,199.4,0,False,True,False,False,False,False
99.0,5,1,1638.4,25.8,70238,27.7,10.2,3,156.5,0,False,False,False,True,False,False
35.0,3,0,1638.4,25.8,70238,27.7,10.2,3,387.8,0,False,False,False,True,False,False
41.0,2,1,2155.0,15.3,70863,28.8,15.8,10,80.7,0,False,False,False,False,False,True
46.0,2,0,1529.5,36.2,105462,32.7,11.3,9,283.7,0,False,False,False,False,True,False
62.0,3,0,1935.5,19.1,96734,32.2,13.0,7,22.8,0,False,True,False,False,False,False
51.0,2,0,2155.0,15.3,70863,28.8,15.8,2,77.5,0,False,False,False,False,False,True
39.0,2,0,1529.5,36.2,105462,32.7,11.3,8,81.8,0,False,False,False,False,True,False
55.0,3,0,1638.4,25.8,70238,27.7,10.2,10,235.9,0,False,False,False,True,False,False
56.0,2,0,1935.5,19.1,96734,32.2,13.0,3,172.6,0,False,True,False,False,False,False
23.0,1,0,1638.4,25.8,70238,27.7,10.2,12,343.6,0,False,False,False,True,False,False
16.0,1,0,1529.5,36.2,105462,32.7,11.3,9,183.2,1,False,False,False,False,True,False
48.0,3,0,1638.4,25.8,70238,27.7,10.2,6,141.4,0,False,False,False,True,False,False
49.0,2,0,1638.4,25.8,70238,27.7,10.2,11,45.4,0,False,False,False,True,False,False
27.0,1,0,2324.5,16.1,83796,41.1,13.4,5,373.4,0,False,False,True,False,False,False
99.0,5,1,1935.5,19.1,96734,32.2,13.0,9,83.4,0,False,True,False,False,False,False
78.0,4,1,1956.6,18.3,66372,26.5,15.3,12,209.2,0,True,False,False,False,False,False
57.0,3,0,1935.5,19.1,96734,32.2,13.0,5,123.9,0,False,True,False,False,False,False
130.0,5,1,1935.5,19.1,96734,32.2,13.0,1,183.1,0,False,True,False,False,False,False
18.0,1,0,1529.5,36.2,105462,32.7,11.3,3,108.8,0,False,False,False,False,True,False
106.0,5,1,1935.5,19.1,96734,32.2,13.0,3,116.0,0,False,True,False,False,False,False
67.0,10,0,1638.4,25.8,70238,27.7,10.2,4,323.2,0,False,False,False,True,False,False
94.0,4,1,1529.5,36.2,105462,32.7,11.3,7,42.7,1,False,False,False,False,True,False
67.0,3,0,1529.5,36.2,105462,32.7,11.3,6,345.0,0,False,False,False,False,True,False
106.0,5,1,1956.6,18.3,66372,26.5,15.3,3,317.3,0,True,False,False,False,False,False
89.0,4,0,1638.4,25.8,70238,27.7,10.2,9,148.1,0,False,False,False,True,False,False
70.0,3,1,1935.5,19.1,96734,32.2,13.0,9,291.8,0,False,True,False,False,False,False
42.0,2,0,2324.5,16.1,83796,41.1,13.4,5,173.1,0,False,False,True,False,False,False
55.0,3,0,1956.6,18.3,66372,26.5,15.3,1,116.9,0,True,False,False,False,False,False
54.0,2,0,1935.5,19.1,96734,32.2,13.0,5,108.1,0,False,True,False,False,False,False
50.0,3,0,1935.5,19.1,96734,32.2,13.0,6,298.9,0,False,True,False,False,False,False
41.0,2,0,2324.5,16.1,83796,41.1,13.4,5,266.7,0,False,False,True,False,False,False
64.0,3,0,2155.0,15.3,70863,28.8,15.8,8,156.3,0,False,False,False,False,False,True
38.0,2,0,2324.5,16.1,83796,41.1,13.4,7,101.4,0,False,False,True,False,False,False
74.0,4,0,1956.6,18.3,66372,26.5,15.3,4,212.7,1,True,False,False,False,False,False
24.0,1,0,2324.5,16.1,83796,41.1,13.4,6,99.4,0,False,False,True,False,False,False
64.0,4,1,1638.4,25.8,70238,27.7,10.2,6,188.6,0,False,False,False,True,False,False
92.0,4,1,1935.5,19.1,96734,32.2,13.0,4,254.1,0,False,True,False,False,False,False
110.0,3,0,2324.5,16.1,83796,41.1,13.4,9,106.3,0,False,False,True,False,False,False
47.0,3,0,2324.5,16.1,83796,41.1,13.4,12,56.1,0,False,False,True,False,False,False
95.0,6,1,1638.4,25.8,70238,27.7,10.2,11,317.2,0,False,False,False,True,False,False
66.0,3,0,1529.5,36.2,105462,32.7,11.3,8,40.4,0,False,False,False,False,True,False
57.0,3,0,1935.5,19.1,96734,32.2,13.0,2,78.4,0,False,True,False,False,False,False
34.0,2,0,1638.4,25.8,70238,27.7,10.2,9,343.6,0,False,False,False,True,False,False
84.0,4,0,1935.5,19.1,96734,32.2,13.0,8,75.2,0,False,True,False,False,False,False
19.0,1,0,2155.0,15.3,70863,28.8,15.8,4,76.5,0,False,False,False,False,False,True
103.0,6,0,1529.5,36.2,105462,32.7,11.3,2,185.8,0,False,False,False,False,True,False
43.0,2,0,2155.0,15.3,70863,28.8,15.8,1,226.1,0,False,False,False,False,False,True
34.0,2,0,1935.5,19.1,96734,32.2,13.0,10,47.6,0,False,True,False,False,False,False
165.0,4,1,1638.4,25.8,70238,27.7,10.2,6,178.9,0,False,False,False,True,False,False
43.0,1,0,2324.5,16.1,83796,41.1,13.4,9,61.4,0,False,False,True,False,False,False
30.0,2,0,2155.0,15.3,70863,28.8,15.8,3,153.7,0,False,False,False,False,False,True
90.0,4,1,1638.4,25.8,70238,27.7,10.2,5,244.0,0,False,False,False,True,False,False
71.0,4,1,1956.6,18.3,66372,26.5,15.3,3,64.6,0,True,False,False,False,False,False
32.0,2,0,1638.4,25.8,70238,27.7,10.2,12,259.8,1,False,False,False,True,False,False
40.0,2,0,2324.5,16.1,83796,41.1,13.4,12,298.6,0,False,False,True,False,False,False
63.0,4,0,1638.4,25.8,70238,27.7,10.2,3,238.6,0,False,False,False,True,False,False
67.0,4,0,1935.5,19.1,96734,32.2,13.0,3,214.3,0,False,True,False,False,False,False
45.0,2,0,1529.5,36.2,105462,32.7,11.3,9,117.4,0,False,False,False,False,True,False
30.0,1,0,1935.5,19.1,96734,32.2,13.0,6,241.7,0,False,True,False,False,False,False
51.0,3,0,2155.0,15.3,70863,28.8,15.8,12,1.6,0,False,False,False,False,False,True
55.0,3,0,1638.4,25.8,70238,27.7,10.2,8,61.3,0,False,False,False,True,False,False
31.0,2,0,2324.5,16.1,83796,41.1,13.4,1,14.7,1,False,False,True,False,False,False
72.0,3,0,1529.5,36.2,105462,32.7,11.3,1,139.2,0,False,False,False,False,True,False
85.0,4,1,2155.0,15.3,70863,28.8,15.8,9,277.8,0,False,False,False,False,False,True
85.0,4,1,1638.4,25.8,70238,27.7,10.2,1,367.3,1,False,False,False,True,False,False
85.0,3,0,1638.4,25.8,70238,27.7,10.2,11,264.2,0,False,False,False,True,False,False
62.0,3,0,1529.5,36.2,105462,32.7,11.3,8,172.1,0,False,False,False,False,True,False
157.0,5,1,1638.4,25.8,70238,27.7,10.2,8,202.8,0,False,False,False,True,False,False
45.0,2,0,1529.5,36.2,105462,32.7,11.3,9,81.3,0,False,False,False,False,True,False
64.0,3,0,1638.4,25.8,70238,27.7,10.2,10,62.4,0,False,False,False,True,False,False
111.0,5,1,1935.5,19.1,96734,32.2,13.0,10,87.5,0,False,True,False,False,False,False
21.0,1,0,1529.5,36.2,105462,32.7,11.3,8,40.8,0,False,False,False,False,True,False
140.0,6,1,1935.5,19.1,96734,32.2,13.0,7,287.0,1,False,True,False,False,False,False
29.0,1,0,1956.6,18.3,66372,26.5,15.3,5,147.3,0,True,False,False,False,False,False
63.0,3,0,2324.5,16.1,83796,41.1,13.4,5,108.4,0,False,False,True,False,False,False
26.0,1,0,2324.5,16.1,83796,41.1,13.4,11,170.7,1,False,False,True,False,False,False
62.0,3,0,1935.5,19.1,96734,32.2,13.0,4,362.6,1,False,True,False,False,False,False
74.0,4,1,1529.5,36.2,105462,32.7,11.3,12,198.1,0,False,False,False,False,True,False
40.0,3,0,1529.5,36.2,105462,32.7,11.3,9,165.6,0,False,False,False,False,True,False
32.0,2,0,1529.5,36.2,105462,32.7,11.3,11,75.1,0,False,False,False,False,True,False
100.0,4,1,1638.4,25.8,70238,27.7,10.2,8,111.7,0,False,False,False,True,False,False
48.0,3,0,1935.5,19.1,96734,32.2,13.0,11,123.8,0,False,True,False,False,False,False
25.0,1,0,2324.5,16.1,83796,41.1,13.4,3,122.8,0,False,False,True,False,False,False
31.0,1,0,1638.4,25.8,70238,27.7,10.2,1,320.9,0,False,False,False,True,False,False
60.0,3,0,2324.5,16.1,83796,41.1,13.4,6,83.6,0,False,False,True,False,False,False
83.0,4,0,1529.5,36.2,105462,32.7,11.3,2,76.5,0,False,False,False,False,True,False
156.0,5,0,2324.5,16.1,83796,41.1,13.4,7,56.5,0,False,False,True,False,False,False
89.0,5,1,1956.6,18.3,66372,26.5,15.3,5,171.1,1,True,False,False,False,False,False
67.0,4,0,1956.6,18.3,66372,26.5,15.3,5,117.4,1,True,False,False,False,False,False
22.0,1,0,1529.5,36.2,105462,32.7,11.3,11,110.0,0,False,False,False,False,True,False
160.0,4,1,1638.4,25.8,70238,27.7,10.2,7,129.4,0,False,False,False,True,False,False
70.0,4,1,2155.0,15.3,70863,28.8,15.8,7,203.0,0,False,False,False,False,False,True
60.0,2,0,2155.0,15.3,70863,28.8,15.8,9,18.2,0,False,False,False,False,False,True
75.0,4,0,1529.5,36.2,105462,32.7,11.3,7,178.1,0,False,False,False,False,True,False
17.0,1,0,2324.5,16.1,83796,41.1,13.4,7,320.7,0,False,False,True,False,False,False
39.0,2,0,1529.5,36.2,105462,32.7,11.3,1,130.1,0,False,False,False,False,True,False
66.0,3,0,2155.0,15.3,70863,28.8,15.8,9,43.0,0,False,False,False,False,False,True
76.0,4,1,1956.6,18.3,66372,26.5,15.3,1,230.5,1,True,False,False,False,False,False
20.0,1,0,1529.5,36.2,105462,32.7,11.3,5,67.9,0,False,False,False,False,True,False
110.0,4,0,1638.4,25.8,70238,27.7,10.2,12,154.6,0,False,False,False,True,False,False
66.0,4,0,1529.5,36.2,105462,32.7,11.3,10,238.0,1,False,False,False,False,True,False
42.0,2,0,1935.5,19.1,96734,32.2,13.0,8,350.1,0,False,True,False,False,False,False
190.0,8,1,1638.4,25.8,70238,27.7,10.2,2,182.9,0,False,False,False,True,False,False
48.0,2,0,1529.5,36.2,105462,32.7,11.3,11,179.4,0,False,False,False,False,True,False
220.0,9,1,1529.5,36.2,105462,32.7,11.3,10,191.1,0,False,False,False,False,True,False
62.0,3,0,1935.5,19.1,96734,32.2,13.0,10,93.9,0,False,True,False,False,False,False
43.0,2,0,2155.0,15.3,70863,28.8,15.8,6,70.4,0,False,False,False,False,False,True
38.0,2,0,1638.4,25.8,70238,27.7,10.2,9,129.4,1,False,False,False,True,False,False
23.0,1,0,2324.5,16.1,83796,41.1,13.4,10,128.3,0,False,False,True,False,False,False
37.0,1,0,2324.5,16.1,83796,41.1,13.4,11,114.7,0,False,False,True,False,False,False
77.0,3,0,1935.5,19.1,96734,32.2,13.0,4,148.1,0,False,True,False,False,False,False
55.0,3,0,1638.4,25.8,70238,27.7,10.2,10,70.8,0,False,False,False,True,False,False
45.0,2,0,1638.4,25.8,70238,27.7,10.2,12,174.7,0,False,False,False,True,False,False
87.0,4,1,1956.6,18.3,66372,26.5,15.3,8,114.6,0,True,False,False,False,False,False
28.0,1,0,1529.5,36.2,105462,32.7,11.3,12,133.6,0,False,False,False,False,True,False
42.0,1,0,2324.5,16.1,83796,41.1,13.4,2,96.8,0,False,False,True,False,False,False
35.0,1,0,1529.5,36.2,105462,32.7,11.3,3,197.0,0,False,False,False,False,True,False
64.0,3,0,2155.0,15.3,70863,28.8,15.8,3,177.1,0,False,False,False,False,False,True
20.0,1,0,2324.5,16.1,83796,41.1,13.4,7,142.2,0,False,False,True,False,False,False
63.0,3,0,1638.4,25.8,70238,27.7,10.2,9,180.2,0,False,False,False,True,False,False
63.0,3,0,1935.5,19.1,96734,32.2,13.0,12,85.9,0,False,True,False,False,False,False
46.0,2,0,2324.5,16.1,83796,41.1,13.4,1,69.3,0,False,False,True,False,False,False
48.0,2,0,1935.5,19.1,96734,32.2,13.0,7,291.1,0,False,True,False,False,False,False
110.0,5,1,2155.0,15.3,70863,28.8,15.8,9,183.8,0,False,False,False,False,False,True
60.0,2,0,2324.5,16.1,83796,41.1,13.4,7,43.1,0,False,False,True,False,False,False
35.0,1,0,1529.5,36.2,105462,32.7,11.3,7,197.0,0,False,False,False,False,True,False
62.0,3,0,1638.4,25.8,70238,27.7,10.2,1,166.4,1,False,False,False,True,False,False
34.0,1,0,2324.5,16.1,83796,41.1,13.4,10,193.6,0,False,False,True,False,False,False
30.0,2,0,2324.5,16.1,83796,41.1,13.4,10,173.0,0,False,False,True,False,False,False
83.0,3,0,2155.0,15.3,70863,28.8,15.8,7,198.7,0,False,False,False,False,False,True
69.0,3,0,1529.5,36.2,105462,32.7,11.3,2,142.1,0,False,False,False,False,True,False
107.0,6,0,1638.4,25.8,70238,27.7,10.2,10,240.9,0,False,False,False,True,False,False
14.0,1,0,2155.0,15.3,70863,28.8,15.8,7,100.9,0,False,False,False,False,False,True
68.0,4,0,1529.5,36.2,105462,32.7,11.3,3,18.5,0,False,False,False,False,True,False
90.0,4,1,1935.5,19.1,96734,32.2,13.0,5,246.9,0,False,True,False,False,False,False
80.0,3,1,1956.6,18.3,66372,26.5,15.3,6,64.5,0,True,False,False,False,False,False
64.0,3,0,1529.5,36.2,105462,32.7,11.3,9,36.5,0,False,False,False,False,True,False
32.0,1,0,2324.5,16.1,83796,41.1,13.4,10,143.5,0,False,False,True,False,False,False
45.0,2,0,2155.0,15.3,70863,28.8,15.8,4,447.4,0,False,False,False,False,False,True
17.0,1,0,1638.4,25.8,70238,27.7,10.2,2,197.0,0,False,False,False,True,False,False
62.0,3,0,1935.5,19.1,96734,32.2,13.0,11,111.3,0,False,True,False,False,False,False
61.0,3,0,1935.5,19.1,96734,32.2,13.0,8,90.1,0,False,True,False,False,False,False
63.0,3,0,1638.4,25.8,70238,27.7,10.2,12,96.5,0,False,False,False,True,False,False
31.0,1,0,2324.5,16.1,83796,41.1,13.4,3,123.2,0,False,False,True,False,False,False
85.0,4,0,1935.5,19.1,96734,32.2,13.0,2,98.6,0,False,True,False,False,False,False
75.0,3,0,2155.0,15.3,70863,28.8,15.8,11,127.5,0,False,False,False,False,False,True
53.0,3,0,1935.5,19.1,96734,32.2,13.0,12,75.6,0,False,True,False,False,False,False
34.0,2,0,2324.5,16.1,83796,41.1,13.4,3,134.6,0,False,False,True,False,False,False
47.0,2,0,1529.5,36.2,105462,32.7,11.3,7,30.4,0,False,False,False,False,True,False
194.0,6,1,1956.6,18.3,66372,26.5,15.3,7,175.4,0,True,False,False,False,False,False
21.0,1,0,1529.5,36.2,105462,32.7,11.3,8,34.8,0,False,False,False,False,True,False
32.0,1,0,1638.4,25.8,70238,27.7,10.2,12,165.3,0,False,False,False,True,False,False
107.0,4,1,1529.5,36.2,105462,32.7,11.3,7,133.3,0,False,False,False,False,True,False
134.0,5,1,1935.5,19.1,96734,32.2,13.0,10,82.1,0,False,True,False,False,False,False
70.0,4,0,1529.5,36.2,105462,32.7,11.3,8,125.2,0,False,False,False,False,True,False
70.0,4,0,1529.5,36.2,105462,32.7,11.3,6,140.6,0,False,False,False,False,True,False
26.0,2,0,1935.5,19.1,96734,32.2,13.0,9,100.4,0,False,True,False,False,False,False
63.0,3,0,1956.6,18.3,66372,26.5,15.3,8,115.5,0,True,False,False,False,False,False
80.0,4,1,1935.5,19.1,96734,32.2,13.0,5,294.3,1,False,True,False,False,False,False
89.0,4,0,2155.0,15.3,70863,28.8,15.8,6,39.4,0,False,False,False,False,False,True
64.0,3,0,1935.5,19.1,96734,32.2,13.0,7,11.0,0,False,True,False,False,False,False
145.0,7,1,1529.5,36.2,105462,32.7,11.3,3,51.1,0,False,False,False,False,True,False
64.0,3,0,2155.0,15.3,70863,28.8,15.8,12,193.1,0,False,False,False,False,False,True
111.0,4,1,1956.6,18.3,66372,26.5,15.3,2,250.4,0,True,False,False,False,False,False
45.0,2,0,2155.0,15.3,70863,28.8,15.8,9,156.0,0,False,False,False,False,False,True
89.0,4,0,1529.5,36.2,105462,32.7,11.3,11,289.1,0,False,False,False,False,True,False
51.0,2,0,1529.5,36.2,105462,32.7,11.3,5,197.5,0,False,False,False,False,True,False
104.0,4,0,1935.5,19.1,96734,32.2,13.0,9,162.4,0,False,True,False,False,False,False
20.0,1,0,1935.5,19.1,96734,32.2,13.0,6,208.9,0,False,True,False,False,False,False
27.0,1,0,2155.0,15.3,70863,28.8,15.8,9,93.7,0,False,False,False,False,False,True
61.0,3,0,1638.4,25.8,70238,27.7,10.2,8,321.9,0,False,False,False,True,False,False
23.0,1,0,1638.4,25.8,70238,27.7,10.2,12,343.6,0,False,False,False,True,False,False
61.0,3,0,1529.5,36.2,105462,32.7,11.3,3,155.7,0,False,False,False,False,True,False
69.0,3,0,1638.4,25.8,70238,27.7,10.2,8,228.8,0,False,False,False,True,False,False
90.0,3,0,2324.5,16.1,83796,41.1,13.4,2,88.3,0,False,False,True,False,False,False
74.0,4,1,1935.5,19.1,96734,32.2,13.0,6,118.1,0,False,True,False,False,False,False
105.0,5,0,1529.5,36.2,105462,32.7,11.3,8,177.6,0,False,False,False,False,True,False
49.0,3,0,1529.5,36.2,105462,32.7,11.3,9,133.1,0,False,False,False,False,True,False
65.0,3,0,1529.5,36.2,105462,32.7,11.3,11,92.8,0,False,False,False,False,True,False
49.0,1,0,2324.5,16.1,83796,41.1,13.4,12,78.0,0,False,False,True,False,False,False
115.0,5,1,1529.5,36.2,105462,32.7,11.3,9,22.4,0,False,False,False,False,True,False
89.0,5,1,1935.5,19.1,96734,32.2,13.0,6,14.1,0,False,True,False,False,False,False
162.0,9,1,1529.5,36.2,105462,32.7,11.3,2,727.4,0,False,False,False,False,True,False
51.0,2,0,2155.0,15.3,70863,28.8,15.8,5,216.8,0,False,False,False,False,False,True
21.0,1,0,1529.5,36.2,105462,32.7,11.3,8,69.4,0,False,False,False,False,True,False
28.0,1,0,1529.5,36.2,105462,32.7,11.3,8,175.1,0,False,False,False,False,True,False
75.0,2,0,2324.5,16.1,83796,41.1,13.4,6,79.6,0,False,False,True,False,False,False
66.0,3,0,1638.4,25.8,70238,27.7,10.2,3,160.3,0,False,False,False,True,False,False
23.0,2,0,1529.5,36.2,105462,32.7,11.3,6,104.8,0,False,False,False,False,True,False
50.0,2,0,2324.5,16.1,83796,41.1,13.4,4,121.9,0,False,False,True,False,False,False
54.0,1,0,2324.5,16.1,83796,41.1,13.4,4,164.1,0,False,False,True,False,False,False
64.0,3,0,1935.5,19.1,96734,32.2,13.0,9,42.0,0,False,True,False,False,False,False
65.0,3,0,1935.5,19.1,96734,32.2,13.0,3,209.2,0,False,True,False,False,False,False
19.0,1,0,1638.4,25.8,70238,27.7,10.2,10,155.8,0,False,False,False,True,False,False
49.0,2,0,1935.5,19.1,96734,32.2,13.0,1,168.9,1,False,True,False,False,False,False
175.0,6,1,1529.5,36.2,105462,32.7,11.3,9,184.4,0,False,False,False,False,True,False
65.0,3,0,1529.5,36.2,105462,32.7,11.3,10,177.6,0,False,False,False,False,True,False
65.0,3,0,1935.5,19.1,96734,32.2,13.0,6,257.0,0,False,True,False,False,False,False
180.0,4,1,1638.4,25.8,70238,27.7,10.2,11,205.2,0,False,False,False,True,False,False
99.0,3,0,1529.5,36.2,105462,32.7,11.3,6,93.3,0,False,False,False,False,True,False
81.0,4,0,1529.5,36.2,105462,32.7,11.3,4,175.4,0,False,False,False,False,True,False
79.0,4,0,2155.0,15.3,70863,28.8,15.8,8,233.7,0,False,False,False,False,False,True
79.0,4,0,1529.5,36.2,105462,32.7,11.3,8,171.8,0,False,False,False,False,True,False
80.0,4,0,2324.5,16.1,83796,41.1,13.4,8,45.9,0,False,False,True,False,False,False
14.0,1,0,2324.5,16.1,83796,41.1,13.4,12,112.8,0,False,False,True,False,False,False
21.0,1,0,1638.4,25.8,70238,27.7,10.2,12,160.6,0,False,False,False,True,False,False
53.0,2,0,1638.4,25.8,70238,27.7,10.2,8,205.4,0,False,False,False,True,False,False
128.0,6,1,1956.6,18.3,66372,26.5,15.3,2,145.3,0,True,False,False,False,False,False
73.0,3,0,2155.0,15.3,70863,28.8,15.8,5,66.5,0,False,False,False,False,False,True
23.0,1,0,1638.4,25.8,70238,27.7,10.2,4,29.7,0,False,False,False,True,False,False
141.0,5,1,1529.5,36.2,105462,32.7,11.3,10,214.6,0,False,False,False,False,True,False
62.0,3,0,1638.4,25.8,70238,27.7,10.2,1,95.4,0,False,False,False,True,False,False
77.0,4,0,1935.5,19.1,96734,32.2,13.0,8,95.7,0,False,True,False,False,False,False
45.0,2,0,1529.5,36.2,105462,32.7,11.3,12,287.2,0,False,False,False,False,True,False
85.0,5,0,1935.5,19.1,96734,32.2,13.0,3,92.8,0,False,True,False,False,False,False
35.0,2,0,2324.5,16.1,83796,41.1,13.4,3,145.0,0,False,False,True,False,False,False
62.0,3,0,1638.4,25.8,70238,27.7,10.2,7,142.7,0,False,False,False,True,False,False
31.0,1,0,2324.5,16.1,83796,41.1,13.4,8,111.4,0,False,False,True,False,False,False
29.0,1,0,2155.0,15.3,70863,28.8,15.8,5,40.6,0,False,False,False,False,False,True
32.0,2,0,1529.5,36.2,105462,32.7,11.3,6,378.8,0,False,False,False,False,True,False
125.0,4,1,1638.4,25.8,70238,27.7,10.2,7,103.2,0,False,False,False,True,False,False
149.0,6,1,1638.4,25.8,70238,27.7,10.2,10,86.7,0,False,False,False,True,False,False
90.0,3,0,1529.5,36.2,105462,32.7,11.3,12,103.9,0,False,False,False,False,True,False
36.0,2,0,1529.5,36.2,105462,32.7,11.3,8,55.2,0,False,False,False,False,True,False
71.0,3,0,1638.4,25.8,70238,27.7,10.2,2,63.9,0,False,False,False,True,False,False
41.0,2,0,1638.4,25.8,70238,27.7,10.2,6,246.4,0,False,False,False,True,False,False
34.0,2,0,2324.5,16.1,83796,41.1,13.4,10,100.6,0,False,False,True,False,False,False
102.0,5,0,1638.4,25.8,70238,27.7,10.2,11,45.2,0,False,False,False,True,False,False
72.0,3,0,1956.6,18.3,66372,26.5,15.3,8,169.6,0,True,False,False,False,False,False
125.0,4,0,1529.5,36.2,105462,32.7,11.3,7,156.8,0,False,False,False,False,True,False
63.0,3,0,1935.5,19.1,96734,32.2,13.0,8,30.1,0,False,True,False,False,False,False
73.0,3,0,1956.6,18.3,66372,26.5,15.3,10,155.5,0,True,False,False,False,False,False
55.0,2,0,1956.6,18.3,66372,26.5,15.3,6,196.7,0,True,False,False,False,False,False
32.0,1,0,1529.5,36.2,105462,32.7,11.3,7,108.5,0,False,False,False,False,True,False
47.0,2,0,1638.4,25.8,70238,27.7,10.2,10,334.0,0,False,False,False,True,False,False
108.0,4,1,1935.5,19.1,96734,32.2,13.0,6,129.3,0,False,True,False,False,False,False
56.0,3,0,1935.5,19.1,96734,32.2,13.0,12,151.3,0,False,True,False,False,False,False
31.0,1,0,1638.4,25.8,70238,27.7,10.2,11,12.7,0,False,False,False,True,False,False
48.0,2,0,2155.0,15.3,70863,28.8,15.8,4,92.5,0,False,False,False,False,False,True
77.0,4,0,1529.5,36.2,105462,32.7,11.3,12,73.0,0,False,False,False,False,True,False
22.0,1,0,2324.5,16.1,83796,41.1,13.4,12,104.9,0,False,False,True,False,False,False
20.0,1,0,1529.5,36.2,105462,32.7,11.3,3,154.2,0,False,False,False,False,True,False
83.0,4,1,1935.5,19.1,96734,32.2,13.0,4,478.3,0,False,True,False,False,False,False
162.0,7,1,1638.4,25.8,70238,27.7,10.2,7,178.7,0,False,False,False,True,False,False
50.0,3,1,1638.4,25.8,70238,27.7,10.2,12,374.6,1,False,False,False,True,False,False
53.0,5,1,1935.5,19.1,96734,32.2,13.0,7,56.9,0,False,True,False,False,False,False
72.0,3,0,1638.4,25.8,70238,27.7,10.2,7,250.5,0,False,False,False,True,False,False
128.0,5,0,1638.4,25.8,70238,27.7,10.2,11,51.0,0,False,False,False,True,False,False
90.0,4,0,1935.5,19.1,96734,32.2,13.0,9,65.3,0,False,True,False,False,False,False
70.0,1,0,2324.5,16.1,83796,41.1,13.4,1,78.1,0,False,False,True,False,False,False
68.0,4,0,2324.5,16.1,83796,41.1,13.4,4,68.4,0,False,False,True,False,False,False
63.0,3,0,1935.5,19.1,96734,32.2,13.0,6,117.6,0,False,True,False,False,False,False
19.0,1,0,2324.5,16.1,83796,41.1,13.4,1,64.9,0,False,False,True,False,False,False
81.0,4,0,2155.0,15.3,70863,28.8,15.8,3,248.9,0,False,False,False,False,False,True
45.0,2,0,2324.5,16.1,83796,41.1,13.4,12,106.4,1,False,False,True,False,False,False
77.0,4,1,1956.6,18.3,66372,26.5,15.3,10,198.8,0,True,False,False,False,False,False
78.0,4,0,1956.6,18.3,66372,26.5,15.3,12,221.4,0,True,False,False,False,False,False
68.0,4,0,2324.5,16.1,83796,41.1,13.4,8,90.8,0,False,False,True,False,False,False
80.0,4,0,1638.4,25.8,70238,27.7,10.2,10,71.2,0,False,False,False,True,False,False
31.0,1,0,1935.5,19.1,96734,32.2,13.0,3,73.4,0,False,True,False,False,False,False
64.0,3,0,1935.5,19.1,96734,32.2,13.0,10,44.9,0,False,True,False,False,False,False
52.0,3,0,2155.0,15.3,70863,28.8,15.8,3,123.9,0,False,False,False,False,False,True
40.0,1,1,1956.6,18.3,66372,26.5,15.3,9,105.9,0,True,False,False,False,False,False
25.0,2,0,2324.5,16.1,83796,41.1,13.4,11,131.0,0,False,False,True,False,False,False
151.0,4,1,1638.4,25.8,70238,27.7,10.2,11,126.9,0,False,False,False,True,False,False
40.0,1,0,2324.5,16.1,83796,41.1,13.4,6,214.0,0,False,False,True,False,False,False
102.0,4,0,1935.5,19.1,96734,32.2,13.0,8,72.5,0,False,True,False,False,False,False
72.0,1,0,2324.5,16.1,83796,41.1,13.4,5,175.6,0,False,False,True,False,False,False
57.0,3,0,1935.5,19.1,96734,32.2,13.0,1,356.6,0,False,True,False,False,False,False
66.0,3,0,1956.6,18.3,66372,26.5,15.3,6,48.4,0,True,False,False,False,False,False
39.0,2,0,1935.5,19.1,96734,32.2,13.0,1,129.5,0,False,True,False,False,False,False
70.0,3,1,1935.5,19.1,96734,32.2,13.0,3,213.4,0,False,True,False,False,False,False
78.0,4,0,1935.5,19.1,96734,32.2,13.0,7,148.2,0,False,True,False,False,False,False
70.0,4,0,1529.5,36.2,105462,32.7,11.3,7,140.6,0,False,False,False,False,True,False
47.0,2,0,1529.5,36.2,105462,32.7,11.3,8,176.6,0,False,False,False,False,True,False
54.0,3,0,1935.5,19.1,96734,32.2,13.0,11,222.7,0,False,True,False,False,False,False
69.0,3,0,1935.5,19.1,96734,32.2,13.0,5,277.4,0,False,True,False,False,False,False
104.0,3,1,1529.5,36.2,105462,32.7,11.3,12,73.0,0,False,False,False,False,True,False
47.0,2,0,1529.5,36.2,105462,32.7,11.3,7,306.7,1,False,False,False,False,True,False
60.0,3,0,1529.5,36.2,105462,32.7,11.3,6,240.7,0,False,False,False,False,True,False
48.0,2,0,2155.0,15.3,70863,28.8,15.8,3,97.7,0,False,False,False,False,False,True
47.0,2,0,1935.5,19.1,96734,32.2,13.0,1,310.8,0,False,True,False,False,False,False
38.0,2,0,2155.0,15.3,70863,28.8,15.8,2,129.3,0,False,False,False,False,False,True
104.0,3,0,1935.5,19.1,96734,32.2,13.0,9,136.7,0,False,True,False,False,False,False
66.0,3,0,1638.4,25.8,70238,27.7,10.2,5,240.5,0,False,False,False,True,False,False
121.0,4,1,1935.5,19.1,96734,32.2,13.0,11,723.2,0,False,True,False,False,False,False
53.0,3,0,1529.5,36.2,105462,32.7,11.3,8,182.1,0,False,False,False,False,True,False
43.0,2,0,1935.5,19.1,96734,32.2,13.0,3,205.6,0,False,True,False,False,False,False
33.0,2,0,1935.5,19.1,96734,32.2,13.0,11,116.9,0,False,True,False,False,False,False
98.0,4,0,1529.5,36.2,105462,32.7,11.3,1,122.2,0,False,False,False,False,True,False
47.0,2,0,2155.0,15.3,70863,28.8,15.8,9,118.0,0,False,False,False,False,False,True
56.0,3,0,1935.5,19.1,96734,32.2,13.0,11,84.8,0,False,True,False,False,False,False
51.0,3,0,1935.5,19.1,96734,32.2,13.0,2,200.6,0,False,True,False,False,False,False
39.0,2,0,1935.5,19.1,96734,32.2,13.0,8,139.7,0,False,True,False,False,False,False
43.0,2,0,2155.0,15.3,70863,28.8,15.8,1,17.5,0,False,False,False,False,False,True
33.0,2,0,2324.5,16.1,83796,41.1,13.4,3,75.6,0,False,False,True,False,False,False
76.0,4,1,1529.5,36.2,105462,32.7,11.3,11,81.1,0,False,False,False,False,True,False
87.0,4,0,1956.6,18.3,66372,26.5,15.3,7,30.0,0,True,False,False,False,False,False
44.0,2,0,1638.4,25.8,70238,27.7,10.2,12,56.0,0,False,False,False,True,False,False
66.0,3,0,1935.5,19.1,96734,32.2,13.0,10,161.9,0,False,True,False,False,False,False
16.0,1,0,1638.4,25.8,70238,27.7,10.2,3,300.9,0,False,False,False,True,False,False
90.0,4,0,2324.5,16.1,83796,41.1,13.4,6,83.4,0,False,False,True,False,False,False
26.0,1,0,1529.5,36.2,105462,32.7,11.3,7,149.9,0,False,False,False,False,True,False
138.0,6,1,2155.0,15.3,70863,28.8,15.8,9,267.5,0,False,False,False,False,False,True
21.0,1,0,2324.5,16.1,83796,41.1,13.4,5,257.4,0,False,False,True,False,False,False
48.0,2,0,2155.0,15.3,70863,28.8,15.8,8,180.4,0,False,False,False,False,False,True
119.0,5,1,1935.5,19.1,96734,32.2,13.0,10,111.1,0,False,True,False,False,False,False
90.0,4,1,1935.5,19.1,96734,32.2,13.0,10,64.6,0,False,True,False,False,False,False
70.0,4,0,1935.5,19.1,96734,32.2,13.0,12,219.5,0,False,True,False,False,False,False
88.0,1,1,1935.5,19.1,96734,32.2,13.0,9,96.0,0,False,True,False,False,False,False
66.0,3,1,1956.6,18.3,66372,26.5,15.3,3,154.7,0,True,False,False,False,False,False
76.0,3,1,1529.5,36.2,105462,32.7,11.3,7,214.2,1,False,False,False,False,True,False
85.0,4,1,2155.0,15.3,70863,28.8,15.8,12,249.6,0,False,False,False,False,False,True
40.0,2,0,2324.5,16.1,83796,41.1,13.4,11,142.8,0,False,False,True,False,False,False
70.0,4,0,2155.0,15.3,70863,28.8,15.8,9,231.3,0,False,False,False,False,False,True
48.0,2,0,1956.6,18.3,66372,26.5,15.3,5,155.5,0,True,False,False,False,False,False
85.0,5,0,1935.5,19.1,96734,32.2,13.0,5,92.8,0,False,True,False,False,False,False
65.0,3,0,2324.5,16.1,83796,41.1,13.4,7,89.0,0,False,False,True,False,False,False
30.0,1,0,2324.5,16.1,83796,41.1,13.4,12,64.5,0,False,False,True,False,False,False
105.0,5,1,1956.6,18.3,66372,26.5,15.3,6,61.9,0,True,False,False,False,False,False
44.0,2,0,1529.5,36.2,105462,32.7,11.3,10,320.6,0,False,False,False,False,True,False
28.0,1,0,1956.6,18.3,66372,26.5,15.3,10,85.6,0,True,False,False,False,False,False
99.0,1,0,1638.4,25.8,70238,27.7,10.2,2,159.7,1,False,False,False,True,False,False
78.0,3,0,2324.5,16.1,83796,41.1,13.4,8,41.7,0,False,False,True,False,False,False
59.0,3,0,1935.5,19.1,96734,32.2,13.0,3,142.8,0,False,True,False,False,False,False
26.0,1,0,1529.5,36.2,105462,32.7,11.3,10,156.3,0,False,False,False,False,True,False
78.0,4,1,1956.6,18.3,66372,26.5,15.3,2,105.3,0,True,False,False,False,False,False
29.0,2,0,1529.5,36.2,105462,32.7,11.3,2,156.5,1,False,False,False,False,True,False
87.0,4,1,1956.6,18.3,66372,26.5,15.3,2,106.2,0,True,False,False,False,False,False
39.0,3,0,2324.5,16.1,83796,41.1,13.4,12,199.1,0,False,False,True,False,False,False
67.0,3,0,1935.5,19.1,96734,32.2,13.0,7,63.4,0,False,True,False,False,False,False
74.0,4,1,1529.5,36.2,105462,32.7,11.3,7,156.3,1,False,False,False,False,True,False
66.0,4,0,1638.4,25.8,70238,27.7,10.2,9,130.7,1,False,False,False,True,False,False
22.0,1,0,2324.5,16.1,83796,41.1,13.4,1,298.6,0,False,False,True,False,False,False
78.0,4,0,1956.6,18.3,66372,26.5,15.3,4,102.7,0,True,False,False,False,False,False
41.0,2,0,2324.5,16.1,83796,41.1,13.4,10,208.5,0,False,False,True,False,False,False
76.0,3,0,2155.0,15.3,70863,28.8,15.8,9,58.9,0,False,False,False,False,False,True
65.0,4,0,1956.6,18.3,66372,26.5,15.3,6,171.9,1,True,False,False,False,False,False
48.0,2,0,2155.0,15.3,70863,28.8,15.8,6,162.5,0,False,False,False,False,False,True
45.0,2,1,1529.5,36.2,105462,32.7,11.3,6,116.6,0,False,False,False,False,True,False
82.0,4,0,1956.6,18.3,66372,26.5,15.3,1,130.6,0,True,False,False,False,False,False
106.0,5,0,1935.5,19.1,96734,32.2,13.0,9,219.3,0,False,True,False,False,False,False
66.0,3,0,1935.5,19.1,96734,32.2,13.0,7,161.9,0,False,True,False,False,False,False
52.0,4,1,1638.4,25.8,70238,27.7,10.2,10,173.1,0,False,False,False,True,False,False
73.0,3,1,1956.6,18.3,66372,26.5,15.3,11,77.9,0,True,False,False,False,False,False
36.0,3,1,1529.5,36.2,105462,32.7,11.3,7,190.6,0,False,False,False,False,True,False
47.0,2,0,2324.5,16.1,83796,41.1,13.4,10,69.3,0,False,False,True,False,False,False
20.0,1,0,1529.5,36.2,105462,32.7,11.3,9,65.1,0,False,False,False,False,True,False
85.0,3,0,2155.0,15.3,70863,28.8,15.8,7,59.5,0,False,False,False,False,False,True
26.0,1,0,2155.0,15.3,70863,28.8,15.8,8,35.7,0,False,False,False,False,False,True
110.0,4,0,2324.5,16.1,83796,41.1,13.4,4,84.8,0,False,False,True,False,False,False
89.0,5,1,1935.5,19.1,96734,32.2,13.0,5,299.9,0,False,True,False,False,False,False
41.0,2,0,1935.5,19.1,96734,32.2,13.0,4,339.9,0,False,True,False,False,False,False
34.0,2,0,2155.0,15.3,70863,28.8,15.8,11,123.4,0,False,False,False,False,False,True
80.0,5,0,1529.5,36.2,105462,32.7,11.3,7,227.7,0,False,False,False,False,True,False
29.0,1,0,2324.5,16.1,83796,41.1,13.4,10,192.5,0,False,False,True,False,False,False
133.0,6,1,1529.5,36.2,105462,32.7,11.3,7,242.3,0,False,False,False,False,True,False
73.0,3,1,1956.6,18.3,66372,26.5,15.3,6,168.3,0,True,False,False,False,False,False
60.0,3,0,1935.5,19.1,96734,32.2,13.0,5,41.3,0,False,True,False,False,False,False
23.0,1,0,1638.4,25.8,70238,27.7,10.2,5,144.0,0,False,False,False,True,False,False
62.0,4,0,1935.5,19.1,96734,32.2,13.0,2,172.2,0,False,True,False,False,False,False
69.0,3,0,1638.4,25.8,70238,27.7,10.2,8,140.4,0,False,False,False,True,False,False
34.0,2,0,1638.4,25.8,70238,27.7,10.2,3,113.1,0,False,False,False,True,False,False
69.0,4,0,1935.5,19.1,96734,32.2,13.0,7,156.7,0,False,True,False,False,False,False
66.0,3,0,1935.5,19.1,96734,32.2,13.0,7,324.4,0,False,True,False,False,False,False
59.0,3,0,2155.0,15.3,70863,28.8,15.8,8,160.6,0,False,False,False,False,False,True
76.0,3,0,2324.5,16.1,83796,41.1,13.4,5,144.8,0,False,False,True,False,False,False
68.0,2,0,2324.5,16.1,83796,41.1,13.4,10,165.0,0,False,False,True,False,False,False
52.0,2,0,2324.5,16.1,83796,41.1,13.4,12,266.0,0,False,False,True,False,False,False
18.0,1,0,1529.5,36.2,105462,32.7,11.3,6,167.0,0,False,False,False,False,True,False
131.0,4,0,2324.5,16.1,83796,41.1,13.4,10,179.3,0,False,False,True,False,False,False
33.0,1,0,1529.5,36.2,105462,32.7,11.3,3,36.5,0,False,False,False,False,True,False
58.0,3,0,1935.5,19.1,96734,32.2,13.0,5,155.8,0,False,True,False,False,False,False
90.0,4,1,1529.5,36.2,105462,32.7,11.3,7,276.0,0,False,False,False,False,True,False
46.0,3,0,2155.0,15.3,70863,28.8,15.8,10,123.9,0,False,False,False,False,False,True
24.0,1,0,2155.0,15.3,70863,28.8,15.8,8,447.4,0,False,False,False,False,False,True
47.0,2,0,1935.5,19.1,96734,32.2,13.0,7,146.4,0,False,True,False,False,False,False
61.0,3,0,1956.6,18.3,66372,26.5,15.3,4,421.3,0,True,False,False,False,False,False
45.0,2,0,1529.5,36.2,105462,32.7,11.3,7,116.8,0,False,False,False,False,True,False
78.0,3,0,2324.5,16.1,83796,41.1,13.4,4,127.9,0,False,False,True,False,False,False
47.0,2,0,1956.6,18.3,66372,26.5,15.3,11,84.4,0,True,False,False,False,False,False
85.0,4,0,2155.0,15.3,70863,28.8,15.8,4,312.8,0,False,False,False,False,False,True
64.0,3,0,1956.6,18.3,66372,26.5,15.3,12,338.0,0,True,False,False,False,False,False
133.0,4,1,1638.4,25.8,70238,27.7,10.2,8,81.7,0,False,False,False,True,False,False
90.0,3,1,1638.4,25.8,70238,27.7,10.2,10,215.4,0,False,False,False,True,False,False
120.0,5,1,2324.5,16.1,83796,41.1,13.4,11,89.5,0,False,False,True,False,False,False
42.0,2,0,1935.5,19.1,96734,32.2,13.0,3,49.6,0,False,True,False,False,False,False
120.0,4,1,1638.4,25.8,70238,27.7,10.2,3,80.7,0,False,False,False,True,False,False
17.0,1,0,2324.5,16.1,83796,41.1,13.4,12,320.7,0,False,False,True,False,False,False
35.0,2,0,1935.5,19.1,96734,32.2,13.0,5,65.7,0,False,True,False,False,False,False
70.0,3,1,1935.5,19.1,96734,32.2,13.0,9,100.2,0,False,True,False,False,False,False
77.0,3,0,2324.5,16.1,83796,41.1,13.4,5,67.6,0,False,False,True,False,False,False
77.0,4,1,1956.6,18.3,66372,26.5,15.3,4,102.0,0,True,False,False,False,False,False
20.0,1,0,2155.0,15.3,70863,28.8,15.8,6,120.1,0,False,False,False,False,False,True
112.0,5,1,1638.4,25.8,70238,27.7,10.2,6,143.2,0,False,False,False,True,False,False
100.0,4,0,2155.0,15.3,70863,28.8,15.8,5,126.1,0,False,False,False,False,False,True
19.0,1,0,2324.5,16.1,83796,41.1,13.4,6,250.3,0,False,False,True,False,False,False
52.0,2,0,1935.5,19.1,96734,32.2,13.0,9,6.5,1,False,True,False,False,False,False
37.0,2,0,1529.5,36.2,105462,32.7,11.3,7,316.5,0,False,False,False,False,True,False
77.0,4,0,1956.6,18.3,66372,26.5,15.3,10,75.6,0,True,False,False,False,False,False
140.0,5,1,1529.5,36.2,105462,32.7,11.3,7,179.0,0,False,False,False,False,True,False
25.0,1,0,1935.5,19.1,96734,32.2,13.0,5,148.7,0,False,True,False,False,False,False
29.0,2,0,2155.0,15.3,70863,28.8,15.8,5,51.2,0,False,False,False,False,False,True
40.0,2,0,1638.4,25.8,70238,27.7,10.2,9,296.1,0,False,False,False,True,False,False
80.0,4,1,1935.5,19.1,96734,32.2,13.0,12,131.5,0,False,True,False,False,False,False
26.0,1,0,1529.5,36.2,105462,32.7,11.3,6,110.9,0,False,False,False,False,True,False
60.0,3,0,1935.5,19.1,96734,32.2,13.0,12,88.1,0,False,True,False,False,False,False
59.0,3,0,1529.5,36.2,105462,32.7,11.3,12,135.4,0,False,False,False,False,True,False
137.0,6,1,1638.4,25.8,70238,27.7,10.2,5,231.3,0,False,False,False,True,False,False
62.0,4,1,1529.5,36.2,105462,32.7,11.3,1,136.7,0,False,False,False,False,True,False
42.0,2,0,2155.0,15.3,70863,28.8,15.8,4,135.0,0,False,False,False,False,False,True
64.0,3,0,1529.5,36.2,105462,32.7,11.3,9,6.4,0,False,False,False,False,True,False
25.0,2,0,1529.5,36.2,105462,32.7,11.3,4,121.2,0,False,False,False,False,True,False
45.0,2,0,1638.4,25.8,70238,27.7,10.2,9,43.1,0,False,False,False,True,False,False
45.0,2,0,2155.0,15.3,70863,28.8,15.8,4,125.9,0,False,False,False,False,False,True
19.0,1,0,2324.5,16.1,83796,41.1,13.4,1,108.1,0,False,False,True,False,False,False
75.0,3,0,1638.4,25.8,70238,27.7,10.2,6,297.0,0,False,False,False,True,False,False
43.0,2,0,1935.5,19.1,96734,32.2,13.0,6,255.9,0,False,True,False,False,False,False
70.0,3,0,1935.5,19.1,96734,32.2,13.0,12,142.0,0,False,True,False,False,False,False
59.0,3,0,1935.5,19.1,96734,32.2,13.0,12,141.3,0,False,True,False,False,False,False
88.0,4,0,2324.5,16.1,83796,41.1,13.4,9,94.8,0,False,False,True,False,False,False
30.0,1,0,1935.5,19.1,96734,32.2,13.0,9,298.9,0,False,True,False,False,False,False
42.0,2,0,1935.5,19.1,96734,32.2,13.0,1,280.1,0,False,True,False,False,False,False
44.0,3,0,2155.0,15.3,70863,28.8,15.8,3,215.1,0,False,False,False,False,False,True
22.0,1,0,1529.5,36.2,105462,32.7,11.3,1,52.4,0,False,False,False,False,True,False
99.0,5,0,1529.5,36.2,105462,32.7,11.3,6,153.4,0,False,False,False,False,True,False
41.0,2,0,2324.5,16.1,83796,41.1,13.4,11,79.3,0,False,False,True,False,False,False
35.0,1,0,1935.5,19.1,96734,32.2,13.0,1,248.0,0,False,True,False,False,False,False
40.0,2,0,2155.0,15.3,70863,28.8,15.8,1,123.2,0,False,False,False,False,False,True
65.0,3,0,1638.4,25.8,70238,27.7,10.2,4,59.0,0,False,False,False,True,False,False
36.0,1,0,1529.5,36.2,105462,32.7,11.3,8,121.2,0,False,False,False,False,True,False
58.0,3,0,1935.5,19.1,96734,32.2,13.0,6,316.5,0,False,True,False,False,False,False
57.0,3,0,1638.4,25.8,70238,27.7,10.2,1,158.8,0,False,False,False,True,False,False
78.0,4,0,1956.6,18.3,66372,26.5,15.3,9,109.7,1,True,False,False,False,False,False
56.0,3,0,1529.5,36.2,105462,32.7,11.3,2,76.5,0,False,False,False,False,True,False
49.0,3,0,1529.5,36.2,105462,32.7,11.3,3,89.3,0,False,False,False,False,True,False
66.0,3,0,1529.5,36.2,105462,32.7,11.3,7,137.6,0,False,False,False,False,True,False
96.0,4,0,2324.5,16.1,83796,41.1,13.4,5,78.2,0,False,False,True,False,False,False
35.0,1,0,1529.5,36.2,105462,32.7,11.3,2,122.5,0,False,False,False,False,True,False
39.0,1,0,2324.5,16.1,83796,41.1,13.4,12,146.4,0,False,False,True,False,False,False
32.0,2,0,2324.5,16.1,83796,41.1,13.4,1,210.9,0,False,False,True,False,False,False
73.0,4,0,2324.5,16.1,83796,41.1,13.4,11,118.9,0,False,False,True,False,False,False
36.0,2,0,2324.5,16.1,83796,41.1,13.4,5,337.3,0,False,False,True,False,False,False
60.0,3,0,2155.0,15.3,70863,28.8,15.8,6,56.3,0,False,False,False,False,False,True
92.0,3,0,2324.5,16.1,83796,41.1,13.4,10,67.7,0,False,False,True,False,False,False
73.0,3,0,1935.5,19.1,96734,32.2,13.0,5,281.8,0,False,True,False,False,False,False
150.0,4,1,2324.5,16.1,83796,41.1,13.4,12,172.9,0,False,False,True,False,False,False
132.0,5,1,1529.5,36.2,105462,32.7,11.3,10,134.5,0,False,False,False,False,True,False
68.0,3,0,1638.4,25.8,70238,27.7,10.2,1,179.5,0,False,False,False,True,False,False
92.0,4,0,2324.5,16.1,83796,41.1,13.4,11,216.7,0,False,False,True,False,False,False
75.0,1,0,2155.0,15.3,70863,28.8,15.8,1,65.7,0,False,False,False,False,False,True
30.0,2,0,2155.0,15.3,70863,28.8,15.8,7,135.6,0,False,False,False,False,False,True
34.0,2,0,1638.4,25.8,70238,27.7,10.2,11,356.7,0,False,False,False,True,False,False
50.0,2,0,2155.0,15.3,70863,28.8,15.8,3,63.2,0,False,False,False,False,False,True
99.0,4,0,2324.5,16.1,83796,41.1,13.4,5,50.8,0,False,False,True,False,False,False
17.0,1,0,1529.5,36.2,105462,32.7,11.3,12,186.2,0,False,False,False,False,True,False
68.0,3,0,1529.5,36.2,105462,32.7,11.3,11,47.7,0,False,False,False,False,True,False
85.0,4,0,1935.5,19.1,96734,32.2,13.0,5,104.9,0,False,True,False,False,False,False
63.0,3,0,2155.0,15.3,70863,28.8,15.8,8,161.7,0,False,False,False,False,False,True
104.0,4,1,1529.5,36.2,105462,32.7,11.3,6,43.9,0,False,False,False,False,True,False
22.0,2,0,2324.5,16.1,83796,41.1,13.4,1,45.8,0,False,False,True,False,False,False
22.0,1,0,1529.5,36.2,105462,32.7,11.3,6,83.1,0,False,False,False,False,True,False
102.0,4,1,1638.4,25.8,70238,27.7,10.2,2,209.6,0,False,False,False,True,False,False
320.0,10,1,1529.5,36.2,105462,32.7,11.3,7,59.4,0,False,False,False,False,True,False
44.0,2,0,2155.0,15.3,70863,28.8,15.8,7,22.0,0,False,False,False,False,False,True
47.0,2,0,2155.0,15.3,70863,28.8,15.8,5,23.5,0,False,False,False,False,False,True
80.0,4,0,2155.0,15.3,70863,28.8,15.8,9,68.3,0,False,False,False,False,False,True
20.0,1,0,2155.0,15.3,70863,28.8,15.8,3,120.1,0,False,False,False,False,False,True
76.0,4,1,1935.5,19.1,96734,32.2,13.0,6,318.4,0,False,True,False,False,False,False
40.0,2,0,1935.5,19.1,96734,32.2,13.0,12,67.2,0,False,True,False,False,False,False
16.0,1,0,2155.0,15.3,70863,28.8,15.8,9,104.3,0,False,False,False,False,False,True
39.0,2,0,1638.4,25.8,70238,27.7,10.2,3,99.9,0,False,False,False,True,False,False
102.0,4,0,2155.0,15.3,70863,28.8,15.8,9,177.8,0,False,False,False,False,False,True
78.0,4,1,1529.5,36.2,105462,32.7,11.3,11,139.2,0,False,False,False,False,True,False
40.0,1,0,2324.5,16.1,83796,41.1,13.4,1,129.6,0,False,False,True,False,False,False
46.0,2,0,2324.5,16.1,83796,41.1,13.4,10,112.7,0,False,False,True,False,False,False
42.0,2,0,1935.5,19.1,96734,32.2,13.0,11,27.1,0,False,True,False,False,False,False
107.0,4,0,1935.5,19.1,96734,32.2,13.0,2,272.6,0,False,True,False,False,False,False
23.0,1,0,1935.5,19.1,96734,32.2,13.0,12,111.5,0,False,True,False,False,False,False
85.0,4,0,1935.5,19.1,96734,32.2,13.0,3,194.0,0,False,True,False,False,False,False
72.0,4,0,2324.5,16.1,83796,41.1,13.4,3,111.1,0,False,False,True,False,False,False
69.0,3,0,2155.0,15.3,70863,28.8,15.8,9,44.1,0,False,False,False,False,False,True
44.0,2,0,1935.5,19.1,96734,32.2,13.0,3,100.2,0,False,True,False,False,False,False
83.0,3,1,1529.5,36.2,105462,32.7,11.3,5,126.1,0,False,False,False,False,True,False
45.0,2,0,2155.0,15.3,70863,28.8,15.8,9,56.1,0,False,False,False,False,False,True
35.0,2,0,2324.5,16.1,83796,41.1,13.4,2,187.3,0,False,False,True,False,False,False
18.0,1,0,1529.5,36.2,105462,32.7,11.3,1,97.2,0,False,False,False,False,True,False
65.0,3,0,1638.4,25.8,70238,27.7,10.2,5,132.1,0,False,False,False,True,False,False
68.0,4,0,1529.5,36.2,105462,32.7,11.3,6,195.7,0,False,False,False,False,True,False
38.0,2,0,2324.5,16.1,83796,41.1,13.4,4,168.2,0,False,False,True,False,False,False
128.0,5,1,1956.6,18.3,66372,26.5,15.3,11,138.6,0,True,False,False,False,False,False
33.0,2,0,2324.5,16.1,83796,41.1,13.4,12,111.6,0,False,False,True,False,False,False
140.0,7,1,1529.5,36.2,105462,32.7,11.3,12,155.1,0,False,False,False,False,True,False
25.0,1,0,1956.6,18.3,66372,26.5,15.3,11,33.1,0,True,False,False,False,False,False
53.0,3,0,2155.0,15.3,70863,28.8,15.8,3,52.3,1,False,False,False,False,False,True
38.0,1,0,1529.5,36.2,105462,32.7,11.3,11,129.9,0,False,False,False,False,True,False
15.0,1,0,2155.0,15.3,70863,28.8,15.8,8,105.9,1,False,False,False,False,False,True
69.0,3,0,1935.5,19.1,96734,32.2,13.0,7,354.6,0,False,True,False,False,False,False
34.0,1,0,2324.5,16.1,83796,41.1,13.4,8,124.6,0,False,False,True,False,False,False
85.0,5,0,2155.0,15.3,70863,28.8,15.8,3,134.5,0,False,False,False,False,False,True
87.0,3,0,2155.0,15.3,70863,28.8,15.8,12,160.9,0,False,False,False,False,False,True
33.0,2,0,2155.0,15.3,70863,28.8,15.8,4,398.7,0,False,False,False,False,False,True
101.0,4,0,1935.5,19.1,96734,32.2,13.0,7,251.3,0,False,True,False,False,False,False
53.0,2,0,2324.5,16.1,83796,41.1,13.4,1,353.8,0,False,False,True,False,False,False
22.0,1,0,1956.6,18.3,66372,26.5,15.3,1,360.7,0,True,False,False,False,False,False
78.0,3,1,2155.0,15.3,70863,28.8,15.8,10,83.0,0,False,False,False,False,False,True
18.0,1,0,2324.5,16.1,83796,41.1,13.4,4,168.2,0,False,False,True,False,False,False
35.0,1,0,1529.5,36.2,105462,32.7,11.3,3,86.8,0,False,False,False,False,True,False
75.0,4,0,1935.5,19.1,96734,32.2,13.0,7,82.7,0,False,True,False,False,False,False
65.0,4,0,1638.4,25.8,70238,27.7,10.2,11,81.5,0,False,False,False,True,False,False
83.0,4,0,1638.4,25.8,70238,27.7,10.2,5,184.0,0,False,False,False,True,False,False
80.0,4,0,1529.5,36.2,105462,32.7,11.3,1,102.0,0,False,False,False,False,True,False
65.0,3,0,1638.4,25.8,70238,27.7,10.2,8,44.6,0,False,False,False,True,False,False
42.0,2,0,2324.5,16.1,83796,41.1,13.4,10,136.5,0,False,False,True,False,False,False
55.0,2,0,2324.5,16.1,83796,41.1,13.4,6,85.8,1,False,False,True,False,False,False
63.0,3,0,1638.4,25.8,70238,27.7,10.2,4,69.0,0,False,False,False,True,False,False
58.0,3,0,1638.4,25.8,70238,27.7,10.2,7,202.8,0,False,False,False,True,False,False
46.0,2,0,1935.5,19.1,96734,32.2,13.0,7,127.1,0,False,True,False,False,False,False
45.0,2,0,1935.5,19.1,96734,32.2,13.0,12,53.7,0,False,True,False,False,False,False
83.0,4,0,1935.5,19.1,96734,32.2,13.0,11,104.9,0,False,True,False,False,False,False
66.0,3,0,1529.5,36.2,105462,32.7,11.3,11,69.3,0,False,False,False,False,True,False
46.0,2,0,1935.5,19.1,96734,32.2,13.0,4,342.0,0,False,True,False,False,False,False
59.0,3,0,1935.5,19.1,96734,32.2,13.0,2,57.1,0,False,True,False,False,False,False
46.0,2,0,1529.5,36.2,105462,32.7,11.3,3,179.4,0,False,False,False,False,True,False
136.0,4,0,1529.5,36.2,105462,32.7,11.3,3,52.9,0,False,False,False,False,True,False
67.0,4,0,2155.0,15.3,70863,28.8,15.8,3,75.2,0,False,False,False,False,False,True
61.0,3,0,2155.0,15.3,70863,28.8,15.8,4,234.3,0,False,False,False,False,False,True
33.0,1,0,1529.5,36.2,105462,32.7,11.3,8,119.3,0,False,False,False,False,True,False
55.0,3,0,1935.5,19.1,96734,32.2,13.0,10,84.8,0,False,True,False,False,False,False
119.0,5,0,2324.5,16.1,83796,41.1,13.4,12,18.2,0,False,False,True,False,False,False
46.0,2,0,2324.5,16.1,83796,41.1,13.4,12,296.0,0,False,False,True,False,False,False
45.0,2,0,1529.5,36.2,105462,32.7,11.3,12,84.1,0,False,False,False,False,True,False
34.0,2,0,2324.5,16.1,83796,41.1,13.4,11,221.8,0,False,False,True,False,False,False
64.0,3,0,1638.4,25.8,70238,27.7,10.2,5,42.9,0,False,False,False,True,False,False
31.0,1,0,2155.0,15.3,70863,28.8,15.8,6,139.0,0,False,False,False,False,False,True
105.0,5,1,1956.6,18.3,66372,26.5,15.3,12,46.9,0,True,False,False,False,False,False
60.0,2,0,1638.4,25.8,70238,27.7,10.2,7,132.6,0,False,False,False,True,False,False
61.0,3,0,1935.5,19.1,96734,32.2,13.0,1,99.5,0,False,True,False,False,False,False
44.0,2,0,1956.6,18.3,66372,26.5,15.3,8,244.9,0,True,False,False,False,False,False
101.0,4,0,1935.5,19.1,96734,32.2,13.0,4,115.2,0,False,True,False,False,False,False
81.0,4,0,1638.4,25.8,70238,27.7,10.2,8,317.6,0,False,False,False,True,False,False
53.0,3,0,1935.5,19.1,96734,32.2,13.0,8,109.7,0,False,True,False,False,False,False
119.0,3,0,2324.5,16.1,83796,41.1,13.4,8,203.1,0,False,False,True,False,False,False
47.0,2,0,2324.5,16.1,83796,41.1,13.4,4,175.2,0,False,False,True,False,False,False
47.0,2,0,1529.5,36.2,105462,32.7,11.3,12,136.9,0,False,False,False,False,True,False
66.0,3,0,1638.4,25.8,70238,27.7,10.2,5,407.1,0,False,False,False,True,False,False
15.0,1,0,1529.5,36.2,105462,32.7,11.3,3,99.7,0,False,False,False,False,True,False
65.0,1,1,1935.5,19.1,96734,32.2,13.0,11,280.6,0,False,True,False,False,False,False
205.0,7,1,1956.6,18.3,66372,26.5,15.3,11,75.4,0,True,False,False,False,False,False
52.0,2,0,1956.6,18.3,66372,26.5,15.3,7,79.4,0,True,False,False,False,False,False
42.0,2,0,2155.0,15.3,70863,28.8,15.8,10,72.9,0,False,False,False,False,False,True
100.0,4,1,1935.5,19.1,96734,32.2,13.0,9,82.8,0,False,True,False,False,False,False
88.0,4,0,2155.0,15.3,70863,28.8,15.8,5,68.3,0,False,False,False,False,False,True
60.0,3,0,1956.6,18.3,66372,26.5,15.3,12,379.2,0,True,False,False,False,False,False
64.0,2,0,1529.5,36.2,105462,32.7,11.3,9,44.0,0,False,False,False,False,True,False
80.0,4,1,1935.5,19.1,96734,32.2,13.0,6,122.4,0,False,True,False,False,False,False
42.0,2,0,1529.5,36.2,105462,32.7,11.3,4,106.6,0,False,False,False,False,True,False
39.0,2,0,1638.4,25.8,70238,27.7,10.2,7,96.4,0,False,False,False,True,False,False
43.0,2,0,1956.6,18.3,66372,26.5,15.3,9,421.3,0,True,False,False,False,False,False
45.0,2,0,2155.0,15.3,70863,28.8,15.8,8,92.5,0,False,False,False,False,False,True
127.0,5,0,1638.4,25.8,70238,27.7,10.2,11,317.8,0,False,False,False,True,False,False
63.0,3,0,1935.5,19.1,96734,32.2,13.0,7,100.8,0,False,True,False,False,False,False
64.0,3,0,1956.6,18.3,66372,26.5,15.3,1,291.9,1,True,False,False,False,False,False
73.0,4,1,1935.5,19.1,96734,32.2,13.0,7,54.3,0,False,True,False,False,False,False
81.0,4,0,1956.6,18.3,66372,26.5,15.3,3,184.7,0,True,False,False,False,False,False
48.0,2,0,2155.0,15.3,70863,28.8,15.8,5,85.7,0,False,False,False,False,False,True
23.0,1,0,1638.4,25.8,70238,27.7,10.2,12,97.4,0,False,False,False,True,False,False
59.0,3,0,2155.0,15.3,70863,28.8,15.8,7,184.0,1,False,False,False,False,False,True
73.0,3,0,1956.6,18.3,66372,26.5,15.3,7,155.5,0,True,False,False,False,False,False
78.0,5,0,1935.5,19.1,96734,32.2,13.0,4,151.3,0,False,True,False,False,False,False
45.0,3,0,2155.0,15.3,70863,28.8,15.8,3,127.1,0,False,False,False,False,False,True
42.0,2,0,1529.5,36.2,105462,32.7,11.3,12,55.2,0,False,False,False,False,True,False
63.0,3,0,1956.6,18.3,66372,26.5,15.3,10,59.6,0,True,False,False,False,False,False
31.0,1,0,1956.6,18.3,66372,26.5,15.3,6,123.0,0,True,False,False,False,False,False
45.0,3,0,2324.5,16.1,83796,41.1,13.4,2,273.9,0,False,False,True,False,False,False
20.0,1,0,2155.0,15.3,70863,28.8,15.8,12,89.8,0,False,False,False,False,False,True
86.0,4,0,2155.0,15.3,70863,28.8,15.8,2,157.2,0,False,False,False,False,False,True
83.0,3,0,1638.4,25.8,70238,27.7,10.2,3,75.3,0,False,False,False,True,False,False
66.0,3,0,1638.4,25.8,70238,27.7,10.2,5,262.5,0,False,False,False,True,False,False
80.0,4,0,1638.4,25.8,70238,27.7,10.2,1,103.5,0,False,False,False,True,False,False
10.0,1,0,2324.5,16.1,83796,41.1,13.4,8,121.4,0,False,False,True,False,False,False
58.0,3,0,1956.6,18.3,66372,26.5,15.3,1,118.8,0,True,False,False,False,False,False
76.0,3,0,1638.4,25.8,70238,27.7,10.2,7,193.4,0,False,False,False,True,False,False
42.0,2,0,2155.0,15.3,70863,28.8,15.8,8,151.4,0,False,False,False,False,False,True
69.0,4,0,2155.0,15.3,70863,28.8,15.8,8,145.9,0,False,False,False,False,False,True
86.0,4,1,1529.5,36.2,105462,32.7,11.3,10,168.3,0,False,False,False,False,True,False
80.0,4,0,1935.5,19.1,96734,32.2,13.0,1,378.1,0,False,True,False,False,False,False
41.0,2,0,1935.5,19.1,96734,32.2,13.0,12,257.1,0,False,True,False,False,False,False
41.0,2,0,1935.5,19.1,96734,32.2,13.0,10,67.6,0,False,True,False,False,False,False
81.0,4,0,2155.0,15.3,70863,28.8,15.8,8,56.1,0,False,False,False,False,False,True
67.0,3,0,1956.6,18.3,66372,26.5,15.3,4,116.3,0,True,False,False,False,False,False
171.0,6,1,1529.5,36.2,105462,32.7,11.3,7,214.8,0,False,False,False,False,True,False
55.0,3,0,1956.6,18.3,66372,26.5,15.3,4,125.9,0,True,False,False,False,False,False
40.0,2,0,2324.5,16.1,83796,41.1,13.4,10,219.5,0,False,False,True,False,False,False
57.0,3,0,1935.5,19.1,96734,32.2,13.0,11,113.8,0,False,True,False,False,False,False
46.0,2,0,1956.6,18.3,66372,26.5,15.3,3,137.9,0,True,False,False,False,False,False
47.0,2,0,2155.0,15.3,70863,28.8,15.8,6,91.2,0,False,False,False,False,False,True
89.0,4,0,1935.5,19.1,96734,32.2,13.0,8,97.6,0,False,True,False,False,False,False
39.0,2,0,2324.5,16.1,83796,41.1,13.4,6,116.7,0,False,False,True,False,False,False
50.0,2,0,1638.4,25.8,70238,27.7,10.2,12,340.2,0,False,False,False,True,False,False
71.0,3,0,1935.5,19.1,96734,32.2,13.0,4,102.9,0,False,True,False,False,False,False
30.0,1,0,2155.0,15.3,70863,28.8,15.8,9,200.7,0,False,False,False,False,False,True
50.0,3,0,1935.5,19.1,96734,32.2,13.0,6,123.8,0,False,True,False,False,False,False
31.0,2,0,1529.5,36.2,105462,32.7,11.3,4,112.1,0,False,False,False,False,True,False
67.0,3,0,1529.5,36.2,105462,32.7,11.3,3,120.5,0,False,False,False,False,True,False
70.0,4,0,1935.5,19.1,96734,32.2,13.0,1,113.5,0,False,True,False,False,False,False
66.0,4,0,1529.5,36.2,105462,32.7,11.3,5,201.3,0,False,False,False,False,True,False
37.0,2,0,2324.5,16.1,83796,41.1,13.4,7,189.7,0,False,False,True,False,False,False
57.0,3,0,1935.5,19.1,96734,32.2,13.0,8,127.7,0,False,True,False,False,False,False
240.0,9,1,1529.5,36.2,105462,32.7,11.3,9,191.7,0,False,False,False,False,True,False
47.0,2,0,1638.4,25.8,70238,27.7,10.2,11,88.4,1,False,False,False,True,False,False
45.0,2,0,1935.5,19.1,96734,32.2,13.0,11,126.2,0,False,True,False,False,False,False
24.0,1,0,2324.5,16.1,83796,41.1,13.4,7,97.3,0,False,False,True,False,False,False
34.0,1,0,1935.5,19.1,96734,32.2,13.0,8,55.1,0,False,True,False,False,False,False
62.0,3,0,1529.5,36.2,105462,32.7,11.3,8,153.4,0,False,False,False,False,True,False
87.0,4,0,1529.5,36.2,105462,32.7,11.3,11,54.6,0,False,False,False,False,True,False
183.0,6,1,2155.0,15.3,70863,28.8,15.8,10,144.5,0,False,False,False,False,False,True
117.0,6,0,1529.5,36.2,105462,32.7,11.3,8,67.9,0,False,False,False,False,True,False
65.0,3,1,1956.6,18.3,66372,26.5,15.3,1,236.1,0,True,False,False,False,False,False
84.0,4,1,1935.5,19.1,96734,32.2,13.0,7,186.5,0,False,True,False,False,False,False
21.0,1,0,2324.5,16.1,83796,41.1,13.4,8,99.4,0,False,False,True,False,False,False
54.0,3,0,1956.6,18.3,66372,26.5,15.3,2,221.0,0,True,False,False,False,False,False
20.0,1,0,1529.5,36.2,105462,32.7,11.3,10,254.1,0,False,False,False,False,True,False
73.0,4,0,1638.4,25.8,70238,27.7,10.2,5,21.1,0,False,False,False,True,False,False
66.0,3,0,1935.5,19.1,96734,32.2,13.0,10,161.9,0,False,True,False,False,False,False
35.0,1,0,1529.5,36.2,105462,32.7,11.3,8,179.4,0,False,False,False,False,True,False
102.0,4,0,2155.0,15.3,70863,28.8,15.8,9,378.1,0,False,False,False,False,False,True
67.0,4,0,2324.5,16.1,83796,41.1,13.4,6,321.4,0,False,False,True,False,False,False
57.0,2,0,2324.5,16.1,83796,41.1,13.4,3,93.6,1,False,False,True,False,False,False
51.0,2,0,2155.0,15.3,70863,28.8,15.8,8,125.1,0,False,False,False,False,False,True
76.0,3,0,2324.5,16.1,83796,41.1,13.4,4,158.4,0,False,False,True,False,False,False
59.0,3,0,2155.0,15.3,70863,28.8,15.8,3,96.8,0,False,False,False,False,False,True
31.0,1,0,1638.4,25.8,70238,27.7,10.2,3,94.0,0,False,False,False,True,False,False
65.0,4,0,1956.6,18.3,66372,26.5,15.3,1,47.2,1,True,False,False,False,False,False
103.0,4,0,1529.5,36.2,105462,32.7,11.3,11,87.1,0,False,False,False,False,True,False
75.0,4,0,2155.0,15.3,70863,28.8,15.8,7,99.2,0,False,False,False,False,False,True
24.0,1,0,1638.4,25.8,70238,27.7,10.2,2,59.5,0,False,False,False,True,False,False
28.0,1,0,1529.5,36.2,105462,32.7,11.3,2,275.2,0,False,False,False,False,True,False
60.0,3,0,1935.5,19.1,96734,32.2,13.0,10,257.1,0,False,True,False,False,False,False
53.0,2,0,1638.4,25.8,70238,27.7,10.2,3,101.5,0,False,False,False,True,False,False
90.0,5,0,1638.4,25.8,70238,27.7,10.2,8,214.7,0,False,False,False,True,False,False
160.0,7,1,2155.0,15.3,70863,28.8,15.8,3,120.2,0,False,False,False,False,False,True
26.0,1,0,1935.5,19.1,96734,32.2,13.0,9,293.4,0,False,True,False,False,False,False
15.0,1,0,2155.0,15.3,70863,28.8,15.8,6,75.1,0,False,False,False,False,False,True
55.0,3,0,1935.5,19.1,96734,32.2,13.0,1,107.8,0,False,True,False,False,False,False
63.0,4,0,1638.4,25.8,70238,27.7,10.2,7,147.5,0,False,False,False,True,False,False
66.0,3,0,1529.5,36.2,105462,32.7,11.3,7,233.7,0,False,False,False,False,True,False
324.0,8,1,1529.5,36.2,105462,32.7,11.3,8,134.3,0,False,False,False,False,True,False
80.0,3,0,1529.5,36.2,105462,32.7,11.3,4,68.0,0,False,False,False,False,True,False
43.0,2,0,1935.5,19.1,96734,32.2,13.0,9,111.4,0,False,True,False,False,False,False
48.0,2,0,1935.5,19.1,96734,32.2,13.0,5,289.4,0,False,True,False,False,False,False
59.0,3,0,2155.0,15.3,70863,28.8,15.8,3,304.2,0,False,False,False,False,False,True
61.0,3,0,2155.0,15.3,70863,28.8,15.8,7,67.7,0,False,False,False,False,False,True
28.0,2,0,2155.0,15.3,70863,28.8,15.8,2,259.9,0,False,False,False,False,False,True
56.0,3,0,2324.5,16.1,83796,41.1,13.4,9,100.3,0,False,False,True,False,False,False
71.0,4,0,1529.5,36.2,105462,32.7,11.3,8,291.4,0,False,False,False,False,True,False
67.0,3,0,1638.4,25.8,70238,27.7,10.2,7,290.6,0,False,False,False,True,False,False
27.0,1,0,2324.5,16.1,83796,41.1,13.4,9,42.4,0,False,False,True,False,False,False
50.0,2,0,2155.0,15.3,70863,28.8,15.8,6,128.6,0,False,False,False,False,False,True
105.0,4,0,1638.4,25.8,70238,27.7,10.2,6,97.0,0,False,False,False,True,False,False
20.0,1,0,1529.5,36.2,105462,32.7,11.3,3,16.6,0,False,False,False,False,True,False
55.0,3,0,1529.5,36.2,105462,32.7,11.3,7,24.5,0,False,False,False,False,True,False
45.0,2,0,1935.5,19.1,96734,32.2,13.0,6,217.9,0,False,True,False,False,False,False
66.0,4,1,2155.0,15.3,70863,28.8,15.8,7,116.8,0,False,False,False,False,False,True
80.0,4,0,1638.4,25.8,70238,27.7,10.2,12,71.2,0,False,False,False,True,False,False
30.0,1,1,2155.0,15.3,70863,28.8,15.8,6,131.2,0,False,False,False,False,False,True
52.0,3,0,1935.5,19.1,96734,32.2,13.0,6,214.6,0,False,True,False,False,False,False
126.0,6,1,1638.4,25.8,70238,27.7,10.2,12,320.1,0,False,False,False,True,False,False
185.0,7,1,1529.5,36.2,105462,32.7,11.3,8,120.9,0,False,False,False,False,True,False
78.0,4,1,2155.0,15.3,70863,28.8,15.8,12,424.0,0,False,False,False,False,False,True
60.0,3,0,1935.5,19.1,96734,32.2,13.0,8,25.5,0,False,True,False,False,False,False
43.0,2,0,2324.5,16.1,83796,41.1,13.4,9,87.6,0,False,False,True,False,False,False
100.0,4,0,1935.5,19.1,96734,32.2,13.0,7,78.8,0,False,True,False,False,False,False
19.0,1,0,2324.5,16.1,83796,41.1,13.4,6,354.9,0,False,False,True,False,False,False
86.0,4,1,1638.4,25.8,70238,27.7,10.2,11,320.9,0,False,False,False,True,False,False
80.0,3,1,1638.4,25.8,70238,27.7,10.2,2,90.3,0,False,False,False,True,False,False
66.0,3,0,1935.5,19.1,96734,32.2,13.0,6,260.5,0,False,True,False,False,False,False
88.0,5,0,1529.5,36.2,105462,32.7,11.3,4,192.9,0,False,False,False,False,True,False
25.0,1,0,1529.5,36.2,105462,32.7,11.3,9,65.4,0,False,False,False,False,True,False
42.0,2,0,1956.6,18.3,66372,26.5,15.3,6,74.2,0,True,False,False,False,False,False
84.0,4,0,1529.5,36.2,105462,32.7,11.3,12,129.9,0,False,False,False,False,True,False
56.0,3,0,1529.5,36.2,105462,32.7,11.3,2,119.7,0,False,False,False,False,True,False
68.0,3,0,1935.5,19.1,96734,32.2,13.0,1,53.8,0,False,True,False,False,False,False
94.0,4,1,1638.4,25.8,70238,27.7,10.2,4,97.5,0,False,False,False,True,False,False
63.0,3,0,1529.5,36.2,105462,32.7,11.3,7,129.9,0,False,False,False,False,True,False
90.0,4,0,2324.5,16.1,83796,41.1,13.4,2,98.8,0,False,False,True,False,False,False
84.0,3,0,1956.6,18.3,66372,26.5,15.3,8,204.0,0,True,False,False,False,False,False
18.0,2,0,2324.5,16.1,83796,41.1,13.4,11,210.8,0,False,False,True,False,False,False
64.0,3,0,2155.0,15.3,70863,28.8,15.8,12,127.5,0,False,False,False,False,False,True
36.0,1,0,2324.5,16.1,83796,41.1,13.4,4,112.3,0,False,False,True,False,False,False
68.0,4,0,1638.4,25.8,70238,27.7,10.2,6,145.7,0,False,False,False,True,False,False
48.0,3,0,1638.4,25.8,70238,27.7,10.2,3,36.9,0,False,False,False,True,False,False
95.0,4,1,1935.5,19.1,96734,32.2,13.0,10,105.1,0,False,True,False,False,False,False
26.0,1,0,2324.5,16.1,83796,41.1,13.4,12,105.3,0,False,False,True,False,False,False
52.0,3,0,1638.4,25.8,70238,27.7,10.2,10,130.4,0,False,False,False,True,False,False
46.0,2,0,1529.5,36.2,105462,32.7,11.3,5,149.4,0,False,False,False,False,True,False
30.0,2,0,1529.5,36.2,105462,32.7,11.3,5,82.6,0,False,False,False,False,True,False
29.0,1,0,1529.5,36.2,105462,32.7,11.3,6,200.7,0,False,False,False,False,True,False
60.0,3,0,2155.0,15.3,70863,28.8,15.8,8,186.3,0,False,False,False,False,False,True
60.0,3,0,1935.5,19.1,96734,32.2,13.0,6,263.8,0,False,True,False,False,False,False
75.0,6,1,1529.5,36.2,105462,32.7,11.3,8,94.6,0,False,False,False,False,True,False
98.0,6,0,1529.5,36.2,105462,32.7,11.3,8,304.2,1,False,False,False,False,True,False
42.0,2,0,2155.0,15.3,70863,28.8,15.8,11,42.4,0,False,False,False,False,False,True
74.0,3,0,1638.4,25.8,70238,27.7,10.2,5,87.2,0,False,False,False,True,False,False
68.0,4,0,2324.5,16.1,83796,41.1,13.4,10,90.8,0,False,False,True,False,False,False
65.0,3,0,1529.5,36.2,105462,32.7,11.3,9,262.1,1,False,False,False,False,True,False
32.0,2,1,1529.5,36.2,105462,32.7,11.3,6,132.4,0,False,False,False,False,True,False
46.0,1,0,2324.5,16.1,83796,41.1,13.4,6,66.0,0,False,False,True,False,False,False
40.0,1,1,1956.6,18.3,66372,26.5,15.3,11,156.6,0,True,False,False,False,False,False
68.0,3,0,1935.5,19.1,96734,32.2,13.0,1,151.6,0,False,True,False,False,False,False
72.0,3,1,1956.6,18.3,66372,26.5,15.3,2,94.4,0,True,False,False,False,False,False
60.0,3,0,1935.5,19.1,96734,32.2,13.0,2,88.1,0,False,True,False,False,False,False
85.0,4,0,1935.5,19.1,96734,32.2,13.0,5,92.3,0,False,True,False,False,False,False
44.0,2,0,1529.5,36.2,105462,32.7,11.3,5,142.1,0,False,False,False,False,True,False
68.0,4,0,2155.0,15.3,70863,28.8,15.8,12,115.7,0,False,False,False,False,False,True
72.0,2,0,2324.5,16.1,83796,41.1,13.4,1,272.6,0,False,False,True,False,False,False
102.0,3,0,2324.5,16.1,83796,41.1,13.4,5,60.3,0,False,False,True,False,False,False
40.0,2,0,1935.5,19.1,96734,32.2,13.0,6,69.2,0,False,True,False,False,False,False
61.0,3,0,1935.5,19.1,96734,32.2,13.0,2,102.9,0,False,True,False,False,False,False
59.0,3,0,1935.5,19.1,96734,32.2,13.0,9,98.2,0,False,True,False,False,False,False
20.0,1,0,2324.5,16.1,83796,41.1,13.4,9,91.1,0,False,False,True,False,False,False
42.0,2,0,2155.0,15.3,70863,28.8,15.8,3,330.6,0,False,False,False,False,False,True
47.0,2,0,2324.5,16.1,83796,41.1,13.4,1,162.9,0,False,False,True,False,False,False
78.0,4,0,1956.6,18.3,66372,26.5,15.3,6,93.4,0,True,False,False,False,False,False
37.0,2,0,1935.5,19.1,96734,32.2,13.0,6,69.0,0,False,True,False,False,False,False
27.0,1,0,1529.5,36.2,105462,32.7,11.3,6,92.7,0,False,False,False,False,True,False
25.0,1,0,2155.0,15.3,70863,28.8,15.8,2,193.1,0,False,False,False,False,False,True
119.0,5,1,1956.6,18.3,66372,26.5,15.3,10,28.6,0,True,False,False,False,False,False
43.0,2,0,1935.5,19.1,96734,32.2,13.0,3,218.3,0,False,True,False,False,False,False
21.0,1,0,1638.4,25.8,70238,27.7,10.2,6,116.5,0,False,False,False,True,False,False
38.0,2,0,1638.4,25.8,70238,27.7,10.2,9,89.8,0,False,False,False,True,False,False
140.0,6,1,1935.5,19.1,96734,32.2,13.0,11,205.8,0,False,True,False,False,False,False
130.0,5,1,1935.5,19.1,96734,32.2,13.0,10,236.9,0,False,True,False,False,False,False
100.0,4,1,1638.4,25.8,70238,27.7,10.2,1,365.2,0,False,False,False,True,False,False
21.0,1,0,1935.5,19.1,96734,32.2,13.0,2,55.7,0,False,True,False,False,False,False
235.0,8,1,1638.4,25.8,70238,27.7,10.2,8,192.4,0,False,False,False,True,False,False
31.0,2,0,1956.6,18.3,66372,26.5,15.3,6,377.6,0,True,False,False,False,False,False
103.0,5,0,1935.5,19.1,96734,32.2,13.0,10,228.5,0,False,True,False,False,False,False
70.0,3,0,1638.4,25.8,70238,27.7,10.2,11,324.9,0,False,False,False,True,False,False
25.0,1,0,1956.6,18.3,66372,26.5,15.3,6,158.3,0,True,False,False,False,False,False
25.0,1,0,2324.5,16.1,83796,41.1,13.4,8,155.9,0,False,False,True,False,False,False
97.0,4,0,1529.5,36.2,105462,32.7,11.3,1,188.5,0,False,False,False,False,True,False
59.0,3,0,1935.5,19.1,96734,32.2,13.0,3,281.3,0,False,True,False,False,False,False
47.0,2,0,1638.4,25.8,70238,27.7,10.2,10,153.0,0,False,False,False,True,False,False
45.0,2,0,1529.5,36.2,105462,32.7,11.3,8,19.6,0,False,False,False,False,True,False
83.0,3,0,1638.4,25.8,70238,27.7,10.2,2,81.3,0,False,False,False,True,False,False
27.0,1,0,2155.0,15.3,70863,28.8,15.8,2,165.7,0,False,False,False,False,False,True
73.0,3,0,1935.5,19.1,96734,32.2,13.0,5,98.6,0,False,True,False,False,False,False
23.0,1,0,1529.5,36.2,105462,32.7,11.3,4,44.0,0,False,False,False,False,True,False
35.0,1,0,2324.5,16.1,83796,41.1,13.4,11,170.7,1,False,False,True,False,False,False
47.0,2,0,1935.5,19.1,96734,32.2,13.0,10,218.9,0,False,True,False,False,False,False
70.0,4,0,2155.0,15.3,70863,28.8,15.8,5,142.8,0,False,False,False,False,False,True
55.0,3,0,1638.4,25.8,70238,27.7,10.2,3,35.6,0,False,False,False,True,False,False
85.0,3,0,1638.4,25.8,70238,27.7,10.2,3,213.1,0,False,False,False,True,False,False
32.0,2,0,1935.5,19.1,96734,32.2,13.0,10,169.6,0,False,True,False,False,False,False
46.0,2,0,1529.5,36.2,105462,32.7,11.3,9,239.7,0,False,False,False,False,True,False
85.0,4,0,2155.0,15.3,70863,28.8,15.8,6,84.6,0,False,False,False,False,False,True
85.0,4,0,2324.5,16.1,83796,41.1,13.4,11,73.3,0,False,False,True,False,False,False
119.0,5,1,1529.5,36.2,105462,32.7,11.3,7,103.0,0,False,False,False,False,True,False
52.0,3,0,1638.4,25.8,70238,27.7,10.2,2,145.7,0,False,False,False,True,False,False
59.0,3,0,1638.4,25.8,70238,27.7,10.2,9,25.8,0,False,False,False,True,False,False
27.0,1,0,2155.0,15.3,70863,28.8,15.8,1,104.8,1,False,False,False,False,False,True
14.0,1,0,2155.0,15.3,70863,28.8,15.8,4,92.9,0,False,False,False,False,False,True
21.0,1,0,1956.6,18.3,66372,26.5,15.3,2,137.9,0,True,False,False,False,False,False
48.0,3,0,1529.5,36.2,105462,32.7,11.3,7,132.8,0,False,False,False,False,True,False
42.0,2,0,1935.5,19.1,96734,32.2,13.0,7,65.5,0,False,True,False,False,False,False
120.0,5,1,1956.6,18.3,66372,26.5,15.3,9,194.7,0,True,False,False,False,False,False
68.0,3,0,1638.4,25.8,70238,27.7,10.2,5,146.5,0,False,False,False,True,False,False
90.0,3,0,2324.5,16.1,83796,41.1,13.4,3,117.1,0,False,False,True,False,False,False
65.0,3,0,1935.5,19.1,96734,32.2,13.0,10,46.3,0,False,True,False,False,False,False
53.0,3,0,1529.5,36.2,105462,32.7,11.3,1,296.8,0,False,False,False,False,True,False
39.0,1,0,1529.5,36.2,105462,32.7,11.3,6,52.4,0,False,False,False,False,True,False
39.0,2,0,1935.5,19.1,96734,32.2,13.0,7,125.3,0,False,True,False,False,False,False
29.0,2,0,2324.5,16.1,83796,41.1,13.4,12,174.4,0,False,False,True,False,False,False
38.0,1,0,2324.5,16.1,83796,41.1,13.4,3,108.1,0,False,False,True,False,False,False
39.0,2,0,1638.4,25.8,70238,27.7,10.2,7,113.9,0,False,False,False,True,False,False
25.0,1,0,1529.5,36.2,105462,32.7,11.3,6,108.7,1,False,False,False,False,True,False
63.0,3,0,2155.0,15.3,70863,28.8,15.8,4,312.8,0,False,False,False,False,False,True
80.0,3,0,1956.6,18.3,66372,26.5,15.3,10,131.7,1,True,False,False,False,False,False
50.0,2,0,1638.4,25.8,70238,27.7,10.2,7,220.2,0,False,False,False,True,False,False
29.0,1,0,2324.5,16.1,83796,41.1,13.4,7,142.1,0,False,False,True,False,False,False
108.0,3,1,1638.4,25.8,70238,27.7,10.2,7,126.5,0,False,False,False,True,False,False
30.0,1,0,2155.0,15.3,70863,28.8,15.8,9,110.5,0,False,False,False,False,False,True
75.0,3,0,2324.5,16.1,83796,41.1,13.4,10,79.5,0,False,False,True,False,False,False
36.0,1,0,2155.0,15.3,70863,28.8,15.8,5,595.7,0,False,False,False,False,False,True
64.0,4,0,1935.5,19.1,96734,32.2,13.0,8,287.1,0,False,True,False,False,False,False
45.0,2,0,1935.5,19.1,96734,32.2,13.0,7,129.6,0,False,True,False,False,False,False
55.0,1,0,2324.5,16.1,83796,41.1,13.4,9,191.5,0,False,False,True,False,False,False
26.0,1,0,1529.5,36.2,105462,32.7,11.3,3,24.5,0,False,False,False,False,True,False
71.0,5,0,2324.5,16.1,83796,41.1,13.4,11,94.8,0,False,False,True,False,False,False
14.0,1,0,2324.5,16.1,83796,41.1,13.4,5,68.1,0,False,False,True,False,False,False
56.0,2,0,1529.5,36.2,105462,32.7,11.3,3,16.5,0,False,False,False,False,True,False
94.0,4,1,1638.4,25.8,70238,27.7,10.2,9,130.8,0,False,False,False,True,False,False
26.0,1,0,1529.5,36.2,105462,32.7,11.3,8,93.4,0,False,False,False,False,True,False
64.0,3,0,1935.5,19.1,96734,32.2,13.0,9,71.7,0,False,True,False,False,False,False
66.0,3,1,1935.5,19.1,96734,32.2,13.0,2,144.3,0,False,True,False,False,False,False
180.0,8,1,1529.5,36.2,105462,32.7,11.3,10,73.7,0,False,False,False,False,True,False
38.0,2,0,1529.5,36.2,105462,32.7,11.3,6,289.7,0,False,False,False,False,True,False
24.0,1,0,1529.5,36.2,105462,32.7,11.3,10,64.3,0,False,False,False,False,True,False
137.0,5,1,1529.5,36.2,105462,32.7,11.3,7,65.2,0,False,False,False,False,True,False
23.0,1,0,1529.5,36.2,105462,32.7,11.3,12,153.5,0,False,False,False,False,True,False
44.0,2,0,1956.6,18.3,66372,26.5,15.3,12,84.3,0,True,False,False,False,False,False
40.0,2,0,2155.0,15.3,70863,28.8,15.8,10,172.7,0,False,False,False,False,False,True
21.0,1,0,1956.6,18.3,66372,26.5,15.3,3,340.9,0,True,False,False,False,False,False
89.0,3,0,2324.5,16.1,83796,41.1,13.4,6,196.4,0,False,False,True,False,False,False
70.0,3,0,1935.5,19.1,96734,32.2,13.0,11,133.1,0,False,True,False,False,False,False
58.0,3,0,1935.5,19.1,96734,32.2,13.0,9,139.4,0,False,True,False,False,False,False
22.0,1,0,2324.5,16.1,83796,41.1,13.4,2,221.5,1,False,False,True,False,False,False
29.0,2,0,1638.4,25.8,70238,27.7,10.2,12,58.2,1,False,False,False,True,False,False
39.0,2,0,1935.5,19.1,96734,32.2,13.0,11,90.1,0,False,True,False,False,False,False
99.0,4,1,1935.5,19.1,96734,32.2,13.0,1,275.5,0,False,True,False,False,False,False
34.0,2,1,1638.4,25.8,70238,27.7,10.2,4,234.4,0,False,False,False,True,False,False
68.0,3,0,1529.5,36.2,105462,32.7,11.3,8,83.2,0,False,False,False,False,True,False
47.0,2,0,2155.0,15.3,70863,28.8,15.8,8,70.4,0,False,False,False,False,False,True
17.0,1,0,2324.5,16.1,83796,41.1,13.4,10,221.9,0,False,False,True,False,False,False
74.0,3,0,2324.5,16.1,83796,41.1,13.4,11,146.4,0,False,False,True,False,False,False
59.0,3,0,2155.0,15.3,70863,28.8,15.8,4,190.5,0,False,False,False,False,False,True
45.0,2,0,2324.5,16.1,83796,41.1,13.4,9,75.9,0,False,False,True,False,False,False
45.0,3,0,2324.5,16.1,83796,41.1,13.4,12,121.4,0,False,False,True,False,False,False
25.0,2,0,2155.0,15.3,70863,28.8,15.8,6,137.5,0,False,False,False,False,False,True
110.0,3,1,1529.5,36.2,105462,32.7,11.3,10,801.2,0,False,False,False,False,True,False
36.0,1,0,1935.5,19.1,96734,32.2,13.0,7,75.0,0,False,True,False,False,False,False
47.0,2,0,2155.0,15.3,70863,28.8,15.8,4,81.0,0,False,False,False,False,False,True
59.0,3,0,1529.5,36.2,105462,32.7,11.3,6,172.1,0,False,False,False,False,True,False
30.0,1,0,2324.5,16.1,83796,41.1,13.4,1,49.0,0,False,False,True,False,False,False
35.0,1,0,1935.5,19.1,96734,32.2,13.0,9,71.2,0,False,True,False,False,False,False
51.0,2,0,1529.5,36.2,105462,32.7,11.3,8,40.2,0,False,False,False,False,True,False
62.0,3,0,2155.0,15.3,70863,28.8,15.8,11,55.8,0,False,False,False,False,False,True
110.0,5,1,1935.5,19.1,96734,32.2,13.0,1,73.5,0,False,True,False,False,False,False
50.0,2,0,1956.6,18.3,66372,26.5,15.3,7,144.3,0,True,False,False,False,False,False
81.0,4,0,1529.5,36.2,105462,32.7,11.3,4,293.1,0,False,False,False,False,True,False
36.0,2,0,2155.0,15.3,70863,28.8,15.8,2,42.7,0,False,False,False,False,False,True
28.0,3,0,2324.5,16.1,83796,41.1,13.4,9,103.6,0,False,False,True,False,False,False
65.0,2,0,1638.4,25.8,70238,27.7,10.2,3,226.9,0,False,False,False,True,False,False
23.0,1,0,2155.0,15.3,70863,28.8,15.8,8,163.7,1,False,False,False,False,False,True
78.0,3,0,1956.6,18.3,66372,26.5,15.3,5,191.0,0,True,False,False,False,False,False
45.0,2,0,1638.4,25.8,70238,27.7,10.2,12,240.5,0,False,False,False,True,False,False
65.0,3,0,2324.5,16.1,83796,41.1,13.4,5,100.5,0,False,False,True,False,False,False
74.0,3,0,1935.5,19.1,96734,32.2,13.0,8,151.6,0,False,True,False,False,False,False
47.0,2,0,1935.5,19.1,96734,32.2,13.0,10,150.3,0,False,True,False,False,False,False
19.0,1,0,2155.0,15.3,70863,28.8,15.8,3,109.2,0,False,False,False,False,False,True
92.0,4,0,1529.5,36.2,105462,32.7,11.3,12,57.4,0,False,False,False,False,True,False
30.0,1,0,1638.4,25.8,70238,27.7,10.2,10,12.7,0,False,False,False,True,False,False
194.0,7,1,1935.5,19.1,96734,32.2,13.0,2,77.8,0,False,True,False,False,False,False
74.0,4,1,2155.0,15.3,70863,28.8,15.8,10,141.7,0,False,False,False,False,False,True
82.0,4,0,1935.5,19.1,96734,32.2,13.0,1,155.8,0,False,True,False,False,False,False
40.0,2,0,2324.5,16.1,83796,41.1,13.4,10,271.2,0,False,False,True,False,False,False
169.0,7,1,1638.4,25.8,70238,27.7,10.2,10,333.9,0,False,False,False,True,False,False
69.0,2,0,1529.5,36.2,105462,32.7,11.3,2,130.5,0,False,False,False,False,True,False
25.0,2,0,1529.5,36.2,105462,32.7,11.3,7,216.5,1,False,False,False,False,True,False
75.0,4,0,1638.4,25.8,70238,27.7,10.2,10,120.7,0,False,False,False,True,False,False
41.0,2,0,1956.6,18.3,66372,26.5,15.3,5,45.7,0,True,False,False,False,False,False
107.0,4,1,1956.6,18.3,66372,26.5,15.3,10,148.9,0,True,False,False,False,False,False
83.0,4,1,1529.5,36.2,105462,32.7,11.3,7,264.6,0,False,False,False,False,True,False
32.0,2,0,1529.5,36.2,105462,32.7,11.3,9,86.2,0,False,False,False,False,True,False
59.0,3,0,1935.5,19.1,96734,32.2,13.0,2,273.8,0,False,True,False,False,False,False
46.0,2,0,1956.6,18.3,66372,26.5,15.3,2,139.0,1,True,False,False,False,False,False
60.0,3,0,2155.0,15.3,70863,28.8,15.8,7,224.8,0,False,False,False,False,False,True
63.0,3,0,1529.5,36.2,105462,32.7,11.3,8,248.4,0,False,False,False,False,True,False
95.0,4,0,1529.5,36.2,105462,32.7,11.3,8,48.4,0,False,False,False,False,True,False
27.0,2,0,2324.5,16.1,83796,41.1,13.4,11,123.3,0,False,False,True,False,False,False
96.0,4,1,1529.5,36.2,105462,32.7,11.3,4,211.8,0,False,False,False,False,True,False
96.0,4,0,1935.5,19.1,96734,32.2,13.0,8,143.0,0,False,True,False,False,False,False
44.0,2,0,1935.5,19.1,96734,32.2,13.0,12,116.2,0,False,True,False,False,False,False
68.0,4,0,1638.4,25.8,70238,27.7,10.2,7,39.3,0,False,False,False,True,False,False
64.0,3,0,1638.4,25.8,70238,27.7,10.2,3,80.0,0,False,False,False,True,False,False
56.0,2,0,1638.4,25.8,70238,27.7,10.2,11,150.3,0,False,False,False,True,False,False
24.0,1,0,1529.5,36.2,105462,32.7,11.3,12,148.0,0,False,False,False,False,True,False
65.0,3,0,1935.5,19.1,96734,32.2,13.0,1,96.5,0,False,True,False,False,False,False
62.0,3,0,2155.0,15.3,70863,28.8,15.8,12,127.5,0,False,False,False,False,False,True
76.0,4,0,1529.5,36.2,105462,32.7,11.3,1,221.2,0,False,False,False,False,True,False
50.0,2,0,2155.0,15.3,70863,28.8,15.8,7,101.9,0,False,False,False,False,False,True
41.0,2,0,1935.5,19.1,96734,32.2,13.0,1,32.0,0,False,True,False,False,False,False
129.0,5,1,1638.4,25.8,70238,27.7,10.2,10,128.8,0,False,False,False,True,False,False
82.0,3,0,2324.5,16.1,83796,41.1,13.4,7,178.2,0,False,False,True,False,False,False
61.0,3,0,2155.0,15.3,70863,28.8,15.8,3,192.4,0,False,False,False,False,False,True
68.0,4,0,1529.5,36.2,105462,32.7,11.3,10,101.6,0,False,False,False,False,True,False
29.0,1,0,2324.5,16.1,83796,41.1,13.4,11,127.4,0,False,False,True,False,False,False
58.0,3,0,1638.4,25.8,70238,27.7,10.2,10,133.5,0,False,False,False,True,False,False
89.0,4,1,1638.4,25.8,70238,27.7,10.2,3,35.4,0,False,False,False,True,False,False
20.0,1,0,1956.6,18.3,66372,26.5,15.3,12,360.7,0,True,False,False,False,False,False
79.0,4,0,1956.6,18.3,66372,26.5,15.3,7,279.8,0,True,False,False,False,False,False
61.0,3,0,1529.5,36.2,105462,32.7,11.3,12,164.2,0,False,False,False,False,True,False
111.0,5,1,1935.5,19.1,96734,32.2,13.0,10,61.0,0,False,True,False,False,False,False
95.0,4,1,1935.5,19.1,96734,32.2,13.0,5,172.0,0,False,True,False,False,False,False
46.0,2,0,2324.5,16.1,83796,41.1,13.4,10,165.0,0,False,False,True,False,False,False
61.0,3,0,1935.5,19.1,96734,32.2,13.0,10,38.5,0,False,True,False,False,False,False
25.0,1,0,2155.0,15.3,70863,28.8,15.8,11,122.5,0,False,False,False,False,False,True
38.0,2,0,1935.5,19.1,96734,32.2,13.0,11,10.0,0,False,True,False,False,False,False
31.0,1,0,2155.0,15.3,70863,28.8,15.8,10,113.8,0,False,False,False,False,False,True
32.0,1,0,1529.5,36.2,105462,32.7,11.3,3,103.8,0,False,False,False,False,True,False
116.0,4,0,1935.5,19.1,96734,32.2,13.0,6,127.5,0,False,True,False,False,False,False
67.0,3,0,1638.4,25.8,70238,27.7,10.2,9,179.5,0,False,False,False,True,False,False
111.0,4,0,2324.5,16.1,83796,41.1,13.4,3,73.4,0,False,False,True,False,False,False
82.0,4,0,1638.4,25.8,70238,27.7,10.2,7,120.7,0,False,False,False,True,False,False
58.0,3,0,1529.5,36.2,105462,32.7,11.3,9,144.5,0,False,False,False,False,True,False
98.0,3,1,1638.4,25.8,70238,27.7,10.2,11,49.4,0,False,False,False,True,False,False
34.0,1,0,2324.5,16.1,83796,41.1,13.4,2,164.8,0,False,False,True,False,False,False
55.0,3,0,1935.5,19.1,96734,32.2,13.0,1,107.8,0,False,True,False,False,False,False
27.0,1,0,2324.5,16.1,83796,41.1,13.4,12,73.9,0,False,False,True,False,False,False
122.0,5,1,1956.6,18.3,66372,26.5,15.3,4,203.1,0,True,False,False,False,False,False
65.0,3,0,1638.4,25.8,70238,27.7,10.2,12,138.4,0,False,False,False,True,False,False
105.0,3,0,2324.5,16.1,83796,41.1,13.4,4,185.3,0,False,False,True,False,False,False
96.0,4,0,1935.5,19.1,96734,32.2,13.0,6,92.6,0,False,True,False,False,False,False
67.0,3,0,1638.4,25.8,70238,27.7,10.2,6,183.5,0,False,False,False,True,False,False
93.0,5,0,1935.5,19.1,96734,32.2,13.0,7,93.7,0,False,True,False,False,False,False
47.0,2,0,2324.5,16.1,83796,41.1,13.4,3,86.7,0,False,False,True,False,False,False
101.0,6,0,1529.5,36.2,105462,32.7,11.3,11,55.6,0,False,False,False,False,True,False
36.0,2,0,1529.5,36.2,105462,32.7,11.3,4,55.2,0,False,False,False,False,True,False
61.0,3,0,2155.0,15.3,70863,28.8,15.8,10,98.2,0,False,False,False,False,False,True
89.0,5,0,1638.4,25.8,70238,27.7,10.2,5,220.2,0,False,False,False,True,False,False
94.0,4,1,1529.5,36.2,105462,32.7,11.3,9,86.3,0,False,False,False,False,True,False
90.0,4,0,1935.5,19.1,96734,32.2,13.0,2,167.1,0,False,True,False,False,False,False
44.0,2,0,1529.5,36.2,105462,32.7,11.3,7,131.2,0,False,False,False,False,True,False
79.0,4,0,2155.0,15.3,70863,28.8,15.8,9,297.0,0,False,False,False,False,False,True
60.0,3,0,1529.5,36.2,105462,32.7,11.3,5,78.8,0,False,False,False,False,True,False
20.0,1,0,1529.5,36.2,105462,32.7,11.3,3,206.6,0,False,False,False,False,True,False
64.0,3,0,1529.5,36.2,105462,32.7,11.3,8,76.3,0,False,False,False,False,True,False
104.0,3,0,1638.4,25.8,70238,27.7,10.2,6,314.4,1,False,False,False,True,False,False
77.0,4,1,2155.0,15.3,70863,28.8,15.8,12,201.5,0,False,False,False,False,False,True
130.0,4,1,1638.4,25.8,70238,27.7,10.2,6,130.5,0,False,False,False,True,False,False
49.0,2,0,2155.0,15.3,70863,28.8,15.8,3,34.0,0,False,False,False,False,False,True
84.0,3,0,1638.4,25.8,70238,27.7,10.2,5,337.1,0,False,False,False,True,False,False
81.0,4,1,1935.5,19.1,96734,32.2,13.0,1,289.5,0,False,True,False,False,False,False
20.0,1,0,1529.5,36.2,105462,32.7,11.3,5,67.9,0,False,False,False,False,True,False
118.0,5,1,1529.5,36.2,105462,32.7,11.3,12,104.4,0,False,False,False,False,True,False
27.0,1,0,1638.4,25.8,70238,27.7,10.2,2,320.9,0,False,False,False,True,False,False
41.0,2,0,1935.5,19.1,96734,32.2,13.0,7,32.9,1,False,True,False,False,False,False
121.0,5,0,1935.5,19.1,96734,32.2,13.0,4,149.7,1,False,True,False,False,False,False
60.0,3,0,1935.5,19.1,96734,32.2,13.0,4,13.9,0,False,True,False,False,False,False
90.0,4,0,2155.0,15.3,70863,28.8,15.8,9,144.5,1,False,False,False,False,False,True
68.0,3,0,2324.5,16.1,83796,41.1,13.4,9,137.0,0,False,False,True,False,False,False
58.0,3,0,1529.5,36.2,105462,32.7,11.3,4,173.0,0,False,False,False,False,True,False
51.0,3,0,2324.5,16.1,83796,41.1,13.4,1,86.9,0,False,False,True,False,False,False
27.0,2,0,2324.5,16.1,83796,41.1,13.4,12,149.1,0,False,False,True,False,False,False
89.0,5,1,1956.6,18.3,66372,26.5,15.3,7,171.1,1,True,False,False,False,False,False
28.0,1,0,2324.5,16.1,83796,41.1,13.4,7,118.4,0,False,False,True,False,False,False
90.0,3,0,1935.5,19.1,96734,32.2,13.0,10,199.4,0,False,True,False,False,False,False
70.0,3,0,2324.5,16.1,83796,41.1,13.4,2,87.6,0,False,False,True,False,False,False
30.0,1,0,2324.5,16.1,83796,41.1,13.4,2,143.8,0,False,False,True,False,False,False
45.0,2,0,2155.0,15.3,70863,28.8,15.8,7,269.5,0,False,False,False,False,False,True
90.0,3,0,2324.5,16.1,83796,41.1,13.4,4,121.6,0,False,False,True,False,False,False
41.0,2,0,1638.4,25.8,70238,27.7,10.2,2,89.3,0,False,False,False,True,False,False
20.0,1,0,1529.5,36.2,105462,32.7,11.3,3,106.5,0,False,False,False,False,True,False
46.0,2,0,1935.5,19.1,96734,32.2,13.0,7,280.5,0,False,True,False,False,False,False
35.0,2,0,1956.6,18.3,66372,26.5,15.3,2,207.0,0,True,False,False,False,False,False
53.0,2,0,2155.0,15.3,70863,28.8,15.8,10,212.8,0,False,False,False,False,False,True
36.0,2,1,1956.6,18.3,66372,26.5,15.3,6,43.5,0,True,False,False,False,False,False
59.0,3,0,2324.5,16.1,83796,41.1,13.4,6,172.6,0,False,False,True,False,False,False
107.0,4,0,1638.4,25.8,70238,27.7,10.2,8,15.8,0,False,False,False,True,False,False
85.0,3,0,1529.5,36.2,105462,32.7,11.3,10,86.5,0,False,False,False,False,True,False
35.0,1,0,1956.6,18.3,66372,26.5,15.3,9,239.1,0,True,False,False,False,False,False
63.0,3,0,1956.6,18.3,66372,26.5,15.3,3,239.1,0,True,False,False,False,False,False
46.0,2,0,1638.4,25.8,70238,27.7,10.2,3,100.7,1,False,False,False,True,False,False
44.0,2,0,2155.0,15.3,70863,28.8,15.8,7,180.0,1,False,False,False,False,False,True
57.0,2,0,1529.5,36.2,105462,32.7,11.3,6,132.4,0,False,False,False,False,True,False
48.0,2,0,1935.5,19.1,96734,32.2,13.0,4,53.3,0,False,True,False,False,False,False
19.0,1,0,1529.5,36.2,105462,32.7,11.3,2,32.9,0,False,False,False,False,True,False
48.0,2,0,1935.5,19.1,96734,32.2,13.0,4,88.8,0,False,True,False,False,False,False
44.0,2,0,2155.0,15.3,70863,28.8,15.8,9,43.7,0,False,False,False,False,False,True
46.0,2,0,1529.5,36.2,105462,32.7,11.3,10,179.4,0,False,False,False,False,True,False
38.0,2,0,1529.5,36.2,105462,32.7,11.3,11,200.4,0,False,False,False,False,True,False
22.0,1,0,1529.5,36.2,105462,32.7,11.3,8,388.1,0,False,False,False,False,True,False
64.0,4,1,1638.4,25.8,70238,27.7,10.2,7,272.8,0,False,False,False,True,False,False
30.0,1,0,2155.0,15.3,70863,28.8,15.8,12,107.7,0,False,False,False,False,False,True
74.0,3,0,1935.5,19.1,96734,32.2,13.0,6,211.5,0,False,True,False,False,False,False
28.0,2,0,1529.5,36.2,105462,32.7,11.3,6,297.3,0,False,False,False,False,True,False
68.0,2,0,1935.5,19.1,96734,32.2,13.0,9,157.5,0,False,True,False,False,False,False
164.0,6,1,2324.5,16.1,83796,41.1,13.4,10,78.7,0,False,False,True,False,False,False
62.0,3,0,2155.0,15.3,70863,28.8,15.8,12,87.6,0,False,False,False,False,False,True
78.0,4,0,2155.0,15.3,70863,28.8,15.8,7,202.2,0,False,False,False,False,False,True
40.0,2,0,1956.6,18.3,66372,26.5,15.3,1,68.6,0,True,False,False,False,False,False
16.0,1,0,2324.5,16.1,83796,41.1,13.4,12,136.9,0,False,False,True,False,False,False
50.0,2,0,2324.5,16.1,83796,41.1,13.4,11,178.7,0,False,False,True,False,False,False
85.0,5,0,1638.4,25.8,70238,27.7,10.2,9,31.6,0,False,False,False,True,False,False
122.0,5,1,1638.4,25.8,70238,27.7,10.2,5,40.5,0,False,False,False,True,False,False
70.0,2,0,1638.4,25.8,70238,27.7,10.2,9,291.7,0,False,False,False,True,False,False
30.0,1,0,1529.5,36.2,105462,32.7,11.3,1,80.1,0,False,False,False,False,True,False
20.0,1,0,1529.5,36.2,105462,32.7,11.3,7,206.6,0,False,False,False,False,True,False
22.0,1,0,1529.5,36.2,105462,32.7,11.3,9,134.4,0,False,False,False,False,True,False
25.0,1,0,2324.5,16.1,83796,41.1,13.4,10,183.4,0,False,False,True,False,False,False
48.0,2,0,2324.5,16.1,83796,41.1,13.4,3,89.1,0,False,False,True,False,False,False
58.0,3,0,1529.5,36.2,105462,32.7,11.3,7,145.1,0,False,False,False,False,True,False
65.0,2,0,2324.5,16.1,83796,41.1,13.4,8,111.3,0,False,False,True,False,False,False
75.0,4,0,1935.5,19.1,96734,32.2,13.0,10,156.3,0,False,True,False,False,False,False
88.0,4,1,1956.6,18.3,66372,26.5,15.3,8,206.5,0,True,False,False,False,False,False
78.0,4,0,1956.6,18.3,66372,26.5,15.3,7,90.8,0,True,False,False,False,False,False
81.0,3,0,1935.5,19.1,96734,32.2,13.0,11,93.7,0,False,True,False,False,False,False
63.0,3,0,1956.6,18.3,66372,26.5,15.3,10,74.8,0,True,False,False,False,False,False
65.0,2,0,1935.5,19.1,96734,32.2,13.0,6,137.0,0,False,True,False,False,False,False
34.0,2,0,1935.5,19.1,96734,32.2,13.0,12,133.6,0,False,True,False,False,False,False
65.0,3,0,1935.5,19.1,96734,32.2,13.0,3,116.8,0,False,True,False,False,False,False
47.0,2,0,2155.0,15.3,70863,28.8,15.8,8,161.7,0,False,False,False,False,False,True
80.0,3,1,2155.0,15.3,70863,28.8,15.8,11,200.0,0,False,False,False,False,False,True
57.0,2,0,1638.4,25.8,70238,27.7,10.2,9,120.1,0,False,False,False,True,False,False
50.0,2,0,1935.5,19.1,96734,32.2,13.0,3,83.1,0,False,True,False,False,False,False
41.0,2,0,1935.5,19.1,96734,32.2,13.0,7,128.8,0,False,True,False,False,False,False
45.0,2,0,1956.6,18.3,66372,26.5,15.3,12,132.6,0,True,False,False,False,False,False
58.0,2,0,1935.5,19.1,96734,32.2,13.0,7,75.0,0,False,True,False,False,False,False
85.0,3,0,2155.0,15.3,70863,28.8,15.8,4,167.0,0,False,False,False,False,False,True
60.0,3,0,1935.5,19.1,96734,32.2,13.0,12,376.0,0,False,True,False,False,False,False
84.0,3,0,1638.4,25.8,70238,27.7,10.2,6,127.9,0,False,False,False,True,False,False
16.0,1,0,1638.4,25.8,70238,27.7,10.2,12,89.3,0,False,False,False,True,False,False
64.0,3,0,2324.5,16.1,83796,41.1,13.4,3,56.1,0,False,False,True,False,False,False
26.0,1,0,1529.5,36.2,105462,32.7,11.3,12,265.4,0,False,False,False,False,True,False
99.0,4,1,1956.6,18.3,66372,26.5,15.3,9,152.5,0,True,False,False,False,False,False
80.0,4,0,1935.5,19.1,96734,32.2,13.0,5,195.6,0,False,True,False,False,False,False
54.0,3,0,1638.4,25.8,70238,27.7,10.2,11,247.5,0,False,False,False,True,False,False
36.0,2,0,1935.5,19.1,96734,32.2,13.0,10,147.3,0,False,True,False,False,False,False
52.0,3,0,1935.5,19.1,96734,32.2,13.0,12,148.7,0,False,True,False,False,False,False
20.0,3,0,2324.5,16.1,83796,41.1,13.4,2,358.2,0,False,False,True,False,False,False
43.0,2,0,2155.0,15.3,70863,28.8,15.8,1,133.8,0,False,False,False,False,False,True
17.0,1,0,1956.6,18.3,66372,26.5,15.3,11,132.0,0,True,False,False,False,False,False
35.0,1,0,2324.5,16.1,83796,41.1,13.4,7,107.9,0,False,False,True,False,False,False
40.0,3,0,2324.5,16.1,83796,41.1,13.4,12,64.9,0,False,False,True,False,False,False
30.0,2,0,1956.6,18.3,66372,26.5,15.3,10,131.4,0,True,False,False,False,False,False
93.0,3,0,2324.5,16.1,83796,41.1,13.4,2,66.3,0,False,False,True,False,False,False
47.0,2,0,1529.5,36.2,105462,32.7,11.3,1,204.5,0,False,False,False,False,True,False
74.0,4,1,2155.0,15.3,70863,28.8,15.8,6,48.9,0,False,False,False,False,False,True
60.0,3,0,1956.6,18.3,66372,26.5,15.3,10,125.2,0,True,False,False,False,False,False
88.0,4,0,1529.5,36.2,105462,32.7,11.3,6,156.5,0,False,False,False,False,True,False
88.0,3,1,1529.5,36.2,105462,32.7,11.3,1,46.5,0,False,False,False,False,True,False
43.0,2,0,1529.5,36.2,105462,32.7,11.3,6,122.1,0,False,False,False,False,True,False
64.0,3,0,1935.5,19.1,96734,32.2,13.0,3,44.9,0,False,True,False,False,False,False
29.0,1,0,1529.5,36.2,105462,32.7,11.3,4,80.9,0,False,False,False,False,True,False
79.0,5,1,1529.5,36.2,105462,32.7,11.3,8,170.9,0,False,False,False,False,True,False
46.0,2,0,1956.6,18.3,66372,26.5,15.3,6,123.0,0,True,False,False,False,False,False
42.0,2,0,1935.5,19.1,96734,32.2,13.0,12,49.6,0,False,True,False,False,False,False
42.0,2,0,1529.5,36.2,105462,32.7,11.3,2,55.2,0,False,False,False,False,True,False
54.0,2,0,1638.4,25.8,70238,27.7,10.2,12,358.7,0,False,False,False,True,False,False
49.0,2,0,2324.5,16.1,83796,41.1,13.4,11,142.2,0,False,False,True,False,False,False
83.0,4,0,2324.5,16.1,83796,41.1,13.4,3,285.4,0,False,False,True,False,False,False
129.0,5,0,1529.5,36.2,105462,32.7,11.3,8,208.6,0,False,False,False,False,True,False
109.0,3,1,2324.5,16.1,83796,41.1,13.4,3,35.5,0,False,False,True,False,False,False
60.0,3,0,1956.6,18.3,66372,26.5,15.3,4,153.4,0,True,False,False,False,False,False
46.0,2,0,1935.5,19.1,96734,32.2,13.0,9,33.1,0,False,True,False,False,False,False
164.0,5,0,2324.5,16.1,83796,41.1,13.4,10,104.7,0,False,False,True,False,False,False
100.0,3,1,1529.5,36.2,105462,32.7,11.3,3,225.6,0,False,False,False,False,True,False
61.0,3,0,1935.5,19.1,96734,32.2,13.0,2,142.8,0,False,True,False,False,False,False
90.0,4,0,1956.6,18.3,66372,26.5,15.3,1,79.1,0,True,False,False,False,False,False
91.0,4,1,1956.6,18.3,66372,26.5,15.3,4,107.2,0,True,False,False,False,False,False
36.0,2,0,1935.5,19.1,96734,32.2,13.0,3,176.2,0,False,True,False,False,False,False
84.0,3,1,1935.5,19.1,96734,32.2,13.0,6,195.8,0,False,True,False,False,False,False
63.0,3,0,1638.4,25.8,70238,27.7,10.2,2,104.4,0,False,False,False,True,False,False
130.0,5,1,1956.6,18.3,66372,26.5,15.3,10,360.0,0,True,False,False,False,False,False
80.0,4,0,1638.4,25.8,70238,27.7,10.2,3,107.6,0,False,False,False,True,False,False
85.0,4,0,1956.6,18.3,66372,26.5,15.3,1,272.3,0,True,False,False,False,False,False
82.0,4,1,1956.6,18.3,66372,26.5,15.3,1,410.1,0,True,False,False,False,False,False
62.0,3,0,1529.5,36.2,105462,32.7,11.3,2,133.1,0,False,False,False,False,True,False
91.0,4,1,1638.4,25.8,70238,27.7,10.2,2,74.7,0,False,False,False,True,False,False
58.0,3,0,1638.4,25.8,70238,27.7,10.2,7,380.9,1,False,False,False,True,False,False
68.0,4,0,1935.5,19.1,96734,32.2,13.0,7,143.1,0,False,True,False,False,False,False
60.0,3,0,1956.6,18.3,66372,26.5,15.3,4,86.9,0,True,False,False,False,False,False
106.0,4,0,1638.4,25.8,70238,27.7,10.2,5,48.9,0,False,False,False,True,False,False
74.0,4,0,1529.5,36.2,105462,32.7,11.3,9,8.7,0,False,False,False,False,True,False
64.0,3,0,1638.4,25.8,70238,27.7,10.2,11,71.2,0,False,False,False,True,False,False
20.0,1,0,2324.5,16.1,83796,41.1,13.4,1,41.1,0,False,False,True,False,False,False
45.0,2,0,1956.6,18.3,66372,26.5,15.3,11,169.3,0,True,False,False,False,False,False
65.0,3,0,2155.0,15.3,70863,28.8,15.8,2,82.9,0,False,False,False,False,False,True
23.0,1,0,2324.5,16.1,83796,41.1,13.4,9,142.8,0,False,False,True,False,False,False
23.0,1,0,1638.4,25.8,70238,27.7,10.2,5,151.6,0,False,False,False,True,False,False
67.0,3,0,1935.5,19.1,96734,32.2,13.0,6,322.8,0,False,True,False,False,False,False
39.0,2,0,1529.5,36.2,105462,32.7,11.3,1,69.2,0,False,False,False,False,True,False
140.0,4,1,1935.5,19.1,96734,32.2,13.0,7,140.0,0,False,True,False,False,False,False
15.0,1,0,2155.0,15.3,70863,28.8,15.8,11,28.8,0,False,False,False,False,False,True
76.0,4,0,1638.4,25.8,70238,27.7,10.2,10,164.4,0,False,False,False,True,False,False
96.0,4,0,2324.5,16.1,83796,41.1,13.4,3,19.8,0,False,False,True,False,False,False
75.0,3,1,1638.4,25.8,70238,27.7,10.2,1,141.0,0,False,False,False,True,False,False
113.0,5,0,2324.5,16.1,83796,41.1,13.4,8,210.0,0,False,False,True,False,False,False
66.0,3,0,1935.5,19.1,96734,32.2,13.0,11,186.7,0,False,True,False,False,False,False
47.0,2,0,1529.5,36.2,105462,32.7,11.3,6,55.2,0,False,False,False,False,True,False
56.0,3,0,2324.5,16.1,83796,41.1,13.4,4,213.6,0,False,False,True,False,False,False
38.0,2,0,2324.5,16.1,83796,41.1,13.4,8,351.7,0,False,False,True,False,False,False
62.0,3,0,1935.5,19.1,96734,32.2,13.0,4,92.5,0,False,True,False,False,False,False
16.0,1,0,2324.5,16.1,83796,41.1,13.4,3,52.3,0,False,False,True,False,False,False
83.0,4,1,1956.6,18.3,66372,26.5,15.3,9,221.9,0,True,False,False,False,False,False
57.0,3,0,1935.5,19.1,96734,32.2,13.0,2,123.9,0,False,True,False,False,False,False
59.0,3,0,1956.6,18.3,66372,26.5,15.3,12,148.0,0,True,False,False,False,False,False
111.0,5,1,1935.5,19.1,96734,32.2,13.0,6,351.7,0,False,True,False,False,False,False
49.0,2,0,2324.5,16.1,83796,41.1,13.4,2,172.7,0,False,False,True,False,False,False
40.0,2,0,1956.6,18.3,66372,26.5,15.3,10,131.7,1,True,False,False,False,False,False
85.0,6,1,1638.4,25.8,70238,27.7,10.2,9,209.6,0,False,False,False,True,False,False
56.0,3,0,2324.5,16.1,83796,41.1,13.4,2,130.4,1,False,False,True,False,False,False
123.0,5,1,2155.0,15.3,70863,28.8,15.8,11,75.4,0,False,False,False,False,False,True
74.0,2,0,1638.4,25.8,70238,27.7,10.2,4,40.5,0,False,False,False,True,False,False
96.0,4,1,1638.4,25.8,70238,27.7,10.2,7,119.1,0,False,False,False,True,False,False
140.0,5,1,1956.6,18.3,66372,26.5,15.3,6,101.7,0,True,False,False,False,False,False
49.0,2,0,1529.5,36.2,105462,32.7,11.3,5,235.9,0,False,False,False,False,True,False
55.0,2,0,2324.5,16.1,83796,41.1,13.4,7,136.3,0,False,False,True,False,False,False
30.0,1,0,1638.4,25.8,70238,27.7,10.2,9,274.2,0,False,False,False,True,False,False
67.0,4,0,1638.4,25.8,70238,27.7,10.2,2,112.4,0,False,False,False,True,False,False
120.0,4,1,1956.6,18.3,66372,26.5,15.3,7,119.9,0,True,False,False,False,False,False
21.0,1,0,2155.0,15.3,70863,28.8,15.8,12,157.9,0,False,False,False,False,False,True
153.0,5,1,1956.6,18.3,66372,26.5,15.3,6,237.6,1,True,False,False,False,False,False
105.0,4,0,1638.4,25.8,70238,27.7,10.2,6,54.7,0,False,False,False,True,False,False
42.0,2,0,2155.0,15.3,70863,28.8,15.8,2,28.0,0,False,False,False,False,False,True
60.0,3,0,1956.6,18.3,66372,26.5,15.3,6,285.1,0,True,False,False,False,False,False
126.0,4,0,2324.5,16.1,83796,41.1,13.4,8,39.7,0,False,False,True,False,False,False
93.0,4,0,1638.4,25.8,70238,27.7,10.2,11,121.1,0,False,False,False,True,False,False
30.0,1,0,1638.4,25.8,70238,27.7,10.2,7,267.1,0,False,False,False,True,False,False
104.0,4,0,2324.5,16.1,83796,41.1,13.4,7,78.4,0,False,False,True,False,False,False
64.0,3,0,2324.5,16.1,83796,41.1,13.4,12,151.5,0,False,False,True,False,False,False
63.0,4,0,1956.6,18.3,66372,26.5,15.3,9,138.8,0,True,False,False,False,False,False
51.0,2,0,1529.5,36.2,105462,32.7,11.3,10,151.2,0,False,False,False,False,True,False
31.0,2,0,1935.5,19.1,96734,32.2,13.0,6,111.3,1,False,True,False,False,False,False
23.0,1,0,2324.5,16.1,83796,41.1,13.4,1,25.3,0,False,False,True,False,False,False
46.0,2,0,1638.4,25.8,70238,27.7,10.2,8,229.0,0,False,False,False,True,False,False
61.0,3,0,1935.5,19.1,96734,32.2,13.0,2,90.1,0,False,True,False,False,False,False
260.0,8,1,1956.6,18.3,66372,26.5,15.3,12,350.3,0,True,False,False,False,False,False
125.0,3,1,1638.4,25.8,70238,27.7,10.2,10,187.2,0,False,False,False,True,False,False
60.0,3,0,2324.5,16.1,83796,41.1,13.4,7,65.0,0,False,False,True,False,False,False
36.0,1,0,2324.5,16.1,83796,41.1,13.4,9,131.0,0,False,False,True,False,False,False
63.0,3,0,2155.0,15.3,70863,28.8,15.8,7,160.7,0,False,False,False,False,False,True
28.0,1,0,2324.5,16.1,83796,41.1,13.4,7,136.9,0,False,False,True,False,False,False
60.0,3,0,2155.0,15.3,70863,28.8,15.8,1,169.2,0,False,False,False,False,False,True
19.0,1,0,1529.5,36.2,105462,32.7,11.3,10,37.1,0,False,False,False,False,True,False
27.0,2,1,1638.4,25.8,70238,27.7,10.2,12,33.1,0,False,False,False,True,False,False
20.0,1,1,1638.4,25.8,70238,27.7,10.2,9,173.9,0,False,False,False,True,False,False
54.0,2,0,1935.5,19.1,96734,32.2,13.0,5,176.5,0,False,True,False,False,False,False
53.0,3,0,2324.5,16.1,83796,41.1,13.4,6,204.5,0,False,False,True,False,False,False
40.0,2,0,1935.5,19.1,96734,32.2,13.0,4,109.2,0,False,True,False,False,False,False
28.0,1,0,1529.5,36.2,105462,32.7,11.3,9,76.7,0,False,False,False,False,True,False
79.0,4,0,1935.5,19.1,96734,32.2,13.0,2,141.8,0,False,True,False,False,False,False
33.0,1,0,2324.5,16.1,83796,41.1,13.4,10,147.6,0,False,False,True,False,False,False
23.0,1,0,1935.5,19.1,96734,32.2,13.0,3,98.6,0,False,True,False,False,False,False
152.0,5,1,1638.4,25.8,70238,27.7,10.2,10,63.0,0,False,False,False,True,False,False
20.0,1,0,2324.5,16.1,83796,41.1,13.4,2,64.9,0,False,False,True,False,False,False
58.0,3,1,1935.5,19.1,96734,32.2,13.0,8,260.3,0,False,True,False,False,False,False
38.0,2,0,2324.5,16.1,83796,41.1,13.4,11,203.9,1,False,False,True,False,False,False
152.0,7,1,1935.5,19.1,96734,32.2,13.0,7,278.3,0,False,True,False,False,False,False
52.0,3,0,1935.5,19.1,96734,32.2,13.0,11,169.6,0,False,True,False,False,False,False
101.0,4,0,1529.5,36.2,105462,32.7,11.3,12,112.1,0,False,False,False,False,True,False
46.0,2,0,2324.5,16.1,83796,41.1,13.4,3,147.8,1,False,False,True,False,False,False
96.0,3,0,2324.5,16.1,83796,41.1,13.4,8,71.1,0,False,False,True,False,False,False
30.0,2,0,2324.5,16.1,83796,41.1,13.4,6,43.0,0,False,False,True,False,False,False
45.0,3,0,2324.5,16.1,83796,41.1,13.4,1,161.0,0,False,False,True,False,False,False
75.0,3,0,2324.5,16.1,83796,41.1,13.4,7,57.2,0,False,False,True,False,False,False
138.0,6,1,2155.0,15.3,70863,28.8,15.8,1,153.0,0,False,False,False,False,False,True
43.0,2,0,1935.5,19.1,96734,32.2,13.0,8,156.2,1,False,True,False,False,False,False
75.0,4,1,1935.5,19.1,96734,32.2,13.0,3,286.5,0,False,True,False,False,False,False
46.0,2,0,2324.5,16.1,83796,41.1,13.4,6,130.0,0,False,False,True,False,False,False
70.0,3,0,2324.5,16.1,83796,41.1,13.4,5,248.4,0,False,False,True,False,False,False
83.0,3,0,2324.5,16.1,83796,41.1,13.4,8,200.3,1,False,False,True,False,False,False
77.0,4,0,1935.5,19.1,96734,32.2,13.0,2,208.0,0,False,True,False,False,False,False
71.0,3,0,1935.5,19.1,96734,32.2,13.0,2,230.2,0,False,True,False,False,False,False
95.0,4,0,2324.5,16.1,83796,41.1,13.4,3,58.9,0,False,False,True,False,False,False
54.0,2,0,1956.6,18.3,66372,26.5,15.3,9,272.1,0,True,False,False,False,False,False
78.0,4,0,2324.5,16.1,83796,41.1,13.4,7,112.5,0,False,False,True,False,False,False
19.0,1,0,1529.5,36.2,105462,32.7,11.3,7,59.8,0,False,False,False,False,True,False
120.0,5,1,1935.5,19.1,96734,32.2,13.0,8,194.8,0,False,True,False,False,False,False
43.0,2,0,1956.6,18.3,66372,26.5,15.3,3,109.4,0,True,False,False,False,False,False
65.0,3,0,1956.6,18.3,66372,26.5,15.3,9,68.1,0,True,False,False,False,False,False
99.0,5,1,1956.6,18.3,66372,26.5,15.3,5,166.8,0,True,False,False,False,False,False
32.0,2,0,1529.5,36.2,105462,32.7,11.3,1,156.5,1,False,False,False,False,True,False
40.0,2,0,2324.5,16.1,83796,41.1,13.4,1,56.5,0,False,False,True,False,False,False
49.0,2,0,2324.5,16.1,83796,41.1,13.4,8,175.5,0,False,False,True,False,False,False
60.0,4,0,1638.4,25.8,70238,27.7,10.2,12,112.4,0,False,False,False,True,False,False
40.0,1,0,1638.4,25.8,70238,27.7,10.2,11,80.2,0,False,False,False,True,False,False
23.0,1,0,2155.0,15.3,70863,28.8,15.8,7,114.6,0,False,False,False,False,False,True
43.0,2,0,1529.5,36.2,105462,32.7,11.3,8,124.1,0,False,False,False,False,True,False
51.0,3,0,2155.0,15.3,70863,28.8,15.8,7,110.2,0,False,False,False,False,False,True
39.0,2,0,1935.5,19.1,96734,32.2,13.0,12,312.6,0,False,True,False,False,False,False
82.0,4,0,2155.0,15.3,70863,28.8,15.8,5,76.2,0,False,False,False,False,False,True
36.0,2,0,2324.5,16.1,83796,41.1,13.4,1,106.1,0,False,False,True,False,False,False
36.0,1,0,1935.5,19.1,96734,32.2,13.0,4,28.5,0,False,True,False,False,False,False
80.0,5,1,1935.5,19.1,96734,32.2,13.0,10,122.4,0,False,True,False,False,False,False
30.0,1,0,1529.5,36.2,105462,32.7,11.3,12,33.3,0,False,False,False,False,True,False
55.0,3,0,1935.5,19.1,96734,32.2,13.0,2,129.5,0,False,True,False,False,False,False
41.0,2,0,1935.5,19.1,96734,32.2,13.0,11,80.7,0,False,True,False,False,False,False
55.0,2,0,2324.5,16.1,83796,41.1,13.4,6,174.2,0,False,False,True,False,False,False
59.0,3,0,1935.5,19.1,96734,32.2,13.0,7,55.7,0,False,True,False,False,False,False
109.0,4,1,1935.5,19.1,96734,32.2,13.0,12,110.5,0,False,True,False,False,False,False
42.0,2,0,1529.5,36.2,105462,32.7,11.3,2,6.3,0,False,False,False,False,True,False
86.0,4,1,1935.5,19.1,96734,32.2,13.0,6,89.1,0,False,True,False,False,False,False
60.0,3,0,1935.5,19.1,96734,32.2,13.0,4,197.0,0,False,True,False,False,False,False
85.0,4,0,1638.4,25.8,70238,27.7,10.2,1,254.6,0,False,False,False,True,False,False
45.0,2,0,1935.5,19.1,96734,32.2,13.0,2,56.5,0,False,True,False,False,False,False
51.0,3,0,1935.5,19.1,96734,32.2,13.0,11,163.8,0,False,True,False,False,False,False
71.0,3,0,2155.0,15.3,70863,28.8,15.8,11,173.8,0,False,False,False,False,False,True
27.0,1,0,2324.5,16.1,83796,41.1,13.4,12,127.1,0,False,False,True,False,False,False
20.0,1,0,1529.5,36.2,105462,32.7,11.3,6,114.5,0,False,False,False,False,True,False
36.0,1,0,1956.6,18.3,66372,26.5,15.3,2,126.3,0,True,False,False,False,False,False
62.0,3,0,2155.0,15.3,70863,28.8,15.8,6,19.6,0,False,False,False,False,False,True
39.0,2,0,2324.5,16.1,83796,41.1,13.4,12,102.7,0,False,False,True,False,False,False
81.0,4,0,1638.4,25.8,70238,27.7,10.2,6,54.3,0,False,False,False,True,False,False
92.0,3,1,1638.4,25.8,70238,27.7,10.2,6,164.2,0,False,False,False,True,False,False
86.0,3,0,2324.5,16.1,83796,41.1,13.4,5,150.9,0,False,False,True,False,False,False
27.0,1,0,1638.4,25.8,70238,27.7,10.2,3,52.8,0,False,False,False,True,False,False
146.0,7,1,1638.4,25.8,70238,27.7,10.2,6,119.5,0,False,False,False,True,False,False
62.0,3,0,1956.6,18.3,66372,26.5,15.3,7,339.9,0,True,False,False,False,False,False
70.0,4,1,1935.5,19.1,96734,32.2,13.0,8,111.6,0,False,True,False,False,False,False
85.0,4,0,1529.5,36.2,105462,32.7,11.3,1,19.0,0,False,False,False,False,True,False
77.0,3,0,1529.5,36.2,105462,32.7,11.3,10,143.6,1,False,False,False,False,True,False
42.0,2,0,2155.0,15.3,70863,28.8,15.8,11,110.2,0,False,False,False,False,False,True
50.0,2,0,2155.0,15.3,70863,28.8,15.8,3,35.9,0,False,False,False,False,False,True
64.0,3,0,1638.4,25.8,70238,27.7,10.2,9,153.1,0,False,False,False,True,False,False
61.0,4,1,1956.6,18.3,66372,26.5,15.3,12,50.2,0,True,False,False,False,False,False
26.0,1,0,1956.6,18.3,66372,26.5,15.3,3,99.5,1,True,False,False,False,False,False
190.0,7,1,1638.4,25.8,70238,27.7,10.2,8,150.3,0,False,False,False,True,False,False
75.0,3,0,2324.5,16.1,83796,41.1,13.4,3,66.3,0,False,False,True,False,False,False
125.0,5,1,1529.5,36.2,105462,32.7,11.3,3,116.3,0,False,False,False,False,True,False
32.0,2,0,1529.5,36.2,105462,32.7,11.3,12,135.3,0,False,False,False,False,True,False
89.0,4,0,1529.5,36.2,105462,32.7,11.3,4,193.7,0,False,False,False,False,True,False
71.0,3,0,1956.6,18.3,66372,26.5,15.3,9,86.9,0,True,False,False,False,False,False
33.0,2,0,1638.4,25.8,70238,27.7,10.2,2,26.6,0,False,False,False,True,False,False
64.0,3,1,1935.5,19.1,96734,32.2,13.0,1,78.7,0,False,True,False,False,False,False
140.0,6,1,1638.4,25.8,70238,27.7,10.2,6,257.7,0,False,False,False,True,False,False
61.0,3,0,1935.5,19.1,96734,32.2,13.0,6,93.9,0,False,True,False,False,False,False
105.0,5,1,1529.5,36.2,105462,32.7,11.3,6,208.7,1,False,False,False,False,True,False
43.0,2,0,2324.5,16.1,83796,41.1,13.4,7,73.6,1,False,False,True,False,False,False
45.0,2,0,1935.5,19.1,96734,32.2,13.0,11,330.7,0,False,True,False,False,False,False
49.0,3,0,1529.5,36.2,105462,32.7,11.3,8,89.3,0,False,False,False,False,True,False
64.0,4,0,1529.5,36.2,105462,32.7,11.3,10,156.2,0,False,False,False,False,True,False
80.0,3,0,2155.0,15.3,70863,28.8,15.8,7,355.8,0,False,False,False,False,False,True
36.0,1,1,2155.0,15.3,70863,28.8,15.8,4,137.5,0,False,False,False,False,False,True
60.0,4,0,2155.0,15.3,70863,28.8,15.8,2,187.2,0,False,False,False,False,False,True
45.0,2,0,1935.5,19.1,96734,32.2,13.0,10,88.4,0,False,True,False,False,False,False
143.0,7,1,1529.5,36.2,105462,32.7,11.3,12,46.2,0,False,False,False,False,True,False
63.0,3,0,1935.5,19.1,96734,32.2,13.0,4,217.1,0,False,True,False,False,False,False
28.0,1,0,2155.0,15.3,70863,28.8,15.8,5,524.7,0,False,False,False,False,False,True
66.0,2,0,1935.5,19.1,96734,32.2,13.0,5,73.7,0,False,True,False,False,False,False
68.0,4,1,1638.4,25.8,70238,27.7,10.2,9,36.6,0,False,False,False,True,False,False
49.0,3,0,2324.5,16.1,83796,41.1,13.4,9,156.3,0,False,False,True,False,False,False
60.0,3,0,1935.5,19.1,96734,32.2,13.0,1,14.5,0,False,True,False,False,False,False
45.0,2,0,1529.5,36.2,105462,32.7,11.3,3,34.9,0,False,False,False,False,True,False
36.0,2,0,2324.5,16.1,83796,41.1,13.4,7,64.9,0,False,False,True,False,False,False
88.0,3,0,2324.5,16.1,83796,41.1,13.4,4,55.7,0,False,False,True,False,False,False
39.0,2,0,2155.0,15.3,70863,28.8,15.8,9,37.0,0,False,False,False,False,False,True
32.0,1,0,1956.6,18.3,66372,26.5,15.3,11,137.9,0,True,False,False,False,False,False
69.0,3,0,2155.0,15.3,70863,28.8,15.8,4,131.8,0,False,False,False,False,False,True
42.0,2,0,2155.0,15.3,70863,28.8,15.8,12,110.2,0,False,False,False,False,False,True
58.0,3,0,1935.5,19.1,96734,32.2,13.0,11,266.7,0,False,True,False,False,False,False
60.0,3,0,1638.4,25.8,70238,27.7,10.2,1,162.1,0,False,False,False,True,False,False
50.0,2,0,1529.5,36.2,105462,32.7,11.3,5,100.2,0,False,False,False,False,True,False
56.0,2,0,1529.5,36.2,105462,32.7,11.3,3,220.7,0,False,False,False,False,True,False
46.0,2,0,2324.5,16.1,83796,41.1,13.4,1,130.7,0,False,False,True,False,False,False
33.0,2,0,1529.5,36.2,105462,32.7,11.3,3,40.8,0,False,False,False,False,True,False
45.0,2,0,2155.0,15.3,70863,28.8,15.8,2,98.0,0,False,False,False,False,False,True
86.0,4,0,1638.4,25.8,70238,27.7,10.2,12,259.8,1,False,False,False,True,False,False
44.0,2,0,1638.4,25.8,70238,27.7,10.2,12,43.1,0,False,False,False,True,False,False
42.0,2,0,1638.4,25.8,70238,27.7,10.2,7,298.3,0,False,False,False,True,False,False
62.0,3,0,2155.0,15.3,70863,28.8,15.8,2,279.8,0,False,False,False,False,False,True
58.0,3,0,1638.4,25.8,70238,27.7,10.2,2,340.6,1,False,False,False,True,False,False
58.0,4,0,2324.5,16.1,83796,41.1,13.4,12,94.8,0,False,False,True,False,False,False
101.0,3,0,1638.4,25.8,70238,27.7,10.2,4,46.7,0,False,False,False,True,False,False
62.0,3,0,1638.4,25.8,70238,27.7,10.2,3,100.7,1,False,False,False,True,False,False
23.0,1,0,2324.5,16.1,83796,41.1,13.4,2,153.5,0,False,False,True,False,False,False
84.0,4,0,1529.5,36.2,105462,32.7,11.3,11,120.3,0,False,False,False,False,True,False
30.0,1,0,2155.0,15.3,70863,28.8,15.8,12,103.4,0,False,False,False,False,False,True
73.0,4,0,1956.6,18.3,66372,26.5,15.3,12,206.9,0,True,False,False,False,False,False
55.0,3,1,1638.4,25.8,70238,27.7,10.2,1,125.8,0,False,False,False,True,False,False
20.0,1,0,2155.0,15.3,70863,28.8,15.8,5,120.1,0,False,False,False,False,False,True
21.0,1,0,1529.5,36.2,105462,32.7,11.3,5,135.3,0,False,False,False,False,True,False
67.0,1,0,1529.5,36.2,105462,32.7,11.3,9,114.6,0,False,False,False,False,True,False
59.0,3,0,1956.6,18.3,66372,26.5,15.3,4,41.3,0,True,False,False,False,False,False
59.0,3,0,1529.5,36.2,105462,32.7,11.3,4,28.2,0,False,False,False,False,True,False
78.0,4,0,2155.0,15.3,70863,28.8,15.8,9,139.6,0,False,False,False,False,False,True
44.0,2,0,1529.5,36.2,105462,32.7,11.3,9,120.3,0,False,False,False,False,True,False
19.0,1,0,1529.5,36.2,105462,32.7,11.3,6,206.7,0,False,False,False,False,True,False
70.0,3,1,1638.4,25.8,70238,27.7,10.2,9,134.2,0,False,False,False,True,False,False
62.0,3,0,1638.4,25.8,70238,27.7,10.2,12,195.3,0,False,False,False,True,False,False
60.0,3,0,2155.0,15.3,70863,28.8,15.8,2,82.9,0,False,False,False,False,False,True
32.0,1,0,1529.5,36.2,105462,32.7,11.3,9,86.2,0,False,False,False,False,True,False
18.0,1,0,2324.5,16.1,83796,41.1,13.4,12,66.3,0,False,False,True,False,False,False
78.0,4,0,1935.5,19.1,96734,32.2,13.0,12,108.1,0,False,True,False,False,False,False
62.0,3,0,1935.5,19.1,96734,32.2,13.0,10,126.8,0,False,True,False,False,False,False
15.0,1,0,1529.5,36.2,105462,32.7,11.3,9,89.3,0,False,False,False,False,True,False
65.0,3,0,2155.0,15.3,70863,28.8,15.8,12,184.4,0,False,False,False,False,False,True
33.0,2,0,1638.4,25.8,70238,27.7,10.2,4,165.1,0,False,False,False,True,False,False
82.0,4,1,1935.5,19.1,96734,32.2,13.0,4,92.1,0,False,True,False,False,False,False
76.0,3,0,1638.4,25.8,70238,27.7,10.2,9,77.9,0,False,False,False,True,False,False
18.0,1,0,1529.5,36.2,105462,32.7,11.3,6,489.0,0,False,False,False,False,True,False
47.0,2,0,2324.5,16.1,83796,41.1,13.4,9,130.4,0,False,False,True,False,False,False
40.0,2,0,1935.5,19.1,96734,32.2,13.0,12,88.1,0,False,True,False,False,False,False
200.0,5,1,1638.4,25.8,70238,27.7,10.2,12,55.7,0,False,False,False,True,False,False
37.0,2,0,1529.5,36.2,105462,32.7,11.3,11,54.6,0,False,False,False,False,True,False
96.0,4,1,1956.6,18.3,66372,26.5,15.3,2,217.4,0,True,False,False,False,False,False
101.0,5,0,1638.4,25.8,70238,27.7,10.2,5,67.4,0,False,False,False,True,False,False
44.0,2,0,1529.5,36.2,105462,32.7,11.3,12,55.5,0,False,False,False,False,True,False
43.0,2,0,2155.0,15.3,70863,28.8,15.8,7,120.7,0,False,False,False,False,False,True
52.0,2,0,1956.6,18.3,66372,26.5,15.3,11,184.6,0,True,False,False,False,False,False
43.0,2,0,1935.5,19.1,96734,32.2,13.0,12,338.3,0,False,True,False,False,False,False
40.0,2,0,2155.0,15.3,70863,28.8,15.8,5,111.3,0,False,False,False,False,False,True
41.0,2,0,1638.4,25.8,70238,27.7,10.2,12,263.4,0,False,False,False,True,False,False
62.0,3,0,1935.5,19.1,96734,32.2,13.0,2,142.1,0,False,True,False,False,False,False
60.0,2,1,1935.5,19.1,96734,32.2,13.0,1,118.1,0,False,True,False,False,False,False
53.0,3,0,1638.4,25.8,70238,27.7,10.2,4,89.3,0,False,False,False,True,False,False
18.0,1,0,2324.5,16.1,83796,41.1,13.4,6,118.4,0,False,False,True,False,False,False
93.0,4,0,1956.6,18.3,66372,26.5,15.3,5,81.2,0,True,False,False,False,False,False
79.0,5,1,1935.5,19.1,96734,32.2,13.0,9,269.1,0,False,True,False,False,False,False
57.0,3,0,2155.0,15.3,70863,28.8,15.8,2,67.4,0,False,False,False,False,False,True
63.0,2,0,1529.5,36.2,105462,32.7,11.3,2,8.7,0,False,False,False,False,True,False
70.0,4,0,1638.4,25.8,70238,27.7,10.2,5,39.3,0,False,False,False,True,False,False
64.0,3,0,1935.5,19.1,96734,32.2,13.0,9,90.8,0,False,True,False,False,False,False
45.0,3,0,1935.5,19.1,96734,32.2,13.0,5,103.3,0,False,True,False,False,False,False
72.0,3,0,1935.5,19.1,96734,32.2,13.0,1,310.2,0,False,True,False,False,False,False
105.0,5,1,1956.6,18.3,66372,26.5,15.3,11,184.4,1,True,False,False,False,False,False
43.0,2,0,1935.5,19.1,96734,32.2,13.0,9,280.1,0,False,True,False,False,False,False
42.0,2,0,1935.5,19.1,96734,32.2,13.0,7,133.1,0,False,True,False,False,False,False
60.0,3,0,1529.5,36.2,105462,32.7,11.3,10,106.4,0,False,False,False,False,True,False
27.0,2,0,1529.5,36.2,105462,32.7,11.3,11,151.4,0,False,False,False,False,True,False
48.0,2,0,2324.5,16.1,83796,41.1,13.4,6,295.7,0,False,False,True,False,False,False
31.0,1,0,1529.5,36.2,105462,32.7,11.3,3,103.8,0,False,False,False,False,True,False
71.0,3,0,1529.5,36.2,105462,32.7,11.3,2,101.5,0,False,False,False,False,True,False
30.0,1,0,2324.5,16.1,83796,41.1,13.4,11,205.4,1,False,False,True,False,False,False
40.0,1,0,2155.0,15.3,70863,28.8,15.8,3,219.5,0,False,False,False,False,False,True
130.0,5,1,1935.5,19.1,96734,32.2,13.0,3,354.0,0,False,True,False,False,False,False
53.0,3,0,1935.5,19.1,96734,32.2,13.0,10,124.4,0,False,True,False,False,False,False
38.0,1,0,2324.5,16.1,83796,41.1,13.4,3,143.7,0,False,False,True,False,False,False
43.0,2,0,2155.0,15.3,70863,28.8,15.8,9,78.7,0,False,False,False,False,False,True
50.0,3,0,1935.5,19.1,96734,32.2,13.0,8,100.4,0,False,True,False,False,False,False
59.0,3,0,1935.5,19.1,96734,32.2,13.0,7,345.0,0,False,True,False,False,False,False
81.0,5,0,1529.5,36.2,105462,32.7,11.3,8,146.5,0,False,False,False,False,True,False
38.0,1,0,1529.5,36.2,105462,32.7,11.3,7,85.2,0,False,False,False,False,True,False
54.0,2,0,2155.0,15.3,70863,28.8,15.8,12,125.9,0,False,False,False,False,False,True
60.0,3,0,1956.6,18.3,66372,26.5,15.3,9,206.9,0,True,False,False,False,False,False
92.0,4,0,1935.5,19.1,96734,32.2,13.0,9,235.9,0,False,True,False,False,False,False
35.0,2,0,1638.4,25.8,70238,27.7,10.2,3,51.2,0,False,False,False,True,False,False
202.0,6,0,2324.5,16.1,83796,41.1,13.4,7,28.2,0,False,False,True,False,False,False
260.0,8,1,1956.6,18.3,66372,26.5,15.3,12,350.3,0,True,False,False,False,False,False
72.0,4,0,1956.6,18.3,66372,26.5,15.3,7,294.5,0,True,False,False,False,False,False
40.0,2,0,1935.5,19.1,96734,32.2,13.0,2,96.0,0,False,True,False,False,False,False
30.0,2,0,2155.0,15.3,70863,28.8,15.8,5,136.7,0,False,False,False,False,False,True
42.0,3,1,1529.5,36.2,105462,32.7,11.3,6,214.6,0,False,False,False,False,True,False
47.0,2,0,1956.6,18.3,66372,26.5,15.3,7,99.8,1,True,False,False,False,False,False
72.0,3,0,2155.0,15.3,70863,28.8,15.8,7,110.2,0,False,False,False,False,False,True
86.0,4,0,1935.5,19.1,96734,32.2,13.0,4,301.0,0,False,True,False,False,False,False
98.0,4,0,2155.0,15.3,70863,28.8,15.8,11,125.9,0,False,False,False,False,False,True
71.0,3,0,2324.5,16.1,83796,41.1,13.4,5,164.1,0,False,False,True,False,False,False
57.0,3,0,2155.0,15.3,70863,28.8,15.8,4,226.1,0,False,False,False,False,False,True
77.0,4,0,1638.4,25.8,70238,27.7,10.2,3,61.3,0,False,False,False,True,False,False
135.0,3,1,2155.0,15.3,70863,28.8,15.8,7,65.3,0,False,False,False,False,False,True
28.0,1,0,2324.5,16.1,83796,41.1,13.4,5,152.0,0,False,False,True,False,False,False
45.0,2,0,1935.5,19.1,96734,32.2,13.0,5,29.7,0,False,True,False,False,False,False
96.0,4,1,1935.5,19.1,96734,32.2,13.0,8,357.5,0,False,True,False,False,False,False
37.0,2,0,2155.0,15.3,70863,28.8,15.8,6,61.8,0,False,False,False,False,False,True
38.0,2,0,2324.5,16.1,83796,41.1,13.4,1,56.4,0,False,False,True,False,False,False
68.0,3,0,1935.5,19.1,96734,32.2,13.0,7,62.6,0,False,True,False,False,False,False
48.0,2,0,2155.0,15.3,70863,28.8,15.8,12,80.1,0,False,False,False,False,False,True
82.0,4,0,1638.4,25.8,70238,27.7,10.2,5,161.3,0,False,False,False,True,False,False
20.0,1,0,2155.0,15.3,70863,28.8,15.8,4,120.1,0,False,False,False,False,False,True
75.0,3,0,1956.6,18.3,66372,26.5,15.3,12,243.7,0,True,False,False,False,False,False
160.0,3,1,2324.5,16.1,83796,41.1,13.4,12,308.7,0,False,False,True,False,False,False
44.0,2,0,1529.5,36.2,105462,32.7,11.3,5,69.3,0,False,False,False,False,True,False
54.0,4,1,1638.4,25.8,70238,27.7,10.2,8,195.3,0,False,False,False,True,False,False
95.0,6,1,1956.6,18.3,66372,26.5,15.3,5,129.5,0,True,False,False,False,False,False
73.0,4,0,2155.0,15.3,70863,28.8,15.8,5,176.9,0,False,False,False,False,False,True
339.0,7,1,1956.6,18.3,66372,26.5,15.3,11,71.0,0,True,False,False,False,False,False
34.0,2,0,1638.4,25.8,70238,27.7,10.2,11,94.3,0,False,False,False,True,False,False
27.0,1,0,1638.4,25.8,70238,27.7,10.2,5,86.1,0,False,False,False,True,False,False
58.0,3,0,1529.5,36.2,105462,32.7,11.3,5,138.8,1,False,False,False,False,True,False
120.0,5,0,2324.5,16.1,83796,41.1,13.4,12,62.9,0,False,False,True,False,False,False
23.0,1,0,1529.5,36.2,105462,32.7,11.3,4,378.8,0,False,False,False,False,True,False
45.0,2,0,2324.5,16.1,83796,41.1,13.4,10,61.4,0,False,False,True,False,False,False
47.0,2,0,1529.5,36.2,105462,32.7,11.3,7,138.6,0,False,False,False,False,True,False
48.0,2,0,1638.4,25.8,70238,27.7,10.2,12,209.1,0,False,False,False,True,False,False
65.0,4,0,1935.5,19.1,96734,32.2,13.0,3,13.9,0,False,True,False,False,False,False
69.0,3,0,1638.4,25.8,70238,27.7,10.2,6,169.4,0,False,False,False,True,False,False
88.0,4,0,1935.5,19.1,96734,32.2,13.0,8,125.2,0,False,True,False,False,False,False
38.0,2,0,1935.5,19.1,96734,32.2,13.0,5,127.1,0,False,True,False,False,False,False
40.0,2,0,1638.4,25.8,70238,27.7,10.2,7,255.7,0,False,False,False,True,False,False
50.0,2,0,1638.4,25.8,70238,27.7,10.2,10,220.2,0,False,False,False,True,False,False
92.0,5,0,1935.5,19.1,96734,32.2,13.0,4,11.3,0,False,True,False,False,False,False
20.0,2,0,2324.5,16.1,83796,41.1,13.4,12,91.9,0,False,False,True,False,False,False
31.0,2,0,2324.5,16.1,83796,41.1,13.4,4,129.3,0,False,False,True,False,False,False
84.0,4,0,1529.5,36.2,105462,32.7,11.3,8,55.2,0,False,False,False,False,True,False
82.0,5,0,1935.5,19.1,96734,32.2,13.0,6,151.3,0,False,True,False,False,False,False
84.0,4,0,1935.5,19.1,96734,32.2,13.0,1,90.8,0,False,True,False,False,False,False
80.0,4,1,1935.5,19.1,96734,32.2,13.0,12,174.1,0,False,True,False,False,False,False
50.0,2,0,1935.5,19.1,96734,32.2,13.0,10,161.9,0,False,True,False,False,False,False
46.0,2,0,2324.5,16.1,83796,41.1,13.4,7,66.8,0,False,False,True,False,False,False
94.0,5,0,1638.4,25.8,70238,27.7,10.2,2,368.3,0,False,False,False,True,False,False
126.0,6,1,1956.6,18.3,66372,26.5,15.3,8,192.6,0,True,False,False,False,False,False
38.0,2,0,1529.5,36.2,105462,32.7,11.3,12,316.5,0,False,False,False,False,True,False
21.0,1,0,2324.5,16.1,83796,41.1,13.4,12,192.9,0,False,False,True,False,False,False
61.0,3,0,1529.5,36.2,105462,32.7,11.3,2,144.4,0,False,False,False,False,True,False
46.0,2,0,1935.5,19.1,96734,32.2,13.0,6,184.6,0,False,True,False,False,False,False
66.0,3,0,1935.5,19.1,96734,32.2,13.0,12,98.6,0,False,True,False,False,False,False
55.0,2,0,2155.0,15.3,70863,28.8,15.8,2,73.8,0,False,False,False,False,False,True
49.0,2,0,1935.5,19.1,96734,32.2,13.0,11,64.7,0,False,True,False,False,False,False
130.0,4,0,2324.5,16.1,83796,41.1,13.4,7,16.7,1,False,False,True,False,False,False
31.0,2,0,1935.5,19.1,96734,32.2,13.0,8,339.9,0,False,True,False,False,False,False
64.0,3,0,1529.5,36.2,105462,32.7,11.3,9,173.2,0,False,False,False,False,True,False
63.0,2,0,2155.0,15.3,70863,28.8,15.8,9,175.8,0,False,False,False,False,False,True
19.0,1,0,1529.5,36.2,105462,32.7,11.3,12,254.1,0,False,False,False,False,True,False
71.0,3,0,1935.5,19.1,96734,32.2,13.0,8,127.5,0,False,True,False,False,False,False
136.0,4,0,1638.4,25.8,70238,27.7,10.2,9,298.9,0,False,False,False,True,False,False
45.0,2,0,1529.5,36.2,105462,32.7,11.3,8,48.9,0,False,False,False,False,True,False
37.0,2,0,2324.5,16.1,83796,41.1,13.4,11,66.3,0,False,False,True,False,False,False
70.0,3,0,1529.5,36.2,105462,32.7,11.3,2,118.5,0,False,False,False,False,True,False
62.0,3,0,1529.5,36.2,105462,32.7,11.3,3,90.3,0,False,False,False,False,True,False
54.0,3,0,2324.5,16.1,83796,41.1,13.4,10,376.1,0,False,False,True,False,False,False
92.0,4,0,1935.5,19.1,96734,32.2,13.0,8,59.2,0,False,True,False,False,False,False
33.0,2,0,1956.6,18.3,66372,26.5,15.3,9,198.6,0,True,False,False,False,False,False
35.0,2,0,1956.6,18.3,66372,26.5,15.3,6,42.4,0,True,False,False,False,False,False
71.0,4,0,1935.5,19.1,96734,32.2,13.0,8,90.2,0,False,True,False,False,False,False
57.0,3,0,1638.4,25.8,70238,27.7,10.2,10,380.9,1,False,False,False,True,False,False
60.0,3,0,1935.5,19.1,96734,32.2,13.0,9,283.6,0,False,True,False,False,False,False
49.0,2,0,1935.5,19.1,96734,32.2,13.0,11,178.4,0,False,True,False,False,False,False
63.0,3,0,1935.5,19.1,96734,32.2,13.0,3,84.5,0,False,True,False,False,False,False
54.0,1,0,2324.5,16.1,83796,41.1,13.4,1,189.7,0,False,False,True,False,False,False
65.0,3,0,1935.5,19.1,96734,32.2,13.0,7,83.2,1,False,True,False,False,False,False
67.0,3,0,2155.0,15.3,70863,28.8,15.8,7,85.1,0,False,False,False,False,False,True
15.0,1,0,2324.5,16.1,83796,41.1,13.4,11,77.0,0,False,False,True,False,False,False
28.0,1,0,2324.5,16.1,83796,41.1,13.4,5,86.9,0,False,False,True,False,False,False
89.0,5,1,1956.6,18.3,66372,26.5,15.3,11,330.5,0,True,False,False,False,False,False
59.0,3,0,1935.5,19.1,96734,32.2,13.0,4,239.4,0,False,True,False,False,False,False
60.0,3,0,2324.5,16.1,83796,41.1,13.4,10,111.6,0,False,False,True,False,False,False
35.0,2,0,2324.5,16.1,83796,41.1,13.4,3,50.9,0,False,False,True,False,False,False
22.0,1,0,1529.5,36.2,105462,32.7,11.3,1,80.1,0,False,False,False,False,True,False
96.0,4,0,1529.5,36.2,105462,32.7,11.3,3,125.6,1,False,False,False,False,True,False
53.0,2,1,1529.5,36.2,105462,32.7,11.3,5,74.6,0,False,False,False,False,True,False
18.0,1,0,2324.5,16.1,83796,41.1,13.4,10,61.4,0,False,False,True,False,False,False
80.0,4,0,2155.0,15.3,70863,28.8,15.8,12,204.4,0,False,False,False,False,False,True
20.0,1,0,2155.0,15.3,70863,28.8,15.8,7,103.7,0,False,False,False,False,False,True
26.0,1,0,2155.0,15.3,70863,28.8,15.8,5,113.9,0,False,False,False,False,False,True
25.0,1,0,1529.5,36.2,105462,32.7,11.3,2,69.4,0,False,False,False,False,True,False
68.0,3,0,2324.5,16.1,83796,41.1,13.4,3,145.6,1,False,False,True,False,False,False
64.0,4,0,1529.5,36.2,105462,32.7,11.3,3,146.5,0,False,False,False,False,True,False
45.0,2,0,2155.0,15.3,70863,28.8,15.8,9,151.5,0,False,False,False,False,False,True
63.0,3,0,1529.5,36.2,105462,32.7,11.3,11,205.4,0,False,False,False,False,True,False
36.0,1,0,1529.5,36.2,105462,32.7,11.3,4,198.8,0,False,False,False,False,True,False
92.0,4,0,2324.5,16.1,83796,41.1,13.4,4,77.7,0,False,False,True,False,False,False
136.0,5,1,1956.6,18.3,66372,26.5,15.3,9,349.3,0,True,False,False,False,False,False
91.0,3,1,1638.4,25.8,70238,27.7,10.2,6,66.7,0,False,False,False,True,False,False
97.0,5,0,1638.4,25.8,70238,27.7,10.2,3,60.2,0,False,False,False,True,False,False
65.0,3,0,2324.5,16.1,83796,41.1,13.4,3,110.0,0,False,False,True,False,False,False
38.0,2,0,2155.0,15.3,70863,28.8,15.8,7,146.0,0,False,False,False,False,False,True
45.0,2,0,2324.5,16.1,83796,41.1,13.4,3,100.6,0,False,False,True,False,False,False
63.0,3,0,1935.5,19.1,96734,32.2,13.0,7,525.1,0,False,True,False,False,False,False
31.0,1,0,1638.4,25.8,70238,27.7,10.2,10,268.6,0,False,False,False,True,False,False
50.0,2,0,2324.5,16.1,83796,41.1,13.4,9,264.3,0,False,False,True,False,False,False
133.0,6,0,1956.6,18.3,66372,26.5,15.3,4,143.8,0,True,False,False,False,False,False
64.0,3,0,1956.6,18.3,66372,26.5,15.3,7,98.3,0,True,False,False,False,False,False
20.0,1,0,2324.5,16.1,83796,41.1,13.4,7,66.6,0,False,False,True,False,False,False
63.0,3,0,1935.5,19.1,96734,32.2,13.0,6,121.8,0,False,True,False,False,False,False
23.0,2,0,1935.5,19.1,96734,32.2,13.0,7,113.5,0,False,True,False,False,False,False
17.0,1,0,1935.5,19.1,96734,32.2,13.0,11,148.5,0,False,True,False,False,False,False
63.0,3,0,1638.4,25.8,70238,27.7,10.2,6,87.0,0,False,False,False,True,False,False
55.0,3,0,1935.5,19.1,96734,32.2,13.0,8,31.7,0,False,True,False,False,False,False
78.0,3,1,1638.4,25.8,70238,27.7,10.2,5,117.3,0,False,False,False,True,False,False
77.0,4,0,1935.5,19.1,96734,32.2,13.0,2,241.7,0,False,True,False,False,False,False
36.0,1,0,1935.5,19.1,96734,32.2,13.0,9,58.0,0,False,True,False,False,False,False
83.0,4,0,1935.5,19.1,96734,32.2,13.0,4,260.4,0,False,True,False,False,False,False
96.0,4,0,1935.5,19.1,96734,32.2,13.0,10,98.6,0,False,True,False,False,False,False
52.0,3,0,1638.4,25.8,70238,27.7,10.2,6,289.9,0,False,False,False,True,False,False
62.0,3,0,2155.0,15.3,70863,28.8,15.8,4,158.6,0,False,False,False,False,False,True
33.0,1,0,1638.4,25.8,70238,27.7,10.2,10,51.4,0,False,False,False,True,False,False
42.0,2,0,1935.5,19.1,96734,32.2,13.0,10,194.8,0,False,True,False,False,False,False
62.0,3,0,1935.5,19.1,96734,32.2,13.0,11,109.8,0,False,True,False,False,False,False
44.0,2,0,2324.5,16.1,83796,41.1,13.4,1,27.6,0,False,False,True,False,False,False
63.0,3,0,1956.6,18.3,66372,26.5,15.3,10,221.0,0,True,False,False,False,False,False
55.0,2,0,1956.6,18.3,66372,26.5,15.3,6,196.7,0,True,False,False,False,False,False
99.0,4,0,2324.5,16.1,83796,41.1,13.4,1,73.6,0,False,False,True,False,False,False
54.0,2,1,1638.4,25.8,70238,27.7,10.2,9,277.4,0,False,False,False,True,False,False
101.0,4,0,2324.5,16.1,83796,41.1,13.4,9,255.0,0,False,False,True,False,False,False
96.0,4,1,1529.5,36.2,105462,32.7,11.3,3,236.5,0,False,False,False,False,True,False
46.0,2,0,2324.5,16.1,83796,41.1,13.4,5,208.0,0,False,False,True,False,False,False
60.0,3,0,1935.5,19.1,96734,32.2,13.0,2,173.2,0,False,True,False,False,False,False
55.0,3,0,2324.5,16.1,83796,41.1,13.4,11,70.1,0,False,False,True,False,False,False
80.0,5,0,1529.5,36.2,105462,32.7,11.3,4,220.8,0,False,False,False,False,True,False
30.0,1,0,1529.5,36.2,105462,32.7,11.3,6,109.9,0,False,False,False,False,True,False
57.0,3,0,1935.5,19.1,96734,32.2,13.0,2,72.3,0,False,True,False,False,False,False
58.0,3,0,1638.4,25.8,70238,27.7,10.2,1,162.6,1,False,False,False,True,False,False
95.0,4,0,1638.4,25.8,70238,27.7,10.2,6,37.4,0,False,False,False,True,False,False
52.0,3,0,1935.5,19.1,96734,32.2,13.0,1,168.6,0,False,True,False,False,False,False
39.0,2,0,1935.5,19.1,96734,32.2,13.0,5,39.4,1,False,True,False,False,False,False
47.0,2,0,1529.5,36.2,105462,32.7,11.3,4,216.4,0,False,False,False,False,True,False
50.0,2,0,1529.5,36.2,105462,32.7,11.3,6,159.6,0,False,False,False,False,True,False
56.0,2,0,1956.6,18.3,66372,26.5,15.3,5,297.6,0,True,False,False,False,False,False
74.0,3,0,1638.4,25.8,70238,27.7,10.2,8,38.1,0,False,False,False,True,False,False
58.0,3,1,1529.5,36.2,105462,32.7,11.3,4,38.8,0,False,False,False,False,True,False
35.0,2,0,2324.5,16.1,83796,41.1,13.4,4,118.3,0,False,False,True,False,False,False
56.0,2,0,1638.4,25.8,70238,27.7,10.2,7,250.5,0,False,False,False,True,False,False
18.0,1,0,2155.0,15.3,70863,28.8,15.8,8,118.7,0,False,False,False,False,False,True
35.0,1,0,1935.5,19.1,96734,32.2,13.0,8,71.2,0,False,True,False,False,False,False
120.0,5,1,1638.4,25.8,70238,27.7,10.2,5,172.8,0,False,False,False,True,False,False
45.0,2,0,2155.0,15.3,70863,28.8,15.8,9,204.4,0,False,False,False,False,False,True
171.0,7,1,2155.0,15.3,70863,28.8,15.8,9,566.9,0,False,False,False,False,False,True
118.0,5,0,1529.5,36.2,105462,32.7,11.3,6,190.6,0,False,False,False,False,True,False
64.0,3,0,1529.5,36.2,105462,32.7,11.3,5,243.8,0,False,False,False,False,True,False
41.0,1,0,1529.5,36.2,105462,32.7,11.3,2,197.5,0,False,False,False,False,True,False
105.0,5,1,1935.5,19.1,96734,32.2,13.0,10,106.9,0,False,True,False,False,False,False
65.0,3,0,1935.5,19.1,96734,32.2,13.0,8,18.8,0,False,True,False,False,False,False
101.0,3,0,1529.5,36.2,105462,32.7,11.3,2,218.9,0,False,False,False,False,True,False
68.0,3,0,1935.5,19.1,96734,32.2,13.0,8,169.5,0,False,True,False,False,False,False
43.0,2,0,1935.5,19.1,96734,32.2,13.0,6,136.3,0,False,True,False,False,False,False
43.0,2,0,1529.5,36.2,105462,32.7,11.3,12,101.0,0,False,False,False,False,True,False
39.0,2,0,1935.5,19.1,96734,32.2,13.0,10,96.5,0,False,True,False,False,False,False
48.0,3,0,1935.5,19.1,96734,32.2,13.0,5,159.4,0,False,True,False,False,False,False
74.0,4,0,1638.4,25.8,70238,27.7,10.2,7,214.7,0,False,False,False,True,False,False
72.0,3,0,1638.4,25.8,70238,27.7,10.2,2,245.9,0,False,False,False,True,False,False
70.0,3,0,1935.5,19.1,96734,32.2,13.0,2,96.5,0,False,True,False,False,False,False
42.0,2,0,1956.6,18.3,66372,26.5,15.3,4,136.8,0,True,False,False,False,False,False
42.0,2,0,1935.5,19.1,96734,32.2,13.0,12,88.1,0,False,True,False,False,False,False
17.0,1,0,2324.5,16.1,83796,41.1,13.4,9,218.3,0,False,False,True,False,False,False
34.0,2,0,1935.5,19.1,96734,32.2,13.0,3,31.7,0,False,True,False,False,False,False
93.0,4,1,1638.4,25.8,70238,27.7,10.2,8,402.0,0,False,False,False,True,False,False
91.0,3,0,1529.5,36.2,105462,32.7,11.3,10,75.0,0,False,False,False,False,True,False
88.0,4,0,1956.6,18.3,66372,26.5,15.3,3,60.8,0,True,False,False,False,False,False
53.0,2,0,1935.5,19.1,96734,32.2,13.0,8,39.3,0,False,True,False,False,False,False
65.0,3,0,2155.0,15.3,70863,28.8,15.8,11,120.9,0,False,False,False,False,False,True
70.0,3,0,1529.5,36.2,105462,32.7,11.3,11,40.0,0,False,False,False,False,True,False
83.0,2,0,2155.0,15.3,70863,28.8,15.8,7,120.3,0,False,False,False,False,False,True
62.0,3,0,2155.0,15.3,70863,28.8,15.8,10,47.9,0,False,False,False,False,False,True
51.0,3,0,1935.5,19.1,96734,32.2,13.0,12,168.6,0,False,True,False,False,False,False
33.0,1,0,2324.5,16.1,83796,41.1,13.4,10,154.1,0,False,False,True,False,False,False
63.0,3,1,1956.6,18.3,66372,26.5,15.3,3,48.9,0,True,False,False,False,False,False
81.0,4,0,2155.0,15.3,70863,28.8,15.8,6,115.6,0,False,False,False,False,False,True
64.0,3,0,1529.5,36.2,105462,32.7,11.3,2,84.0,0,False,False,False,False,True,False
63.0,3,0,1638.4,25.8,70238,27.7,10.2,8,199.5,0,False,False,False,True,False,False
62.0,3,0,1935.5,19.1,96734,32.2,13.0,8,133.1,0,False,True,False,False,False,False
38.0,2,0,1935.5,19.1,96734,32.2,13.0,7,78.4,0,False,True,False,False,False,False
51.0,2,0,1529.5,36.2,105462,32.7,11.3,8,178.2,0,False,False,False,False,True,False
101.0,5,1,1638.4,25.8,70238,27.7,10.2,3,164.2,0,False,False,False,True,False,False
65.0,3,0,1529.5,36.2,105462,32.7,11.3,1,171.8,0,False,False,False,False,True,False
131.0,4,0,1935.5,19.1,96734,32.2,13.0,10,78.4,0,False,True,False,False,False,False
64.0,3,0,1529.5,36.2,105462,32.7,11.3,1,148.7,0,False,False,False,False,True,False
94.0,4,1,1529.5,36.2,105462,32.7,11.3,10,158.0,0,False,False,False,False,True,False
21.0,1,0,1956.6,18.3,66372,26.5,15.3,1,161.0,0,True,False,False,False,False,False
65.0,3,0,1529.5,36.2,105462,32.7,11.3,7,109.7,0,False,False,False,False,True,False
100.0,4,1,1638.4,25.8,70238,27.7,10.2,3,127.4,0,False,False,False,True,False,False
168.0,5,0,2324.5,16.1,83796,41.1,13.4,10,29.3,0,False,False,True,False,False,False
68.0,3,0,1935.5,19.1,96734,32.2,13.0,7,211.5,0,False,True,False,False,False,False
45.0,2,0,2155.0,15.3,70863,28.8,15.8,2,137.4,0,False,False,False,False,False,True
68.0,3,0,2324.5,16.1,83796,41.1,13.4,5,101.4,0,False,False,True,False,False,False
16.0,1,0,2324.5,16.1,83796,41.1,13.4,10,56.7,0,False,False,True,False,False,False
65.0,3,0,1935.5,19.1,96734,32.2,13.0,11,156.7,0,False,True,False,False,False,False
46.0,2,0,2155.0,15.3,70863,28.8,15.8,9,237.5,0,False,False,False,False,False,True
61.0,3,0,1935.5,19.1,96734,32.2,13.0,12,194.8,0,False,True,False,False,False,False
40.0,2,0,1935.5,19.1,96734,32.2,13.0,10,181.8,0,False,True,False,False,False,False
33.0,2,0,2155.0,15.3,70863,28.8,15.8,2,21.9,0,False,False,False,False,False,True
66.0,3,0,1935.5,19.1,96734,32.2,13.0,7,161.9,0,False,True,False,False,False,False
100.0,4,0,1935.5,19.1,96734,32.2,13.0,9,112.6,0,False,True,False,False,False,False
61.0,3,0,2155.0,15.3,70863,28.8,15.8,12,135.7,0,False,False,False,False,False,True
91.0,5,1,1638.4,25.8,70238,27.7,10.2,1,286.5,0,False,False,False,True,False,False
24.0,2,0,2155.0,15.3,70863,28.8,15.8,5,50.0,0,False,False,False,False,False,True
70.0,4,1,1638.4,25.8,70238,27.7,10.2,8,237.1,0,False,False,False,True,False,False
36.0,1,0,1529.5,36.2,105462,32.7,11.3,5,198.1,0,False,False,False,False,True,False
21.0,1,0,2324.5,16.1,83796,41.1,13.4,5,229.7,0,False,False,True,False,False,False
30.0,1,0,2324.5,16.1,83796,41.1,13.4,12,77.3,0,False,False,True,False,False,False
54.0,2,0,2324.5,16.1,83796,41.1,13.4,10,82.7,0,False,False,True,False,False,False
21.0,1,0,1638.4,25.8,70238,27.7,10.2,5,115.8,0,False,False,False,True,False,False
100.0,4,0,1529.5,36.2,105462,32.7,11.3,7,207.9,0,False,False,False,False,True,False
64.0,4,0,1638.4,25.8,70238,27.7,10.2,7,61.3,0,False,False,False,True,False,False
26.0,1,0,2324.5,16.1,83796,41.1,13.4,6,91.1,0,False,False,True,False,False,False
52.0,2,0,1529.5,36.2,105462,32.7,11.3,3,165.5,0,False,False,False,False,True,False
67.0,3,0,1638.4,25.8,70238,27.7,10.2,5,90.8,0,False,False,False,True,False,False
45.0,2,0,2155.0,15.3,70863,28.8,15.8,6,99.2,0,False,False,False,False,False,True
62.0,3,0,2324.5,16.1,83796,41.1,13.4,12,49.8,1,False,False,True,False,False,False
41.0,2,0,2155.0,15.3,70863,28.8,15.8,12,105.1,0,False,False,False,False,False,True
29.0,2,0,1529.5,36.2,105462,32.7,11.3,6,125.1,0,False,False,False,False,True,False
97.0,4,0,1935.5,19.1,96734,32.2,13.0,4,41.3,0,False,True,False,False,False,False
29.0,1,0,1529.5,36.2,105462,32.7,11.3,9,44.2,0,False,False,False,False,True,False
39.0,1,0,1529.5,36.2,105462,32.7,11.3,3,183.7,0,False,False,False,False,True,False
16.0,1,0,1638.4,25.8,70238,27.7,10.2,3,105.9,0,False,False,False,True,False,False
69.0,3,0,2155.0,15.3,70863,28.8,15.8,9,57.3,0,False,False,False,False,False,True
21.0,1,0,1529.5,36.2,105462,32.7,11.3,2,89.0,0,False,False,False,False,True,False
49.0,2,0,1638.4,25.8,70238,27.7,10.2,11,226.5,0,False,False,False,True,False,False
81.0,6,0,2155.0,15.3,70863,28.8,15.8,12,250.2,0,False,False,False,False,False,True
29.0,1,0,1529.5,36.2,105462,32.7,11.3,7,210.3,0,False,False,False,False,True,False
50.0,3,0,2324.5,16.1,83796,41.1,13.4,9,141.8,0,False,False,True,False,False,False
135.0,7,1,1529.5,36.2,105462,32.7,11.3,7,94.5,0,False,False,False,False,True,False
76.0,3,0,1638.4,25.8,70238,27.7,10.2,12,89.5,0,False,False,False,True,False,False
46.0,2,0,1638.4,25.8,70238,27.7,10.2,6,24.5,0,False,False,False,True,False,False
47.0,2,0,1638.4,25.8,70238,27.7,10.2,7,182.8,0,False,False,False,True,False,False
160.0,6,0,1935.5,19.1,96734,32.2,13.0,12,53.5,0,False,True,False,False,False,False
43.0,2,0,2155.0,15.3,70863,28.8,15.8,12,83.2,0,False,False,False,False,False,True
46.0,2,0,1935.5,19.1,96734,32.2,13.0,12,176.8,0,False,True,False,False,False,False
67.0,3,0,1935.5,19.1,96734,32.2,13.0,12,15.0,0,False,True,False,False,False,False
61.0,3,0,1935.5,19.1,96734,32.2,13.0,10,249.4,0,False,True,False,False,False,False
115.0,5,1,1935.5,19.1,96734,32.2,13.0,7,99.4,0,False,True,False,False,False,False
55.0,3,0,1935.5,19.1,96734,32.2,13.0,2,172.3,0,False,True,False,False,False,False
22.0,2,0,1529.5,36.2,105462,32.7,11.3,9,52.5,0,False,False,False,False,True,False
29.0,2,0,2324.5,16.1,83796,41.1,13.4,12,98.7,0,False,False,True,False,False,False
51.0,2,0,2324.5,16.1,83796,41.1,13.4,1,193.6,0,False,False,True,False,False,False
38.0,2,0,2155.0,15.3,70863,28.8,15.8,4,93.6,0,False,False,False,False,False,True
102.0,5,1,2155.0,15.3,70863,28.8,15.8,9,213.3,0,False,False,False,False,False,True
28.0,2,0,2155.0,15.3,70863,28.8,15.8,11,161.2,0,False,False,False,False,False,True
77.0,4,1,1935.5,19.1,96734,32.2,13.0,4,17.4,0,False,True,False,False,False,False
58.0,3,0,1935.5,19.1,96734,32.2,13.0,5,362.7,0,False,True,False,False,False,False
41.0,2,0,2324.5,16.1,83796,41.1,13.4,9,129.7,0,False,False,True,False,False,False
42.0,3,0,2324.5,16.1,83796,41.1,13.4,4,141.2,0,False,False,True,False,False,False
59.0,2,0,2324.5,16.1,83796,41.1,13.4,8,38.0,0,False,False,True,False,False,False
40.0,1,0,2324.5,16.1,83796,41.1,13.4,7,142.2,0,False,False,True,False,False,False
40.0,2,0,1935.5,19.1,96734,32.2,13.0,9,92.6,0,False,True,False,False,False,False
56.0,2,0,2324.5,16.1,83796,41.1,13.4,6,184.7,0,False,False,True,False,False,False
62.0,4,0,2324.5,16.1,83796,41.1,13.4,9,56.0,0,False,False,True,False,False,False
46.0,2,0,1638.4,25.8,70238,27.7,10.2,1,57.8,0,False,False,False,True,False,False
90.0,4,1,1638.4,25.8,70238,27.7,10.2,11,278.0,1,False,False,False,True,False,False
118.0,5,1,1956.6,18.3,66372,26.5,15.3,9,179.4,0,True,False,False,False,False,False
40.0,2,0,2155.0,15.3,70863,28.8,15.8,5,189.0,0,False,False,False,False,False,True
44.0,2,0,1935.5,19.1,96734,32.2,13.0,8,243.6,0,False,True,False,False,False,False
80.0,3,1,2155.0,15.3,70863,28.8,15.8,10,142.4,0,False,False,False,False,False,True
47.0,2,0,2324.5,16.1,83796,41.1,13.4,5,226.2,0,False,False,True,False,False,False
43.0,2,0,1935.5,19.1,96734,32.2,13.0,1,142.5,0,False,True,False,False,False,False
35.0,2,0,2324.5,16.1,83796,41.1,13.4,3,219.1,0,False,False,True,False,False,False
54.0,2,0,1529.5,36.2,105462,32.7,11.3,6,123.9,0,False,False,False,False,True,False
100.0,4,1,2155.0,15.3,70863,28.8,15.8,9,109.2,0,False,False,False,False,False,True
46.0,2,0,1935.5,19.1,96734,32.2,13.0,12,91.8,0,False,True,False,False,False,False
126.0,6,1,1935.5,19.1,96734,32.2,13.0,12,228.0,0,False,True,False,False,False,False
23.0,1,0,2155.0,15.3,70863,28.8,15.8,8,376.5,0,False,False,False,False,False,True
45.0,2,0,1935.5,19.1,96734,32.2,13.0,3,220.3,0,False,True,False,False,False,False
22.0,1,0,1956.6,18.3,66372,26.5,15.3,6,185.0,0,True,False,False,False,False,False
70.0,4,1,1956.6,18.3,66372,26.5,15.3,6,118.6,0,True,False,False,False,False,False
60.0,3,0,1529.5,36.2,105462,32.7,11.3,5,78.3,1,False,False,False,False,True,False
18.0,1,0,1638.4,25.8,70238,27.7,10.2,9,117.2,0,False,False,False,True,False,False
43.0,2,0,1529.5,36.2,105462,32.7,11.3,9,120.0,0,False,False,False,False,True,False
25.0,2,0,1529.5,36.2,105462,32.7,11.3,3,59.8,0,False,False,False,False,True,False
86.0,3,0,1529.5,36.2,105462,32.7,11.3,6,85.4,0,False,False,False,False,True,False
37.0,1,0,2324.5,16.1,83796,41.1,13.4,12,165.3,0,False,False,True,False,False,False
59.0,3,0,1935.5,19.1,96734,32.2,13.0,8,304.7,0,False,True,False,False,False,False
66.0,3,0,1935.5,19.1,96734,32.2,13.0,10,161.9,0,False,True,False,False,False,False
148.0,6,1,1529.5,36.2,105462,32.7,11.3,1,170.3,0,False,False,False,False,True,False
77.0,4,0,1638.4,25.8,70238,27.7,10.2,5,71.2,0,False,False,False,True,False,False
42.0,2,0,2324.5,16.1,83796,41.1,13.4,2,139.0,0,False,False,True,False,False,False
38.0,2,0,1935.5,19.1,96734,32.2,13.0,7,298.8,0,False,True,False,False,False,False
100.0,5,0,1956.6,18.3,66372,26.5,15.3,1,304.1,0,True,False,False,False,False,False
41.0,2,0,2324.5,16.1,83796,41.1,13.4,9,142.7,0,False,False,True,False,False,False
57.0,3,0,1638.4,25.8,70238,27.7,10.2,7,177.2,0,False,False,False,True,False,False
71.0,3,0,1529.5,36.2,105462,32.7,11.3,12,142.3,0,False,False,False,False,True,False
61.0,4,0,1935.5,19.1,96734,32.2,13.0,1,56.8,0,False,True,False,False,False,False
29.0,1,0,1529.5,36.2,105462,32.7,11.3,9,76.7,0,False,False,False,False,True,False
30.0,1,0,1529.5,36.2,105462,32.7,11.3,8,149.0,1,False,False,False,False,True,False
34.0,2,0,1956.6,18.3,66372,26.5,15.3,6,158.3,0,True,False,False,False,False,False
64.0,2,0,1956.6,18.3,66372,26.5,15.3,3,73.0,0,True,False,False,False,False,False
28.0,1,0,2324.5,16.1,83796,41.1,13.4,11,59.9,0,False,False,True,False,False,False
39.0,2,0,1529.5,36.2,105462,32.7,11.3,2,18.5,0,False,False,False,False,True,False
70.0,4,0,1935.5,19.1,96734,32.2,13.0,12,151.3,0,False,True,False,False,False,False
50.0,2,0,1956.6,18.3,66372,26.5,15.3,5,272.1,0,True,False,False,False,False,False
40.0,2,0,1956.6,18.3,66372,26.5,15.3,1,109.0,1,True,False,False,False,False,False
35.0,2,0,2324.5,16.1,83796,41.1,13.4,7,189.7,0,False,False,True,False,False,False
74.0,3,0,2324.5,16.1,83796,41.1,13.4,3,62.6,0,False,False,True,False,False,False
67.0,4,0,1529.5,36.2,105462,32.7,11.3,1,195.7,0,False,False,False,False,True,False
23.0,1,0,1638.4,25.8,70238,27.7,10.2,6,183.9,0,False,False,False,True,False,False
82.0,4,0,2155.0,15.3,70863,28.8,15.8,1,269.5,0,False,False,False,False,False,True
36.0,2,0,2324.5,16.1,83796,41.1,13.4,10,206.5,0,False,False,True,False,False,False
59.0,3,0,1529.5,36.2,105462,32.7,11.3,8,40.3,0,False,False,False,False,True,False
186.0,6,0,2324.5,16.1,83796,41.1,13.4,10,174.0,0,False,False,True,False,False,False
66.0,3,0,1529.5,36.2,105462,32.7,11.3,10,115.6,0,False,False,False,False,True,False
29.0,1,0,2155.0,15.3,70863,28.8,15.8,9,142.7,0,False,False,False,False,False,True
37.0,2,0,2155.0,15.3,70863,28.8,15.8,5,127.1,0,False,False,False,False,False,True
80.0,4,0,1638.4,25.8,70238,27.7,10.2,1,245.9,0,False,False,False,True,False,False
98.0,5,0,1638.4,25.8,70238,27.7,10.2,12,46.0,0,False,False,False,True,False,False
17.0,1,0,1638.4,25.8,70238,27.7,10.2,12,58.2,1,False,False,False,True,False,False
63.0,3,0,1935.5,19.1,96734,32.2,13.0,12,257.8,0,False,True,False,False,False,False
106.0,4,0,2324.5,16.1,83796,41.1,13.4,3,266.5,0,False,False,True,False,False,False
110.0,5,0,2324.5,16.1,83796,41.1,13.4,12,79.8,0,False,False,True,False,False,False
55.0,2,0,2324.5,16.1,83796,41.1,13.4,7,116.1,0,False,False,True,False,False,False
18.0,1,0,1529.5,36.2,105462,32.7,11.3,2,181.2,0,False,False,False,False,True,False
12.0,1,0,2155.0,15.3,70863,28.8,15.8,8,146.9,0,False,False,False,False,False,True
19.0,1,0,1529.5,36.2,105462,32.7,11.3,6,59.8,0,False,False,False,False,True,False
31.0,2,0,1956.6,18.3,66372,26.5,15.3,12,450.5,0,True,False,False,False,False,False
63.0,3,0,1529.5,36.2,105462,32.7,11.3,1,125.7,0,False,False,False,False,True,False
20.0,1,0,2155.0,15.3,70863,28.8,15.8,4,105.5,0,False,False,False,False,False,True
40.0,2,0,1935.5,19.1,96734,32.2,13.0,4,89.5,0,False,True,False,False,False,False
110.0,5,1,1935.5,19.1,96734,32.2,13.0,3,300.9,0,False,True,False,False,False,False
70.0,3,0,1956.6,18.3,66372,26.5,15.3,8,193.1,0,True,False,False,False,False,False
100.0,4,1,2324.5,16.1,83796,41.1,13.4,3,153.4,0,False,False,True,False,False,False
97.0,4,1,1956.6,18.3,66372,26.5,15.3,11,162.9,0,True,False,False,False,False,False
31.0,2,0,1956.6,18.3,66372,26.5,15.3,6,386.2,0,True,False,False,False,False,False
112.0,6,0,1529.5,36.2,105462,32.7,11.3,2,104.8,0,False,False,False,False,True,False
37.0,2,0,1935.5,19.1,96734,32.2,13.0,4,217.9,0,False,True,False,False,False,False
64.0,3,1,2155.0,15.3,70863,28.8,15.8,10,94.9,0,False,False,False,False,False,True
56.0,3,0,1935.5,19.1,96734,32.2,13.0,8,121.9,0,False,True,False,False,False,False
20.0,1,0,1529.5,36.2,105462,32.7,11.3,8,63.8,0,False,False,False,False,True,False
69.0,3,0,1529.5,36.2,105462,32.7,11.3,2,235.9,0,False,False,False,False,True,False
78.0,4,0,1529.5,36.2,105462,32.7,11.3,7,108.8,0,False,False,False,False,True,False
37.0,2,1,1638.4,25.8,70238,27.7,10.2,4,306.5,0,False,False,False,True,False,False
83.0,4,0,1956.6,18.3,66372,26.5,15.3,9,83.3,0,True,False,False,False,False,False
107.0,4,1,2155.0,15.3,70863,28.8,15.8,7,124.5,0,False,False,False,False,False,True
58.0,3,0,1529.5,36.2,105462,32.7,11.3,5,105.7,0,False,False,False,False,True,False
59.0,3,0,2155.0,15.3,70863,28.8,15.8,2,116.4,0,False,False,False,False,False,True
30.0,2,0,1935.5,19.1,96734,32.2,13.0,1,126.9,0,False,True,False,False,False,False
43.0,2,0,1935.5,19.1,96734,32.2,13.0,4,122.8,0,False,True,False,False,False,False
55.0,3,0,1935.5,19.1,96734,32.2,13.0,7,96.0,0,False,True,False,False,False,False
88.0,4,0,2324.5,16.1,83796,41.1,13.4,3,56.1,0,False,False,True,False,False,False
60.0,3,0,1529.5,36.2,105462,32.7,11.3,7,81.4,0,False,False,False,False,True,False
23.0,1,0,2155.0,15.3,70863,28.8,15.8,10,132.7,0,False,False,False,False,False,True
50.0,3,0,1935.5,19.1,96734,32.2,13.0,11,156.2,1,False,True,False,False,False,False
37.0,2,0,1529.5,36.2,105462,32.7,11.3,9,289.7,0,False,False,False,False,True,False
77.0,3,0,1638.4,25.8,70238,27.7,10.2,7,66.1,0,False,False,False,True,False,False
74.0,3,0,2324.5,16.1,83796,41.1,13.4,5,202.8,0,False,False,True,False,False,False
45.0,3,0,2324.5,16.1,83796,41.1,13.4,4,197.2,0,False,False,True,False,False,False
122.0,5,0,1529.5,36.2,105462,32.7,11.3,4,63.1,0,False,False,False,False,True,False
49.0,2,0,1529.5,36.2,105462,32.7,11.3,8,141.1,0,False,False,False,False,True,False
89.0,4,0,1956.6,18.3,66372,26.5,15.3,2,200.1,0,True,False,False,False,False,False
72.0,4,1,1935.5,19.1,96734,32.2,13.0,1,111.0,0,False,True,False,False,False,False
15.0,1,0,2324.5,16.1,83796,41.1,13.4,4,158.6,1,False,False,True,False,False,False
30.0,1,0,1935.5,19.1,96734,32.2,13.0,12,109.4,0,False,True,False,False,False,False
18.0,1,0,2324.5,16.1,83796,41.1,13.4,2,96.1,0,False,False,True,False,False,False
89.0,5,0,1935.5,19.1,96734,32.2,13.0,5,166.2,0,False,True,False,False,False,False
148.0,4,0,2324.5,16.1,83796,41.1,13.4,2,145.8,0,False,False,True,False,False,False
25.0,1,0,1529.5,36.2,105462,32.7,11.3,5,36.5,0,False,False,False,False,True,False
23.0,1,0,1529.5,36.2,105462,32.7,11.3,9,267.6,0,False,False,False,False,True,False
66.0,3,0,1529.5,36.2,105462,32.7,11.3,4,95.4,0,False,False,False,False,True,False
60.0,2,0,1638.4,25.8,70238,27.7,10.2,12,111.2,0,False,False,False,True,False,False
90.0,4,0,2155.0,15.3,70863,28.8,15.8,7,155.7,0,False,False,False,False,False,True
57.0,3,0,1638.4,25.8,70238,27.7,10.2,11,249.2,0,False,False,False,True,False,False
75.0,3,1,2324.5,16.1,83796,41.1,13.4,5,55.7,0,False,False,True,False,False,False
55.0,2,0,1956.6,18.3,66372,26.5,15.3,12,160.1,0,True,False,False,False,False,False
77.0,4,0,1638.4,25.8,70238,27.7,10.2,7,71.2,0,False,False,False,True,False,False
64.0,3,0,1935.5,19.1,96734,32.2,13.0,3,200.0,0,False,True,False,False,False,False
35.0,2,0,1935.5,19.1,96734,32.2,13.0,10,149.7,0,False,True,False,False,False,False
30.0,2,0,1956.6,18.3,66372,26.5,15.3,2,125.2,0,True,False,False,False,False,False
28.0,1,0,1529.5,36.2,105462,32.7,11.3,12,157.0,0,False,False,False,False,True,False
61.0,3,0,2155.0,15.3,70863,28.8,15.8,2,93.4,0,False,False,False,False,False,True
43.0,2,0,2155.0,15.3,70863,28.8,15.8,7,27.7,0,False,False,False,False,False,True
63.0,4,0,1956.6,18.3,66372,26.5,15.3,3,138.8,0,True,False,False,False,False,False
55.0,3,0,1529.5,36.2,105462,32.7,11.3,9,279.5,1,False,False,False,False,True,False
67.0,4,0,1935.5,19.1,96734,32.2,13.0,3,137.2,0,False,True,False,False,False,False
15.0,1,0,1529.5,36.2,105462,32.7,11.3,8,88.6,0,False,False,False,False,True,False
48.0,3,0,2155.0,15.3,70863,28.8,15.8,10,80.6,0,False,False,False,False,False,True
45.0,2,0,1935.5,19.1,96734,32.2,13.0,10,105.5,0,False,True,False,False,False,False
52.0,2,0,2324.5,16.1,83796,41.1,13.4,10,133.5,0,False,False,True,False,False,False
78.0,4,0,1956.6,18.3,66372,26.5,15.3,5,41.0,0,True,False,False,False,False,False
83.0,4,0,1529.5,36.2,105462,32.7,11.3,10,143.0,0,False,False,False,False,True,False
66.0,3,0,1956.6,18.3,66372,26.5,15.3,6,68.2,1,True,False,False,False,False,False
74.0,5,1,1956.6,18.3,66372,26.5,15.3,1,90.5,0,True,False,False,False,False,False
109.0,5,1,1956.6,18.3,66372,26.5,15.3,7,100.1,0,True,False,False,False,False,False
25.0,1,0,1935.5,19.1,96734,32.2,13.0,1,201.5,0,False,True,False,False,False,False
12.0,1,0,2324.5,16.1,83796,41.1,13.4,9,88.4,0,False,False,True,False,False,False
112.0,5,1,1638.4,25.8,70238,27.7,10.2,2,178.1,0,False,False,False,True,False,False
50.0,3,0,1529.5,36.2,105462,32.7,11.3,6,190.8,0,False,False,False,False,True,False
48.0,2,0,2155.0,15.3,70863,28.8,15.8,9,58.9,0,False,False,False,False,False,True
20.0,1,0,2324.5,16.1,83796,41.1,13.4,4,76.1,0,False,False,True,False,False,False
32.0,1,0,2155.0,15.3,70863,28.8,15.8,9,177.1,0,False,False,False,False,False,True
60.0,3,0,1935.5,19.1,96734,32.2,13.0,3,151.3,0,False,True,False,False,False,False
86.0,4,0,1529.5,36.2,105462,32.7,11.3,11,86.3,0,False,False,False,False,True,False
124.0,4,0,2324.5,16.1,83796,41.1,13.4,9,189.7,0,False,False,True,False,False,False
15.0,1,0,1935.5,19.1,96734,32.2,13.0,3,58.2,1,False,True,False,False,False,False
104.0,5,0,2324.5,16.1,83796,41.1,13.4,7,84.7,0,False,False,True,False,False,False
42.0,2,0,1638.4,25.8,70238,27.7,10.2,6,105.5,0,False,False,False,True,False,False
20.0,1,0,2324.5,16.1,83796,41.1,13.4,1,113.7,0,False,False,True,False,False,False
58.0,1,0,1638.4,25.8,70238,27.7,10.2,3,105.6,0,False,False,False,True,False,False
152.0,5,0,1529.5,36.2,105462,32.7,11.3,3,117.2,0,False,False,False,False,True,False
81.0,4,0,1935.5,19.1,96734,32.2,13.0,5,164.5,0,False,True,False,False,False,False
70.0,3,0,1935.5,19.1,96734,32.2,13.0,6,87.7,0,False,True,False,False,False,False
62.0,3,0,2155.0,15.3,70863,28.8,15.8,8,76.6,0,False,False,False,False,False,True
64.0,3,0,1935.5,19.1,96734,32.2,13.0,5,110.5,0,False,True,False,False,False,False
54.0,3,0,1638.4,25.8,70238,27.7,10.2,10,130.4,0,False,False,False,True,False,False
46.0,2,0,1638.4,25.8,70238,27.7,10.2,6,62.4,0,False,False,False,True,False,False
51.0,2,0,1529.5,36.2,105462,32.7,11.3,1,67.1,0,False,False,False,False,True,False
63.0,3,0,1638.4,25.8,70238,27.7,10.2,4,172.7,0,False,False,False,True,False,False
264.0,6,1,1529.5,36.2,105462,32.7,11.3,9,144.4,0,False,False,False,False,True,False
111.0,5,1,2155.0,15.3,70863,28.8,15.8,10,116.7,0,False,False,False,False,False,True
92.0,4,1,1529.5,36.2,105462,32.7,11.3,10,86.3,0,False,False,False,False,True,False
133.0,5,1,1638.4,25.8,70238,27.7,10.2,10,121.4,0,False,False,False,True,False,False
100.0,3,0,2324.5,16.1,83796,41.1,13.4,1,41.8,0,False,False,True,False,False,False
36.0,1,0,2324.5,16.1,83796,41.1,13.4,1,210.0,0,False,False,True,False,False,False
20.0,1,0,2155.0,15.3,70863,28.8,15.8,3,120.1,0,False,False,False,False,False,True
35.0,2,0,2324.5,16.1,83796,41.1,13.4,7,144.6,0,False,False,True,False,False,False
115.0,4,1,1529.5,36.2,105462,32.7,11.3,10,27.2,0,False,False,False,False,True,False
32.0,1,0,1956.6,18.3,66372,26.5,15.3,11,169.3,0,True,False,False,False,False,False
100.0,4,1,1529.5,36.2,105462,32.7,11.3,3,65.5,0,False,False,False,False,True,False
77.0,4,0,1638.4,25.8,70238,27.7,10.2,4,71.2,0,False,False,False,True,False,False
22.0,1,0,1956.6,18.3,66372,26.5,15.3,5,129.5,0,True,False,False,False,False,False
130.0,4,0,2155.0,15.3,70863,28.8,15.8,10,216.8,0,False,False,False,False,False,True
36.0,2,0,1529.5,36.2,105462,32.7,11.3,7,276.6,0,False,False,False,False,True,False
19.0,1,0,1529.5,36.2,105462,32.7,11.3,5,120.1,0,False,False,False,False,True,False
22.0,1,0,1935.5,19.1,96734,32.2,13.0,12,208.5,0,False,True,False,False,False,False
45.0,2,0,1935.5,19.1,96734,32.2,13.0,12,175.3,0,False,True,False,False,False,False
99.0,6,0,1956.6,18.3,66372,26.5,15.3,9,144.9,0,True,False,False,False,False,False
55.0,2,0,1956.6,18.3,66372,26.5,15.3,5,121.9,0,True,False,False,False,False,False
110.0,3,1,1638.4,25.8,70238,27.7,10.2,12,148.9,0,False,False,False,True,False,False
15.0,1,0,1638.4,25.8,70238,27.7,10.2,6,66.8,0,False,False,False,True,False,False
137.0,4,1,1529.5,36.2,105462,32.7,11.3,8,149.0,0,False,False,False,False,True,False
72.0,3,0,2324.5,16.1,83796,41.1,13.4,2,85.3,0,False,False,True,False,False,False
64.0,3,0,1638.4,25.8,70238,27.7,10.2,11,232.9,0,False,False,False,True,False,False
63.0,3,0,1935.5,19.1,96734,32.2,13.0,5,179.0,0,False,True,False,False,False,False
30.0,1,0,2324.5,16.1,83796,41.1,13.4,12,105.3,0,False,False,True,False,False,False
59.0,3,0,1935.5,19.1,96734,32.2,13.0,10,15.1,0,False,True,False,False,False,False
100.0,4,0,2324.5,16.1,83796,41.1,13.4,7,87.2,0,False,False,True,False,False,False
50.0,2,1,2155.0,15.3,70863,28.8,15.8,5,156.8,0,False,False,False,False,False,True
79.0,4,0,2324.5,16.1,83796,41.1,13.4,3,291.1,0,False,False,True,False,False,False
64.0,4,0,1935.5,19.1,96734,32.2,13.0,5,129.7,0,False,True,False,False,False,False
66.0,3,1,1935.5,19.1,96734,32.2,13.0,9,125.2,0,False,True,False,False,False,False
41.0,2,0,1529.5,36.2,105462,32.7,11.3,12,148.7,0,False,False,False,False,True,False
120.0,4,0,2324.5,16.1,83796,41.1,13.4,4,55.7,1,False,False,True,False,False,False
64.0,3,0,1529.5,36.2,105462,32.7,11.3,12,45.7,0,False,False,False,False,True,False
70.0,5,1,1638.4,25.8,70238,27.7,10.2,7,267.5,0,False,False,False,True,False,False
95.0,4,1,1935.5,19.1,96734,32.2,13.0,11,28.6,0,False,True,False,False,False,False
65.0,3,0,1529.5,36.2,105462,32.7,11.3,1,189.1,0,False,False,False,False,True,False
76.0,4,0,1529.5,36.2,105462,32.7,11.3,6,172.1,0,False,False,False,False,True,False
250.0,5,1,1638.4,25.8,70238,27.7,10.2,9,66.3,0,False,False,False,True,False,False
101.0,5,1,1956.6,18.3,66372,26.5,15.3,2,285.7,0,True,False,False,False,False,False
105.0,4,0,2324.5,16.1,83796,41.1,13.4,6,40.0,0,False,False,True,False,False,False
54.0,2,0,1529.5,36.2,105462,32.7,11.3,7,171.8,0,False,False,False,False,True,False
62.0,3,0,1935.5,19.1,96734,32.2,13.0,9,127.0,0,False,True,False,False,False,False
32.0,2,0,1956.6,18.3,66372,26.5,15.3,1,69.5,0,True,False,False,False,False,False
66.0,3,0,2155.0,15.3,70863,28.8,15.8,10,137.9,0,False,False,False,False,False,True
72.0,4,0,1956.6,18.3,66372,26.5,15.3,8,90.8,0,True,False,False,False,False,False
60.0,3,1,1638.4,25.8,70238,27.7,10.2,12,307.4,0,False,False,False,True,False,False
133.0,5,1,1956.6,18.3,66372,26.5,15.3,7,164.1,0,True,False,False,False,False,False
62.0,3,0,1529.5,36.2,105462,32.7,11.3,7,117.4,0,False,False,False,False,True,False
32.0,2,0,1638.4,25.8,70238,27.7,10.2,10,259.8,1,False,False,False,True,False,False
69.0,3,0,2324.5,16.1,83796,41.1,13.4,11,54.9,0,False,False,True,False,False,False
63.0,3,0,2324.5,16.1,83796,41.1,13.4,2,207.2,0,False,False,True,False,False,False
60.0,3,0,1935.5,19.1,96734,32.2,13.0,12,121.8,0,False,True,False,False,False,False
52.0,2,0,1638.4,25.8,70238,27.7,10.2,11,178.6,1,False,False,False,True,False,False
30.0,1,0,2324.5,16.1,83796,41.1,13.4,7,90.8,0,False,False,True,False,False,False
94.0,4,0,1529.5,36.2,105462,32.7,11.3,3,59.3,0,False,False,False,False,True,False
49.0,3,0,1529.5,36.2,105462,32.7,11.3,2,104.8,0,False,False,False,False,True,False
78.0,3,0,1529.5,36.2,105462,32.7,11.3,9,161.7,0,False,False,False,False,True,False
68.0,3,0,1529.5,36.2,105462,32.7,11.3,1,60.5,0,False,False,False,False,True,False
15.0,1,0,1529.5,36.2,105462,32.7,11.3,1,122.0,1,False,False,False,False,True,False
26.0,2,1,1956.6,18.3,66372,26.5,15.3,12,55.6,0,True,False,False,False,False,False
58.0,3,0,1935.5,19.1,96734,32.2,13.0,5,58.2,0,False,True,False,False,False,False
18.0,1,0,2324.5,16.1,83796,41.1,13.4,12,96.1,0,False,False,True,False,False,False
65.0,3,0,2155.0,15.3,70863,28.8,15.8,7,85.1,0,False,False,False,False,False,True
67.0,3,0,2155.0,15.3,70863,28.8,15.8,2,85.7,0,False,False,False,False,False,True
140.0,9,1,1529.5,36.2,105462,32.7,11.3,10,64.1,0,False,False,False,False,True,False
38.0,2,0,2324.5,16.1,83796,41.1,13.4,3,146.6,0,False,False,True,False,False,False
64.0,3,0,1529.5,36.2,105462,32.7,11.3,1,240.5,0,False,False,False,False,True,False
77.0,4,0,1935.5,19.1,96734,32.2,13.0,3,228.1,0,False,True,False,False,False,False
113.0,5,1,1935.5,19.1,96734,32.2,13.0,7,347.6,1,False,True,False,False,False,False
108.0,5,1,2155.0,15.3,70863,28.8,15.8,3,298.2,0,False,False,False,False,False,True
140.0,6,1,1638.4,25.8,70238,27.7,10.2,10,59.4,0,False,False,False,True,False,False
96.0,5,1,1935.5,19.1,96734,32.2,13.0,11,72.5,0,False,True,False,False,False,False
93.0,5,0,1638.4,25.8,70238,27.7,10.2,8,83.8,0,False,False,False,True,False,False
85.0,4,1,2155.0,15.3,70863,28.8,15.8,12,164.1,0,False,False,False,False,False,True
60.0,3,0,1935.5,19.1,96734,32.2,13.0,7,59.7,0,False,True,False,False,False,False
51.0,2,0,2324.5,16.1,83796,41.1,13.4,2,33.1,0,False,False,True,False,False,False
45.0,1,0,1638.4,25.8,70238,27.7,10.2,3,196.3,0,False,False,False,True,False,False
53.0,2,0,2324.5,16.1,83796,41.1,13.4,6,120.3,0,False,False,True,False,False,False
99.0,5,0,1956.6,18.3,66372,26.5,15.3,7,102.8,0,True,False,False,False,False,False
26.0,1,0,1638.4,25.8,70238,27.7,10.2,9,94.3,0,False,False,False,True,False,False
37.0,2,0,1935.5,19.1,96734,32.2,13.0,9,310.1,0,False,True,False,False,False,False
24.0,1,0,1529.5,36.2,105462,32.7,11.3,12,40.8,0,False,False,False,False,True,False
62.0,3,1,1935.5,19.1,96734,32.2,13.0,7,87.9,0,False,True,False,False,False,False
80.0,4,0,1956.6,18.3,66372,26.5,15.3,7,169.3,0,True,False,False,False,False,False
94.0,5,0,2155.0,15.3,70863,28.8,15.8,9,128.0,0,False,False,False,False,False,True
100.0,4,0,1638.4,25.8,70238,27.7,10.2,10,340.3,0,False,False,False,True,False,False
83.0,4,0,1956.6,18.3,66372,26.5,15.3,9,75.6,0,True,False,False,False,False,False
64.0,3,0,1935.5,19.1,96734,32.2,13.0,7,85.5,0,False,True,False,False,False,False
88.0,4,1,1935.5,19.1,96734,32.2,13.0,7,304.9,0,False,True,False,False,False,False
80.0,4,0,1638.4,25.8,70238,27.7,10.2,9,45.0,0,False,False,False,True,False,False
54.0,2,0,2155.0,15.3,70863,28.8,15.8,6,121.8,0,False,False,False,False,False,True
23.0,1,0,2324.5,16.1,83796,41.1,13.4,8,30.7,0,False,False,True,False,False,False
92.0,4,1,1638.4,25.8,70238,27.7,10.2,7,88.1,0,False,False,False,True,False,False
87.0,4,0,1935.5,19.1,96734,32.2,13.0,10,120.8,0,False,True,False,False,False,False
26.0,1,0,1956.6,18.3,66372,26.5,15.3,11,139.0,1,True,False,False,False,False,False
112.0,4,0,1935.5,19.1,96734,32.2,13.0,12,299.4,0,False,True,False,False,False,False
36.0,1,0,1529.5,36.2,105462,32.7,11.3,11,149.2,0,False,False,False,False,True,False
90.0,4,0,1529.5,36.2,105462,32.7,11.3,3,37.2,0,False,False,False,False,True,False
15.0,1,0,1529.5,36.2,105462,32.7,11.3,10,158.6,0,False,False,False,False,True,False
81.0,5,1,1638.4,25.8,70238,27.7,10.2,9,182.8,0,False,False,False,True,False,False
140.0,5,1,1956.6,18.3,66372,26.5,15.3,8,196.7,0,True,False,False,False,False,False
55.0,3,0,1529.5,36.2,105462,32.7,11.3,11,190.9,1,False,False,False,False,True,False
63.0,3,0,1935.5,19.1,96734,32.2,13.0,7,176.6,0,False,True,False,False,False,False
52.0,3,0,1935.5,19.1,96734,32.2,13.0,4,113.5,0,False,True,False,False,False,False
54.0,3,0,1638.4,25.8,70238,27.7,10.2,3,247.5,0,False,False,False,True,False,False
82.0,4,0,1935.5,19.1,96734,32.2,13.0,8,175.3,0,False,True,False,False,False,False
50.0,2,1,1935.5,19.1,96734,32.2,13.0,9,315.0,0,False,True,False,False,False,False
33.0,2,0,1935.5,19.1,96734,32.2,13.0,9,181.4,0,False,True,False,False,False,False
31.0,1,0,1935.5,19.1,96734,32.2,13.0,6,311.4,0,False,True,False,False,False,False
52.0,2,0,1935.5,19.1,96734,32.2,13.0,7,132.8,0,False,True,False,False,False,False
25.0,2,0,1529.5,36.2,105462,32.7,11.3,11,148.0,0,False,False,False,False,True,False
47.0,2,0,1529.5,36.2,105462,32.7,11.3,8,150.3,0,False,False,False,False,True,False
134.0,4,0,1638.4,25.8,70238,27.7,10.2,10,95.1,0,False,False,False,True,False,False
54.0,3,0,1529.5,36.2,105462,32.7,11.3,5,47.9,0,False,False,False,False,True,False
47.0,2,0,1529.5,36.2,105462,32.7,11.3,2,206.9,0,False,False,False,False,True,False
61.0,3,0,1956.6,18.3,66372,26.5,15.3,9,28.3,0,True,False,False,False,False,False
100.0,3,0,1529.5,36.2,105462,32.7,11.3,11,30.7,0,False,False,False,False,True,False
21.0,1,0,2324.5,16.1,83796,41.1,13.4,12,128.8,0,False,False,True,False,False,False
50.0,3,0,1956.6,18.3,66372,26.5,15.3,10,112.0,0,True,False,False,False,False,False
101.0,4,0,1529.5,36.2,105462,32.7,11.3,12,111.9,0,False,False,False,False,True,False
65.0,4,0,1935.5,19.1,96734,32.2,13.0,1,33.5,0,False,True,False,False,False,False
180.0,5,1,1638.4,25.8,70238,27.7,10.2,3,210.0,0,False,False,False,True,False,False
84.0,4,1,1935.5,19.1,96734,32.2,13.0,11,276.5,0,False,True,False,False,False,False
39.0,2,0,1956.6,18.3,66372,26.5,15.3,2,156.7,0,True,False,False,False,False,False
114.0,5,1,1638.4,25.8,70238,27.7,10.2,6,180.0,0,False,False,False,True,False,False
88.0,4,1,1956.6,18.3,66372,26.5,15.3,7,90.7,0,True,False,False,False,False,False
75.0,2,0,1638.4,25.8,70238,27.7,10.2,4,219.8,0,False,False,False,True,False,False
63.0,2,0,1956.6,18.3,66372,26.5,15.3,3,110.4,0,True,False,False,False,False,False
30.0,1,0,1529.5,36.2,105462,32.7,11.3,9,148.0,0,False,False,False,False,True,False
70.0,3,0,1529.5,36.2,105462,32.7,11.3,12,115.3,0,False,False,False,False,True,False
75.0,4,1,1956.6,18.3,66372,26.5,15.3,6,333.4,0,True,False,False,False,False,False
57.0,3,0,2155.0,15.3,70863,28.8,15.8,9,96.8,0,False,False,False,False,False,True
82.0,4,0,2155.0,15.3,70863,28.8,15.8,2,269.5,0,False,False,False,False,False,True
47.0,2,0,1638.4,25.8,70238,27.7,10.2,2,177.7,0,False,False,False,True,False,False
20.0,1,0,1529.5,36.2,105462,32.7,11.3,7,88.3,0,False,False,False,False,True,False
75.0,4,0,1935.5,19.1,96734,32.2,13.0,9,130.9,0,False,True,False,False,False,False
25.0,1,0,2155.0,15.3,70863,28.8,15.8,10,123.9,0,False,False,False,False,False,True
46.0,2,0,1529.5,36.2,105462,32.7,11.3,3,204.0,0,False,False,False,False,True,False
120.0,3,0,2324.5,16.1,83796,41.1,13.4,11,212.3,0,False,False,True,False,False,False
60.0,3,0,1529.5,36.2,105462,32.7,11.3,10,39.4,0,False,False,False,False,True,False
59.0,1,0,2324.5,16.1,83796,41.1,13.4,12,303.3,0,False,False,True,False,False,False
132.0,4,0,2155.0,15.3,70863,28.8,15.8,5,23.3,0,False,False,False,False,False,True
103.0,5,0,2155.0,15.3,70863,28.8,15.8,2,175.8,0,False,False,False,False,False,True
20.0,1,0,1529.5,36.2,105462,32.7,11.3,3,67.8,0,False,False,False,False,True,False
38.0,2,0,1638.4,25.8,70238,27.7,10.2,7,179.5,0,False,False,False,True,False,False
87.0,3,0,1935.5,19.1,96734,32.2,13.0,6,202.0,0,False,True,False,False,False,False
76.0,5,0,1956.6,18.3,66372,26.5,15.3,5,147.4,0,True,False,False,False,False,False
55.0,3,0,2155.0,15.3,70863,28.8,15.8,7,109.4,0,False,False,False,False,False,True
68.0,3,0,1529.5,36.2,105462,32.7,11.3,3,201.1,0,False,False,False,False,True,False
104.0,5,0,1956.6,18.3,66372,26.5,15.3,4,81.6,0,True,False,False,False,False,False
89.0,5,1,1956.6,18.3,66372,26.5,15.3,2,166.3,1,True,False,False,False,False,False
31.0,2,0,1529.5,36.2,105462,32.7,11.3,7,88.3,0,False,False,False,False,True,False
41.0,2,0,2324.5,16.1,83796,41.1,13.4,7,197.2,0,False,False,True,False,False,False
39.0,2,0,2155.0,15.3,70863,28.8,15.8,8,161.7,0,False,False,False,False,False,True
89.0,4,0,1935.5,19.1,96734,32.2,13.0,5,72.9,0,False,True,False,False,False,False
72.0,3,0,1935.5,19.1,96734,32.2,13.0,2,18.9,0,False,True,False,False,False,False
43.0,2,0,1638.4,25.8,70238,27.7,10.2,3,307.4,0,False,False,False,True,False,False
95.0,4,0,1935.5,19.1,96734,32.2,13.0,7,219.3,0,False,True,False,False,False,False
59.0,3,0,1935.5,19.1,96734,32.2,13.0,1,233.1,0,False,True,False,False,False,False
55.0,3,0,2324.5,16.1,83796,41.1,13.4,6,117.4,0,False,False,True,False,False,False
40.0,2,0,1935.5,19.1,96734,32.2,13.0,6,422.0,0,False,True,False,False,False,False
129.0,6,1,1638.4,25.8,70238,27.7,10.2,7,140.6,0,False,False,False,True,False,False
20.0,1,0,1529.5,36.2,105462,32.7,11.3,11,51.2,0,False,False,False,False,True,False
66.0,3,0,1935.5,19.1,96734,32.2,13.0,10,161.9,0,False,True,False,False,False,False
65.0,3,0,2155.0,15.3,70863,28.8,15.8,3,135.0,0,False,False,False,False,False,True
44.0,2,0,1529.5,36.2,105462,32.7,11.3,7,121.0,0,False,False,False,False,True,False
88.0,5,1,1638.4,25.8,70238,27.7,10.2,3,90.4,0,False,False,False,True,False,False
63.0,3,0,1956.6,18.3,66372,26.5,15.3,8,8.6,0,True,False,False,False,False,False
64.0,2,1,1935.5,19.1,96734,32.2,13.0,2,136.9,0,False,True,False,False,False,False
64.0,3,0,2155.0,15.3,70863,28.8,15.8,3,346.3,0,False,False,False,False,False,True
83.0,4,0,1956.6,18.3,66372,26.5,15.3,12,123.1,0,True,False,False,False,False,False
70.0,3,0,1529.5,36.2,105462,32.7,11.3,4,267.8,0,False,False,False,False,True,False
37.0,2,0,1935.5,19.1,96734,32.2,13.0,7,113.5,0,False,True,False,False,False,False
64.0,3,0,1935.5,19.1,96734,32.2,13.0,3,126.1,0,False,True,False,False,False,False
80.0,3,0,2324.5,16.1,83796,41.1,13.4,11,72.7,0,False,False,True,False,False,False
77.0,4,0,1638.4,25.8,70238,27.7,10.2,9,71.2,0,False,False,False,True,False,False
80.0,3,0,2324.5,16.1,83796,41.1,13.4,8,83.0,0,False,False,True,False,False,False
65.0,3,0,1935.5,19.1,96734,32.2,13.0,6,470.6,0,False,True,False,False,False,False
71.0,3,0,1638.4,25.8,70238,27.7,10.2,1,80.9,0,False,False,False,True,False,False
20.0,1,0,1529.5,36.2,105462,32.7,11.3,7,147.9,0,False,False,False,False,True,False
39.0,1,0,1638.4,25.8,70238,27.7,10.2,11,51.4,0,False,False,False,True,False,False
59.0,3,0,1638.4,25.8,70238,27.7,10.2,10,113.3,0,False,False,False,True,False,False
90.0,4,0,1529.5,36.2,105462,32.7,11.3,7,11.2,0,False,False,False,False,True,False
42.0,2,0,2324.5,16.1,83796,41.1,13.4,12,199.1,0,False,False,True,False,False,False
66.0,3,0,2324.5,16.1,83796,41.1,13.4,3,192.1,0,False,False,True,False,False,False
29.0,1,0,1956.6,18.3,66372,26.5,15.3,3,162.6,0,True,False,False,False,False,False
40.0,2,0,1529.5,36.2,105462,32.7,11.3,3,145.7,0,False,False,False,False,True,False
89.0,4,0,1529.5,36.2,105462,32.7,11.3,2,155.7,0,False,False,False,False,True,False
69.0,3,0,1638.4,25.8,70238,27.7,10.2,9,98.2,0,False,False,False,True,False,False
64.0,3,0,2324.5,16.1,83796,41.1,13.4,10,140.5,0,False,False,True,False,False,False
38.0,2,1,1529.5,36.2,105462,32.7,11.3,12,242.9,0,False,False,False,False,True,False
66.0,3,0,1638.4,25.8,70238,27.7,10.2,12,47.7,0,False,False,False,True,False,False
32.0,2,0,1638.4,25.8,70238,27.7,10.2,6,107.0,0,False,False,False,True,False,False
33.0,1,0,1638.4,25.8,70238,27.7,10.2,7,12.7,0,False,False,False,True,False,False
85.0,4,0,2324.5,16.1,83796,41.1,13.4,5,89.8,0,False,False,True,False,False,False
62.0,3,0,1935.5,19.1,96734,32.2,13.0,6,155.0,0,False,True,False,False,False,False
67.0,3,0,1638.4,25.8,70238,27.7,10.2,12,260.4,0,False,False,False,True,False,False
62.0,3,0,1935.5,19.1,96734,32.2,13.0,5,219.4,0,False,True,False,False,False,False
94.0,3,1,1935.5,19.1,96734,32.2,13.0,11,188.3,0,False,True,False,False,False,False
65.0,3,0,1935.5,19.1,96734,32.2,13.0,2,228.1,0,False,True,False,False,False,False
91.0,3,0,1935.5,19.1,96734,32.2,13.0,5,56.6,0,False,True,False,False,False,False
65.0,3,0,1935.5,19.1,96734,32.2,13.0,4,221.8,0,False,True,False,False,False,False
86.0,4,0,1935.5,19.1,96734,32.2,13.0,6,157.3,0,False,True,False,False,False,False
55.0,3,0,1529.5,36.2,105462,32.7,11.3,11,310.3,0,False,False,False,False,True,False
42.0,2,0,2324.5,16.1,83796,41.1,13.4,9,87.9,0,False,False,True,False,False,False
36.0,2,0,1935.5,19.1,96734,32.2,13.0,3,265.9,0,False,True,False,False,False,False
66.0,2,0,2155.0,15.3,70863,28.8,15.8,9,105.0,0,False,False,False,False,False,True
72.0,4,0,1935.5,19.1,96734,32.2,13.0,4,157.6,0,False,True,False,False,False,False
58.0,3,0,1529.5,36.2,105462,32.7,11.3,11,184.9,0,False,False,False,False,True,False
20.0,1,0,2324.5,16.1,83796,41.1,13.4,9,101.6,0,False,False,True,False,False,False
70.0,3,0,1956.6,18.3,66372,26.5,15.3,9,297.6,0,True,False,False,False,False,False
130.0,4,0,1529.5,36.2,105462,32.7,11.3,6,25.7,0,False,False,False,False,True,False
54.0,2,0,1935.5,19.1,96734,32.2,13.0,3,173.2,0,False,True,False,False,False,False
43.0,2,0,2324.5,16.1,83796,41.1,13.4,8,51.8,0,False,False,True,False,False,False
22.0,1,0,1638.4,25.8,70238,27.7,10.2,6,99.9,0,False,False,False,True,False,False
44.0,3,0,1529.5,36.2,105462,32.7,11.3,12,261.4,1,False,False,False,False,True,False
27.0,1,0,2324.5,16.1,83796,41.1,13.4,10,166.5,0,False,False,True,False,False,False
54.0,2,0,1529.5,36.2,105462,32.7,11.3,10,191.0,1,False,False,False,False,True,False
63.0,3,0,1529.5,36.2,105462,32.7,11.3,3,148.7,0,False,False,False,False,True,False
70.0,5,1,1638.4,25.8,70238,27.7,10.2,7,228.2,0,False,False,False,True,False,False
61.0,3,0,1935.5,19.1,96734,32.2,13.0,9,250.9,0,False,True,False,False,False,False
34.0,1,0,1529.5,36.2,105462,32.7,11.3,8,128.2,0,False,False,False,False,True,False
37.0,2,0,2324.5,16.1,83796,41.1,13.4,9,94.3,0,False,False,True,False,False,False
25.0,1,0,2324.5,16.1,83796,41.1,13.4,5,341.8,0,False,False,True,False,False,False
41.0,2,0,1935.5,19.1,96734,32.2,13.0,3,187.8,0,False,True,False,False,False,False
30.0,2,0,1956.6,18.3,66372,26.5,15.3,3,127.2,0,True,False,False,False,False,False
25.0,1,0,2324.5,16.1,83796,41.1,13.4,1,200.8,0,False,False,True,False,False,False
66.0,3,0,1935.5,19.1,96734,32.2,13.0,11,77.7,0,False,True,False,False,False,False
55.0,3,0,2155.0,15.3,70863,28.8,15.8,1,53.6,0,False,False,False,False,False,True
70.0,3,0,1638.4,25.8,70238,27.7,10.2,10,184.0,0,False,False,False,True,False,False
78.0,5,0,2324.5,16.1,83796,41.1,13.4,11,74.5,0,False,False,True,False,False,False
83.0,4,0,1935.5,19.1,96734,32.2,13.0,5,329.8,0,False,True,False,False,False,False
85.0,4,0,2155.0,15.3,70863,28.8,15.8,3,242.8,0,False,False,False,False,False,True
49.0,2,0,2155.0,15.3,70863,28.8,15.8,2,177.1,0,False,False,False,False,False,True
54.0,3,0,2324.5,16.1,83796,41.1,13.4,12,235.7,0,False,False,True,False,False,False
26.0,2,0,1529.5,36.2,105462,32.7,11.3,8,158.6,0,False,False,False,False,True,False
163.0,5,0,2324.5,16.1,83796,41.1,13.4,7,341.0,0,False,False,True,False,False,False
70.0,3,0,1956.6,18.3,66372,26.5,15.3,9,367.7,0,True,False,False,False,False,False
90.0,4,0,2155.0,15.3,70863,28.8,15.8,10,42.1,0,False,False,False,False,False,True
25.0,1,0,1638.4,25.8,70238,27.7,10.2,1,53.0,0,False,False,False,True,False,False
96.0,4,0,1638.4,25.8,70238,27.7,10.2,4,75.6,0,False,False,False,True,False,False
82.0,4,1,1935.5,19.1,96734,32.2,13.0,6,94.9,0,False,True,False,False,False,False
23.0,1,0,2155.0,15.3,70863,28.8,15.8,9,172.5,0,False,False,False,False,False,True
207.0,5,1,1638.4,25.8,70238,27.7,10.2,8,303.5,0,False,False,False,True,False,False
100.0,3,0,1638.4,25.8,70238,27.7,10.2,7,82.6,0,False,False,False,True,False,False
54.0,3,0,2155.0,15.3,70863,28.8,15.8,12,120.4,0,False,False,False,False,False,True
89.0,5,1,1529.5,36.2,105462,32.7,11.3,7,153.5,0,False,False,False,False,True,False
60.0,3,0,2324.5,16.1,83796,41.1,13.4,6,144.8,0,False,False,True,False,False,False
18.0,1,0,2155.0,15.3,70863,28.8,15.8,5,103.7,0,False,False,False,False,False,True
29.0,1,0,2155.0,15.3,70863,28.8,15.8,8,153.7,0,False,False,False,False,False,True
57.0,3,0,2324.5,16.1,83796,41.1,13.4,9,237.0,0,False,False,True,False,False,False
64.0,3,0,1935.5,19.1,96734,32.2,13.0,8,128.8,0,False,True,False,False,False,False
41.0,2,0,2155.0,15.3,70863,28.8,15.8,9,44.1,0,False,False,False,False,False,True
36.0,2,0,2155.0,15.3,70863,28.8,15.8,10,42.6,0,False,False,False,False,False,True
42.0,2,0,1529.5,36.2,105462,32.7,11.3,12,111.9,0,False,False,False,False,True,False
150.0,5,0,2324.5,16.1,83796,41.1,13.4,1,126.6,0,False,False,True,False,False,False
45.0,3,0,1529.5,36.2,105462,32.7,11.3,11,273.4,0,False,False,False,False,True,False
29.0,1,0,2324.5,16.1,83796,41.1,13.4,3,100.5,0,False,False,True,False,False,False
21.0,1,0,2324.5,16.1,83796,41.1,13.4,7,105.3,0,False,False,True,False,False,False
45.0,3,0,1935.5,19.1,96734,32.2,13.0,7,175.8,0,False,True,False,False,False,False
52.0,3,0,1529.5,36.2,105462,32.7,11.3,7,470.6,0,False,False,False,False,True,False
54.0,3,0,2155.0,15.3,70863,28.8,15.8,2,120.4,0,False,False,False,False,False,True
34.0,2,0,2155.0,15.3,70863,28.8,15.8,9,75.1,0,False,False,False,False,False,True
80.0,3,1,1935.5,19.1,96734,32.2,13.0,1,118.5,0,False,True,False,False,False,False
42.0,2,0,1529.5,36.2,105462,32.7,11.3,5,149.0,1,False,False,False,False,True,False
26.0,2,0,1638.4,25.8,70238,27.7,10.2,9,76.6,0,False,False,False,True,False,False
93.0,4,1,2155.0,15.3,70863,28.8,15.8,7,155.8,0,False,False,False,False,False,True
40.0,3,1,1529.5,36.2,105462,32.7,11.3,6,245.4,0,False,False,False,False,True,False
46.0,2,0,2324.5,16.1,83796,41.1,13.4,8,123.8,0,False,False,True,False,False,False
62.0,3,0,1935.5,19.1,96734,32.2,13.0,3,156.7,0,False,True,False,False,False,False
144.0,5,0,2155.0,15.3,70863,28.8,15.8,8,169.2,0,False,False,False,False,False,True
92.0,5,0,1638.4,25.8,70238,27.7,10.2,3,98.2,0,False,False,False,True,False,False
45.0,2,0,1638.4,25.8,70238,27.7,10.2,9,120.1,0,False,False,False,True,False,False
195.0,5,1,1935.5,19.1,96734,32.2,13.0,10,76.0,1,False,True,False,False,False,False
83.0,4,0,1935.5,19.1,96734,32.2,13.0,9,362.6,1,False,True,False,False,False,False
200.0,5,1,1529.5,36.2,105462,32.7,11.3,5,168.0,0,False,False,False,False,True,False
61.0,3,0,1935.5,19.1,96734,32.2,13.0,3,131.7,0,False,True,False,False,False,False
17.0,2,0,1638.4,25.8,70238,27.7,10.2,12,103.0,0,False,False,False,True,False,False
63.0,3,0,1935.5,19.1,96734,32.2,13.0,7,33.4,0,False,True,False,False,False,False
34.0,1,0,2155.0,15.3,70863,28.8,15.8,10,25.8,0,False,False,False,False,False,True
83.0,4,0,1935.5,19.1,96734,32.2,13.0,6,142.7,0,False,True,False,False,False,False
18.0,1,0,2324.5,16.1,83796,41.1,13.4,11,61.4,0,False,False,True,False,False,False
140.0,5,1,1638.4,25.8,70238,27.7,10.2,12,93.8,0,False,False,False,True,False,False
36.0,2,0,2324.5,16.1,83796,41.1,13.4,9,298.6,0,False,False,True,False,False,False
43.0,2,0,1935.5,19.1,96734,32.2,13.0,3,176.1,0,False,True,False,False,False,False
67.0,3,0,2324.5,16.1,83796,41.1,13.4,9,159.4,0,False,False,True,False,False,False
46.0,2,0,2155.0,15.3,70863,28.8,15.8,7,194.3,0,False,False,False,False,False,True
34.0,2,0,1935.5,19.1,96734,32.2,13.0,7,30.5,0,False,True,False,False,False,False
30.0,2,0,1529.5,36.2,105462,32.7,11.3,2,177.6,0,False,False,False,False,True,False
62.0,3,0,1529.5,36.2,105462,32.7,11.3,5,32.2,0,False,False,False,False,True,False
106.0,6,1,1935.5,19.1,96734,32.2,13.0,4,173.7,0,False,True,False,False,False,False
30.0,1,0,1956.6,18.3,66372,26.5,15.3,4,73.7,0,True,False,False,False,False,False
65.0,4,1,1638.4,25.8,70238,27.7,10.2,9,173.9,0,False,False,False,True,False,False
43.0,3,0,1638.4,25.8,70238,27.7,10.2,12,83.9,0,False,False,False,True,False,False
39.0,2,0,1529.5,36.2,105462,32.7,11.3,4,85.3,0,False,False,False,False,True,False
123.0,4,0,1935.5,19.1,96734,32.2,13.0,5,107.9,0,False,True,False,False,False,False
103.0,5,1,1935.5,19.1,96734,32.2,13.0,2,194.6,0,False,True,False,False,False,False
46.0,2,0,1935.5,19.1,96734,32.2,13.0,3,354.6,0,False,True,False,False,False,False
43.0,2,0,1638.4,25.8,70238,27.7,10.2,8,43.8,0,False,False,False,True,False,False
81.0,5,0,1935.5,19.1,96734,32.2,13.0,9,240.0,0,False,True,False,False,False,False
27.0,1,0,1935.5,19.1,96734,32.2,13.0,6,139.7,0,False,True,False,False,False,False
37.0,2,0,1956.6,18.3,66372,26.5,15.3,5,451.1,0,True,False,False,False,False,False
46.0,2,0,1638.4,25.8,70238,27.7,10.2,7,76.8,1,False,False,False,True,False,False
29.0,1,0,2155.0,15.3,70863,28.8,15.8,10,173.2,1,False,False,False,False,False,True
60.0,3,0,1935.5,19.1,96734,32.2,13.0,6,119.7,0,False,True,False,False,False,False
122.0,5,1,1935.5,19.1,96734,32.2,13.0,12,190.2,0,False,True,False,False,False,False
74.0,4,0,1935.5,19.1,96734,32.2,13.0,2,338.7,0,False,True,False,False,False,False
22.0,1,0,2324.5,16.1,83796,41.1,13.4,8,112.6,0,False,False,True,False,False,False
50.0,2,0,1529.5,36.2,105462,32.7,11.3,9,85.3,0,False,False,False,False,True,False
26.0,1,0,1529.5,36.2,105462,32.7,11.3,8,93.4,0,False,False,False,False,True,False
27.0,2,0,1529.5,36.2,105462,32.7,11.3,10,99.7,0,False,False,False,False,True,False
74.0,1,0,2324.5,16.1,83796,41.1,13.4,12,138.2,0,False,False,True,False,False,False
24.0,1,0,1529.5,36.2,105462,32.7,11.3,4,199.2,0,False,False,False,False,True,False
64.0,3,0,1638.4,25.8,70238,27.7,10.2,9,115.9,0,False,False,False,True,False,False
68.0,4,0,2155.0,15.3,70863,28.8,15.8,1,115.7,0,False,False,False,False,False,True
60.0,1,1,1956.6,18.3,66372,26.5,15.3,12,169.8,0,True,False,False,False,False,False
55.0,2,0,1935.5,19.1,96734,32.2,13.0,5,125.7,0,False,True,False,False,False,False
120.0,5,1,1935.5,19.1,96734,32.2,13.0,1,184.5,0,False,True,False,False,False,False
65.0,3,0,1638.4,25.8,70238,27.7,10.2,11,78.9,0,False,False,False,True,False,False
56.0,2,0,1638.4,25.8,70238,27.7,10.2,11,250.5,0,False,False,False,True,False,False
113.0,5,0,2324.5,16.1,83796,41.1,13.4,7,108.3,0,False,False,True,False,False,False
35.0,2,0,2155.0,15.3,70863,28.8,15.8,5,64.4,0,False,False,False,False,False,True
44.0,2,0,1935.5,19.1,96734,32.2,13.0,9,324.4,0,False,True,False,False,False,False
20.0,1,0,1529.5,36.2,105462,32.7,11.3,8,155.7,0,False,False,False,False,True,False
44.0,2,0,1638.4,25.8,70238,27.7,10.2,6,169.4,0,False,False,False,True,False,False
80.0,4,0,1935.5,19.1,96734,32.2,13.0,12,228.5,0,False,True,False,False,False,False
55.0,2,0,2324.5,16.1,83796,41.1,13.4,11,116.1,0,False,False,True,False,False,False
26.0,1,0,1529.5,36.2,105462,32.7,11.3,11,107.0,0,False,False,False,False,True,False
66.0,3,0,1935.5,19.1,96734,32.2,13.0,10,102.4,0,False,True,False,False,False,False
40.0,2,0,1935.5,19.1,96734,32.2,13.0,11,96.0,0,False,True,False,False,False,False
53.0,3,0,1529.5,36.2,105462,32.7,11.3,3,110.9,0,False,False,False,False,True,False
40.0,2,0,2324.5,16.1,83796,41.1,13.4,12,64.9,0,False,False,True,False,False,False
139.0,5,1,1638.4,25.8,70238,27.7,10.2,11,120.0,0,False,False,False,True,False,False
62.0,3,0,2324.5,16.1,83796,41.1,13.4,11,241.8,1,False,False,True,False,False,False
58.0,2,0,2324.5,16.1,83796,41.1,13.4,4,217.1,0,False,False,True,False,False,False
92.0,4,1,1935.5,19.1,96734,32.2,13.0,10,202.8,0,False,True,False,False,False,False
70.0,3,1,1935.5,19.1,96734,32.2,13.0,2,237.1,0,False,True,False,False,False,False
43.0,2,0,2155.0,15.3,70863,28.8,15.8,8,92.2,0,False,False,False,False,False,True
38.0,1,0,2324.5,16.1,83796,41.1,13.4,1,68.5,0,False,False,True,False,False,False
143.0,3,0,2324.5,16.1,83796,41.1,13.4,7,57.8,0,False,False,True,False,False,False
39.0,2,0,1935.5,19.1,96734,32.2,13.0,12,273.9,0,False,True,False,False,False,False
244.0,8,1,1529.5,36.2,105462,32.7,11.3,9,306.3,0,False,False,False,False,True,False
65.0,3,1,1956.6,18.3,66372,26.5,15.3,4,620.1,0,True,False,False,False,False,False
50.0,2,0,1935.5,19.1,96734,32.2,13.0,7,408.5,0,False,True,False,False,False,False
92.0,4,0,1638.4,25.8,70238,27.7,10.2,11,107.6,0,False,False,False,True,False,False
42.0,2,0,1529.5,36.2,105462,32.7,11.3,3,36.9,0,False,False,False,False,True,False
67.0,1,0,1935.5,19.1,96734,32.2,13.0,2,142.5,0,False,True,False,False,False,False
160.0,6,1,2324.5,16.1,83796,41.1,13.4,6,190.1,0,False,False,True,False,False,False
48.0,2,0,2324.5,16.1,83796,41.1,13.4,6,105.0,0,False,False,True,False,False,False
196.0,7,1,1956.6,18.3,66372,26.5,15.3,4,190.8,0,True,False,False,False,False,False
20.0,1,0,1529.5,36.2,105462,32.7,11.3,7,198.8,0,False,False,False,False,True,False
37.0,2,0,2324.5,16.1,83796,41.1,13.4,7,218.1,0,False,False,True,False,False,False
60.0,2,0,2155.0,15.3,70863,28.8,15.8,3,71.9,0,False,False,False,False,False,True
74.0,4,0,1956.6,18.3,66372,26.5,15.3,10,79.4,0,True,False,False,False,False,False
173.0,5,1,1935.5,19.1,96734,32.2,13.0,3,214.7,1,False,True,False,False,False,False
64.0,3,0,1935.5,19.1,96734,32.2,13.0,8,89.7,0,False,True,False,False,False,False
130.0,4,1,1529.5,36.2,105462,32.7,11.3,5,108.7,0,False,False,False,False,True,False
50.0,2,0,1529.5,36.2,105462,32.7,11.3,1,221.0,0,False,False,False,False,True,False
28.0,2,0,1956.6,18.3,66372,26.5,15.3,2,125.2,0,True,False,False,False,False,False
43.0,2,0,1638.4,25.8,70238,27.7,10.2,1,56.0,0,False,False,False,True,False,False
51.0,3,0,1529.5,36.2,105462,32.7,11.3,12,310.3,0,False,False,False,False,True,False
126.0,5,0,2324.5,16.1,83796,41.1,13.4,3,77.4,0,False,False,True,False,False,False
44.0,2,0,2324.5,16.1,83796,41.1,13.4,6,241.0,0,False,False,True,False,False,False
28.0,2,0,2324.5,16.1,83796,41.1,13.4,7,101.6,0,False,False,True,False,False,False
61.0,3,0,1529.5,36.2,105462,32.7,11.3,2,55.2,0,False,False,False,False,True,False
21.0,1,0,1956.6,18.3,66372,26.5,15.3,2,140.1,0,True,False,False,False,False,False
30.0,1,0,2324.5,16.1,83796,41.1,13.4,3,130.4,0,False,False,True,False,False,False
43.0,2,0,1529.5,36.2,105462,32.7,11.3,11,148.8,0,False,False,False,False,True,False
60.0,3,0,1956.6,18.3,66372,26.5,15.3,7,221.0,0,True,False,False,False,False,False
90.0,3,0,2324.5,16.1,83796,41.1,13.4,9,247.2,1,False,False,True,False,False,False
59.0,3,0,2155.0,15.3,70863,28.8,15.8,3,197.3,0,False,False,False,False,False,True
80.0,3,0,1935.5,19.1,96734,32.2,13.0,9,114.4,0,False,True,False,False,False,False
57.0,3,0,1956.6,18.3,66372,26.5,15.3,11,47.8,0,True,False,False,False,False,False
66.0,4,0,1935.5,19.1,96734,32.2,13.0,10,111.8,0,False,True,False,False,False,False
65.0,3,0,1529.5,36.2,105462,32.7,11.3,3,130.5,0,False,False,False,False,True,False
39.0,2,0,1529.5,36.2,105462,32.7,11.3,6,128.8,0,False,False,False,False,True,False
78.0,4,1,1956.6,18.3,66372,26.5,15.3,7,148.8,0,True,False,False,False,False,False
80.0,3,0,1638.4,25.8,70238,27.7,10.2,5,335.5,0,False,False,False,True,False,False
24.0,1,0,2324.5,16.1,83796,41.1,13.4,10,312.7,0,False,False,True,False,False,False
40.0,2,0,2324.5,16.1,83796,41.1,13.4,6,182.3,0,False,False,True,False,False,False
67.0,4,0,2155.0,15.3,70863,28.8,15.8,3,44.1,0,False,False,False,False,False,True
74.0,4,0,1638.4,25.8,70238,27.7,10.2,6,92.8,0,False,False,False,True,False,False
68.0,4,0,1529.5,36.2,105462,32.7,11.3,3,101.6,0,False,False,False,False,True,False
43.0,2,0,1956.6,18.3,66372,26.5,15.3,12,153.4,0,True,False,False,False,False,False
60.0,3,0,1529.5,36.2,105462,32.7,11.3,9,84.0,0,False,False,False,False,True,False
27.0,1,0,1956.6,18.3,66372,26.5,15.3,8,58.5,0,True,False,False,False,False,False
158.0,5,1,1638.4,25.8,70238,27.7,10.2,10,305.9,0,False,False,False,True,False,False
68.0,3,0,1935.5,19.1,96734,32.2,13.0,3,420.6,0,False,True,False,False,False,False
54.0,2,0,2155.0,15.3,70863,28.8,15.8,2,50.5,0,False,False,False,False,False,True
46.0,2,0,1935.5,19.1,96734,32.2,13.0,8,194.1,0,False,True,False,False,False,False
47.0,2,0,1956.6,18.3,66372,26.5,15.3,1,123.8,0,True,False,False,False,False,False
43.0,2,0,2324.5,16.1,83796,41.1,13.4,6,144.8,0,False,False,True,False,False,False
56.0,3,1,1529.5,36.2,105462,32.7,11.3,6,64.1,0,False,False,False,False,True,False
65.0,3,0,1935.5,19.1,96734,32.2,13.0,2,239.1,0,False,True,False,False,False,False
35.0,1,0,1638.4,25.8,70238,27.7,10.2,7,111.7,1,False,False,False,True,False,False
28.0,1,0,1638.4,25.8,70238,27.7,10.2,9,123.7,0,False,False,False,True,False,False
76.0,3,0,1638.4,25.8,70238,27.7,10.2,5,90.8,0,False,False,False,True,False,False
65.0,2,0,2324.5,16.1,83796,41.1,13.4,10,86.3,0,False,False,True,False,False,False
40.0,2,1,1638.4,25.8,70238,27.7,10.2,4,250.4,0,False,False,False,True,False,False
134.0,5,1,1956.6,18.3,66372,26.5,15.3,2,65.8,0,True,False,False,False,False,False
42.0,2,0,1638.4,25.8,70238,27.7,10.2,11,12.7,0,False,False,False,True,False,False
49.0,2,0,1638.4,25.8,70238,27.7,10.2,4,118.3,0,False,False,False,True,False,False
61.0,2,0,1935.5,19.1,96734,32.2,13.0,4,150.0,0,False,True,False,False,False,False
54.0,3,1,1529.5,36.2,105462,32.7,11.3,5,101.0,0,False,False,False,False,True,False
41.0,2,0,2324.5,16.1,83796,41.1,13.4,6,167.3,1,False,False,True,False,False,False
70.0,3,0,1638.4,25.8,70238,27.7,10.2,7,71.2,0,False,False,False,True,False,False
67.0,4,0,1638.4,25.8,70238,27.7,10.2,8,82.6,0,False,False,False,True,False,False
64.0,3,0,1529.5,36.2,105462,32.7,11.3,8,73.0,0,False,False,False,False,True,False
54.0,3,0,1638.4,25.8,70238,27.7,10.2,7,247.5,0,False,False,False,True,False,False
79.0,4,0,1935.5,19.1,96734,32.2,13.0,1,346.2,0,False,True,False,False,False,False
74.0,3,0,2324.5,16.1,83796,41.1,13.4,12,121.4,0,False,False,True,False,False,False
40.0,2,0,1956.6,18.3,66372,26.5,15.3,1,285.1,0,True,False,False,False,False,False
65.0,3,0,1638.4,25.8,70238,27.7,10.2,7,160.3,0,False,False,False,True,False,False
70.0,3,0,1638.4,25.8,70238,27.7,10.2,8,44.7,0,False,False,False,True,False,False
52.0,3,0,1638.4,25.8,70238,27.7,10.2,6,238.6,0,False,False,False,True,False,False
65.0,4,0,1529.5,36.2,105462,32.7,11.3,1,195.7,0,False,False,False,False,True,False
99.0,4,1,1956.6,18.3,66372,26.5,15.3,3,151.4,0,True,False,False,False,False,False
63.0,3,0,1638.4,25.8,70238,27.7,10.2,2,115.8,0,False,False,False,True,False,False
85.0,4,1,1935.5,19.1,96734,32.2,13.0,8,254.9,0,False,True,False,False,False,False
39.0,2,0,2155.0,15.3,70863,28.8,15.8,2,88.1,0,False,False,False,False,False,True
55.0,2,0,2324.5,16.1,83796,41.1,13.4,3,270.6,0,False,False,True,False,False,False
31.0,1,0,1529.5,36.2,105462,32.7,11.3,10,189.2,0,False,False,False,False,True,False
59.0,3,0,1529.5,36.2,105462,32.7,11.3,1,104.2,0,False,False,False,False,True,False
40.0,2,0,1935.5,19.1,96734,32.2,13.0,6,181.8,0,False,True,False,False,False,False
66.0,3,0,1935.5,19.1,96734,32.2,13.0,11,132.8,0,False,True,False,False,False,False
36.0,2,0,1529.5,36.2,105462,32.7,11.3,8,115.0,0,False,False,False,False,True,False
61.0,3,0,1529.5,36.2,105462,32.7,11.3,1,55.2,0,False,False,False,False,True,False
40.0,1,0,2155.0,15.3,70863,28.8,15.8,1,120.9,0,False,False,False,False,False,True
34.0,1,0,2324.5,16.1,83796,41.1,13.4,7,106.7,0,False,False,True,False,False,False
58.0,2,1,1638.4,25.8,70238,27.7,10.2,8,30.2,0,False,False,False,True,False,False
47.0,2,0,1638.4,25.8,70238,27.7,10.2,1,107.1,0,False,False,False,True,False,False
53.0,2,0,1638.4,25.8,70238,27.7,10.2,2,50.1,0,False,False,False,True,False,False
39.0,1,0,1638.4,25.8,70238,27.7,10.2,9,220.2,0,False,False,False,True,False,False
80.0,4,0,1638.4,25.8,70238,27.7,10.2,7,139.4,0,False,False,False,True,False,False
20.0,1,0,1529.5,36.2,105462,32.7,11.3,8,41.9,0,False,False,False,False,True,False
15.0,1,0,2324.5,16.1,83796,41.1,13.4,1,81.6,0,False,False,True,False,False,False
44.0,2,0,1529.5,36.2,105462,32.7,11.3,12,137.4,0,False,False,False,False,True,False
65.0,3,0,1638.4,25.8,70238,27.7,10.2,3,41.8,0,False,False,False,True,False,False
41.0,1,0,2324.5,16.1,83796,41.1,13.4,10,165.0,0,False,False,True,False,False,False
42.0,2,0,1935.5,19.1,96734,32.2,13.0,12,100.8,0,False,True,False,False,False,False
76.0,5,0,1529.5,36.2,105462,32.7,11.3,12,49.4,0,False,False,False,False,True,False
58.0,4,0,1638.4,25.8,70238,27.7,10.2,7,145.1,0,False,False,False,True,False,False
83.0,3,0,1529.5,36.2,105462,32.7,11.3,10,137.9,0,False,False,False,False,True,False
130.0,4,1,1935.5,19.1,96734,32.2,13.0,11,237.1,0,False,True,False,False,False,False
27.0,1,0,1935.5,19.1,96734,32.2,13.0,5,55.7,0,False,True,False,False,False,False
20.0,1,0,1529.5,36.2,105462,32.7,11.3,4,110.8,0,False,False,False,False,True,False
23.0,1,0,1529.5,36.2,105462,32.7,11.3,7,108.0,0,False,False,False,False,True,False
72.0,4,0,2155.0,15.3,70863,28.8,15.8,9,102.8,0,False,False,False,False,False,True
51.0,3,0,1935.5,19.1,96734,32.2,13.0,12,416.1,0,False,True,False,False,False,False
205.0,7,1,1529.5,36.2,105462,32.7,11.3,7,273.7,0,False,False,False,False,True,False
64.0,3,0,1935.5,19.1,96734,32.2,13.0,9,210.5,0,False,True,False,False,False,False
88.0,4,0,2155.0,15.3,70863,28.8,15.8,5,86.9,0,False,False,False,False,False,True
64.0,3,0,2324.5,16.1,83796,41.1,13.4,10,102.7,0,False,False,True,False,False,False
38.0,1,0,1529.5,36.2,105462,32.7,11.3,6,170.7,0,False,False,False,False,True,False
59.0,3,0,1935.5,19.1,96734,32.2,13.0,10,38.0,0,False,True,False,False,False,False
56.0,3,0,2324.5,16.1,83796,41.1,13.4,1,115.8,0,False,False,True,False,False,False
20.0,1,0,2155.0,15.3,70863,28.8,15.8,11,120.1,0,False,False,False,False,False,True
93.0,4,0,2324.5,16.1,83796,41.1,13.4,4,12.9,0,False,False,True,False,False,False
47.0,3,0,2155.0,15.3,70863,28.8,15.8,6,113.9,0,False,False,False,False,False,True
23.0,2,0,2324.5,16.1,83796,41.1,13.4,10,129.7,0,False,False,True,False,False,False
60.0,3,0,1935.5,19.1,96734,32.2,13.0,8,220.3,0,False,True,False,False,False,False
45.0,2,0,2324.5,16.1,83796,41.1,13.4,10,155.9,0,False,False,True,False,False,False
93.0,4,0,1935.5,19.1,96734,32.2,13.0,7,90.8,0,False,True,False,False,False,False
97.0,5,0,1956.6,18.3,66372,26.5,15.3,2,116.3,0,True,False,False,False,False,False
40.0,2,0,2155.0,15.3,70863,28.8,15.8,10,113.9,0,False,False,False,False,False,True
66.0,4,0,1638.4,25.8,70238,27.7,10.2,2,147.5,0,False,False,False,True,False,False
108.0,5,0,1935.5,19.1,96734,32.2,13.0,2,133.9,0,False,True,False,False,False,False
81.0,3,0,1529.5,36.2,105462,32.7,11.3,6,131.9,0,False,False,False,False,True,False
61.0,3,0,1956.6,18.3,66372,26.5,15.3,12,226.2,0,True,False,False,False,False,False
41.0,2,0,2155.0,15.3,70863,28.8,15.8,2,283.6,0,False,False,False,False,False,True
46.0,2,0,1529.5,36.2,105462,32.7,11.3,8,141.1,0,False,False,False,False,True,False
40.0,1,0,2155.0,15.3,70863,28.8,15.8,9,157.4,0,False,False,False,False,False,True
82.0,4,0,1956.6,18.3,66372,26.5,15.3,8,294.5,0,True,False,False,False,False,False
14.0,1,0,1529.5,36.2,105462,32.7,11.3,4,198.8,0,False,False,False,False,True,False
150.0,5,0,2324.5,16.1,83796,41.1,13.4,7,238.8,1,False,False,True,False,False,False
81.0,4,1,1935.5,19.1,96734,32.2,13.0,9,226.1,0,False,True,False,False,False,False
24.0,2,0,1638.4,25.8,70238,27.7,10.2,2,320.9,0,False,False,False,True,False,False
64.0,3,0,2155.0,15.3,70863,28.8,15.8,8,137.9,0,False,False,False,False,False,True
49.0,2,0,1529.5,36.2,105462,32.7,11.3,10,137.0,0,False,False,False,False,True,False
44.0,2,0,2155.0,15.3,70863,28.8,15.8,6,34.0,0,False,False,False,False,False,True
32.0,2,0,1935.5,19.1,96734,32.2,13.0,3,70.0,0,False,True,False,False,False,False
110.0,4,1,1935.5,19.1,96734,32.2,13.0,10,288.0,0,False,True,False,False,False,False
70.0,4,1,1935.5,19.1,96734,32.2,13.0,7,101.3,0,False,True,False,False,False,False
59.0,3,0,1956.6,18.3,66372,26.5,15.3,8,519.7,0,True,False,False,False,False,False
182.0,8,1,1529.5,36.2,105462,32.7,11.3,6,225.7,0,False,False,False,False,True,False
74.0,4,0,1529.5,36.2,105462,32.7,11.3,8,172.8,0,False,False,False,False,True,False
64.0,3,0,1956.6,18.3,66372,26.5,15.3,12,123.1,0,True,False,False,False,False,False
50.0,3,0,1956.6,18.3,66372,26.5,15.3,9,137.1,0,True,False,False,False,False,False
93.0,5,1,1935.5,19.1,96734,32.2,13.0,12,172.7,0,False,True,False,False,False,False
72.0,3,0,1638.4,25.8,70238,27.7,10.2,6,45.4,0,False,False,False,True,False,False
60.0,3,0,1529.5,36.2,105462,32.7,11.3,2,264.7,1,False,False,False,False,True,False
75.0,4,0,1529.5,36.2,105462,32.7,11.3,10,100.0,0,False,False,False,False,True,False
25.0,1,0,1529.5,36.2,105462,32.7,11.3,4,174.6,0,False,False,False,False,True,False
28.0,1,0,1529.5,36.2,105462,32.7,11.3,12,153.4,0,False,False,False,False,True,False
28.0,1,0,2324.5,16.1,83796,41.1,13.4,3,100.3,0,False,False,True,False,False,False
65.0,3,0,2155.0,15.3,70863,28.8,15.8,2,177.8,0,False,False,False,False,False,True
23.0,1,0,1638.4,25.8,70238,27.7,10.2,7,171.5,0,False,False,False,True,False,False
50.0,2,0,1935.5,19.1,96734,32.2,13.0,6,166.2,0,False,True,False,False,False,False
120.0,4,1,1935.5,19.1,96734,32.2,13.0,12,103.2,0,False,True,False,False,False,False
60.0,3,0,1935.5,19.1,96734,32.2,13.0,5,151.3,0,False,True,False,False,False,False
107.0,4,1,1956.6,18.3,66372,26.5,15.3,6,94.2,0,True,False,False,False,False,False
32.0,2,0,1956.6,18.3,66372,26.5,15.3,12,58.5,0,True,False,False,False,False,False
41.0,2,0,1529.5,36.2,105462,32.7,11.3,7,72.8,0,False,False,False,False,True,False
41.0,3,0,1638.4,25.8,70238,27.7,10.2,1,125.1,0,False,False,False,True,False,False
131.0,4,0,2324.5,16.1,83796,41.1,13.4,2,243.9,0,False,False,True,False,False,False
71.0,3,0,1935.5,19.1,96734,32.2,13.0,9,384.9,0,False,True,False,False,False,False
66.0,3,0,1935.5,19.1,96734,32.2,13.0,5,74.0,0,False,True,False,False,False,False
36.0,1,0,1529.5,36.2,105462,32.7,11.3,2,181.3,0,False,False,False,False,True,False
48.0,2,0,1956.6,18.3,66372,26.5,15.3,1,323.7,0,True,False,False,False,False,False
76.0,4,0,2155.0,15.3,70863,28.8,15.8,2,15.2,0,False,False,False,False,False,True
80.0,3,1,1935.5,19.1,96734,32.2,13.0,10,68.7,0,False,True,False,False,False,False
64.0,3,0,1935.5,19.1,96734,32.2,13.0,6,105.5,0,False,True,False,False,False,False
63.0,4,0,1935.5,19.1,96734,32.2,13.0,8,422.0,0,False,True,False,False,False,False
65.0,2,0,1529.5,36.2,105462,32.7,11.3,12,114.2,0,False,False,False,False,True,False
72.0,3,0,2155.0,15.3,70863,28.8,15.8,7,124.0,0,False,False,False,False,False,True
103.0,4,1,1638.4,25.8,70238,27.7,10.2,4,192.3,0,False,False,False,True,False,False
65.0,4,0,1529.5,36.2,105462,32.7,11.3,10,26.2,0,False,False,False,False,True,False
56.0,2,0,1638.4,25.8,70238,27.7,10.2,2,202.2,0,False,False,False,True,False,False
43.0,2,0,2324.5,16.1,83796,41.1,13.4,3,27.3,0,False,False,True,False,False,False
86.0,4,0,1956.6,18.3,66372,26.5,15.3,7,221.4,0,True,False,False,False,False,False
64.0,3,0,1638.4,25.8,70238,27.7,10.2,8,98.6,0,False,False,False,True,False,False
64.0,4,0,1529.5,36.2,105462,32.7,11.3,4,101.6,0,False,False,False,False,True,False
98.0,4,0,2324.5,16.1,83796,41.1,13.4,1,108.7,0,False,False,True,False,False,False
43.0,2,0,2155.0,15.3,70863,28.8,15.8,8,213.5,0,False,False,False,False,False,True
111.0,4,1,1935.5,19.1,96734,32.2,13.0,11,117.0,0,False,True,False,False,False,False
61.0,3,0,1935.5,19.1,96734,32.2,13.0,6,213.7,0,False,True,False,False,False,False
56.0,2,0,2324.5,16.1,83796,41.1,13.4,9,265.1,0,False,False,True,False,False,False
50.0,2,1,1529.5,36.2,105462,32.7,11.3,9,160.1,0,False,False,False,False,True,False
21.0,1,0,1638.4,25.8,70238,27.7,10.2,5,200.1,0,False,False,False,True,False,False
25.0,1,0,1529.5,36.2,105462,32.7,11.3,12,148.0,0,False,False,False,False,True,False
221.0,5,1,1956.6,18.3,66372,26.5,15.3,8,76.5,0,True,False,False,False,False,False
110.0,6,1,1638.4,25.8,70238,27.7,10.2,6,161.9,0,False,False,False,True,False,False
56.0,2,0,2155.0,15.3,70863,28.8,15.8,8,232.4,0,False,False,False,False,False,True
22.0,1,0,2324.5,16.1,83796,41.1,13.4,10,100.5,0,False,False,True,False,False,False
56.0,3,0,2324.5,16.1,83796,41.1,13.4,4,36.7,0,False,False,True,False,False,False
40.0,3,0,2324.5,16.1,83796,41.1,13.4,4,155.1,0,False,False,True,False,False,False
111.0,4,0,2324.5,16.1,83796,41.1,13.4,12,144.5,0,False,False,True,False,False,False
57.0,3,0,1935.5,19.1,96734,32.2,13.0,9,25.0,0,False,True,False,False,False,False
41.0,2,0,1935.5,19.1,96734,32.2,13.0,7,164.5,0,False,True,False,False,False,False
50.0,2,0,1935.5,19.1,96734,32.2,13.0,3,62.1,0,False,True,False,False,False,False
43.0,2,0,1529.5,36.2,105462,32.7,11.3,9,166.6,0,False,False,False,False,True,False
90.0,4,1,1935.5,19.1,96734,32.2,13.0,1,62.1,0,False,True,False,False,False,False
120.0,6,1,1935.5,19.1,96734,32.2,13.0,11,109.4,0,False,True,False,False,False,False
105.0,4,0,1935.5,19.1,96734,32.2,13.0,3,83.3,0,False,True,False,False,False,False
28.0,1,0,1935.5,19.1,96734,32.2,13.0,2,134.0,0,False,True,False,False,False,False
69.0,4,0,2155.0,15.3,70863,28.8,15.8,3,143.4,0,False,False,False,False,False,True
100.0,4,0,1638.4,25.8,70238,27.7,10.2,5,120.7,0,False,False,False,True,False,False
61.0,2,0,1529.5,36.2,105462,32.7,11.3,1,6.5,0,False,False,False,False,True,False
69.0,4,0,1529.5,36.2,105462,32.7,11.3,9,40.3,0,False,False,False,False,True,False
69.0,4,1,2324.5,16.1,83796,41.1,13.4,9,264.3,0,False,False,True,False,False,False
69.0,3,0,1935.5,19.1,96734,32.2,13.0,2,71.1,0,False,True,False,False,False,False
75.0,3,0,1935.5,19.1,96734,32.2,13.0,1,156.9,0,False,True,False,False,False,False
62.0,3,0,1529.5,36.2,105462,32.7,11.3,1,110.4,0,False,False,False,False,True,False
50.0,3,0,1638.4,25.8,70238,27.7,10.2,7,210.5,0,False,False,False,True,False,False
57.0,3,0,1529.5,36.2,105462,32.7,11.3,6,66.4,0,False,False,False,False,True,False
75.0,3,0,2324.5,16.1,83796,41.1,13.4,4,192.6,0,False,False,True,False,False,False
86.0,4,0,2155.0,15.3,70863,28.8,15.8,9,283.6,0,False,False,False,False,False,True
134.0,4,0,1638.4,25.8,70238,27.7,10.2,6,132.1,0,False,False,False,True,False,False
81.0,4,0,1529.5,36.2,105462,32.7,11.3,8,31.8,0,False,False,False,False,True,False
68.0,3,0,1956.6,18.3,66372,26.5,15.3,7,107.1,0,True,False,False,False,False,False
160.0,6,0,2324.5,16.1,83796,41.1,13.4,8,109.7,0,False,False,True,False,False,False
71.0,3,0,1935.5,19.1,96734,32.2,13.0,11,5.8,0,False,True,False,False,False,False
78.0,4,0,1638.4,25.8,70238,27.7,10.2,5,220.2,0,False,False,False,True,False,False
31.0,2,0,1638.4,25.8,70238,27.7,10.2,2,157.1,0,False,False,False,True,False,False
72.0,4,0,1529.5,36.2,105462,32.7,11.3,6,30.4,0,False,False,False,False,True,False
20.0,1,0,2324.5,16.1,83796,41.1,13.4,7,66.6,0,False,False,True,False,False,False
75.0,5,1,1935.5,19.1,96734,32.2,13.0,7,299.4,0,False,True,False,False,False,False
29.0,1,0,1529.5,36.2,105462,32.7,11.3,3,49.4,0,False,False,False,False,True,False
141.0,7,1,1638.4,25.8,70238,27.7,10.2,5,69.8,0,False,False,False,True,False,False
37.0,2,0,1529.5,36.2,105462,32.7,11.3,5,123.8,0,False,False,False,False,True,False
80.0,3,1,1956.6,18.3,66372,26.5,15.3,2,172.2,0,True,False,False,False,False,False
42.0,2,0,1935.5,19.1,96734,32.2,13.0,1,408.7,0,False,True,False,False,False,False
114.0,5,0,2324.5,16.1,83796,41.1,13.4,4,84.3,1,False,False,True,False,False,False
43.0,2,0,1935.5,19.1,96734,32.2,13.0,11,38.5,0,False,True,False,False,False,False
55.0,2,0,1956.6,18.3,66372,26.5,15.3,11,239.1,0,True,False,False,False,False,False
125.0,4,0,2324.5,16.1,83796,41.1,13.4,5,195.9,0,False,False,True,False,False,False
255.0,8,1,1529.5,36.2,105462,32.7,11.3,10,279.3,0,False,False,False,False,True,False
49.0,2,0,1956.6,18.3,66372,26.5,15.3,1,68.2,1,True,False,False,False,False,False
42.0,2,0,1935.5,19.1,96734,32.2,13.0,7,57.8,0,False,True,False,False,False,False
110.0,5,0,1956.6,18.3,66372,26.5,15.3,10,143.8,0,True,False,False,False,False,False
24.0,1,0,2324.5,16.1,83796,41.1,13.4,8,164.1,1,False,False,True,False,False,False
70.0,3,1,1638.4,25.8,70238,27.7,10.2,5,138.9,0,False,False,False,True,False,False
86.0,4,0,1529.5,36.2,105462,32.7,11.3,1,121.0,0,False,False,False,False,True,False
47.0,2,0,1956.6,18.3,66372,26.5,15.3,2,107.1,0,True,False,False,False,False,False
71.0,3,0,1529.5,36.2,105462,32.7,11.3,7,154.6,0,False,False,False,False,True,False
35.0,2,0,1638.4,25.8,70238,27.7,10.2,8,114.9,0,False,False,False,True,False,False
65.0,3,0,1956.6,18.3,66372,26.5,15.3,2,8.6,0,True,False,False,False,False,False
52.0,3,0,1638.4,25.8,70238,27.7,10.2,3,145.7,0,False,False,False,True,False,False
71.0,3,1,2155.0,15.3,70863,28.8,15.8,3,95.8,0,False,False,False,False,False,True
120.0,5,1,1956.6,18.3,66372,26.5,15.3,5,280.8,0,True,False,False,False,False,False
51.0,2,0,1529.5,36.2,105462,32.7,11.3,10,178.2,0,False,False,False,False,True,False
46.0,2,0,2324.5,16.1,83796,41.1,13.4,7,299.1,0,False,False,True,False,False,False
55.0,3,0,1638.4,25.8,70238,27.7,10.2,2,128.2,0,False,False,False,True,False,False
36.0,2,0,1638.4,25.8,70238,27.7,10.2,1,232.8,0,False,False,False,True,False,False
30.0,1,0,1956.6,18.3,66372,26.5,15.3,4,206.8,0,True,False,False,False,False,False
210.0,7,1,1956.6,18.3,66372,26.5,15.3,1,337.8,0,True,False,False,False,False,False
16.0,1,0,1529.5,36.2,105462,32.7,11.3,6,158.6,0,False,False,False,False,True,False
60.0,3,0,2324.5,16.1,83796,41.1,13.4,11,158.8,0,False,False,True,False,False,False
95.0,5,0,2155.0,15.3,70863,28.8,15.8,6,39.4,0,False,False,False,False,False,True
62.0,3,0,1935.5,19.1,96734,32.2,13.0,6,250.9,0,False,True,False,False,False,False
64.0,3,0,1956.6,18.3,66372,26.5,15.3,12,145.8,0,True,False,False,False,False,False
26.0,2,0,2324.5,16.1,83796,41.1,13.4,7,83.3,0,False,False,True,False,False,False
52.0,3,0,1935.5,19.1,96734,32.2,13.0,8,46.1,0,False,True,False,False,False,False
64.0,5,0,2155.0,15.3,70863,28.8,15.8,12,42.2,0,False,False,False,False,False,True
24.0,2,0,2324.5,16.1,83796,41.1,13.4,7,89.0,0,False,False,True,False,False,False
40.0,2,0,1529.5,36.2,105462,32.7,11.3,7,89.7,0,False,False,False,False,True,False
116.0,6,1,1529.5,36.2,105462,32.7,11.3,8,148.9,0,False,False,False,False,True,False
100.0,5,0,1638.4,25.8,70238,27.7,10.2,1,254.6,0,False,False,False,True,False,False
15.0,1,0,1638.4,25.8,70238,27.7,10.2,3,42.6,0,False,False,False,True,False,False
62.0,3,0,2155.0,15.3,70863,28.8,15.8,8,174.1,0,False,False,False,False,False,True
60.0,2,0,1529.5,36.2,105462,32.7,11.3,11,58.2,0,False,False,False,False,True,False
70.0,3,0,1956.6,18.3,66372,26.5,15.3,5,51.3,0,True,False,False,False,False,False
36.0,1,0,2155.0,15.3,70863,28.8,15.8,6,96.8,0,False,False,False,False,False,True
218.0,7,1,1638.4,25.8,70238,27.7,10.2,12,266.1,0,False,False,False,True,False,False
46.0,2,0,2324.5,16.1,83796,41.1,13.4,2,75.2,0,False,False,True,False,False,False
62.0,3,0,1935.5,19.1,96734,32.2,13.0,7,257.1,0,False,True,False,False,False,False
28.0,1,0,1529.5,36.2,105462,32.7,11.3,5,260.9,0,False,False,False,False,True,False
24.0,1,0,1638.4,25.8,70238,27.7,10.2,9,33.1,0,False,False,False,True,False,False
52.0,3,0,1935.5,19.1,96734,32.2,13.0,10,142.8,0,False,True,False,False,False,False
90.0,4,0,1638.4,25.8,70238,27.7,10.2,7,132.6,0,False,False,False,True,False,False
69.0,3,0,1935.5,19.1,96734,32.2,13.0,5,127.5,0,False,True,False,False,False,False
82.0,3,0,1638.4,25.8,70238,27.7,10.2,9,168.7,0,False,False,False,True,False,False
33.0,2,0,2155.0,15.3,70863,28.8,15.8,10,226.1,0,False,False,False,False,False,True
45.0,3,0,1638.4,25.8,70238,27.7,10.2,8,226.2,0,False,False,False,True,False,False
41.0,2,0,1935.5,19.1,96734,32.2,13.0,9,269.4,0,False,True,False,False,False,False
60.0,3,0,1935.5,19.1,96734,32.2,13.0,5,25.7,0,False,True,False,False,False,False
58.0,4,0,2324.5,16.1,83796,41.1,13.4,2,94.5,0,False,False,True,False,False,False
67.0,3,0,1935.5,19.1,96734,32.2,13.0,12,49.6,0,False,True,False,False,False,False
41.0,3,0,1529.5,36.2,105462,32.7,11.3,12,260.9,0,False,False,False,False,True,False
51.0,2,0,1638.4,25.8,70238,27.7,10.2,1,203.3,0,False,False,False,True,False,False
31.0,1,0,1935.5,19.1,96734,32.2,13.0,2,133.2,0,False,True,False,False,False,False
166.0,4,0,1638.4,25.8,70238,27.7,10.2,11,161.7,0,False,False,False,True,False,False
85.0,4,1,1935.5,19.1,96734,32.2,13.0,12,271.3,0,False,True,False,False,False,False
45.0,2,0,1529.5,36.2,105462,32.7,11.3,12,78.5,0,False,False,False,False,True,False
93.0,4,0,1935.5,19.1,96734,32.2,13.0,10,58.2,0,False,True,False,False,False,False
57.0,3,0,1935.5,19.1,96734,32.2,13.0,5,142.5,0,False,True,False,False,False,False
35.0,1,0,1529.5,36.2,105462,32.7,11.3,4,188.3,0,False,False,False,False,True,False
46.0,2,0,1529.5,36.2,105462,32.7,11.3,5,169.4,0,False,False,False,False,True,False
73.0,4,0,2324.5,16.1,83796,41.1,13.4,9,118.5,0,False,False,True,False,False,False
20.0,2,0,1638.4,25.8,70238,27.7,10.2,9,242.6,0,False,False,False,True,False,False
92.0,4,0,1638.4,25.8,70238,27.7,10.2,7,94.2,0,False,False,False,True,False,False
47.0,2,0,1935.5,19.1,96734,32.2,13.0,7,154.7,0,False,True,False,False,False,False
85.0,4,0,2155.0,15.3,70863,28.8,15.8,2,75.0,0,False,False,False,False,False,True
39.0,2,0,1935.5,19.1,96734,32.2,13.0,3,37.4,0,False,True,False,False,False,False
110.0,5,1,1956.6,18.3,66372,26.5,15.3,7,24.9,1,True,False,False,False,False,False
89.0,4,1,1529.5,36.2,105462,32.7,11.3,10,292.8,1,False,False,False,False,True,False
39.0,2,0,1638.4,25.8,70238,27.7,10.2,9,12.7,0,False,False,False,True,False,False
76.0,4,0,2155.0,15.3,70863,28.8,15.8,11,137.4,0,False,False,False,False,False,True
61.0,3,0,1935.5,19.1,96734,32.2,13.0,5,67.0,0,False,True,False,False,False,False
91.0,3,1,1529.5,36.2,105462,32.7,11.3,1,77.1,0,False,False,False,False,True,False
85.0,3,0,1638.4,25.8,70238,27.7,10.2,3,81.8,0,False,False,False,True,False,False
52.0,3,0,1638.4,25.8,70238,27.7,10.2,1,145.7,0,False,False,False,True,False,False
34.0,2,0,2155.0,15.3,70863,28.8,15.8,8,51.9,0,False,False,False,False,False,True
29.0,1,0,2155.0,15.3,70863,28.8,15.8,3,271.2,0,False,False,False,False,False,True
52.0,2,0,1638.4,25.8,70238,27.7,10.2,5,139.2,0,False,False,False,True,False,False
79.0,3,0,1529.5,36.2,105462,32.7,11.3,6,169.7,0,False,False,False,False,True,False
55.0,3,0,1956.6,18.3,66372,26.5,15.3,7,181.1,0,True,False,False,False,False,False
55.0,3,0,1638.4,25.8,70238,27.7,10.2,8,140.9,0,False,False,False,True,False,False
45.0,2,0,2155.0,15.3,70863,28.8,15.8,1,155.4,0,False,False,False,False,False,True
104.0,4,1,1529.5,36.2,105462,32.7,11.3,10,193.5,0,False,False,False,False,True,False
80.0,3,1,1529.5,36.2,105462,32.7,11.3,2,130.5,0,False,False,False,False,True,False
60.0,3,0,1638.4,25.8,70238,27.7,10.2,12,166.0,0,False,False,False,True,False,False
103.0,5,0,2155.0,15.3,70863,28.8,15.8,4,104.7,0,False,False,False,False,False,True
76.0,4,0,1638.4,25.8,70238,27.7,10.2,8,166.0,0,False,False,False,True,False,False
40.0,1,0,1956.6,18.3,66372,26.5,15.3,12,159.4,0,True,False,False,False,False,False
47.0,2,0,1935.5,19.1,96734,32.2,13.0,2,301.0,0,False,True,False,False,False,False
18.0,1,0,2324.5,16.1,83796,41.1,13.4,12,184.6,0,False,False,True,False,False,False
36.0,2,0,1638.4,25.8,70238,27.7,10.2,7,153.0,0,False,False,False,True,False,False
98.0,4,1,1935.5,19.1,96734,32.2,13.0,2,58.7,0,False,True,False,False,False,False
83.0,4,0,1638.4,25.8,70238,27.7,10.2,6,244.1,0,False,False,False,True,False,False
107.0,4,0,2155.0,15.3,70863,28.8,15.8,7,125.5,0,False,False,False,False,False,True
69.0,3,1,1935.5,19.1,96734,32.2,13.0,6,117.6,0,False,True,False,False,False,False
88.0,4,0,1935.5,19.1,96734,32.2,13.0,5,183.0,0,False,True,False,False,False,False
33.0,1,0,2155.0,15.3,70863,28.8,15.8,9,217.7,1,False,False,False,False,False,True
66.0,3,0,1638.4,25.8,70238,27.7,10.2,8,254.6,0,False,False,False,True,False,False
110.0,4,0,2324.5,16.1,83796,41.1,13.4,3,136.5,0,False,False,True,False,False,False
68.0,4,1,1935.5,19.1,96734,32.2,13.0,9,144.6,0,False,True,False,False,False,False
50.0,2,0,1935.5,19.1,96734,32.2,13.0,3,212.2,0,False,True,False,False,False,False
22.0,1,0,2324.5,16.1,83796,41.1,13.4,12,129.3,0,False,False,True,False,False,False
44.0,2,0,1935.5,19.1,96734,32.2,13.0,4,84.5,0,False,True,False,False,False,False
80.0,3,0,2324.5,16.1,83796,41.1,13.4,10,149.4,0,False,False,True,False,False,False
43.0,2,0,2324.5,16.1,83796,41.1,13.4,10,165.0,0,False,False,True,False,False,False
38.0,2,0,1529.5,36.2,105462,32.7,11.3,1,31.2,0,False,False,False,False,True,False
34.0,2,0,1638.4,25.8,70238,27.7,10.2,9,195.3,0,False,False,False,True,False,False
90.0,4,1,1956.6,18.3,66372,26.5,15.3,3,237.3,0,True,False,False,False,False,False
85.0,4,1,1956.6,18.3,66372,26.5,15.3,9,177.3,0,True,False,False,False,False,False
60.0,3,0,2155.0,15.3,70863,28.8,15.8,9,18.2,0,False,False,False,False,False,True
150.0,5,0,2324.5,16.1,83796,41.1,13.4,6,64.8,0,False,False,True,False,False,False
60.0,3,0,1935.5,19.1,96734,32.2,13.0,8,149.2,0,False,True,False,False,False,False
61.0,3,0,1638.4,25.8,70238,27.7,10.2,5,147.2,0,False,False,False,True,False,False
27.0,1,0,1529.5,36.2,105462,32.7,11.3,8,95.1,1,False,False,False,False,True,False
18.0,1,0,1638.4,25.8,70238,27.7,10.2,8,167.6,0,False,False,False,True,False,False
100.0,4,1,1638.4,25.8,70238,27.7,10.2,7,181.0,0,False,False,False,True,False,False
86.0,4,0,1935.5,19.1,96734,32.2,13.0,9,86.2,0,False,True,False,False,False,False
50.0,3,0,2155.0,15.3,70863,28.8,15.8,5,88.4,0,False,False,False,False,False,True
106.0,3,1,1935.5,19.1,96734,32.2,13.0,12,231.5,0,False,True,False,False,False,False
30.0,1,0,2324.5,16.1,83796,41.1,13.4,3,60.3,0,False,False,True,False,False,False
26.0,1,0,2324.5,16.1,83796,41.1,13.4,7,188.1,0,False,False,True,False,False,False
80.0,4,0,2155.0,15.3,70863,28.8,15.8,7,62.2,0,False,False,False,False,False,True
78.0,4,0,1935.5,19.1,96734,32.2,13.0,6,38.6,0,False,True,False,False,False,False
47.0,2,0,2155.0,15.3,70863,28.8,15.8,8,144.7,0,False,False,False,False,False,True
62.0,3,0,1935.5,19.1,96734,32.2,13.0,1,334.6,0,False,True,False,False,False,False
75.0,3,0,1638.4,25.8,70238,27.7,10.2,2,148.3,0,False,False,False,True,False,False
58.0,3,0,2155.0,15.3,70863,28.8,15.8,12,110.2,0,False,False,False,False,False,True
43.0,2,0,1935.5,19.1,96734,32.2,13.0,5,123.4,0,False,True,False,False,False,False
90.0,4,0,1638.4,25.8,70238,27.7,10.2,8,44.6,0,False,False,False,True,False,False
32.0,1,0,1956.6,18.3,66372,26.5,15.3,6,158.3,0,True,False,False,False,False,False
70.0,3,0,2324.5,16.1,83796,41.1,13.4,9,144.5,0,False,False,True,False,False,False
80.0,4,0,1638.4,25.8,70238,27.7,10.2,9,71.2,0,False,False,False,True,False,False
43.0,2,0,2324.5,16.1,83796,41.1,13.4,7,34.8,0,False,False,True,False,False,False
90.0,4,0,1529.5,36.2,105462,32.7,11.3,8,179.7,0,False,False,False,False,True,False
35.0,1,0,1956.6,18.3,66372,26.5,15.3,9,239.1,0,True,False,False,False,False,False
36.0,2,0,1638.4,25.8,70238,27.7,10.2,3,72.6,0,False,False,False,True,False,False
180.0,6,1,1935.5,19.1,96734,32.2,13.0,12,299.5,0,False,True,False,False,False,False
24.0,1,0,2324.5,16.1,83796,41.1,13.4,5,136.7,0,False,False,True,False,False,False
24.0,1,0,1638.4,25.8,70238,27.7,10.2,4,116.2,0,False,False,False,True,False,False
91.0,4,0,2324.5,16.1,83796,41.1,13.4,12,123.8,0,False,False,True,False,False,False
48.0,3,0,1935.5,19.1,96734,32.2,13.0,7,258.5,0,False,True,False,False,False,False
96.0,6,1,1529.5,36.2,105462,32.7,11.3,6,73.9,0,False,False,False,False,True,False
57.0,2,0,2155.0,15.3,70863,28.8,15.8,11,162.0,0,False,False,False,False,False,True
36.0,1,0,1638.4,25.8,70238,27.7,10.2,12,60.1,0,False,False,False,True,False,False
20.0,1,0,1529.5,36.2,105462,32.7,11.3,6,59.2,0,False,False,False,False,True,False
163.0,4,1,1935.5,19.1,96734,32.2,13.0,9,344.7,0,False,True,False,False,False,False
34.0,2,0,1638.4,25.8,70238,27.7,10.2,10,66.1,0,False,False,False,True,False,False
53.0,2,0,2324.5,16.1,83796,41.1,13.4,5,100.5,0,False,False,True,False,False,False
17.0,1,0,2324.5,16.1,83796,41.1,13.4,2,217.6,1,False,False,True,False,False,False
39.0,1,0,2324.5,16.1,83796,41.1,13.4,10,206.5,0,False,False,True,False,False,False
63.0,2,0,1529.5,36.2,105462,32.7,11.3,3,170.0,0,False,False,False,False,True,False
142.0,5,1,1638.4,25.8,70238,27.7,10.2,6,227.8,0,False,False,False,True,False,False
79.0,3,0,1638.4,25.8,70238,27.7,10.2,2,63.9,0,False,False,False,True,False,False
30.0,1,1,1935.5,19.1,96734,32.2,13.0,10,14.3,0,False,True,False,False,False,False
74.0,4,0,1638.4,25.8,70238,27.7,10.2,10,138.4,0,False,False,False,True,False,False
34.0,1,0,1638.4,25.8,70238,27.7,10.2,4,199.5,0,False,False,False,True,False,False
13.0,1,0,2324.5,16.1,83796,41.1,13.4,7,71.0,0,False,False,True,False,False,False
41.0,2,0,1935.5,19.1,96734,32.2,13.0,6,123.9,0,False,True,False,False,False,False
92.0,4,1,1956.6,18.3,66372,26.5,15.3,4,55.5,0,True,False,False,False,False,False
47.0,2,0,1638.4,25.8,70238,27.7,10.2,6,72.6,0,False,False,False,True,False,False
67.0,4,0,1956.6,18.3,66372,26.5,15.3,3,6.9,0,True,False,False,False,False,False
30.0,2,0,2324.5,16.1,83796,41.1,13.4,4,150.1,0,False,False,True,False,False,False
55.0,3,0,2155.0,15.3,70863,28.8,15.8,3,20.7,0,False,False,False,False,False,True
53.0,3,0,1638.4,25.8,70238,27.7,10.2,12,125.7,0,False,False,False,True,False,False
63.0,4,0,1956.6,18.3,66372,26.5,15.3,3,138.8,0,True,False,False,False,False,False
55.0,3,0,1529.5,36.2,105462,32.7,11.3,1,120.9,0,False,False,False,False,True,False
54.0,3,0,1529.5,36.2,105462,32.7,11.3,11,125.5,1,False,False,False,False,True,False
80.0,4,0,1529.5,36.2,105462,32.7,11.3,7,141.1,0,False,False,False,False,True,False
20.0,1,0,1529.5,36.2,105462,32.7,11.3,6,256.1,1,False,False,False,False,True,False
132.0,5,1,2155.0,15.3,70863,28.8,15.8,6,69.1,0,False,False,False,False,False,True
66.0,4,0,2324.5,16.1,83796,41.1,13.4,2,135.3,0,False,False,True,False,False,False
54.0,3,0,1638.4,25.8,70238,27.7,10.2,4,28.6,0,False,False,False,True,False,False
64.0,3,0,1638.4,25.8,70238,27.7,10.2,9,317.2,0,False,False,False,True,False,False
79.0,4,0,1638.4,25.8,70238,27.7,10.2,6,263.4,0,False,False,False,True,False,False
49.0,2,0,1529.5,36.2,105462,32.7,11.3,12,106.6,0,False,False,False,False,True,False
27.0,1,0,1529.5,36.2,105462,32.7,11.3,9,148.0,0,False,False,False,False,True,False
67.0,3,0,2155.0,15.3,70863,28.8,15.8,7,136.5,0,False,False,False,False,False,True
22.0,1,0,2324.5,16.1,83796,41.1,13.4,12,209.6,0,False,False,True,False,False,False
135.0,3,1,1935.5,19.1,96734,32.2,13.0,3,58.5,0,False,True,False,False,False,False
54.0,3,0,1638.4,25.8,70238,27.7,10.2,10,67.6,0,False,False,False,True,False,False
90.0,4,0,1935.5,19.1,96734,32.2,13.0,10,316.0,0,False,True,False,False,False,False
28.0,1,0,2324.5,16.1,83796,41.1,13.4,11,154.6,0,False,False,True,False,False,False
45.0,1,0,1529.5,36.2,105462,32.7,11.3,5,23.1,0,False,False,False,False,True,False
28.0,1,0,2324.5,16.1,83796,41.1,13.4,3,372.8,0,False,False,True,False,False,False
83.0,4,0,1638.4,25.8,70238,27.7,10.2,7,131.1,0,False,False,False,True,False,False
71.0,4,0,2155.0,15.3,70863,28.8,15.8,11,27.3,0,False,False,False,False,False,True
30.0,2,0,2324.5,16.1,83796,41.1,13.4,11,147.8,0,False,False,True,False,False,False
210.0,7,1,1529.5,36.2,105462,32.7,11.3,7,185.6,0,False,False,False,False,True,False
85.0,4,1,1935.5,19.1,96734,32.2,13.0,1,89.1,0,False,True,False,False,False,False
66.0,3,0,1935.5,19.1,96734,32.2,13.0,7,227.9,0,False,True,False,False,False,False
90.0,4,0,1638.4,25.8,70238,27.7,10.2,7,132.6,0,False,False,False,True,False,False
53.0,2,0,1935.5,19.1,96734,32.2,13.0,5,157.7,0,False,True,False,False,False,False
54.0,3,0,2324.5,16.1,83796,41.1,13.4,9,188.4,0,False,False,True,False,False,False
87.0,5,0,2155.0,15.3,70863,28.8,15.8,6,91.9,0,False,False,False,False,False,True
42.0,2,0,1529.5,36.2,105462,32.7,11.3,7,293.1,0,False,False,False,False,True,False
22.0,1,0,1935.5,19.1,96734,32.2,13.0,8,185.7,0,False,True,False,False,False,False
135.0,4,0,1529.5,36.2,105462,32.7,11.3,11,86.8,0,False,False,False,False,True,False
19.0,1,0,2155.0,15.3,70863,28.8,15.8,8,175.1,0,False,False,False,False,False,True
60.0,2,0,2324.5,16.1,83796,41.1,13.4,9,98.6,0,False,False,True,False,False,False
60.0,3,0,2324.5,16.1,83796,41.1,13.4,12,266.0,0,False,False,True,False,False,False
46.0,2,0,1638.4,25.8,70238,27.7,10.2,7,242.0,1,False,False,False,True,False,False
20.0,1,0,2324.5,16.1,83796,41.1,13.4,9,38.9,0,False,False,True,False,False,False
30.0,1,0,2155.0,15.3,70863,28.8,15.8,12,104.8,1,False,False,False,False,False,True
79.0,3,0,2324.5,16.1,83796,41.1,13.4,7,15.0,0,False,False,True,False,False,False
35.0,2,0,1638.4,25.8,70238,27.7,10.2,6,20.5,0,False,False,False,True,False,False
60.0,3,0,1935.5,19.1,96734,32.2,13.0,2,250.4,0,False,True,False,False,False,False
63.0,4,0,1935.5,19.1,96734,32.2,13.0,11,422.0,0,False,True,False,False,False,False
72.0,3,0,2155.0,15.3,70863,28.8,15.8,10,162.5,0,False,False,False,False,False,True
50.0,2,0,1935.5,19.1,96734,32.2,13.0,6,129.9,0,False,True,False,False,False,False
56.0,3,0,1935.5,19.1,96734,32.2,13.0,2,21.0,0,False,True,False,False,False,False
114.0,5,1,1956.6,18.3,66372,26.5,15.3,10,163.9,0,True,False,False,False,False,False
66.0,3,0,1935.5,19.1,96734,32.2,13.0,10,186.7,0,False,True,False,False,False,False
73.0,3,1,1935.5,19.1,96734,32.2,13.0,7,118.7,0,False,True,False,False,False,False
40.0,2,0,2155.0,15.3,70863,28.8,15.8,7,289.9,0,False,False,False,False,False,True
62.0,3,0,1956.6,18.3,66372,26.5,15.3,1,101.0,0,True,False,False,False,False,False
39.0,2,0,1935.5,19.1,96734,32.2,13.0,2,88.4,0,False,True,False,False,False,False
20.0,1,0,2324.5,16.1,83796,41.1,13.4,4,323.6,0,False,False,True,False,False,False
193.0,6,1,1529.5,36.2,105462,32.7,11.3,5,260.6,0,False,False,False,False,True,False
21.0,1,0,1529.5,36.2,105462,32.7,11.3,7,51.2,0,False,False,False,False,True,False
43.0,3,0,2324.5,16.1,83796,41.1,13.4,6,229.7,0,False,False,True,False,False,False
44.0,2,0,1935.5,19.1,96734,32.2,13.0,3,233.7,0,False,True,False,False,False,False
116.0,4,1,1956.6,18.3,66372,26.5,15.3,10,344.2,0,True,False,False,False,False,False
67.0,4,0,1638.4,25.8,70238,27.7,10.2,6,189.3,0,False,False,False,True,False,False
78.0,4,1,1956.6,18.3,66372,26.5,15.3,4,228.7,0,True,False,False,False,False,False
63.0,3,0,1935.5,19.1,96734,32.2,13.0,12,108.4,0,False,True,False,False,False,False
20.0,1,0,1935.5,19.1,96734,32.2,13.0,9,113.4,0,False,True,False,False,False,False
46.0,2,0,1638.4,25.8,70238,27.7,10.2,2,62.4,0,False,False,False,True,False,False
80.0,4,0,1638.4,25.8,70238,27.7,10.2,10,71.2,0,False,False,False,True,False,False
45.0,2,0,1529.5,36.2,105462,32.7,11.3,4,135.1,0,False,False,False,False,True,False
42.0,2,0,2155.0,15.3,70863,28.8,15.8,12,63.1,0,False,False,False,False,False,True
68.0,3,0,1935.5,19.1,96734,32.2,13.0,5,240.0,0,False,True,False,False,False,False
49.0,2,0,1956.6,18.3,66372,26.5,15.3,6,251.4,0,True,False,False,False,False,False
40.0,1,0,1638.4,25.8,70238,27.7,10.2,1,15.0,0,False,False,False,True,False,False
23.0,1,0,2324.5,16.1,83796,41.1,13.4,7,78.6,0,False,False,True,False,False,False
58.0,3,0,1935.5,19.1,96734,32.2,13.0,9,43.8,0,False,True,False,False,False,False
77.0,3,0,2155.0,15.3,70863,28.8,15.8,12,33.4,0,False,False,False,False,False,True
117.0,4,0,1529.5,36.2,105462,32.7,11.3,11,211.7,0,False,False,False,False,True,False
20.0,1,0,2324.5,16.1,83796,41.1,13.4,9,26.7,0,False,False,True,False,False,False
66.0,3,0,1638.4,25.8,70238,27.7,10.2,6,213.9,0,False,False,False,True,False,False
124.0,5,1,2155.0,15.3,70863,28.8,15.8,7,59.1,0,False,False,False,False,False,True
21.0,1,0,1529.5,36.2,105462,32.7,11.3,7,187.2,0,False,False,False,False,True,False
28.0,2,0,2324.5,16.1,83796,41.1,13.4,9,110.4,0,False,False,True,False,False,False
52.0,3,0,2155.0,15.3,70863,28.8,15.8,4,118.4,0,False,False,False,False,False,True
40.0,2,0,2155.0,15.3,70863,28.8,15.8,5,99.2,0,False,False,False,False,False,True
28.0,1,0,1529.5,36.2,105462,32.7,11.3,12,97.7,0,False,False,False,False,True,False
57.0,3,0,1935.5,19.1,96734,32.2,13.0,9,14.5,0,False,True,False,False,False,False
59.0,3,0,1529.5,36.2,105462,32.7,11.3,12,140.1,0,False,False,False,False,True,False
44.0,2,0,1935.5,19.1,96734,32.2,13.0,10,124.3,0,False,True,False,False,False,False
16.0,1,0,1529.5,36.2,105462,32.7,11.3,3,97.2,0,False,False,False,False,True,False
45.0,2,0,2324.5,16.1,83796,41.1,13.4,3,42.2,0,False,False,True,False,False,False
90.0,4,0,1935.5,19.1,96734,32.2,13.0,5,149.0,0,False,True,False,False,False,False
13.0,1,0,2324.5,16.1,83796,41.1,13.4,3,165.7,0,False,False,True,False,False,False
32.0,2,0,2155.0,15.3,70863,28.8,15.8,6,107.6,1,False,False,False,False,False,True
32.0,2,0,2155.0,15.3,70863,28.8,15.8,6,595.7,0,False,False,False,False,False,True
80.0,5,0,1638.4,25.8,70238,27.7,10.2,9,48.0,0,False,False,False,True,False,False
59.0,3,0,2155.0,15.3,70863,28.8,15.8,10,83.4,0,False,False,False,False,False,True
88.0,4,1,1935.5,19.1,96734,32.2,13.0,6,202.1,0,False,True,False,False,False,False
60.0,4,0,1956.6,18.3,66372,26.5,15.3,11,191.0,0,True,False,False,False,False,False
113.0,5,1,1935.5,19.1,96734,32.2,13.0,11,223.6,0,False,True,False,False,False,False
82.0,3,0,2155.0,15.3,70863,28.8,15.8,12,92.5,0,False,False,False,False,False,True
88.0,3,0,1529.5,36.2,105462,32.7,11.3,6,68.6,0,False,False,False,False,True,False
47.0,2,0,1935.5,19.1,96734,32.2,13.0,8,177.7,0,False,True,False,False,False,False
66.0,3,0,2155.0,15.3,70863,28.8,15.8,4,185.7,0,False,False,False,False,False,True
67.0,3,0,1638.4,25.8,70238,27.7,10.2,5,108.0,0,False,False,False,True,False,False
46.0,2,0,2324.5,16.1,83796,41.1,13.4,3,106.6,0,False,False,True,False,False,False
18.0,1,0,2324.5,16.1,83796,41.1,13.4,9,207.6,0,False,False,True,False,False,False
75.0,3,0,1935.5,19.1,96734,32.2,13.0,4,163.7,1,False,True,False,False,False,False
74.0,4,0,1529.5,36.2,105462,32.7,11.3,5,76.3,0,False,False,False,False,True,False
48.0,2,0,1956.6,18.3,66372,26.5,15.3,10,16.3,0,True,False,False,False,False,False
20.0,1,0,2155.0,15.3,70863,28.8,15.8,12,28.8,0,False,False,False,False,False,True
70.0,3,0,2324.5,16.1,83796,41.1,13.4,8,130.0,0,False,False,True,False,False,False
89.0,4,1,1638.4,25.8,70238,27.7,10.2,7,114.5,0,False,False,False,True,False,False
66.0,3,0,1638.4,25.8,70238,27.7,10.2,2,44.6,0,False,False,False,True,False,False
42.0,2,0,1956.6,18.3,66372,26.5,15.3,3,221.7,0,True,False,False,False,False,False
59.0,3,0,1935.5,19.1,96734,32.2,13.0,11,22.1,0,False,True,False,False,False,False
50.0,3,0,2324.5,16.1,83796,41.1,13.4,10,49.0,0,False,False,True,False,False,False
110.0,5,0,1638.4,25.8,70238,27.7,10.2,3,213.9,0,False,False,False,True,False,False
98.0,4,0,2324.5,16.1,83796,41.1,13.4,10,121.1,0,False,False,True,False,False,False
15.0,1,0,1638.4,25.8,70238,27.7,10.2,4,64.2,0,False,False,False,True,False,False
57.0,3,0,1935.5,19.1,96734,32.2,13.0,11,360.0,0,False,True,False,False,False,False
141.0,5,1,1638.4,25.8,70238,27.7,10.2,7,218.9,0,False,False,False,True,False,False
81.0,4,0,1935.5,19.1,96734,32.2,13.0,6,176.1,0,False,True,False,False,False,False
27.0,1,0,1638.4,25.8,70238,27.7,10.2,8,128.7,0,False,False,False,True,False,False
48.0,3,0,1935.5,19.1,96734,32.2,13.0,6,68.3,0,False,True,False,False,False,False
50.0,3,0,1529.5,36.2,105462,32.7,11.3,3,157.9,0,False,False,False,False,True,False
63.0,3,0,2155.0,15.3,70863,28.8,15.8,7,52.9,0,False,False,False,False,False,True
67.0,3,0,1638.4,25.8,70238,27.7,10.2,6,199.5,0,False,False,False,True,False,False
58.0,2,0,2324.5,16.1,83796,41.1,13.4,5,254.3,0,False,False,True,False,False,False
105.0,5,1,1529.5,36.2,105462,32.7,11.3,9,96.8,0,False,False,False,False,True,False
92.0,4,0,1935.5,19.1,96734,32.2,13.0,6,349.7,0,False,True,False,False,False,False
50.0,2,0,1956.6,18.3,66372,26.5,15.3,2,207.0,0,True,False,False,False,False,False
105.0,4,1,1638.4,25.8,70238,27.7,10.2,3,178.0,0,False,False,False,True,False,False
74.0,5,1,1638.4,25.8,70238,27.7,10.2,4,279.3,0,False,False,False,True,False,False
75.0,3,0,1956.6,18.3,66372,26.5,15.3,4,82.4,0,True,False,False,False,False,False
45.0,2,0,1956.6,18.3,66372,26.5,15.3,9,127.2,0,True,False,False,False,False,False
25.0,1,0,1935.5,19.1,96734,32.2,13.0,2,86.2,0,False,True,False,False,False,False
85.0,4,0,1956.6,18.3,66372,26.5,15.3,8,99.5,0,True,False,False,False,False,False
127.0,4,0,2324.5,16.1,83796,41.1,13.4,8,164.3,0,False,False,True,False,False,False
60.0,4,0,1638.4,25.8,70238,27.7,10.2,3,226.9,0,False,False,False,True,False,False
40.0,2,0,1529.5,36.2,105462,32.7,11.3,5,55.8,0,False,False,False,False,True,False
42.0,2,0,1935.5,19.1,96734,32.2,13.0,3,88.8,0,False,True,False,False,False,False
48.0,2,0,2155.0,15.3,70863,28.8,15.8,10,123.8,0,False,False,False,False,False,True
50.0,2,0,2155.0,15.3,70863,28.8,15.8,3,92.5,0,False,False,False,False,False,True
83.0,4,1,1956.6,18.3,66372,26.5,15.3,8,384.6,0,True,False,False,False,False,False
42.0,2,0,1935.5,19.1,96734,32.2,13.0,4,87.9,0,False,True,False,False,False,False
22.0,1,0,1529.5,36.2,105462,32.7,11.3,8,116.1,0,False,False,False,False,True,False
60.0,3,0,1638.4,25.8,70238,27.7,10.2,5,54.3,0,False,False,False,True,False,False
43.0,2,0,1935.5,19.1,96734,32.2,13.0,12,142.1,0,False,True,False,False,False,False
18.0,1,0,2324.5,16.1,83796,41.1,13.4,3,64.0,0,False,False,True,False,False,False
83.0,5,1,1638.4,25.8,70238,27.7,10.2,1,248.4,0,False,False,False,True,False,False
85.0,4,0,1956.6,18.3,66372,26.5,15.3,4,243.7,0,True,False,False,False,False,False
86.0,3,0,1529.5,36.2,105462,32.7,11.3,5,6.5,0,False,False,False,False,True,False
82.0,4,1,1935.5,19.1,96734,32.2,13.0,4,38.3,0,False,True,False,False,False,False
56.0,3,0,1956.6,18.3,66372,26.5,15.3,9,131.9,0,True,False,False,False,False,False
27.0,1,0,1638.4,25.8,70238,27.7,10.2,3,264.6,0,False,False,False,True,False,False
30.0,1,0,1956.6,18.3,66372,26.5,15.3,6,206.9,0,True,False,False,False,False,False
108.0,4,1,1529.5,36.2,105462,32.7,11.3,2,200.4,0,False,False,False,False,True,False
72.0,3,0,1956.6,18.3,66372,26.5,15.3,10,36.0,0,True,False,False,False,False,False
24.0,1,0,2324.5,16.1,83796,41.1,13.4,11,238.6,0,False,False,True,False,False,False
38.0,1,0,1935.5,19.1,96734,32.2,13.0,9,114.4,0,False,True,False,False,False,False
77.0,4,0,1529.5,36.2,105462,32.7,11.3,7,159.4,0,False,False,False,False,True,False
26.0,1,0,2155.0,15.3,70863,28.8,15.8,11,177.4,0,False,False,False,False,False,True
54.0,2,0,1935.5,19.1,96734,32.2,13.0,12,52.2,1,False,True,False,False,False,False
76.0,4,0,2324.5,16.1,83796,41.1,13.4,7,94.8,0,False,False,True,False,False,False
113.0,5,1,1529.5,36.2,105462,32.7,11.3,5,115.0,0,False,False,False,False,True,False
62.0,2,0,2324.5,16.1,83796,41.1,13.4,3,47.0,0,False,False,True,False,False,False
28.0,1,0,2324.5,16.1,83796,41.1,13.4,4,322.8,0,False,False,True,False,False,False
70.0,3,0,1935.5,19.1,96734,32.2,13.0,10,103.6,0,False,True,False,False,False,False
60.0,3,0,1956.6,18.3,66372,26.5,15.3,7,272.6,0,True,False,False,False,False,False
79.0,4,0,1935.5,19.1,96734,32.2,13.0,10,108.4,0,False,True,False,False,False,False
25.0,1,0,2324.5,16.1,83796,41.1,13.4,6,193.4,0,False,False,True,False,False,False
85.0,4,0,1956.6,18.3,66372,26.5,15.3,5,124.4,0,True,False,False,False,False,False
42.0,2,0,1935.5,19.1,96734,32.2,13.0,3,166.2,0,False,True,False,False,False,False
129.0,5,0,1638.4,25.8,70238,27.7,10.2,10,48.7,0,False,False,False,True,False,False
90.0,4,0,1529.5,36.2,105462,32.7,11.3,1,43.3,0,False,False,False,False,True,False
66.0,4,0,2324.5,16.1,83796,41.1,13.4,2,65.5,1,False,False,True,False,False,False
85.0,3,1,2155.0,15.3,70863,28.8,15.8,5,249.1,0,False,False,False,False,False,True
42.0,2,0,2324.5,16.1,83796,41.1,13.4,11,255.4,0,False,False,True,False,False,False
39.0,2,0,1935.5,19.1,96734,32.2,13.0,3,180.7,0,False,True,False,False,False,False
51.0,2,0,1935.5,19.1,96734,32.2,13.0,9,210.6,0,False,True,False,False,False,False
47.0,2,0,1935.5,19.1,96734,32.2,13.0,5,88.6,0,False,True,False,False,False,False
62.0,3,1,1956.6,18.3,66372,26.5,15.3,8,167.8,0,True,False,False,False,False,False
68.0,4,0,2155.0,15.3,70863,28.8,15.8,7,115.7,0,False,False,False,False,False,True
48.0,2,0,2155.0,15.3,70863,28.8,15.8,10,166.4,0,False,False,False,False,False,True
105.0,5,1,1956.6,18.3,66372,26.5,15.3,9,266.9,0,True,False,False,False,False,False
37.0,2,0,1529.5,36.2,105462,32.7,11.3,8,123.2,0,False,False,False,False,True,False
54.0,3,0,1935.5,19.1,96734,32.2,13.0,4,173.7,0,False,True,False,False,False,False
64.0,3,0,1638.4,25.8,70238,27.7,10.2,10,32.1,0,False,False,False,True,False,False
168.0,6,1,1529.5,36.2,105462,32.7,11.3,3,94.0,0,False,False,False,False,True,False
60.0,3,0,1638.4,25.8,70238,27.7,10.2,10,112.3,0,False,False,False,True,False,False
86.0,3,1,1935.5,19.1,96734,32.2,13.0,7,167.8,0,False,True,False,False,False,False
94.0,3,0,2324.5,16.1,83796,41.1,13.4,6,146.7,0,False,False,True,False,False,False
56.0,3,0,2155.0,15.3,70863,28.8,15.8,5,18.3,0,False,False,False,False,False,True
42.0,2,0,1935.5,19.1,96734,32.2,13.0,8,137.0,0,False,True,False,False,False,False
47.0,2,0,1638.4,25.8,70238,27.7,10.2,1,79.2,0,False,False,False,True,False,False
128.0,6,1,1956.6,18.3,66372,26.5,15.3,4,145.3,0,True,False,False,False,False,False
40.0,2,0,1956.6,18.3,66372,26.5,15.3,10,131.7,1,True,False,False,False,False,False
60.0,3,0,2324.5,16.1,83796,41.1,13.4,11,23.2,0,False,False,True,False,False,False
85.0,4,0,1638.4,25.8,70238,27.7,10.2,5,240.1,0,False,False,False,True,False,False
200.0,8,1,2324.5,16.1,83796,41.1,13.4,9,32.3,0,False,False,True,False,False,False
65.0,3,0,2155.0,15.3,70863,28.8,15.8,5,155.7,0,False,False,False,False,False,True
35.0,1,0,2324.5,16.1,83796,41.1,13.4,12,162.4,0,False,False,True,False,False,False
57.0,3,0,2324.5,16.1,83796,41.1,13.4,9,156.1,0,False,False,True,False,False,False
18.0,1,0,2324.5,16.1,83796,41.1,13.4,11,108.0,0,False,False,True,False,False,False
37.0,2,0,2155.0,15.3,70863,28.8,15.8,6,96.8,0,False,False,False,False,False,True
53.0,3,0,2155.0,15.3,70863,28.8,15.8,10,148.4,0,False,False,False,False,False,True
80.0,4,0,2155.0,15.3,70863,28.8,15.8,8,163.7,1,False,False,False,False,False,True
90.0,4,0,2324.5,16.1,83796,41.1,13.4,2,45.7,0,False,False,True,False,False,False
43.0,2,0,2155.0,15.3,70863,28.8,15.8,7,86.8,0,False,False,False,False,False,True
41.0,2,0,2324.5,16.1,83796,41.1,13.4,5,266.7,0,False,False,True,False,False,False
70.0,3,1,1529.5,36.2,105462,32.7,11.3,5,181.3,0,False,False,False,False,True,False
117.0,5,1,1935.5,19.1,96734,32.2,13.0,9,255.4,0,False,True,False,False,False,False
45.0,2,0,1935.5,19.1,96734,32.2,13.0,6,71.5,0,False,True,False,False,False,False
41.0,2,0,2155.0,15.3,70863,28.8,15.8,12,278.5,0,False,False,False,False,False,True
64.0,3,0,1935.5,19.1,96734,32.2,13.0,10,116.4,0,False,True,False,False,False,False
135.0,5,1,2155.0,15.3,70863,28.8,15.8,7,173.0,0,False,False,False,False,False,True
45.0,2,0,1529.5,36.2,105462,32.7,11.3,3,176.3,0,False,False,False,False,True,False
50.0,2,0,1935.5,19.1,96734,32.2,13.0,3,257.0,0,False,True,False,False,False,False
80.0,5,1,1935.5,19.1,96734,32.2,13.0,11,348.8,0,False,True,False,False,False,False
60.0,2,0,1529.5,36.2,105462,32.7,11.3,9,75.4,0,False,False,False,False,True,False
95.0,3,0,2324.5,16.1,83796,41.1,13.4,2,59.2,1,False,False,True,False,False,False
98.0,5,0,2155.0,15.3,70863,28.8,15.8,10,56.1,0,False,False,False,False,False,True
59.0,3,0,1638.4,25.8,70238,27.7,10.2,4,180.2,0,False,False,False,True,False,False
51.0,3,0,1935.5,19.1,96734,32.2,13.0,5,58.9,0,False,True,False,False,False,False
47.0,2,0,2155.0,15.3,70863,28.8,15.8,10,100.0,0,False,False,False,False,False,True
45.0,2,0,2324.5,16.1,83796,41.1,13.4,3,82.5,0,False,False,True,False,False,False
82.0,4,0,2324.5,16.1,83796,41.1,13.4,9,202.2,0,False,False,True,False,False,False
83.0,4,1,1956.6,18.3,66372,26.5,15.3,7,119.7,0,True,False,False,False,False,False
61.0,3,0,2155.0,15.3,70863,28.8,15.8,1,34.5,0,False,False,False,False,False,True
83.0,4,0,1935.5,19.1,96734,32.2,13.0,4,56.9,0,False,True,False,False,False,False
30.0,1,0,2324.5,16.1,83796,41.1,13.4,7,95.2,1,False,False,True,False,False,False
46.0,2,0,2155.0,15.3,70863,28.8,15.8,3,24.1,0,False,False,False,False,False,True
42.0,2,0,2155.0,15.3,70863,28.8,15.8,7,423.0,0,False,False,False,False,False,True
70.0,3,1,1935.5,19.1,96734,32.2,13.0,7,53.6,0,False,True,False,False,False,False
69.0,4,0,1638.4,25.8,70238,27.7,10.2,3,140.1,0,False,False,False,True,False,False
61.0,3,0,1638.4,25.8,70238,27.7,10.2,12,65.4,0,False,False,False,True,False,False
41.0,2,0,1529.5,36.2,105462,32.7,11.3,2,276.6,0,False,False,False,False,True,False
65.0,4,0,1935.5,19.1,96734,32.2,13.0,12,151.3,0,False,True,False,False,False,False
110.0,5,1,1935.5,19.1,96734,32.2,13.0,4,390.4,0,False,True,False,False,False,False
44.0,2,0,1529.5,36.2,105462,32.7,11.3,9,86.9,0,False,False,False,False,True,False
32.0,1,0,1529.5,36.2,105462,32.7,11.3,7,65.8,0,False,False,False,False,True,False
64.0,3,0,1529.5,36.2,105462,32.7,11.3,6,76.5,0,False,False,False,False,True,False
238.0,6,1,1956.6,18.3,66372,26.5,15.3,6,6.3,0,True,False,False,False,False,False
45.0,3,0,1935.5,19.1,96734,32.2,13.0,12,67.2,0,False,True,False,False,False,False
67.0,3,0,2324.5,16.1,83796,41.1,13.4,7,235.3,0,False,False,True,False,False,False
73.0,4,1,1935.5,19.1,96734,32.2,13.0,3,77.0,0,False,True,False,False,False,False
79.0,4,0,1638.4,25.8,70238,27.7,10.2,4,383.6,0,False,False,False,True,False,False
63.0,4,1,1935.5,19.1,96734,32.2,13.0,6,222.8,0,False,True,False,False,False,False
58.0,3,0,1529.5,36.2,105462,32.7,11.3,4,164.2,0,False,False,False,False,True,False
35.0,1,0,1956.6,18.3,66372,26.5,15.3,11,28.3,0,True,False,False,False,False,False
130.0,4,1,1935.5,19.1,96734,32.2,13.0,8,68.8,0,False,True,False,False,False,False
64.0,3,0,1529.5,36.2,105462,32.7,11.3,9,86.5,0,False,False,False,False,True,False
64.0,2,1,1529.5,36.2,105462,32.7,11.3,3,94.5,0,False,False,False,False,True,False
27.0,1,0,2324.5,16.1,83796,41.1,13.4,5,73.9,0,False,False,True,False,False,False
61.0,3,0,1529.5,36.2,105462,32.7,11.3,10,156.5,0,False,False,False,False,True,False
90.0,3,1,1935.5,19.1,96734,32.2,13.0,10,35.4,0,False,True,False,False,False,False
62.0,3,0,1956.6,18.3,66372,26.5,15.3,1,187.4,0,True,False,False,False,False,False
101.0,5,0,2155.0,15.3,70863,28.8,15.8,10,155.7,0,False,False,False,False,False,True
22.0,1,0,1638.4,25.8,70238,27.7,10.2,12,212.5,0,False,False,False,True,False,False
46.0,2,0,2155.0,15.3,70863,28.8,15.8,3,102.8,0,False,False,False,False,False,True
31.0,2,0,2155.0,15.3,70863,28.8,15.8,1,43.4,0,False,False,False,False,False,True
67.0,4,0,1935.5,19.1,96734,32.2,13.0,10,142.5,0,False,True,False,False,False,False
53.0,3,0,1529.5,36.2,105462,32.7,11.3,5,92.2,0,False,False,False,False,True,False
146.0,6,1,1529.5,36.2,105462,32.7,11.3,11,215.4,0,False,False,False,False,True,False
60.0,3,0,1935.5,19.1,96734,32.2,13.0,11,56.9,0,False,True,False,False,False,False
50.0,2,0,2155.0,15.3,70863,28.8,15.8,9,136.5,0,False,False,False,False,False,True
107.0,5,0,1529.5,36.2,105462,32.7,11.3,4,37.2,0,False,False,False,False,True,False
77.0,4,0,1956.6,18.3,66372,26.5,15.3,4,239.1,0,True,False,False,False,False,False
183.0,7,1,1529.5,36.2,105462,32.7,11.3,12,219.8,0,False,False,False,False,True,False
83.0,4,1,1956.6,18.3,66372,26.5,15.3,8,306.4,0,True,False,False,False,False,False
99.0,4,0,2155.0,15.3,70863,28.8,15.8,9,56.3,0,False,False,False,False,False,True
25.0,1,0,2324.5,16.1,83796,41.1,13.4,9,128.6,0,False,False,True,False,False,False
25.0,1,0,2324.5,16.1,83796,41.1,13.4,12,360.0,0,False,False,True,False,False,False
44.0,2,0,1935.5,19.1,96734,32.2,13.0,2,121.5,1,False,True,False,False,False,False
27.0,1,0,1638.4,25.8,70238,27.7,10.2,12,212.2,0,False,False,False,True,False,False
50.0,2,0,2155.0,15.3,70863,28.8,15.8,12,130.1,0,False,False,False,False,False,True
91.0,5,1,1956.6,18.3,66372,26.5,15.3,3,142.2,0,True,False,False,False,False,False
156.0,6,1,1638.4,25.8,70238,27.7,10.2,6,9.6,0,False,False,False,True,False,False
92.0,4,0,1935.5,19.1,96734,32.2,13.0,12,88.4,0,False,True,False,False,False,False
45.0,2,0,1529.5,36.2,105462,32.7,11.3,4,297.3,1,False,False,False,False,True,False
57.0,3,0,1935.5,19.1,96734,32.2,13.0,12,274.9,0,False,True,False,False,False,False
18.0,2,0,1638.4,25.8,70238,27.7,10.2,11,103.0,0,False,False,False,True,False,False
60.0,2,0,2324.5,16.1,83796,41.1,13.4,10,171.8,0,False,False,True,False,False,False
52.0,2,0,2155.0,15.3,70863,28.8,15.8,12,158.8,0,False,False,False,False,False,True
36.0,2,0,1935.5,19.1,96734,32.2,13.0,1,36.7,0,False,True,False,False,False,False
59.0,3,0,1935.5,19.1,96734,32.2,13.0,4,206.3,0,False,True,False,False,False,False
90.0,4,1,1935.5,19.1,96734,32.2,13.0,9,109.1,0,False,True,False,False,False,False
60.0,3,0,2324.5,16.1,83796,41.1,13.4,4,245.5,0,False,False,True,False,False,False
66.0,3,0,1529.5,36.2,105462,32.7,11.3,12,142.3,0,False,False,False,False,True,False
29.0,1,0,2324.5,16.1,83796,41.1,13.4,4,274.8,0,False,False,True,False,False,False
62.0,3,0,2155.0,15.3,70863,28.8,15.8,9,188.2,0,False,False,False,False,False,True
64.0,3,0,1935.5,19.1,96734,32.2,13.0,8,131.7,0,False,True,False,False,False,False
59.0,3,0,2155.0,15.3,70863,28.8,15.8,1,53.6,0,False,False,False,False,False,True
30.0,2,0,1935.5,19.1,96734,32.2,13.0,10,35.6,0,False,True,False,False,False,False
34.0,2,0,2324.5,16.1,83796,41.1,13.4,7,78.4,0,False,False,True,False,False,False
65.0,2,0,1638.4,25.8,70238,27.7,10.2,3,94.0,0,False,False,False,True,False,False
86.0,4,0,1935.5,19.1,96734,32.2,13.0,9,97.8,0,False,True,False,False,False,False
85.0,3,1,1935.5,19.1,96734,32.2,13.0,8,84.5,0,False,True,False,False,False,False
65.0,3,1,1529.5,36.2,105462,32.7,11.3,6,190.2,0,False,False,False,False,True,False
70.0,3,0,1638.4,25.8,70238,27.7,10.2,5,58.0,0,False,False,False,True,False,False
61.0,3,0,1935.5,19.1,96734,32.2,13.0,2,256.9,0,False,True,False,False,False,False
28.0,2,0,1529.5,36.2,105462,32.7,11.3,2,66.0,0,False,False,False,False,True,False
69.0,3,0,1935.5,19.1,96734,32.2,13.0,9,164.0,0,False,True,False,False,False,False
21.0,1,0,2324.5,16.1,83796,41.1,13.4,8,239.0,0,False,False,True,False,False,False
25.0,1,0,1956.6,18.3,66372,26.5,15.3,6,158.3,0,True,False,False,False,False,False
102.0,4,0,2324.5,16.1,83796,41.1,13.4,5,163.8,0,False,False,True,False,False,False
32.0,1,0,2324.5,16.1,83796,41.1,13.4,9,171.1,0,False,False,True,False,False,False
64.0,3,0,1638.4,25.8,70238,27.7,10.2,11,71.2,0,False,False,False,True,False,False
37.0,1,0,2155.0,15.3,70863,28.8,15.8,9,310.6,0,False,False,False,False,False,True
32.0,2,0,1529.5,36.2,105462,32.7,11.3,10,107.8,0,False,False,False,False,True,False
46.0,2,0,1956.6,18.3,66372,26.5,15.3,12,265.9,0,True,False,False,False,False,False
54.0,3,1,1935.5,19.1,96734,32.2,13.0,11,61.0,0,False,True,False,False,False,False
55.0,3,0,2155.0,15.3,70863,28.8,15.8,1,187.3,0,False,False,False,False,False,True
70.0,3,0,2324.5,16.1,83796,41.1,13.4,4,242.7,0,False,False,True,False,False,False
45.0,2,0,1529.5,36.2,105462,32.7,11.3,6,131.9,0,False,False,False,False,True,False
29.0,1,0,1935.5,19.1,96734,32.2,13.0,1,250.4,0,False,True,False,False,False,False
180.0,6,1,1638.4,25.8,70238,27.7,10.2,3,106.7,0,False,False,False,True,False,False
65.0,3,0,1638.4,25.8,70238,27.7,10.2,1,98.0,0,False,False,False,True,False,False
30.0,1,0,2324.5,16.1,83796,41.1,13.4,12,117.6,0,False,False,True,False,False,False
61.0,3,0,1638.4,25.8,70238,27.7,10.2,5,160.9,0,False,False,False,True,False,False
46.0,3,0,1935.5,19.1,96734,32.2,13.0,5,131.1,0,False,True,False,False,False,False
58.0,4,0,2155.0,15.3,70863,28.8,15.8,4,98.9,0,False,False,False,False,False,True
278.0,9,1,2155.0,15.3,70863,28.8,15.8,3,110.3,0,False,False,False,False,False,True
61.0,3,0,1529.5,36.2,105462,32.7,11.3,1,93.0,0,False,False,False,False,True,False
43.0,2,0,1935.5,19.1,96734,32.2,13.0,1,78.7,0,False,True,False,False,False,False
67.0,3,0,1529.5,36.2,105462,32.7,11.3,1,239.4,0,False,False,False,False,True,False
97.0,4,1,2155.0,15.3,70863,28.8,15.8,10,92.5,0,False,False,False,False,False,True
62.0,3,0,1935.5,19.1,96734,32.2,13.0,4,30.1,0,False,True,False,False,False,False
144.0,5,0,2155.0,15.3,70863,28.8,15.8,3,169.2,0,False,False,False,False,False,True
61.0,3,0,1935.5,19.1,96734,32.2,13.0,9,38.5,0,False,True,False,False,False,False
65.0,3,0,2155.0,15.3,70863,28.8,15.8,5,124.0,0,False,False,False,False,False,True
74.0,4,0,1638.4,25.8,70238,27.7,10.2,5,43.1,0,False,False,False,True,False,False
40.0,2,0,1935.5,19.1,96734,32.2,13.0,4,89.5,0,False,True,False,False,False,False
26.0,1,0,1638.4,25.8,70238,27.7,10.2,7,95.2,0,False,False,False,True,False,False
78.0,2,0,2324.5,16.1,83796,41.1,13.4,10,160.6,0,False,False,True,False,False,False
62.0,3,0,1935.5,19.1,96734,32.2,13.0,3,180.6,0,False,True,False,False,False,False
60.0,3,1,1638.4,25.8,70238,27.7,10.2,2,268.3,0,False,False,False,True,False,False
64.0,3,0,1638.4,25.8,70238,27.7,10.2,10,162.1,0,False,False,False,True,False,False
67.0,3,0,2155.0,15.3,70863,28.8,15.8,10,116.0,0,False,False,False,False,False,True
90.0,4,0,2324.5,16.1,83796,41.1,13.4,7,62.8,0,False,False,True,False,False,False
103.0,4,0,1638.4,25.8,70238,27.7,10.2,2,84.1,0,False,False,False,True,False,False
174.0,6,1,1638.4,25.8,70238,27.7,10.2,9,160.8,0,False,False,False,True,False,False
76.0,3,0,2324.5,16.1,83796,41.1,13.4,10,165.4,0,False,False,True,False,False,False
64.0,3,0,2155.0,15.3,70863,28.8,15.8,3,129.2,0,False,False,False,False,False,True
21.0,1,0,2155.0,15.3,70863,28.8,15.8,11,120.1,0,False,False,False,False,False,True
90.0,5,0,2324.5,16.1,83796,41.1,13.4,8,111.0,0,False,False,True,False,False,False
62.0,3,0,1935.5,19.1,96734,32.2,13.0,5,206.3,0,False,True,False,False,False,False
80.0,4,0,2155.0,15.3,70863,28.8,15.8,6,123.9,0,False,False,False,False,False,True
71.0,4,0,1956.6,18.3,66372,26.5,15.3,12,246.2,0,True,False,False,False,False,False
25.0,1,0,2324.5,16.1,83796,41.1,13.4,12,104.9,1,False,False,True,False,False,False
20.0,1,0,1529.5,36.2,105462,32.7,11.3,7,95.1,1,False,False,False,False,True,False
65.0,3,0,1638.4,25.8,70238,27.7,10.2,11,72.4,0,False,False,False,True,False,False
54.0,3,0,1638.4,25.8,70238,27.7,10.2,8,135.2,0,False,False,False,True,False,False
32.0,1,0,1638.4,25.8,70238,27.7,10.2,5,68.8,0,False,False,False,True,False,False
23.0,1,0,2324.5,16.1,83796,41.1,13.4,9,16.0,0,False,False,True,False,False,False
70.0,3,0,1638.4,25.8,70238,27.7,10.2,10,244.4,0,False,False,False,True,False,False
52.0,2,0,2324.5,16.1,83796,41.1,13.4,9,70.1,0,False,False,True,False,False,False
86.0,4,0,2324.5,16.1,83796,41.1,13.4,11,61.9,0,False,False,True,False,False,False
40.0,2,0,1935.5,19.1,96734,32.2,13.0,7,47.8,0,False,True,False,False,False,False
86.0,4,0,1529.5,36.2,105462,32.7,11.3,9,86.3,0,False,False,False,False,True,False
16.0,1,0,2155.0,15.3,70863,28.8,15.8,4,120.3,0,False,False,False,False,False,True
44.0,2,0,1529.5,36.2,105462,32.7,11.3,1,16.2,0,False,False,False,False,True,False
120.0,7,1,1956.6,18.3,66372,26.5,15.3,7,225.6,0,True,False,False,False,False,False
62.0,3,0,1529.5,36.2,105462,32.7,11.3,11,55.2,0,False,False,False,False,True,False
69.0,2,0,2155.0,15.3,70863,28.8,15.8,8,223.8,0,False,False,False,False,False,True
56.0,3,0,1638.4,25.8,70238,27.7,10.2,12,298.9,0,False,False,False,True,False,False
20.0,1,0,2155.0,15.3,70863,28.8,15.8,11,161.2,0,False,False,False,False,False,True
71.0,4,0,1638.4,25.8,70238,27.7,10.2,11,180.2,0,False,False,False,True,False,False
75.0,4,0,2155.0,15.3,70863,28.8,15.8,7,113.1,0,False,False,False,False,False,True
76.0,3,0,2324.5,16.1,83796,41.1,13.4,7,144.5,0,False,False,True,False,False,False
58.0,3,0,2324.5,16.1,83796,41.1,13.4,8,156.6,0,False,False,True,False,False,False
58.0,3,0,1935.5,19.1,96734,32.2,13.0,6,146.4,0,False,True,False,False,False,False
74.0,5,0,1638.4,25.8,70238,27.7,10.2,9,145.7,0,False,False,False,True,False,False
19.0,1,0,2155.0,15.3,70863,28.8,15.8,5,53.0,1,False,False,False,False,False,True
69.0,3,0,1935.5,19.1,96734,32.2,13.0,2,90.6,0,False,True,False,False,False,False
35.0,1,0,1935.5,19.1,96734,32.2,13.0,6,261.9,0,False,True,False,False,False,False
144.0,4,0,2324.5,16.1,83796,41.1,13.4,10,138.3,0,False,False,True,False,False,False
112.0,5,1,1529.5,36.2,105462,32.7,11.3,10,256.2,0,False,False,False,False,True,False
73.0,4,0,1638.4,25.8,70238,27.7,10.2,2,290.6,0,False,False,False,True,False,False
83.0,4,0,1956.6,18.3,66372,26.5,15.3,12,210.3,0,True,False,False,False,False,False
30.0,1,0,1638.4,25.8,70238,27.7,10.2,5,56.6,0,False,False,False,True,False,False
60.0,3,0,1935.5,19.1,96734,32.2,13.0,10,206.3,0,False,True,False,False,False,False
55.0,4,1,1638.4,25.8,70238,27.7,10.2,2,278.7,0,False,False,False,True,False,False
55.0,3,0,2155.0,15.3,70863,28.8,15.8,4,44.0,0,False,False,False,False,False,True
92.0,4,0,1529.5,36.2,105462,32.7,11.3,4,60.4,0,False,False,False,False,True,False
62.0,3,0,1935.5,19.1,96734,32.2,13.0,11,105.8,0,False,True,False,False,False,False
28.0,1,1,2155.0,15.3,70863,28.8,15.8,3,80.5,0,False,False,False,False,False,True
36.0,2,0,1956.6,18.3,66372,26.5,15.3,1,96.7,0,True,False,False,False,False,False
19.0,1,0,2324.5,16.1,83796,41.1,13.4,3,349.9,0,False,False,True,False,False,False
20.0,1,0,1935.5,19.1,96734,32.2,13.0,12,222.6,0,False,True,False,False,False,False
46.0,2,0,1956.6,18.3,66372,26.5,15.3,5,168.3,0,True,False,False,False,False,False
66.0,3,0,1638.4,25.8,70238,27.7,10.2,12,160.9,0,False,False,False,True,False,False
40.0,2,0,2324.5,16.1,83796,41.1,13.4,7,299.7,0,False,False,True,False,False,False
62.0,3,0,2324.5,16.1,83796,41.1,13.4,10,117.4,0,False,False,True,False,False,False
33.0,1,0,2155.0,15.3,70863,28.8,15.8,7,217.7,1,False,False,False,False,False,True
123.0,4,0,1529.5,36.2,105462,32.7,11.3,11,129.9,0,False,False,False,False,True,False
90.0,3,1,1935.5,19.1,96734,32.2,13.0,1,247.6,0,False,True,False,False,False,False
70.0,3,0,1935.5,19.1,96734,32.2,13.0,12,114.0,0,False,True,False,False,False,False
56.0,3,0,1638.4,25.8,70238,27.7,10.2,12,83.8,0,False,False,False,True,False,False
65.0,3,0,1935.5,19.1,96734,32.2,13.0,8,175.3,0,False,True,False,False,False,False
68.0,3,0,1529.5,36.2,105462,32.7,11.3,8,93.0,0,False,False,False,False,True,False
136.0,5,1,1529.5,36.2,105462,32.7,11.3,7,228.2,0,False,False,False,False,True,False
15.0,1,0,2324.5,16.1,83796,41.1,13.4,5,181.4,0,False,False,True,False,False,False
45.0,2,0,2155.0,15.3,70863,28.8,15.8,11,56.1,0,False,False,False,False,False,True
48.0,2,0,2324.5,16.1,83796,41.1,13.4,6,274.0,0,False,False,True,False,False,False
40.0,2,0,1935.5,19.1,96734,32.2,13.0,7,99.7,0,False,True,False,False,False,False
26.0,1,0,1956.6,18.3,66372,26.5,15.3,3,162.6,0,True,False,False,False,False,False
50.0,2,0,2324.5,16.1,83796,41.1,13.4,1,180.7,0,False,False,True,False,False,False
33.0,2,0,1956.6,18.3,66372,26.5,15.3,3,410.1,0,True,False,False,False,False,False
79.0,4,0,1935.5,19.1,96734,32.2,13.0,9,108.4,0,False,True,False,False,False,False
75.0,4,0,1529.5,36.2,105462,32.7,11.3,3,69.6,0,False,False,False,False,True,False
64.0,3,0,1935.5,19.1,96734,32.2,13.0,5,110.5,0,False,True,False,False,False,False
66.0,3,0,1638.4,25.8,70238,27.7,10.2,10,127.1,1,False,False,False,True,False,False
56.0,3,0,1638.4,25.8,70238,27.7,10.2,7,289.6,0,False,False,False,True,False,False
85.0,4,1,1956.6,18.3,66372,26.5,15.3,9,163.5,0,True,False,False,False,False,False
63.0,3,0,1935.5,19.1,96734,32.2,13.0,7,119.4,0,False,True,False,False,False,False
75.0,3,0,1529.5,36.2,105462,32.7,11.3,8,84.8,0,False,False,False,False,True,False
53.0,2,0,1935.5,19.1,96734,32.2,13.0,7,138.6,0,False,True,False,False,False,False
88.0,1,1,1935.5,19.1,96734,32.2,13.0,9,96.0,0,False,True,False,False,False,False
37.0,2,0,2324.5,16.1,83796,41.1,13.4,7,215.7,0,False,False,True,False,False,False
67.0,3,0,1638.4,25.8,70238,27.7,10.2,10,81.2,0,False,False,False,True,False,False
58.0,3,0,1935.5,19.1,96734,32.2,13.0,9,109.7,0,False,True,False,False,False,False
94.0,4,0,1529.5,36.2,105462,32.7,11.3,12,132.4,0,False,False,False,False,True,False
19.0,1,0,1529.5,36.2,105462,32.7,11.3,6,243.1,0,False,False,False,False,True,False
73.0,4,0,2324.5,16.1,83796,41.1,13.4,7,61.1,0,False,False,True,False,False,False
71.0,3,0,1638.4,25.8,70238,27.7,10.2,8,138.5,0,False,False,False,True,False,False
90.0,3,0,2324.5,16.1,83796,41.1,13.4,10,168.5,0,False,False,True,False,False,False
146.0,6,1,1638.4,25.8,70238,27.7,10.2,4,82.4,0,False,False,False,True,False,False
48.0,2,0,1956.6,18.3,66372,26.5,15.3,12,67.3,0,True,False,False,False,False,False
38.0,1,0,1935.5,19.1,96734,32.2,13.0,12,221.8,0,False,True,False,False,False,False
62.0,3,0,1529.5,36.2,105462,32.7,11.3,11,217.6,0,False,False,False,False,True,False
62.0,3,0,1529.5,36.2,105462,32.7,11.3,12,103.0,0,False,False,False,False,True,False
73.0,3,0,2324.5,16.1,83796,41.1,13.4,3,104.2,0,False,False,True,False,False,False
100.0,4,0,2324.5,16.1,83796,41.1,13.4,3,203.5,0,False,False,True,False,False,False
39.0,2,0,1935.5,19.1,96734,32.2,13.0,3,250.4,0,False,True,False,False,False,False
50.0,2,0,2324.5,16.1,83796,41.1,13.4,4,254.1,0,False,False,True,False,False,False
32.0,2,0,1529.5,36.2,105462,32.7,11.3,12,135.3,0,False,False,False,False,True,False
63.0,3,0,1935.5,19.1,96734,32.2,13.0,8,173.2,0,False,True,False,False,False,False
70.0,3,1,1956.6,18.3,66372,26.5,15.3,10,73.6,0,True,False,False,False,False,False
68.0,4,0,1638.4,25.8,70238,27.7,10.2,11,145.7,0,False,False,False,True,False,False
51.0,3,0,1935.5,19.1,96734,32.2,13.0,12,416.1,0,False,True,False,False,False,False
19.0,1,0,1638.4,25.8,70238,27.7,10.2,10,95.5,0,False,False,False,True,False,False
60.0,4,1,1638.4,25.8,70238,27.7,10.2,9,189.3,0,False,False,False,True,False,False
85.0,4,0,1935.5,19.1,96734,32.2,13.0,2,104.9,0,False,True,False,False,False,False
126.0,6,0,1529.5,36.2,105462,32.7,11.3,2,35.3,0,False,False,False,False,True,False
25.0,1,0,2324.5,16.1,83796,41.1,13.4,6,360.0,0,False,False,True,False,False,False
40.0,2,0,1935.5,19.1,96734,32.2,13.0,5,63.3,0,False,True,False,False,False,False
90.0,4,1,1956.6,18.3,66372,26.5,15.3,9,14.2,0,True,False,False,False,False,False
36.0,2,0,1935.5,19.1,96734,32.2,13.0,4,113.4,0,False,True,False,False,False,False
63.0,3,0,1935.5,19.1,96734,32.2,13.0,6,176.1,0,False,True,False,False,False,False
73.0,3,0,2324.5,16.1,83796,41.1,13.4,8,42.5,1,False,False,True,False,False,False
61.0,3,0,1935.5,19.1,96734,32.2,13.0,8,136.7,0,False,True,False,False,False,False
17.0,1,0,1529.5,36.2,105462,32.7,11.3,10,57.8,0,False,False,False,False,True,False
23.0,1,0,1529.5,36.2,105462,32.7,11.3,8,168.1,0,False,False,False,False,True,False
55.0,3,0,1529.5,36.2,105462,32.7,11.3,5,294.3,1,False,False,False,False,True,False
38.0,2,0,1935.5,19.1,96734,32.2,13.0,6,312.2,0,False,True,False,False,False,False
50.0,2,0,1529.5,36.2,105462,32.7,11.3,10,142.2,0,False,False,False,False,True,False
125.0,3,1,1529.5,36.2,105462,32.7,11.3,1,37.9,0,False,False,False,False,True,False
95.0,4,0,1935.5,19.1,96734,32.2,13.0,2,153.4,0,False,True,False,False,False,False
210.0,7,0,2324.5,16.1,83796,41.1,13.4,2,152.8,0,False,False,True,False,False,False
57.0,3,0,1935.5,19.1,96734,32.2,13.0,12,409.8,0,False,True,False,False,False,False
38.0,1,0,1529.5,36.2,105462,32.7,11.3,2,102.2,0,False,False,False,False,True,False
47.0,2,0,2155.0,15.3,70863,28.8,15.8,10,24.5,0,False,False,False,False,False,True
48.0,2,0,1935.5,19.1,96734,32.2,13.0,5,89.3,0,False,True,False,False,False,False
38.0,2,0,1935.5,19.1,96734,32.2,13.0,12,318.3,0,False,True,False,False,False,False
52.0,3,0,1638.4,25.8,70238,27.7,10.2,10,233.6,0,False,False,False,True,False,False
48.0,2,0,1956.6,18.3,66372,26.5,15.3,10,193.4,0,True,False,False,False,False,False
155.0,6,1,1638.4,25.8,70238,27.7,10.2,6,48.9,0,False,False,False,True,False,False
61.0,3,0,2155.0,15.3,70863,28.8,15.8,12,119.9,0,False,False,False,False,False,True
65.0,3,0,1935.5,19.1,96734,32.2,13.0,6,67.0,0,False,True,False,False,False,False
128.0,5,1,1956.6,18.3,66372,26.5,15.3,11,100.6,0,True,False,False,False,False,False
42.0,2,0,1956.6,18.3,66372,26.5,15.3,12,191.0,0,True,False,False,False,False,False
64.0,3,0,1638.4,25.8,70238,27.7,10.2,11,71.2,0,False,False,False,True,False,False
55.0,3,0,1935.5,19.1,96734,32.2,13.0,7,126.7,0,False,True,False,False,False,False
42.0,2,0,1935.5,19.1,96734,32.2,13.0,8,181.2,0,False,True,False,False,False,False
66.0,4,1,1956.6,18.3,66372,26.5,15.3,3,155.5,0,True,False,False,False,False,False
90.0,4,1,1638.4,25.8,70238,27.7,10.2,3,227.5,0,False,False,False,True,False,False
65.0,3,0,1638.4,25.8,70238,27.7,10.2,1,72.3,0,False,False,False,True,False,False
60.0,3,0,2155.0,15.3,70863,28.8,15.8,8,64.0,0,False,False,False,False,False,True
160.0,6,1,2155.0,15.3,70863,28.8,15.8,7,46.9,0,False,False,False,False,False,True
69.0,4,1,1638.4,25.8,70238,27.7,10.2,3,349.3,0,False,False,False,True,False,False
30.0,1,0,2324.5,16.1,83796,41.1,13.4,5,49.8,0,False,False,True,False,False,False
85.0,4,0,2324.5,16.1,83796,41.1,13.4,7,92.1,0,False,False,True,False,False,False
63.0,2,0,2155.0,15.3,70863,28.8,15.8,1,99.6,0,False,False,False,False,False,True
51.0,3,1,1935.5,19.1,96734,32.2,13.0,8,178.6,0,False,True,False,False,False,False
119.0,5,1,1638.4,25.8,70238,27.7,10.2,9,136.9,0,False,False,False,True,False,False
72.0,2,0,2324.5,16.1,83796,41.1,13.4,2,105.6,0,False,False,True,False,False,False
58.0,3,0,1529.5,36.2,105462,32.7,11.3,9,266.3,0,False,False,False,False,True,False
63.0,3,0,1638.4,25.8,70238,27.7,10.2,8,298.3,0,False,False,False,True,False,False
19.0,1,0,1638.4,25.8,70238,27.7,10.2,12,97.4,0,False,False,False,True,False,False
41.0,2,0,2155.0,15.3,70863,28.8,15.8,3,38.0,0,False,False,False,False,False,True
61.0,3,0,2155.0,15.3,70863,28.8,15.8,1,33.2,0,False,False,False,False,False,True
40.0,1,0,1638.4,25.8,70238,27.7,10.2,9,222.7,0,False,False,False,True,False,False
31.0,1,0,1935.5,19.1,96734,32.2,13.0,8,178.4,0,False,True,False,False,False,False
69.0,3,0,1935.5,19.1,96734,32.2,13.0,1,141.3,0,False,True,False,False,False,False
30.0,1,0,1638.4,25.8,70238,27.7,10.2,7,267.1,0,False,False,False,True,False,False
26.0,1,0,1638.4,25.8,70238,27.7,10.2,4,97.1,0,False,False,False,True,False,False
42.0,3,0,1529.5,36.2,105462,32.7,11.3,11,40.0,0,False,False,False,False,True,False
42.0,2,0,1935.5,19.1,96734,32.2,13.0,11,64.9,0,False,True,False,False,False,False
38.0,2,0,1935.5,19.1,96734,32.2,13.0,4,184.3,0,False,True,False,False,False,False
44.0,2,0,1529.5,36.2,105462,32.7,11.3,10,71.5,0,False,False,False,False,True,False
69.0,3,0,1529.5,36.2,105462,32.7,11.3,7,182.3,0,False,False,False,False,True,False
31.0,2,0,1529.5,36.2,105462,32.7,11.3,1,186.2,0,False,False,False,False,True,False
48.0,2,0,1935.5,19.1,96734,32.2,13.0,10,24.0,0,False,True,False,False,False,False
95.0,4,0,1935.5,19.1,96734,32.2,13.0,6,87.0,0,False,True,False,False,False,False
99.0,4,1,1529.5,36.2,105462,32.7,11.3,1,100.5,0,False,False,False,False,True,False
80.0,3,0,2324.5,16.1,83796,41.1,13.4,8,53.0,0,False,False,True,False,False,False
123.0,4,0,1529.5,36.2,105462,32.7,11.3,7,129.9,0,False,False,False,False,True,False
28.0,2,0,1529.5,36.2,105462,32.7,11.3,12,173.1,1,False,False,False,False,True,False
40.0,2,0,1638.4,25.8,70238,27.7,10.2,11,157.1,0,False,False,False,True,False,False
28.0,1,0,2155.0,15.3,70863,28.8,15.8,2,132.3,0,False,False,False,False,False,True
63.0,3,0,1529.5,36.2,105462,32.7,11.3,10,172.0,0,False,False,False,False,True,False
33.0,2,0,2155.0,15.3,70863,28.8,15.8,8,92.6,0,False,False,False,False,False,True
23.0,1,0,2155.0,15.3,70863,28.8,15.8,12,87.4,0,False,False,False,False,False,True
51.0,3,0,1529.5,36.2,105462,32.7,11.3,2,85.7,0,False,False,False,False,True,False
71.0,3,0,1935.5,19.1,96734,32.2,13.0,6,224.5,0,False,True,False,False,False,False
88.0,4,1,1935.5,19.1,96734,32.2,13.0,12,171.2,0,False,True,False,False,False,False
40.0,2,0,1935.5,19.1,96734,32.2,13.0,8,93.9,0,False,True,False,False,False,False
46.0,1,0,1638.4,25.8,70238,27.7,10.2,3,358.7,0,False,False,False,True,False,False
77.0,4,1,1935.5,19.1,96734,32.2,13.0,3,250.0,0,False,True,False,False,False,False
61.0,3,0,2155.0,15.3,70863,28.8,15.8,12,284.7,0,False,False,False,False,False,True
21.0,1,0,1529.5,36.2,105462,32.7,11.3,10,170.7,0,False,False,False,False,True,False
81.0,4,0,1935.5,19.1,96734,32.2,13.0,9,25.5,0,False,True,False,False,False,False
23.0,1,0,2324.5,16.1,83796,41.1,13.4,7,225.5,0,False,False,True,False,False,False
68.0,4,0,1529.5,36.2,105462,32.7,11.3,6,148.4,0,False,False,False,False,True,False
136.0,5,1,1956.6,18.3,66372,26.5,15.3,5,221.1,0,True,False,False,False,False,False
124.0,6,0,2324.5,16.1,83796,41.1,13.4,9,61.0,0,False,False,True,False,False,False
51.0,2,0,1529.5,36.2,105462,32.7,11.3,5,218.9,0,False,False,False,False,True,False
19.0,1,0,1529.5,36.2,105462,32.7,11.3,3,50.6,0,False,False,False,False,True,False
89.0,4,0,2324.5,16.1,83796,41.1,13.4,4,101.8,0,False,False,True,False,False,False
51.0,3,0,1935.5,19.1,96734,32.2,13.0,6,33.4,0,False,True,False,False,False,False
58.0,3,0,1935.5,19.1,96734,32.2,13.0,7,271.9,0,False,True,False,False,False,False
82.0,4,0,1529.5,36.2,105462,32.7,11.3,6,133.0,0,False,False,False,False,True,False
63.0,4,0,1956.6,18.3,66372,26.5,15.3,9,338.1,0,True,False,False,False,False,False
22.0,1,0,2324.5,16.1,83796,41.1,13.4,4,290.3,0,False,False,True,False,False,False
65.0,3,0,1529.5,36.2,105462,32.7,11.3,7,158.9,0,False,False,False,False,True,False
53.0,3,0,2324.5,16.1,83796,41.1,13.4,9,75.7,0,False,False,True,False,False,False
69.0,3,0,1935.5,19.1,96734,32.2,13.0,3,105.5,0,False,True,False,False,False,False
87.0,3,1,1529.5,36.2,105462,32.7,11.3,7,237.7,0,False,False,False,False,True,False
76.0,3,0,1638.4,25.8,70238,27.7,10.2,12,140.8,0,False,False,False,True,False,False
30.0,1,0,2324.5,16.1,83796,41.1,13.4,5,147.8,0,False,False,True,False,False,False
141.0,3,0,2324.5,16.1,83796,41.1,13.4,9,194.7,0,False,False,True,False,False,False
52.0,3,0,1935.5,19.1,96734,32.2,13.0,10,217.3,0,False,True,False,False,False,False
39.0,2,0,1638.4,25.8,70238,27.7,10.2,2,105.5,0,False,False,False,True,False,False
81.0,3,0,2324.5,16.1,83796,41.1,13.4,8,91.5,0,False,False,True,False,False,False
123.0,6,1,1529.5,36.2,105462,32.7,11.3,11,28.7,0,False,False,False,False,True,False
58.0,3,0,1935.5,19.1,96734,32.2,13.0,3,152.2,0,False,True,False,False,False,False
59.0,3,0,1529.5,36.2,105462,32.7,11.3,12,131.2,0,False,False,False,False,True,False
18.0,1,0,2324.5,16.1,83796,41.1,13.4,12,309.7,0,False,False,True,False,False,False
20.0,1,0,1529.5,36.2,105462,32.7,11.3,7,170.7,0,False,False,False,False,True,False
25.0,1,0,1638.4,25.8,70238,27.7,10.2,7,320.9,0,False,False,False,True,False,False
83.0,3,0,2324.5,16.1,83796,41.1,13.4,10,46.7,0,False,False,True,False,False,False
55.0,2,0,2324.5,16.1,83796,41.1,13.4,10,114.6,0,False,False,True,False,False,False
68.0,4,0,1638.4,25.8,70238,27.7,10.2,12,145.7,0,False,False,False,True,False,False
147.0,6,1,1529.5,36.2,105462,32.7,11.3,2,82.6,0,False,False,False,False,True,False
66.0,3,0,2324.5,16.1,83796,41.1,13.4,1,75.0,0,False,False,True,False,False,False
69.0,3,1,1935.5,19.1,96734,32.2,13.0,8,120.4,0,False,True,False,False,False,False
60.0,2,0,1638.4,25.8,70238,27.7,10.2,10,80.4,0,False,False,False,True,False,False
56.0,2,0,1956.6,18.3,66372,26.5,15.3,12,231.0,0,True,False,False,False,False,False
55.0,3,0,1956.6,18.3,66372,26.5,15.3,5,225.2,0,True,False,False,False,False,False
40.0,3,0,2155.0,15.3,70863,28.8,15.8,10,186.9,0,False,False,False,False,False,True
40.0,1,0,2155.0,15.3,70863,28.8,15.8,10,66.6,0,False,False,False,False,False,True
85.0,3,1,1956.6,18.3,66372,26.5,15.3,2,151.3,0,True,False,False,False,False,False
20.0,1,0,2155.0,15.3,70863,28.8,15.8,10,120.1,0,False,False,False,False,False,True
40.0,1,0,1638.4,25.8,70238,27.7,10.2,11,220.6,0,False,False,False,True,False,False
46.0,2,0,1529.5,36.2,105462,32.7,11.3,12,260.8,0,False,False,False,False,True,False
20.0,1,0,1529.5,36.2,105462,32.7,11.3,2,147.9,0,False,False,False,False,True,False
87.0,4,1,1956.6,18.3,66372,26.5,15.3,8,96.3,0,True,False,False,False,False,False
41.0,2,0,1935.5,19.1,96734,32.2,13.0,2,206.3,0,False,True,False,False,False,False
78.0,4,0,1638.4,25.8,70238,27.7,10.2,5,110.3,0,False,False,False,True,False,False
64.0,3,0,1935.5,19.1,96734,32.2,13.0,12,90.8,0,False,True,False,False,False,False
110.0,4,1,1529.5,36.2,105462,32.7,11.3,10,176.2,0,False,False,False,False,True,False
24.0,1,0,2324.5,16.1,83796,41.1,13.4,4,126.8,0,False,False,True,False,False,False
14.0,1,0,1529.5,36.2,105462,32.7,11.3,5,158.6,0,False,False,False,False,True,False
64.0,3,0,1638.4,25.8,70238,27.7,10.2,4,210.2,0,False,False,False,True,False,False
56.0,3,0,1935.5,19.1,96734,32.2,13.0,12,62.8,0,False,True,False,False,False,False
48.0,2,0,1529.5,36.2,105462,32.7,11.3,4,60.4,0,False,False,False,False,True,False
66.0,3,1,1956.6,18.3,66372,26.5,15.3,2,111.8,0,True,False,False,False,False,False
76.0,3,0,1529.5,36.2,105462,32.7,11.3,5,105.8,0,False,False,False,False,True,False
68.0,3,0,1529.5,36.2,105462,32.7,11.3,3,93.4,0,False,False,False,False,True,False
87.0,4,1,1638.4,25.8,70238,27.7,10.2,11,37.0,0,False,False,False,True,False,False
95.0,3,0,1529.5,36.2,105462,32.7,11.3,9,150.3,0,False,False,False,False,True,False
62.0,3,0,1529.5,36.2,105462,32.7,11.3,2,16.2,0,False,False,False,False,True,False
57.0,3,0,1529.5,36.2,105462,32.7,11.3,8,16.8,0,False,False,False,False,True,False
49.0,2,0,1956.6,18.3,66372,26.5,15.3,5,60.8,0,True,False,False,False,False,False
60.0,3,0,1638.4,25.8,70238,27.7,10.2,7,91.0,0,False,False,False,True,False,False
43.0,2,0,1935.5,19.1,96734,32.2,13.0,3,191.6,0,False,True,False,False,False,False
28.0,1,0,2324.5,16.1,83796,41.1,13.4,9,288.5,0,False,False,True,False,False,False
100.0,5,1,1638.4,25.8,70238,27.7,10.2,7,344.6,0,False,False,False,True,False,False
69.0,3,0,1935.5,19.1,96734,32.2,13.0,11,207.6,0,False,True,False,False,False,False
139.0,4,1,1529.5,36.2,105462,32.7,11.3,1,74.8,0,False,False,False,False,True,False
62.0,3,0,1935.5,19.1,96734,32.2,13.0,10,162.9,0,False,True,False,False,False,False
73.0,3,0,2155.0,15.3,70863,28.8,15.8,9,110.5,0,False,False,False,False,False,True
49.0,3,0,1529.5,36.2,105462,32.7,11.3,5,54.6,0,False,False,False,False,True,False
63.0,3,0,1529.5,36.2,105462,32.7,11.3,12,239.9,0,False,False,False,False,True,False
42.0,2,0,2324.5,16.1,83796,41.1,13.4,7,184.7,0,False,False,True,False,False,False
61.0,4,0,1935.5,19.1,96734,32.2,13.0,7,150.7,0,False,True,False,False,False,False
120.0,4,1,2324.5,16.1,83796,41.1,13.4,6,93.0,0,False,False,True,False,False,False
53.0,3,0,1638.4,25.8,70238,27.7,10.2,4,28.6,0,False,False,False,True,False,False
21.0,1,0,2324.5,16.1,83796,41.1,13.4,8,24.1,0,False,False,True,False,False,False
39.0,2,0,1935.5,19.1,96734,32.2,13.0,7,70.0,0,False,True,False,False,False,False
40.0,2,0,2324.5,16.1,83796,41.1,13.4,12,208.5,0,False,False,True,False,False,False
61.0,3,0,2155.0,15.3,70863,28.8,15.8,8,187.3,0,False,False,False,False,False,True
76.0,4,0,1638.4,25.8,70238,27.7,10.2,5,60.0,0,False,False,False,True,False,False
68.0,3,0,2155.0,15.3,70863,28.8,15.8,9,120.7,0,False,False,False,False,False,True
37.0,1,0,2324.5,16.1,83796,41.1,13.4,7,85.1,0,False,False,True,False,False,False
105.0,4,0,1956.6,18.3,66372,26.5,15.3,9,64.6,1,True,False,False,False,False,False
67.0,3,0,2324.5,16.1,83796,41.1,13.4,8,140.3,0,False,False,True,False,False,False
58.0,3,0,2155.0,15.3,70863,28.8,15.8,3,118.6,0,False,False,False,False,False,True
148.0,4,1,1529.5,36.2,105462,32.7,11.3,12,177.9,0,False,False,False,False,True,False
77.0,4,0,1638.4,25.8,70238,27.7,10.2,12,50.1,0,False,False,False,True,False,False
32.0,2,0,1638.4,25.8,70238,27.7,10.2,1,197.0,0,False,False,False,True,False,False
35.0,1,0,2155.0,15.3,70863,28.8,15.8,9,115.8,1,False,False,False,False,False,True
67.0,3,0,1638.4,25.8,70238,27.7,10.2,6,187.5,0,False,False,False,True,False,False
25.0,1,0,2324.5,16.1,83796,41.1,13.4,9,63.4,0,False,False,True,False,False,False
121.0,5,0,2324.5,16.1,83796,41.1,13.4,12,140.3,0,False,False,True,False,False,False
80.0,3,0,2324.5,16.1,83796,41.1,13.4,1,147.6,0,False,False,True,False,False,False
48.0,2,0,1935.5,19.1,96734,32.2,13.0,1,119.3,0,False,True,False,False,False,False
204.0,8,0,2324.5,16.1,83796,41.1,13.4,9,373.5,0,False,False,True,False,False,False
39.0,2,0,1638.4,25.8,70238,27.7,10.2,9,223.8,0,False,False,False,True,False,False
63.0,3,0,2155.0,15.3,70863,28.8,15.8,10,77.3,0,False,False,False,False,False,True
85.0,4,0,1935.5,19.1,96734,32.2,13.0,3,40.8,0,False,True,False,False,False,False
68.0,4,0,1529.5,36.2,105462,32.7,11.3,8,177.6,0,False,False,False,False,True,False
82.0,4,0,1529.5,36.2,105462,32.7,11.3,8,146.1,0,False,False,False,False,True,False
68.0,3,0,1935.5,19.1,96734,32.2,13.0,3,7.0,0,False,True,False,False,False,False
44.0,2,0,1638.4,25.8,70238,27.7,10.2,7,247.5,0,False,False,False,True,False,False
61.0,3,0,1529.5,36.2,105462,32.7,11.3,4,105.7,0,False,False,False,False,True,False
45.0,2,0,1935.5,19.1,96734,32.2,13.0,3,289.5,0,False,True,False,False,False,False
31.0,1,0,1638.4,25.8,70238,27.7,10.2,9,71.2,0,False,False,False,True,False,False
42.0,2,0,1935.5,19.1,96734,32.2,13.0,8,12.4,0,False,True,False,False,False,False
17.0,1,0,1529.5,36.2,105462,32.7,11.3,3,220.1,0,False,False,False,False,True,False
71.0,4,0,2155.0,15.3,70863,28.8,15.8,7,62.6,0,False,False,False,False,False,True
66.0,2,0,2155.0,15.3,70863,28.8,15.8,12,107.7,0,False,False,False,False,False,True
36.0,1,1,1638.4,25.8,70238,27.7,10.2,6,39.9,0,False,False,False,True,False,False
173.0,5,1,1529.5,36.2,105462,32.7,11.3,5,103.9,0,False,False,False,False,True,False
98.0,4,0,1935.5,19.1,96734,32.2,13.0,8,72.5,0,False,True,False,False,False,False
68.0,3,0,2155.0,15.3,70863,28.8,15.8,2,192.4,0,False,False,False,False,False,True
66.0,3,0,1935.5,19.1,96734,32.2,13.0,2,205.3,0,False,True,False,False,False,False
81.0,4,0,1956.6,18.3,66372,26.5,15.3,1,248.0,1,True,False,False,False,False,False
64.0,3,0,1638.4,25.8,70238,27.7,10.2,10,80.4,0,False,False,False,True,False,False
36.0,2,0,2155.0,15.3,70863,28.8,15.8,9,141.1,0,False,False,False,False,False,True
56.0,3,0,1638.4,25.8,70238,27.7,10.2,11,121.1,0,False,False,False,True,False,False
66.0,4,0,2324.5,16.1,83796,41.1,13.4,12,276.2,0,False,False,True,False,False,False
35.0,2,0,2324.5,16.1,83796,41.1,13.4,8,226.5,0,False,False,True,False,False,False
39.0,2,0,2155.0,15.3,70863,28.8,15.8,10,187.3,0,False,False,False,False,False,True
93.0,4,1,2155.0,15.3,70863,28.8,15.8,1,119.5,0,False,False,False,False,False,True
34.0,2,0,2155.0,15.3,70863,28.8,15.8,5,83.5,0,False,False,False,False,False,True
65.0,3,0,2155.0,15.3,70863,28.8,15.8,6,58.1,0,False,False,False,False,False,True
60.0,3,0,1935.5,19.1,96734,32.2,13.0,2,84.3,0,False,True,False,False,False,False
85.0,3,0,2324.5,16.1,83796,41.1,13.4,12,84.3,1,False,False,True,False,False,False
65.0,3,1,1935.5,19.1,96734,32.2,13.0,2,221.5,0,False,True,False,False,False,False
78.0,4,0,2155.0,15.3,70863,28.8,15.8,7,209.7,0,False,False,False,False,False,True
30.0,1,0,1935.5,19.1,96734,32.2,13.0,1,185.2,0,False,True,False,False,False,False
90.0,4,1,1529.5,36.2,105462,32.7,11.3,9,105.6,0,False,False,False,False,True,False
87.0,4,1,1529.5,36.2,105462,32.7,11.3,9,303.7,0,False,False,False,False,True,False
64.0,3,0,2324.5,16.1,83796,41.1,13.4,7,135.7,0,False,False,True,False,False,False
160.0,5,1,1638.4,25.8,70238,27.7,10.2,6,198.2,0,False,False,False,True,False,False
68.0,4,0,1935.5,19.1,96734,32.2,13.0,9,295.3,0,False,True,False,False,False,False
165.0,5,1,1529.5,36.2,105462,32.7,11.3,12,219.3,0,False,False,False,False,True,False
49.0,4,0,2324.5,16.1,83796,41.1,13.4,7,126.0,0,False,False,True,False,False,False
26.0,1,0,1529.5,36.2,105462,32.7,11.3,3,93.4,0,False,False,False,False,True,False
66.0,3,0,1956.6,18.3,66372,26.5,15.3,2,65.4,0,True,False,False,False,False,False
64.0,3,0,1638.4,25.8,70238,27.7,10.2,11,91.3,0,False,False,False,True,False,False
15.0,1,0,1529.5,36.2,105462,32.7,11.3,11,93.3,0,False,False,False,False,True,False
60.0,3,0,1935.5,19.1,96734,32.2,13.0,3,39.8,0,False,True,False,False,False,False
53.0,3,0,1638.4,25.8,70238,27.7,10.2,1,125.7,0,False,False,False,True,False,False
42.0,2,0,1935.5,19.1,96734,32.2,13.0,8,102.9,0,False,True,False,False,False,False
61.0,2,0,1956.6,18.3,66372,26.5,15.3,9,142.7,0,True,False,False,False,False,False
55.0,3,0,2155.0,15.3,70863,28.8,15.8,5,82.3,0,False,False,False,False,False,True
55.0,3,0,2155.0,15.3,70863,28.8,15.8,10,55.7,0,False,False,False,False,False,True
33.0,1,0,2324.5,16.1,83796,41.1,13.4,7,94.8,0,False,False,True,False,False,False
40.0,2,0,1935.5,19.1,96734,32.2,13.0,6,77.9,0,False,True,False,False,False,False
51.0,2,0,1529.5,36.2,105462,32.7,11.3,5,218.8,0,False,False,False,False,True,False
75.0,4,0,1638.4,25.8,70238,27.7,10.2,12,76.7,0,False,False,False,True,False,False
63.0,3,1,1935.5,19.1,96734,32.2,13.0,5,191.7,0,False,True,False,False,False,False
88.0,4,1,1529.5,36.2,105462,32.7,11.3,2,110.8,0,False,False,False,False,True,False
25.0,1,0,1529.5,36.2,105462,32.7,11.3,8,325.4,0,False,False,False,False,True,False
42.0,2,0,1638.4,25.8,70238,27.7,10.2,3,223.1,1,False,False,False,True,False,False
34.0,2,0,2324.5,16.1,83796,41.1,13.4,7,165.4,0,False,False,True,False,False,False
27.0,1,0,1935.5,19.1,96734,32.2,13.0,6,142.5,0,False,True,False,False,False,False
36.0,1,0,1956.6,18.3,66372,26.5,15.3,1,136.7,0,True,False,False,False,False,False
40.0,2,0,2155.0,15.3,70863,28.8,15.8,3,100.0,0,False,False,False,False,False,True
43.0,2,0,1638.4,25.8,70238,27.7,10.2,6,340.6,1,False,False,False,True,False,False
64.0,2,0,2324.5,16.1,83796,41.1,13.4,6,123.0,0,False,False,True,False,False,False
13.0,1,0,2324.5,16.1,83796,41.1,13.4,7,64.0,1,False,False,True,False,False,False
122.0,4,1,1935.5,19.1,96734,32.2,13.0,12,29.2,0,False,True,False,False,False,False
100.0,3,1,1935.5,19.1,96734,32.2,13.0,1,146.8,0,False,True,False,False,False,False
118.0,4,0,1956.6,18.3,66372,26.5,15.3,1,74.4,0,True,False,False,False,False,False
70.0,2,0,2324.5,16.1,83796,41.1,13.4,3,180.7,0,False,False,True,False,False,False
43.0,2,0,2324.5,16.1,83796,41.1,13.4,12,140.4,0,False,False,True,False,False,False
34.0,2,0,2324.5,16.1,83796,41.1,13.4,4,187.3,0,False,False,True,False,False,False
94.0,4,0,2155.0,15.3,70863,28.8,15.8,4,39.4,0,False,False,False,False,False,True
41.0,2,0,2155.0,15.3,70863,28.8,15.8,7,75.1,0,False,False,False,False,False,True
66.0,3,1,1956.6,18.3,66372,26.5,15.3,1,244.9,0,True,False,False,False,False,False
101.0,5,1,1956.6,18.3,66372,26.5,15.3,5,182.3,0,True,False,False,False,False,False
71.0,3,1,1529.5,36.2,105462,32.7,11.3,5,292.7,0,False,False,False,False,True,False
15.0,1,0,1529.5,36.2,105462,32.7,11.3,9,38.3,0,False,False,False,False,True,False
62.0,3,0,1935.5,19.1,96734,32.2,13.0,9,199.5,0,False,True,False,False,False,False
55.0,2,0,2155.0,15.3,70863,28.8,15.8,7,229.9,0,False,False,False,False,False,True
39.0,2,0,2155.0,15.3,70863,28.8,15.8,8,187.5,0,False,False,False,False,False,True
22.0,1,0,1638.4,25.8,70238,27.7,10.2,10,94.3,0,False,False,False,True,False,False
26.0,1,0,1638.4,25.8,70238,27.7,10.2,4,155.8,0,False,False,False,True,False,False
21.0,1,0,1638.4,25.8,70238,27.7,10.2,9,58.8,0,False,False,False,True,False,False
31.0,1,0,1529.5,36.2,105462,32.7,11.3,12,175.0,0,False,False,False,False,True,False
66.0,3,0,2155.0,15.3,70863,28.8,15.8,8,213.5,0,False,False,False,False,False,True
33.0,1,0,2324.5,16.1,83796,41.1,13.4,4,70.5,0,False,False,True,False,False,False
39.0,1,0,1638.4,25.8,70238,27.7,10.2,5,212.9,0,False,False,False,True,False,False
64.0,3,0,2155.0,15.3,70863,28.8,15.8,6,184.4,0,False,False,False,False,False,True
22.0,1,0,1529.5,36.2,105462,32.7,11.3,6,161.1,0,False,False,False,False,True,False
44.0,2,0,1935.5,19.1,96734,32.2,13.0,6,171.5,0,False,True,False,False,False,False
55.0,3,0,1638.4,25.8,70238,27.7,10.2,10,102.4,0,False,False,False,True,False,False
40.0,2,0,1935.5,19.1,96734,32.2,13.0,12,50.9,0,False,True,False,False,False,False
68.0,3,0,1529.5,36.2,105462,32.7,11.3,1,202.7,0,False,False,False,False,True,False
43.0,2,0,1935.5,19.1,96734,32.2,13.0,2,381.4,0,False,True,False,False,False,False
109.0,4,0,1529.5,36.2,105462,32.7,11.3,3,87.9,0,False,False,False,False,True,False
66.0,3,0,1529.5,36.2,105462,32.7,11.3,10,224.1,0,False,False,False,False,True,False
42.0,2,0,1935.5,19.1,96734,32.2,13.0,3,232.0,0,False,True,False,False,False,False
116.0,4,1,1956.6,18.3,66372,26.5,15.3,9,288.8,0,True,False,False,False,False,False
51.0,2,0,1529.5,36.2,105462,32.7,11.3,11,131.7,0,False,False,False,False,True,False
55.0,2,0,1956.6,18.3,66372,26.5,15.3,6,239.1,0,True,False,False,False,False,False
56.0,3,0,1935.5,19.1,96734,32.2,13.0,7,153.9,0,False,True,False,False,False,False
56.0,2,0,1638.4,25.8,70238,27.7,10.2,7,250.5,0,False,False,False,True,False,False
64.0,3,0,2324.5,16.1,83796,41.1,13.4,7,89.0,0,False,False,True,False,False,False
47.0,2,0,2324.5,16.1,83796,41.1,13.4,5,198.5,0,False,False,True,False,False,False
54.0,3,0,1529.5,36.2,105462,32.7,11.3,3,109.6,0,False,False,False,False,True,False
47.0,2,0,2155.0,15.3,70863,28.8,15.8,2,112.7,0,False,False,False,False,False,True
26.0,1,0,1935.5,19.1,96734,32.2,13.0,10,298.2,0,False,True,False,False,False,False
55.0,3,0,1638.4,25.8,70238,27.7,10.2,8,56.0,0,False,False,False,True,False,False
40.0,2,0,1935.5,19.1,96734,32.2,13.0,3,96.0,0,False,True,False,False,False,False
18.0,1,0,1529.5,36.2,105462,32.7,11.3,1,151.2,0,False,False,False,False,True,False
66.0,3,0,1638.4,25.8,70238,27.7,10.2,4,123.2,0,False,False,False,True,False,False
25.0,1,0,2155.0,15.3,70863,28.8,15.8,7,109.6,0,False,False,False,False,False,True
33.0,2,0,2155.0,15.3,70863,28.8,15.8,11,166.4,0,False,False,False,False,False,True
62.0,3,0,1529.5,36.2,105462,32.7,11.3,6,120.3,0,False,False,False,False,True,False
51.0,3,0,2324.5,16.1,83796,41.1,13.4,11,109.6,0,False,False,True,False,False,False
105.0,5,0,1956.6,18.3,66372,26.5,15.3,2,196.3,0,True,False,False,False,False,False
78.0,5,0,1935.5,19.1,96734,32.2,13.0,6,151.3,0,False,True,False,False,False,False
36.0,2,0,2155.0,15.3,70863,28.8,15.8,5,158.8,0,False,False,False,False,False,True
37.0,1,0,2324.5,16.1,83796,41.1,13.4,9,66.2,0,False,False,True,False,False,False
100.0,4,0,1956.6,18.3,66372,26.5,15.3,4,73.9,0,True,False,False,False,False,False
118.0,3,1,1935.5,19.1,96734,32.2,13.0,12,157.8,0,False,True,False,False,False,False
62.0,3,0,1529.5,36.2,105462,32.7,11.3,1,117.4,0,False,False,False,False,True,False
73.0,3,0,1935.5,19.1,96734,32.2,13.0,12,151.6,0,False,True,False,False,False,False
35.0,2,0,2324.5,16.1,83796,41.1,13.4,8,177.5,0,False,False,True,False,False,False
41.0,2,0,1935.5,19.1,96734,32.2,13.0,7,273.4,0,False,True,False,False,False,False
81.0,3,0,1529.5,36.2,105462,32.7,11.3,12,22.0,0,False,False,False,False,True,False
17.0,1,0,2324.5,16.1,83796,41.1,13.4,7,187.2,0,False,False,True,False,False,False
73.0,4,1,1935.5,19.1,96734,32.2,13.0,12,198.0,0,False,True,False,False,False,False
83.0,4,0,1935.5,19.1,96734,32.2,13.0,4,89.5,0,False,True,False,False,False,False
32.0,2,0,2155.0,15.3,70863,28.8,15.8,7,55.9,0,False,False,False,False,False,True
92.0,3,1,1935.5,19.1,96734,32.2,13.0,11,139.7,0,False,True,False,False,False,False
64.0,3,0,1529.5,36.2,105462,32.7,11.3,8,150.0,0,False,False,False,False,True,False
60.0,3,0,1956.6,18.3,66372,26.5,15.3,5,379.2,0,True,False,False,False,False,False
140.0,5,1,1638.4,25.8,70238,27.7,10.2,5,332.9,0,False,False,False,True,False,False
107.0,5,0,1529.5,36.2,105462,32.7,11.3,10,190.3,0,False,False,False,False,True,False
18.0,1,0,2324.5,16.1,83796,41.1,13.4,11,99.4,0,False,False,True,False,False,False
96.0,4,0,2324.5,16.1,83796,41.1,13.4,1,86.9,0,False,False,True,False,False,False
68.0,2,0,2324.5,16.1,83796,41.1,13.4,10,165.0,0,False,False,True,False,False,False
23.0,1,0,2324.5,16.1,83796,41.1,13.4,4,210.3,0,False,False,True,False,False,False
36.0,2,0,1529.5,36.2,105462,32.7,11.3,4,190.8,0,False,False,False,False,True,False
103.0,6,1,1638.4,25.8,70238,27.7,10.2,6,249.6,0,False,False,False,True,False,False
77.0,4,0,2155.0,15.3,70863,28.8,15.8,9,34.9,0,False,False,False,False,False,True
53.0,2,0,1638.4,25.8,70238,27.7,10.2,8,387.2,1,False,False,False,True,False,False
64.0,3,0,1638.4,25.8,70238,27.7,10.2,12,91.3,0,False,False,False,True,False,False
68.0,4,0,1529.5,36.2,105462,32.7,11.3,8,47.6,0,False,False,False,False,True,False
177.0,4,1,2155.0,15.3,70863,28.8,15.8,5,344.7,0,False,False,False,False,False,True
78.0,5,0,2155.0,15.3,70863,28.8,15.8,7,203.2,0,False,False,False,False,False,True
78.0,3,0,1529.5,36.2,105462,32.7,11.3,11,147.2,0,False,False,False,False,True,False
69.0,3,0,1935.5,19.1,96734,32.2,13.0,7,225.7,0,False,True,False,False,False,False
71.0,3,0,1529.5,36.2,105462,32.7,11.3,4,10.3,0,False,False,False,False,True,False
62.0,3,0,1935.5,19.1,96734,32.2,13.0,3,175.3,0,False,True,False,False,False,False
112.0,5,0,1956.6,18.3,66372,26.5,15.3,4,243.9,0,True,False,False,False,False,False
69.0,3,0,1529.5,36.2,105462,32.7,11.3,9,120.2,0,False,False,False,False,True,False
43.0,2,0,1935.5,19.1,96734,32.2,13.0,12,389.9,0,False,True,False,False,False,False
22.0,1,0,1956.6,18.3,66372,26.5,15.3,5,317.4,0,True,False,False,False,False,False
63.0,3,0,1935.5,19.1,96734,32.2,13.0,12,111.4,0,False,True,False,False,False,False
39.0,2,0,2155.0,15.3,70863,28.8,15.8,5,47.0,0,False,False,False,False,False,True
84.0,4,0,1638.4,25.8,70238,27.7,10.2,7,45.7,0,False,False,False,True,False,False
16.0,1,0,1529.5,36.2,105462,32.7,11.3,2,158.6,0,False,False,False,False,True,False
49.0,3,0,1935.5,19.1,96734,32.2,13.0,1,170.8,0,False,True,False,False,False,False
80.0,3,0,1638.4,25.8,70238,27.7,10.2,12,81.3,0,False,False,False,True,False,False
20.0,1,0,1529.5,36.2,105462,32.7,11.3,7,59.2,0,False,False,False,False,True,False
45.0,3,1,2155.0,15.3,70863,28.8,15.8,10,35.0,0,False,False,False,False,False,True
36.0,2,0,1935.5,19.1,96734,32.2,13.0,6,77.6,0,False,True,False,False,False,False
80.0,4,1,1529.5,36.2,105462,32.7,11.3,9,115.5,0,False,False,False,False,True,False
55.0,3,0,1529.5,36.2,105462,32.7,11.3,6,73.0,0,False,False,False,False,True,False
47.0,2,0,2155.0,15.3,70863,28.8,15.8,3,236.5,0,False,False,False,False,False,True
80.0,4,1,1638.4,25.8,70238,27.7,10.2,8,34.6,0,False,False,False,True,False,False
31.0,1,0,2155.0,15.3,70863,28.8,15.8,5,124.8,0,False,False,False,False,False,True
76.0,4,0,1935.5,19.1,96734,32.2,13.0,4,214.2,0,False,True,False,False,False,False
54.0,3,0,1529.5,36.2,105462,32.7,11.3,7,228.4,0,False,False,False,False,True,False
80.0,3,0,1956.6,18.3,66372,26.5,15.3,10,131.7,1,True,False,False,False,False,False
51.0,3,0,2324.5,16.1,83796,41.1,13.4,10,70.1,0,False,False,True,False,False,False
73.0,3,0,2324.5,16.1,83796,41.1,13.4,1,47.0,0,False,False,True,False,False,False
52.0,2,0,2155.0,15.3,70863,28.8,15.8,12,190.6,0,False,False,False,False,False,True
21.0,1,0,1638.4,25.8,70238,27.7,10.2,10,237.7,1,False,False,False,True,False,False
58.0,3,0,1935.5,19.1,96734,32.2,13.0,2,69.0,0,False,True,False,False,False,False
22.0,1,0,2155.0,15.3,70863,28.8,15.8,9,42.8,1,False,False,False,False,False,True
66.0,3,0,1935.5,19.1,96734,32.2,13.0,10,161.9,0,False,True,False,False,False,False
75.0,4,0,1638.4,25.8,70238,27.7,10.2,1,157.5,0,False,False,False,True,False,False
19.0,1,0,2324.5,16.1,83796,41.1,13.4,5,124.4,0,False,False,True,False,False,False
69.0,3,0,2155.0,15.3,70863,28.8,15.8,6,229.3,0,False,False,False,False,False,True
37.0,2,0,1638.4,25.8,70238,27.7,10.2,6,226.2,0,False,False,False,True,False,False
63.0,3,0,1529.5,36.2,105462,32.7,11.3,2,6.4,0,False,False,False,False,True,False
43.0,3,1,1956.6,18.3,66372,26.5,15.3,11,151.9,0,True,False,False,False,False,False
29.0,2,0,1935.5,19.1,96734,32.2,13.0,7,222.6,0,False,True,False,False,False,False
46.0,2,0,1935.5,19.1,96734,32.2,13.0,2,286.0,0,False,True,False,False,False,False
43.0,2,0,1529.5,36.2,105462,32.7,11.3,10,210.8,0,False,False,False,False,True,False
84.0,3,0,2324.5,16.1,83796,41.1,13.4,12,46.8,0,False,False,True,False,False,False
50.0,3,0,2155.0,15.3,70863,28.8,15.8,11,195.3,0,False,False,False,False,False,True
36.0,2,0,2324.5,16.1,83796,41.1,13.4,7,136.9,0,False,False,True,False,False,False
95.0,5,0,2155.0,15.3,70863,28.8,15.8,9,175.8,0,False,False,False,False,False,True
83.0,4,0,1956.6,18.3,66372,26.5,15.3,1,269.0,0,True,False,False,False,False,False
81.0,4,0,1935.5,19.1,96734,32.2,13.0,5,128.7,0,False,True,False,False,False,False
32.0,2,0,2155.0,15.3,70863,28.8,15.8,1,595.7,0,False,False,False,False,False,True
26.0,1,0,1638.4,25.8,70238,27.7,10.2,4,343.6,0,False,False,False,True,False,False
43.0,2,0,1935.5,19.1,96734,32.2,13.0,9,99.9,0,False,True,False,False,False,False
62.0,3,0,1935.5,19.1,96734,32.2,13.0,5,29.7,0,False,True,False,False,False,False
38.0,2,0,1529.5,36.2,105462,32.7,11.3,4,148.7,0,False,False,False,False,True,False
65.0,2,0,1638.4,25.8,70238,27.7,10.2,1,15.0,0,False,False,False,True,False,False
56.0,2,0,1529.5,36.2,105462,32.7,11.3,12,87.1,1,False,False,False,False,True,False
78.0,4,1,1638.4,25.8,70238,27.7,10.2,6,117.3,0,False,False,False,True,False,False
82.0,4,0,1935.5,19.1,96734,32.2,13.0,8,257.1,0,False,True,False,False,False,False
56.0,3,0,1935.5,19.1,96734,32.2,13.0,9,121.5,1,False,True,False,False,False,False
90.0,6,0,1935.5,19.1,96734,32.2,13.0,3,77.4,0,False,True,False,False,False,False
59.0,4,0,2155.0,15.3,70863,28.8,15.8,6,84.4,0,False,False,False,False,False,True
56.0,3,0,1935.5,19.1,96734,32.2,13.0,5,151.3,0,False,True,False,False,False,False
42.0,2,0,2324.5,16.1,83796,41.1,13.4,10,14.7,1,False,False,True,False,False,False
74.0,3,1,1935.5,19.1,96734,32.2,13.0,6,142.9,0,False,True,False,False,False,False
34.0,1,0,2324.5,16.1,83796,41.1,13.4,8,106.1,0,False,False,True,False,False,False
62.0,3,0,1935.5,19.1,96734,32.2,13.0,8,99.0,0,False,True,False,False,False,False
26.0,1,0,2324.5,16.1,83796,41.1,13.4,8,67.7,0,False,False,True,False,False,False
51.0,3,0,2324.5,16.1,83796,41.1,13.4,8,50.6,0,False,False,True,False,False,False
89.0,4,0,1529.5,36.2,105462,32.7,11.3,3,165.1,0,False,False,False,False,True,False
126.0,3,0,2324.5,16.1,83796,41.1,13.4,9,186.1,1,False,False,True,False,False,False
63.0,3,0,1935.5,19.1,96734,32.2,13.0,7,176.1,0,False,True,False,False,False,False
93.0,4,1,1956.6,18.3,66372,26.5,15.3,2,176.0,0,True,False,False,False,False,False
72.0,3,0,2324.5,16.1,83796,41.1,13.4,12,60.6,0,False,False,True,False,False,False
93.0,5,1,2155.0,15.3,70863,28.8,15.8,4,72.3,0,False,False,False,False,False,True
100.0,4,0,1638.4,25.8,70238,27.7,10.2,4,185.1,0,False,False,False,True,False,False
86.0,5,0,2155.0,15.3,70863,28.8,15.8,8,130.1,0,False,False,False,False,False,True
27.0,1,0,1529.5,36.2,105462,32.7,11.3,8,94.9,1,False,False,False,False,True,False
62.0,3,0,1956.6,18.3,66372,26.5,15.3,11,191.0,0,True,False,False,False,False,False
110.0,5,1,2155.0,15.3,70863,28.8,15.8,6,173.7,0,False,False,False,False,False,True
30.0,1,0,2155.0,15.3,70863,28.8,15.8,9,115.8,1,False,False,False,False,False,True
70.0,3,0,2155.0,15.3,70863,28.8,15.8,9,284.4,0,False,False,False,False,False,True
87.0,4,1,1935.5,19.1,96734,32.2,13.0,12,258.5,0,False,True,False,False,False,False
62.0,3,0,1935.5,19.1,96734,32.2,13.0,8,320.9,0,False,True,False,False,False,False
51.0,3,0,2155.0,15.3,70863,28.8,15.8,7,179.0,0,False,False,False,False,False,True
49.0,2,0,1529.5,36.2,105462,32.7,11.3,9,54.6,0,False,False,False,False,True,False
30.0,2,0,2324.5,16.1,83796,41.1,13.4,4,27.1,0,False,False,True,False,False,False
45.0,2,0,1529.5,36.2,105462,32.7,11.3,12,139.2,0,False,False,False,False,True,False
70.0,3,0,1956.6,18.3,66372,26.5,15.3,7,187.4,0,True,False,False,False,False,False
23.0,1,0,1956.6,18.3,66372,26.5,15.3,12,169.4,0,True,False,False,False,False,False
49.0,2,0,1935.5,19.1,96734,32.2,13.0,6,207.2,0,False,True,False,False,False,False
26.0,1,0,1529.5,36.2,105462,32.7,11.3,2,93.4,0,False,False,False,False,True,False
81.0,4,0,1529.5,36.2,105462,32.7,11.3,2,136.3,0,False,False,False,False,True,False
78.0,3,0,1529.5,36.2,105462,32.7,11.3,10,159.4,0,False,False,False,False,True,False
24.0,1,0,2324.5,16.1,83796,41.1,13.4,4,210.0,0,False,False,True,False,False,False
49.0,3,0,2324.5,16.1,83796,41.1,13.4,10,151.9,0,False,False,True,False,False,False
42.0,2,0,1935.5,19.1,96734,32.2,13.0,7,49.3,0,False,True,False,False,False,False
77.0,5,1,1956.6,18.3,66372,26.5,15.3,9,45.0,0,True,False,False,False,False,False
31.0,1,0,1529.5,36.2,105462,32.7,11.3,2,149.4,0,False,False,False,False,True,False
70.0,3,0,1956.6,18.3,66372,26.5,15.3,7,297.6,0,True,False,False,False,False,False
42.0,2,0,2155.0,15.3,70863,28.8,15.8,6,304.5,0,False,False,False,False,False,True
59.0,2,0,2324.5,16.1,83796,41.1,13.4,8,205.4,1,False,False,True,False,False,False
50.0,3,0,1935.5,19.1,96734,32.2,13.0,1,288.3,0,False,True,False,False,False,False
51.0,3,0,1935.5,19.1,96734,32.2,13.0,5,75.6,0,False,True,False,False,False,False
51.0,2,0,2155.0,15.3,70863,28.8,15.8,4,143.6,0,False,False,False,False,False,True
96.0,4,0,1935.5,19.1,96734,32.2,13.0,6,72.5,0,False,True,False,False,False,False
58.0,2,0,2324.5,16.1,83796,41.1,13.4,2,248.4,0,False,False,True,False,False,False
53.0,3,0,1956.6,18.3,66372,26.5,15.3,9,32.4,0,True,False,False,False,False,False
71.0,4,0,1638.4,25.8,70238,27.7,10.2,8,233.8,0,False,False,False,True,False,False
127.0,4,0,1529.5,36.2,105462,32.7,11.3,2,201.1,0,False,False,False,False,True,False
63.0,4,0,1935.5,19.1,96734,32.2,13.0,10,214.3,0,False,True,False,False,False,False
25.0,1,0,1529.5,36.2,105462,32.7,11.3,1,134.8,0,False,False,False,False,True,False
15.0,1,0,1956.6,18.3,66372,26.5,15.3,3,132.0,0,True,False,False,False,False,False
46.0,2,0,1935.5,19.1,96734,32.2,13.0,2,248.0,0,False,True,False,False,False,False
27.0,1,0,1956.6,18.3,66372,26.5,15.3,3,162.6,0,True,False,False,False,False,False
38.0,2,0,2324.5,16.1,83796,41.1,13.4,5,16.6,0,False,False,True,False,False,False
89.0,4,1,1935.5,19.1,96734,32.2,13.0,12,290.9,0,False,True,False,False,False,False
124.0,5,0,1956.6,18.3,66372,26.5,15.3,11,108.2,0,True,False,False,False,False,False
120.0,5,0,1638.4,25.8,70238,27.7,10.2,7,126.5,0,False,False,False,True,False,False
62.0,3,0,1638.4,25.8,70238,27.7,10.2,10,150.5,0,False,False,False,True,False,False
54.0,3,0,1638.4,25.8,70238,27.7,10.2,1,247.5,0,False,False,False,True,False,False
80.0,4,0,1638.4,25.8,70238,27.7,10.2,4,139.6,0,False,False,False,True,False,False
95.0,3,0,1529.5,36.2,105462,32.7,11.3,12,52.5,0,False,False,False,False,True,False
73.0,3,1,1935.5,19.1,96734,32.2,13.0,7,202.3,0,False,True,False,False,False,False
29.0,1,0,1529.5,36.2,105462,32.7,11.3,10,112.3,0,False,False,False,False,True,False
20.0,1,0,1529.5,36.2,105462,32.7,11.3,2,147.9,0,False,False,False,False,True,False
56.0,3,0,2324.5,16.1,83796,41.1,13.4,12,185.2,0,False,False,True,False,False,False
65.0,3,0,2155.0,15.3,70863,28.8,15.8,4,149.5,0,False,False,False,False,False,True
45.0,4,1,1638.4,25.8,70238,27.7,10.2,7,141.1,0,False,False,False,True,False,False
53.0,2,0,1638.4,25.8,70238,27.7,10.2,5,336.9,0,False,False,False,True,False,False
40.0,2,1,2324.5,16.1,83796,41.1,13.4,12,209.7,0,False,False,True,False,False,False
54.0,3,0,1935.5,19.1,96734,32.2,13.0,1,316.0,0,False,True,False,False,False,False
190.0,5,0,1529.5,36.2,105462,32.7,11.3,2,127.1,0,False,False,False,False,True,False
76.0,5,1,1956.6,18.3,66372,26.5,15.3,6,102.4,0,True,False,False,False,False,False
34.0,2,0,1935.5,19.1,96734,32.2,13.0,3,36.7,0,False,True,False,False,False,False
83.0,4,0,1529.5,36.2,105462,32.7,11.3,4,184.4,1,False,False,False,False,True,False
23.0,1,0,1638.4,25.8,70238,27.7,10.2,12,318.3,0,False,False,False,True,False,False
53.0,3,0,1529.5,36.2,105462,32.7,11.3,11,191.1,0,False,False,False,False,True,False
39.0,2,0,2155.0,15.3,70863,28.8,15.8,11,35.2,0,False,False,False,False,False,True
31.0,1,0,2155.0,15.3,70863,28.8,15.8,10,126.7,0,False,False,False,False,False,True
60.0,3,0,1935.5,19.1,96734,32.2,13.0,2,329.2,0,False,True,False,False,False,False
68.0,3,0,1935.5,19.1,96734,32.2,13.0,2,76.2,0,False,True,False,False,False,False
59.0,3,0,1935.5,19.1,96734,32.2,13.0,8,292.7,0,False,True,False,False,False,False
93.0,4,0,1529.5,36.2,105462,32.7,11.3,6,58.3,0,False,False,False,False,True,False
44.0,2,0,1935.5,19.1,96734,32.2,13.0,4,238.1,0,False,True,False,False,False,False
76.0,3,0,1956.6,18.3,66372,26.5,15.3,10,154.4,0,True,False,False,False,False,False
60.0,2,0,1529.5,36.2,105462,32.7,11.3,10,268.6,0,False,False,False,False,True,False
82.0,4,0,1956.6,18.3,66372,26.5,15.3,5,276.8,0,True,False,False,False,False,False
41.0,2,0,1935.5,19.1,96734,32.2,13.0,11,27.1,0,False,True,False,False,False,False
46.0,3,0,1529.5,36.2,105462,32.7,11.3,1,250.6,0,False,False,False,False,True,False
27.0,2,0,1529.5,36.2,105462,32.7,11.3,2,97.2,0,False,False,False,False,True,False
58.0,3,0,1638.4,25.8,70238,27.7,10.2,1,49.6,0,False,False,False,True,False,False
95.0,5,1,1956.6,18.3,66372,26.5,15.3,8,166.1,0,True,False,False,False,False,False
34.0,2,0,1638.4,25.8,70238,27.7,10.2,1,20.5,0,False,False,False,True,False,False
30.0,1,0,2155.0,15.3,70863,28.8,15.8,3,164.4,0,False,False,False,False,False,True
82.0,3,0,1638.4,25.8,70238,27.7,10.2,11,101.4,0,False,False,False,True,False,False
86.0,3,0,1529.5,36.2,105462,32.7,11.3,7,19.1,0,False,False,False,False,True,False
27.0,1,0,2155.0,15.3,70863,28.8,15.8,11,63.2,0,False,False,False,False,False,True
67.0,3,0,1638.4,25.8,70238,27.7,10.2,11,207.0,0,False,False,False,True,False,False
71.0,2,0,1956.6,18.3,66372,26.5,15.3,9,367.7,0,True,False,False,False,False,False
55.0,3,0,2155.0,15.3,70863,28.8,15.8,8,24.5,0,False,False,False,False,False,True
49.0,2,0,1935.5,19.1,96734,32.2,13.0,9,11.0,0,False,True,False,False,False,False
34.0,2,0,1529.5,36.2,105462,32.7,11.3,6,214.0,0,False,False,False,False,True,False
40.0,2,0,1529.5,36.2,105462,32.7,11.3,10,145.9,0,False,False,False,False,True,False
44.0,2,0,1529.5,36.2,105462,32.7,11.3,2,255.6,0,False,False,False,False,True,False
40.0,3,0,2155.0,15.3,70863,28.8,15.8,11,186.9,0,False,False,False,False,False,True
65.0,2,1,1638.4,25.8,70238,27.7,10.2,7,113.2,0,False,False,False,True,False,False
52.0,3,0,1638.4,25.8,70238,27.7,10.2,8,145.7,0,False,False,False,True,False,False
64.0,3,0,1935.5,19.1,96734,32.2,13.0,12,288.7,0,False,True,False,False,False,False
17.0,1,0,2324.5,16.1,83796,41.1,13.4,11,44.6,0,False,False,True,False,False,False
42.0,2,0,2155.0,15.3,70863,28.8,15.8,8,72.9,0,False,False,False,False,False,True
43.0,2,0,1935.5,19.1,96734,32.2,13.0,3,105.7,0,False,True,False,False,False,False
147.0,6,1,1529.5,36.2,105462,32.7,11.3,3,165.1,0,False,False,False,False,True,False
76.0,3,0,2324.5,16.1,83796,41.1,13.4,7,75.2,0,False,False,True,False,False,False
30.0,1,0,2324.5,16.1,83796,41.1,13.4,11,147.6,0,False,False,True,False,False,False
67.0,3,0,1529.5,36.2,105462,32.7,11.3,7,108.3,0,False,False,False,False,True,False
94.0,4,1,1935.5,19.1,96734,32.2,13.0,6,199.5,0,False,True,False,False,False,False
48.0,2,0,1935.5,19.1,96734,32.2,13.0,9,53.5,0,False,True,False,False,False,False
100.0,4,1,1956.6,18.3,66372,26.5,15.3,6,198.4,0,True,False,False,False,False,False
56.0,2,0,1956.6,18.3,66372,26.5,15.3,2,377.2,0,True,False,False,False,False,False
44.0,2,0,1935.5,19.1,96734,32.2,13.0,2,129.3,0,False,True,False,False,False,False
69.0,3,0,2155.0,15.3,70863,28.8,15.8,3,92.5,0,False,False,False,False,False,True
77.0,4,1,2155.0,15.3,70863,28.8,15.8,3,93.5,0,False,False,False,False,False,True
111.0,5,0,1529.5,36.2,105462,32.7,11.3,9,164.2,0,False,False,False,False,True,False
53.0,2,0,1638.4,25.8,70238,27.7,10.2,12,356.6,0,False,False,False,True,False,False
73.0,3,0,2324.5,16.1,83796,41.1,13.4,10,285.7,0,False,False,True,False,False,False
26.0,2,0,1529.5,36.2,105462,32.7,11.3,12,113.3,0,False,False,False,False,True,False
62.0,3,0,2155.0,15.3,70863,28.8,15.8,11,85.7,0,False,False,False,False,False,True
76.0,3,0,2324.5,16.1,83796,41.1,13.4,4,260.9,0,False,False,True,False,False,False
63.0,3,0,1638.4,25.8,70238,27.7,10.2,3,180.2,0,False,False,False,True,False,False
62.0,3,0,1935.5,19.1,96734,32.2,13.0,8,241.0,0,False,True,False,False,False,False
88.0,4,1,2155.0,15.3,70863,28.8,15.8,2,51.3,0,False,False,False,False,False,True
108.0,6,1,1956.6,18.3,66372,26.5,15.3,10,125.2,0,True,False,False,False,False,False
67.0,3,0,1529.5,36.2,105462,32.7,11.3,7,108.3,0,False,False,False,False,True,False
75.0,3,0,1638.4,25.8,70238,27.7,10.2,3,26.1,0,False,False,False,True,False,False
51.0,2,0,1529.5,36.2,105462,32.7,11.3,9,48.3,0,False,False,False,False,True,False
63.0,3,0,2155.0,15.3,70863,28.8,15.8,2,121.3,0,False,False,False,False,False,True
107.0,5,0,2324.5,16.1,83796,41.1,13.4,7,113.1,0,False,False,True,False,False,False
82.0,4,0,1529.5,36.2,105462,32.7,11.3,5,87.1,0,False,False,False,False,True,False
54.0,2,0,1956.6,18.3,66372,26.5,15.3,9,360.7,0,True,False,False,False,False,False
143.0,5,0,1638.4,25.8,70238,27.7,10.2,5,297.0,0,False,False,False,True,False,False
190.0,4,0,1529.5,36.2,105462,32.7,11.3,7,79.1,0,False,False,False,False,True,False
65.0,3,0,1638.4,25.8,70238,27.7,10.2,8,98.2,0,False,False,False,True,False,False
120.0,5,0,1529.5,36.2,105462,32.7,11.3,10,75.0,0,False,False,False,False,True,False
180.0,4,0,2324.5,16.1,83796,41.1,13.4,6,256.1,0,False,False,True,False,False,False
78.0,3,0,1935.5,19.1,96734,32.2,13.0,4,102.9,0,False,True,False,False,False,False
37.0,2,0,1529.5,36.2,105462,32.7,11.3,1,165.1,0,False,False,False,False,True,False
140.0,4,1,1529.5,36.2,105462,32.7,11.3,12,150.4,0,False,False,False,False,True,False
79.0,4,0,1529.5,36.2,105462,32.7,11.3,1,85.8,0,False,False,False,False,True,False
34.0,2,0,1638.4,25.8,70238,27.7,10.2,1,109.3,0,False,False,False,True,False,False
18.0,1,0,2324.5,16.1,83796,41.1,13.4,3,96.1,0,False,False,True,False,False,False
47.0,2,0,2155.0,15.3,70863,28.8,15.8,4,236.5,0,False,False,False,False,False,True
40.0,2,0,2324.5,16.1,83796,41.1,13.4,2,154.3,1,False,False,True,False,False,False
180.0,4,0,2324.5,16.1,83796,41.1,13.4,2,80.1,0,False,False,True,False,False,False
70.0,4,0,2324.5,16.1,83796,41.1,13.4,5,69.1,0,False,False,True,False,False,False
67.0,4,0,1935.5,19.1,96734,32.2,13.0,9,232.1,0,False,True,False,False,False,False
26.0,1,0,2155.0,15.3,70863,28.8,15.8,9,43.7,0,False,False,False,False,False,True
74.0,3,0,2324.5,16.1,83796,41.1,13.4,9,97.9,0,False,False,True,False,False,False
200.0,5,0,2324.5,16.1,83796,41.1,13.4,9,172.2,0,False,False,True,False,False,False
77.0,4,0,1529.5,36.2,105462,32.7,11.3,2,49.4,0,False,False,False,False,True,False
14.0,1,0,2324.5,16.1,83796,41.1,13.4,10,200.9,0,False,False,True,False,False,False
70.0,3,0,2155.0,15.3,70863,28.8,15.8,12,120.1,1,False,False,False,False,False,True
30.0,1,0,1935.5,19.1,96734,32.2,13.0,4,151.3,0,False,True,False,False,False,False
80.0,3,0,1638.4,25.8,70238,27.7,10.2,7,240.1,0,False,False,False,True,False,False
35.0,2,0,1935.5,19.1,96734,32.2,13.0,10,161.0,0,False,True,False,False,False,False
139.0,5,1,1638.4,25.8,70238,27.7,10.2,8,196.1,0,False,False,False,True,False,False
34.0,2,0,1935.5,19.1,96734,32.2,13.0,1,31.7,0,False,True,False,False,False,False
61.0,3,1,2155.0,15.3,70863,28.8,15.8,8,118.8,0,False,False,False,False,False,True
31.0,2,0,2324.5,16.1,83796,41.1,13.4,7,135.2,0,False,False,True,False,False,False
59.0,3,0,1935.5,19.1,96734,32.2,13.0,12,350.1,0,False,True,False,False,False,False
38.0,2,0,1935.5,19.1,96734,32.2,13.0,7,84.5,0,False,True,False,False,False,False
65.0,3,0,1935.5,19.1,96734,32.2,13.0,2,185.2,0,False,True,False,False,False,False
67.0,4,0,1935.5,19.1,96734,32.2,13.0,1,106.6,0,False,True,False,False,False,False
30.0,2,0,2155.0,15.3,70863,28.8,15.8,2,102.3,0,False,False,False,False,False,True
34.0,1,0,1638.4,25.8,70238,27.7,10.2,11,66.8,0,False,False,False,True,False,False
115.0,4,0,1529.5,36.2,105462,32.7,11.3,6,157.6,0,False,False,False,False,True,False
92.0,4,1,1956.6,18.3,66372,26.5,15.3,7,225.0,0,True,False,False,False,False,False
45.0,2,0,1935.5,19.1,96734,32.2,13.0,3,88.3,0,False,True,False,False,False,False
66.0,3,0,1935.5,19.1,96734,32.2,13.0,7,135.5,0,False,True,False,False,False,False
68.0,3,0,1935.5,19.1,96734,32.2,13.0,10,85.1,0,False,True,False,False,False,False
86.0,4,1,1956.6,18.3,66372,26.5,15.3,10,134.9,0,True,False,False,False,False,False
55.0,3,0,1638.4,25.8,70238,27.7,10.2,11,66.1,0,False,False,False,True,False,False
53.0,2,0,1956.6,18.3,66372,26.5,15.3,11,55.8,0,True,False,False,False,False,False
40.0,2,0,1638.4,25.8,70238,27.7,10.2,3,152.1,0,False,False,False,True,False,False
20.0,1,0,2324.5,16.1,83796,41.1,13.4,9,141.7,0,False,False,True,False,False,False
34.0,1,0,1529.5,36.2,105462,32.7,11.3,10,169.8,0,False,False,False,False,True,False
51.0,2,0,1529.5,36.2,105462,32.7,11.3,3,39.0,0,False,False,False,False,True,False
20.0,1,0,2155.0,15.3,70863,28.8,15.8,7,89.8,0,False,False,False,False,False,True
70.0,4,0,1529.5,36.2,105462,32.7,11.3,10,75.0,0,False,False,False,False,True,False
50.0,2,0,2324.5,16.1,83796,41.1,13.4,8,136.0,0,False,False,True,False,False,False
85.0,3,1,1935.5,19.1,96734,32.2,13.0,3,39.0,0,False,True,False,False,False,False
105.0,5,1,1956.6,18.3,66372,26.5,15.3,6,56.5,1,True,False,False,False,False,False
43.0,2,0,1529.5,36.2,105462,32.7,11.3,3,111.3,0,False,False,False,False,True,False
24.0,1,0,2324.5,16.1,83796,41.1,13.4,4,94.8,0,False,False,True,False,False,False
102.0,4,0,2324.5,16.1,83796,41.1,13.4,2,87.2,0,False,False,True,False,False,False
95.0,5,0,1638.4,25.8,70238,27.7,10.2,6,169.4,0,False,False,False,True,False,False
84.0,3,0,1956.6,18.3,66372,26.5,15.3,12,154.4,0,True,False,False,False,False,False
54.0,3,0,2155.0,15.3,70863,28.8,15.8,3,215.1,0,False,False,False,False,False,True
40.0,2,1,2155.0,15.3,70863,28.8,15.8,10,33.3,0,False,False,False,False,False,True
49.0,2,0,1529.5,36.2,105462,32.7,11.3,8,141.1,0,False,False,False,False,True,False
98.0,5,0,1529.5,36.2,105462,32.7,11.3,10,78.2,0,False,False,False,False,True,False
52.0,3,0,1935.5,19.1,96734,32.2,13.0,8,209.4,0,False,True,False,False,False,False
62.0,3,0,1935.5,19.1,96734,32.2,13.0,10,67.6,0,False,True,False,False,False,False
71.0,3,0,2155.0,15.3,70863,28.8,15.8,9,86.9,0,False,False,False,False,False,True
65.0,3,0,2324.5,16.1,83796,41.1,13.4,3,233.9,0,False,False,True,False,False,False
33.0,2,0,1935.5,19.1,96734,32.2,13.0,4,207.1,1,False,True,False,False,False,False
60.0,3,0,1935.5,19.1,96734,32.2,13.0,9,31.0,0,False,True,False,False,False,False
77.0,5,1,1956.6,18.3,66372,26.5,15.3,8,205.1,0,True,False,False,False,False,False
15.0,1,0,2324.5,16.1,83796,41.1,13.4,7,129.7,0,False,False,True,False,False,False
21.0,1,0,1638.4,25.8,70238,27.7,10.2,11,406.7,0,False,False,False,True,False,False
49.0,3,0,1529.5,36.2,105462,32.7,11.3,2,104.8,0,False,False,False,False,True,False
17.0,1,0,1529.5,36.2,105462,32.7,11.3,7,220.1,0,False,False,False,False,True,False
81.0,4,0,1935.5,19.1,96734,32.2,13.0,11,302.9,0,False,True,False,False,False,False
20.0,1,0,1529.5,36.2,105462,32.7,11.3,4,198.8,0,False,False,False,False,True,False
191.0,7,1,1956.6,18.3,66372,26.5,15.3,8,99.5,0,True,False,False,False,False,False
84.0,4,0,1956.6,18.3,66372,26.5,15.3,3,73.6,0,True,False,False,False,False,False
70.0,4,0,2324.5,16.1,83796,41.1,13.4,5,117.4,0,False,False,True,False,False,False
57.0,3,0,2155.0,15.3,70863,28.8,15.8,4,76.2,0,False,False,False,False,False,True
107.0,6,1,1935.5,19.1,96734,32.2,13.0,7,95.1,0,False,True,False,False,False,False
64.0,3,0,1529.5,36.2,105462,32.7,11.3,9,43.6,0,False,False,False,False,True,False
40.0,2,0,1956.6,18.3,66372,26.5,15.3,10,187.2,0,True,False,False,False,False,False
34.0,1,0,2324.5,16.1,83796,41.1,13.4,2,102.3,0,False,False,True,False,False,False
53.0,3,0,1935.5,19.1,96734,32.2,13.0,7,422.0,0,False,True,False,False,False,False
84.0,4,0,1935.5,19.1,96734,32.2,13.0,10,109.8,0,False,True,False,False,False,False
68.0,4,0,1638.4,25.8,70238,27.7,10.2,5,56.0,0,False,False,False,True,False,False
43.0,2,0,2155.0,15.3,70863,28.8,15.8,1,243.3,0,False,False,False,False,False,True
35.0,2,0,2324.5,16.1,83796,41.1,13.4,6,155.1,0,False,False,True,False,False,False
59.0,3,0,1638.4,25.8,70238,27.7,10.2,3,180.2,0,False,False,False,True,False,False
61.0,3,0,1935.5,19.1,96734,32.2,13.0,8,142.1,0,False,True,False,False,False,False
88.0,3,0,2324.5,16.1,83796,41.1,13.4,7,105.5,0,False,False,True,False,False,False
108.0,5,1,1935.5,19.1,96734,32.2,13.0,7,287.0,1,False,True,False,False,False,False
66.0,3,0,1935.5,19.1,96734,32.2,13.0,12,125.2,0,False,True,False,False,False,False
56.0,3,0,1956.6,18.3,66372,26.5,15.3,11,214.7,1,True,False,False,False,False,False
73.0,3,0,1529.5,36.2,105462,32.7,11.3,10,75.3,0,False,False,False,False,True,False
72.0,3,0,1935.5,19.1,96734,32.2,13.0,12,165.3,0,False,True,False,False,False,False
81.0,3,0,1529.5,36.2,105462,32.7,11.3,4,55.2,0,False,False,False,False,True,False
60.0,3,0,1935.5,19.1,96734,32.2,13.0,2,148.0,0,False,True,False,False,False,False
32.0,1,0,1529.5,36.2,105462,32.7,11.3,12,489.0,0,False,False,False,False,True,False
81.0,4,1,1956.6,18.3,66372,26.5,15.3,10,170.0,0,True,False,False,False,False,False
75.0,4,0,1956.6,18.3,66372,26.5,15.3,5,280.2,0,True,False,False,False,False,False
42.0,2,0,1638.4,25.8,70238,27.7,10.2,1,125.7,0,False,False,False,True,False,False
45.0,2,0,1935.5,19.1,96734,32.2,13.0,2,157.7,0,False,True,False,False,False,False
59.0,3,0,1956.6,18.3,66372,26.5,15.3,3,519.7,0,True,False,False,False,False,False
43.0,2,0,1935.5,19.1,96734,32.2,13.0,11,416.1,0,False,True,False,False,False,False
95.0,3,0,1638.4,25.8,70238,27.7,10.2,9,18.5,0,False,False,False,True,False,False
56.0,3,0,1956.6,18.3,66372,26.5,15.3,10,109.5,0,True,False,False,False,False,False
45.0,2,0,2155.0,15.3,70863,28.8,15.8,8,524.7,0,False,False,False,False,False,True
68.0,4,1,1529.5,36.2,105462,32.7,11.3,12,56.3,0,False,False,False,False,True,False
48.0,2,0,2324.5,16.1,83796,41.1,13.4,3,198.6,0,False,False,True,False,False,False
60.0,3,0,2155.0,15.3,70863,28.8,15.8,3,73.1,0,False,False,False,False,False,True
87.0,4,0,1935.5,19.1,96734,32.2,13.0,4,115.4,0,False,True,False,False,False,False
51.0,2,0,1956.6,18.3,66372,26.5,15.3,1,243.7,0,True,False,False,False,False,False
40.0,2,0,1529.5,36.2,105462,32.7,11.3,7,77.2,0,False,False,False,False,True,False
64.0,4,0,1638.4,25.8,70238,27.7,10.2,7,68.7,0,False,False,False,True,False,False
113.0,4,1,1935.5,19.1,96734,32.2,13.0,5,752.1,0,False,True,False,False,False,False
75.0,3,0,2324.5,16.1,83796,41.1,13.4,11,23.2,0,False,False,True,False,False,False
42.0,2,0,1935.5,19.1,96734,32.2,13.0,10,142.7,0,False,True,False,False,False,False
72.0,3,0,1638.4,25.8,70238,27.7,10.2,4,47.2,0,False,False,False,True,False,False
67.0,3,0,1935.5,19.1,96734,32.2,13.0,2,232.0,0,False,True,False,False,False,False
31.0,1,0,1935.5,19.1,96734,32.2,13.0,2,125.7,0,False,True,False,False,False,False
110.0,4,0,2324.5,16.1,83796,41.1,13.4,12,256.7,0,False,False,True,False,False,False
112.0,4,1,1529.5,36.2,105462,32.7,11.3,12,148.3,1,False,False,False,False,True,False
59.0,3,0,1529.5,36.2,105462,32.7,11.3,7,131.2,0,False,False,False,False,True,False
180.0,6,0,2324.5,16.1,83796,41.1,13.4,5,283.2,0,False,False,True,False,False,False
106.0,4,1,2155.0,15.3,70863,28.8,15.8,12,102.4,0,False,False,False,False,False,True
34.0,2,0,1638.4,25.8,70238,27.7,10.2,10,165.1,0,False,False,False,True,False,False
162.0,5,0,2324.5,16.1,83796,41.1,13.4,12,49.8,1,False,False,True,False,False,False
200.0,5,1,1529.5,36.2,105462,32.7,11.3,3,120.1,0,False,False,False,False,True,False
54.0,3,0,2324.5,16.1,83796,41.1,13.4,9,152.4,0,False,False,True,False,False,False
32.0,2,0,1529.5,36.2,105462,32.7,11.3,11,75.1,0,False,False,False,False,True,False
49.0,2,0,1638.4,25.8,70238,27.7,10.2,10,150.3,0,False,False,False,True,False,False
89.0,4,0,1529.5,36.2,105462,32.7,11.3,3,190.3,0,False,False,False,False,True,False
62.0,3,0,1935.5,19.1,96734,32.2,13.0,11,173.2,0,False,True,False,False,False,False
41.0,2,0,1529.5,36.2,105462,32.7,11.3,11,84.5,1,False,False,False,False,True,False
71.0,4,0,1638.4,25.8,70238,27.7,10.2,5,180.2,0,False,False,False,True,False,False
45.0,2,0,1529.5,36.2,105462,32.7,11.3,5,94.0,0,False,False,False,False,True,False
45.0,2,0,1638.4,25.8,70238,27.7,10.2,8,82.4,0,False,False,False,True,False,False
50.0,2,0,1935.5,19.1,96734,32.2,13.0,10,161.9,0,False,True,False,False,False,False
151.0,7,1,1529.5,36.2,105462,32.7,11.3,7,255.1,0,False,False,False,False,True,False
41.0,2,0,1935.5,19.1,96734,32.2,13.0,3,317.2,0,False,True,False,False,False,False
56.0,3,0,1529.5,36.2,105462,32.7,11.3,12,149.3,0,False,False,False,False,True,False
74.0,3,0,1956.6,18.3,66372,26.5,15.3,11,154.4,0,True,False,False,False,False,False
45.0,3,0,2155.0,15.3,70863,28.8,15.8,3,127.1,0,False,False,False,False,False,True
130.0,6,0,1529.5,36.2,105462,32.7,11.3,3,35.1,0,False,False,False,False,True,False
99.0,6,1,1529.5,36.2,105462,32.7,11.3,6,82.8,0,False,False,False,False,True,False
42.0,2,0,1529.5,36.2,105462,32.7,11.3,6,199.3,0,False,False,False,False,True,False
19.0,1,0,1529.5,36.2,105462,32.7,11.3,1,31.3,0,False,False,False,False,True,False
95.0,3,1,2155.0,15.3,70863,28.8,15.8,7,13.3,0,False,False,False,False,False,True
49.0,2,0,1935.5,19.1,96734,32.2,13.0,5,131.8,1,False,True,False,False,False,False
89.0,4,0,2324.5,16.1,83796,41.1,13.4,11,95.3,0,False,False,True,False,False,False
66.0,4,0,2155.0,15.3,70863,28.8,15.8,1,43.5,0,False,False,False,False,False,True
35.0,1,0,2155.0,15.3,70863,28.8,15.8,3,23.3,0,False,False,False,False,False,True
170.0,6,1,1529.5,36.2,105462,32.7,11.3,1,167.3,0,False,False,False,False,True,False
50.0,2,1,1638.4,25.8,70238,27.7,10.2,10,157.9,0,False,False,False,True,False,False
44.0,2,0,1529.5,36.2,105462,32.7,11.3,7,102.2,0,False,False,False,False,True,False
44.0,3,0,1638.4,25.8,70238,27.7,10.2,4,343.6,0,False,False,False,True,False,False
55.0,4,0,2324.5,16.1,83796,41.1,13.4,4,193.2,0,False,False,True,False,False,False
54.0,3,0,1935.5,19.1,96734,32.2,13.0,8,525.1,0,False,True,False,False,False,False
58.0,3,0,2324.5,16.1,83796,41.1,13.4,3,215.5,0,False,False,True,False,False,False
56.0,3,0,2155.0,15.3,70863,28.8,15.8,7,99.8,0,False,False,False,False,False,True
177.0,5,1,2155.0,15.3,70863,28.8,15.8,8,139.1,0,False,False,False,False,False,True
10.0,1,0,1638.4,25.8,70238,27.7,10.2,4,56.3,0,False,False,False,True,False,False
49.0,3,0,1638.4,25.8,70238,27.7,10.2,1,64.0,0,False,False,False,True,False,False
30.0,1,0,1935.5,19.1,96734,32.2,13.0,11,85.2,0,False,True,False,False,False,False
44.0,2,0,1638.4,25.8,70238,27.7,10.2,12,184.7,0,False,False,False,True,False,False
18.0,1,0,2324.5,16.1,83796,41.1,13.4,3,137.7,0,False,False,True,False,False,False
66.0,3,0,2155.0,15.3,70863,28.8,15.8,2,56.7,0,False,False,False,False,False,True
35.0,2,0,1935.5,19.1,96734,32.2,13.0,2,66.9,0,False,True,False,False,False,False
95.0,4,1,1935.5,19.1,96734,32.2,13.0,9,60.5,0,False,True,False,False,False,False
33.0,1,0,1935.5,19.1,96734,32.2,13.0,10,33.9,0,False,True,False,False,False,False
79.0,4,1,1935.5,19.1,96734,32.2,13.0,10,252.7,0,False,True,False,False,False,False
48.0,2,0,2324.5,16.1,83796,41.1,13.4,11,138.4,0,False,False,True,False,False,False
112.0,3,0,2324.5,16.1,83796,41.1,13.4,8,50.2,0,False,False,True,False,False,False
31.0,2,0,1638.4,25.8,70238,27.7,10.2,1,89.2,0,False,False,False,True,False,False
36.0,2,0,1529.5,36.2,105462,32.7,11.3,3,50.6,0,False,False,False,False,True,False
50.0,2,0,1935.5,19.1,96734,32.2,13.0,6,164.6,0,False,True,False,False,False,False
29.0,2,0,1638.4,25.8,70238,27.7,10.2,9,83.1,0,False,False,False,True,False,False
40.0,3,0,2155.0,15.3,70863,28.8,15.8,12,186.9,0,False,False,False,False,False,True
86.0,4,0,2324.5,16.1,83796,41.1,13.4,2,98.0,0,False,False,True,False,False,False
64.0,3,0,1956.6,18.3,66372,26.5,15.3,10,323.7,0,True,False,False,False,False,False
110.0,5,1,1935.5,19.1,96734,32.2,13.0,6,160.9,0,False,True,False,False,False,False
73.0,4,0,1956.6,18.3,66372,26.5,15.3,11,191.0,0,True,False,False,False,False,False
81.0,4,1,1935.5,19.1,96734,32.2,13.0,10,156.3,0,False,True,False,False,False,False
61.0,3,0,1935.5,19.1,96734,32.2,13.0,2,63.7,0,False,True,False,False,False,False
29.0,1,0,2155.0,15.3,70863,28.8,15.8,3,43.8,0,False,False,False,False,False,True
70.0,3,0,1638.4,25.8,70238,27.7,10.2,8,71.2,0,False,False,False,True,False,False
41.0,2,0,1956.6,18.3,66372,26.5,15.3,4,155.5,0,True,False,False,False,False,False
86.0,4,0,2324.5,16.1,83796,41.1,13.4,11,96.8,0,False,False,True,False,False,False
21.0,1,0,2324.5,16.1,83796,41.1,13.4,8,108.0,0,False,False,True,False,False,False
72.0,3,0,1638.4,25.8,70238,27.7,10.2,8,24.5,0,False,False,False,True,False,False
59.0,3,0,2155.0,15.3,70863,28.8,15.8,4,312.8,0,False,False,False,False,False,True
54.0,3,0,1935.5,19.1,96734,32.2,13.0,10,65.4,0,False,True,False,False,False,False
66.0,4,1,1956.6,18.3,66372,26.5,15.3,3,217.0,0,True,False,False,False,False,False
75.0,3,0,2324.5,16.1,83796,41.1,13.4,12,154.1,0,False,False,True,False,False,False
93.0,5,0,1638.4,25.8,70238,27.7,10.2,5,49.6,0,False,False,False,True,False,False
122.0,4,1,1529.5,36.2,105462,32.7,11.3,7,165.9,0,False,False,False,False,True,False
50.0,2,0,2324.5,16.1,83796,41.1,13.4,8,214.0,0,False,False,True,False,False,False
37.0,2,0,1529.5,36.2,105462,32.7,11.3,4,148.7,0,False,False,False,False,True,False
56.0,3,1,2324.5,16.1,83796,41.1,13.4,9,133.1,0,False,False,True,False,False,False
49.0,2,0,1935.5,19.1,96734,32.2,13.0,7,280.5,0,False,True,False,False,False,False
40.0,2,0,1529.5,36.2,105462,32.7,11.3,8,175.0,0,False,False,False,False,True,False
108.0,4,0,1638.4,25.8,70238,27.7,10.2,11,121.1,0,False,False,False,True,False,False
60.0,3,0,1935.5,19.1,96734,32.2,13.0,11,90.5,0,False,True,False,False,False,False
55.0,2,0,2324.5,16.1,83796,41.1,13.4,12,203.2,0,False,False,True,False,False,False
49.0,2,0,2324.5,16.1,83796,41.1,13.4,7,144.8,0,False,False,True,False,False,False
65.0,4,0,1529.5,36.2,105462,32.7,11.3,3,223.0,0,False,False,False,False,True,False
62.0,3,0,1638.4,25.8,70238,27.7,10.2,1,290.4,0,False,False,False,True,False,False
49.0,2,0,2324.5,16.1,83796,41.1,13.4,9,238.0,0,False,False,True,False,False,False
20.0,1,0,1529.5,36.2,105462,32.7,11.3,6,40.2,0,False,False,False,False,True,False
79.0,3,0,1529.5,36.2,105462,32.7,11.3,12,144.5,0,False,False,False,False,True,False
18.0,1,0,1935.5,19.1,96734,32.2,13.0,7,163.5,0,False,True,False,False,False,False
60.0,3,0,1956.6,18.3,66372,26.5,15.3,10,108.1,0,True,False,False,False,False,False
80.0,4,1,1935.5,19.1,96734,32.2,13.0,8,151.4,0,False,True,False,False,False,False
81.0,5,0,1935.5,19.1,96734,32.2,13.0,8,56.5,0,False,True,False,False,False,False
83.0,4,0,1529.5,36.2,105462,32.7,11.3,9,170.7,0,False,False,False,False,True,False
64.0,3,0,2324.5,16.1,83796,41.1,13.4,11,157.7,0,False,False,True,False,False,False
58.0,3,0,1529.5,36.2,105462,32.7,11.3,11,161.9,0,False,False,False,False,True,False
64.0,4,0,1529.5,36.2,105462,32.7,11.3,5,79.9,0,False,False,False,False,True,False
70.0,3,0,2324.5,16.1,83796,41.1,13.4,1,21.4,0,False,False,True,False,False,False
55.0,3,0,1935.5,19.1,96734,32.2,13.0,10,107.8,0,False,True,False,False,False,False
105.0,4,1,1956.6,18.3,66372,26.5,15.3,12,103.9,0,True,False,False,False,False,False
33.0,2,0,1529.5,36.2,105462,32.7,11.3,5,14.6,0,False,False,False,False,True,False
99.0,5,0,1935.5,19.1,96734,32.2,13.0,1,100.8,0,False,True,False,False,False,False
58.0,3,0,1529.5,36.2,105462,32.7,11.3,11,75.0,0,False,False,False,False,True,False
84.0,4,1,1529.5,36.2,105462,32.7,11.3,11,138.4,0,False,False,False,False,True,False
88.0,4,0,1638.4,25.8,70238,27.7,10.2,2,81.3,0,False,False,False,True,False,False
25.0,1,0,2155.0,15.3,70863,28.8,15.8,3,456.0,0,False,False,False,False,False,True
66.0,3,0,1935.5,19.1,96734,32.2,13.0,3,41.2,0,False,True,False,False,False,False
202.0,7,0,2324.5,16.1,83796,41.1,13.4,9,89.8,0,False,False,True,False,False,False
81.0,6,1,1638.4,25.8,70238,27.7,10.2,4,246.7,0,False,False,False,True,False,False
60.0,2,0,2155.0,15.3,70863,28.8,15.8,3,231.2,0,False,False,False,False,False,True
76.0,5,0,1956.6,18.3,66372,26.5,15.3,2,94.0,0,True,False,False,False,False,False
41.0,2,0,1638.4,25.8,70238,27.7,10.2,9,221.6,0,False,False,False,True,False,False
37.0,1,0,2324.5,16.1,83796,41.1,13.4,7,128.3,0,False,False,True,False,False,False
89.0,5,1,1956.6,18.3,66372,26.5,15.3,2,171.1,1,True,False,False,False,False,False
15.0,1,0,1638.4,25.8,70238,27.7,10.2,7,155.8,0,False,False,False,True,False,False
54.0,3,0,1638.4,25.8,70238,27.7,10.2,6,247.5,0,False,False,False,True,False,False
130.0,5,1,1935.5,19.1,96734,32.2,13.0,7,195.3,0,False,True,False,False,False,False
28.0,2,0,2324.5,16.1,83796,41.1,13.4,6,98.7,0,False,False,True,False,False,False
25.0,2,1,1935.5,19.1,96734,32.2,13.0,10,204.5,0,False,True,False,False,False,False
68.0,3,0,1935.5,19.1,96734,32.2,13.0,5,60.2,0,False,True,False,False,False,False
71.0,3,1,1935.5,19.1,96734,32.2,13.0,2,339.7,1,False,True,False,False,False,False
113.0,5,0,1529.5,36.2,105462,32.7,11.3,6,59.0,0,False,False,False,False,True,False
82.0,4,1,1529.5,36.2,105462,32.7,11.3,8,74.5,0,False,False,False,False,True,False
56.0,2,0,2324.5,16.1,83796,41.1,13.4,12,146.8,0,False,False,True,False,False,False
18.0,1,0,2155.0,15.3,70863,28.8,15.8,11,23.5,0,False,False,False,False,False,True
38.0,2,0,1935.5,19.1,96734,32.2,13.0,11,72.8,0,False,True,False,False,False,False
63.0,3,0,2155.0,15.3,70863,28.8,15.8,10,118.2,0,False,False,False,False,False,True
57.0,3,0,1638.4,25.8,70238,27.7,10.2,9,162.1,0,False,False,False,True,False,False
140.0,6,1,1956.6,18.3,66372,26.5,15.3,9,53.6,0,True,False,False,False,False,False
70.0,3,0,1935.5,19.1,96734,32.2,13.0,9,116.4,0,False,True,False,False,False,False
75.0,3,0,2155.0,15.3,70863,28.8,15.8,12,229.9,0,False,False,False,False,False,True
56.0,4,1,1935.5,19.1,96734,32.2,13.0,6,119.2,0,False,True,False,False,False,False
39.0,2,0,2155.0,15.3,70863,28.8,15.8,10,166.3,0,False,False,False,False,False,True
42.0,2,0,2155.0,15.3,70863,28.8,15.8,7,41.6,0,False,False,False,False,False,True
59.0,3,0,1935.5,19.1,96734,32.2,13.0,12,113.5,0,False,True,False,False,False,False
26.0,1,0,2324.5,16.1,83796,41.1,13.4,7,64.9,0,False,False,True,False,False,False
60.0,3,0,1935.5,19.1,96734,32.2,13.0,2,297.3,0,False,True,False,False,False,False
67.0,3,0,1935.5,19.1,96734,32.2,13.0,5,13.9,0,False,True,False,False,False,False
52.0,2,0,1529.5,36.2,105462,32.7,11.3,8,115.5,0,False,False,False,False,True,False
55.0,3,0,2324.5,16.1,83796,41.1,13.4,3,97.3,0,False,False,True,False,False,False
28.0,1,0,2324.5,16.1,83796,41.1,13.4,7,99.0,0,False,False,True,False,False,False
67.0,3,0,2324.5,16.1,83796,41.1,13.4,7,18.2,0,False,False,True,False,False,False
31.0,1,0,1638.4,25.8,70238,27.7,10.2,6,12.7,0,False,False,False,True,False,False
80.0,4,0,1638.4,25.8,70238,27.7,10.2,4,68.2,0,False,False,False,True,False,False
22.0,1,0,1529.5,36.2,105462,32.7,11.3,10,97.9,0,False,False,False,False,True,False
17.0,1,0,1956.6,18.3,66372,26.5,15.3,3,132.0,0,True,False,False,False,False,False
87.0,3,0,2324.5,16.1,83796,41.1,13.4,5,94.0,0,False,False,True,False,False,False
65.0,3,0,2155.0,15.3,70863,28.8,15.8,7,56.1,0,False,False,False,False,False,True
16.0,1,0,1529.5,36.2,105462,32.7,11.3,5,206.8,0,False,False,False,False,True,False
62.0,3,0,1956.6,18.3,66372,26.5,15.3,12,191.0,0,True,False,False,False,False,False
29.0,2,0,2155.0,15.3,70863,28.8,15.8,7,56.5,0,False,False,False,False,False,True
24.0,1,0,1956.6,18.3,66372,26.5,15.3,6,110.4,0,True,False,False,False,False,False
66.0,4,0,1529.5,36.2,105462,32.7,11.3,12,141.2,0,False,False,False,False,True,False
73.0,4,0,2324.5,16.1,83796,41.1,13.4,9,59.8,0,False,False,True,False,False,False
47.0,3,0,1638.4,25.8,70238,27.7,10.2,8,285.0,0,False,False,False,True,False,False
68.0,4,0,1956.6,18.3,66372,26.5,15.3,12,63.5,0,True,False,False,False,False,False
120.0,5,1,2155.0,15.3,70863,28.8,15.8,8,59.9,1,False,False,False,False,False,True
65.0,3,0,1935.5,19.1,96734,32.2,13.0,1,161.7,0,False,True,False,False,False,False
24.0,1,0,1935.5,19.1,96734,32.2,13.0,4,67.6,0,False,True,False,False,False,False
97.0,4,0,1935.5,19.1,96734,32.2,13.0,6,121.5,1,False,True,False,False,False,False
48.0,2,0,1956.6,18.3,66372,26.5,15.3,7,251.4,0,True,False,False,False,False,False
63.0,3,0,1638.4,25.8,70238,27.7,10.2,12,180.2,0,False,False,False,True,False,False
58.0,3,0,1935.5,19.1,96734,32.2,13.0,8,100.8,0,False,True,False,False,False,False
43.0,2,0,2155.0,15.3,70863,28.8,15.8,11,110.2,0,False,False,False,False,False,True
20.0,1,0,1529.5,36.2,105462,32.7,11.3,1,213.1,0,False,False,False,False,True,False
43.0,2,0,1529.5,36.2,105462,32.7,11.3,4,28.2,0,False,False,False,False,True,False
80.0,4,1,2155.0,15.3,70863,28.8,15.8,11,88.1,0,False,False,False,False,False,True
43.0,2,0,2324.5,16.1,83796,41.1,13.4,4,130.3,0,False,False,True,False,False,False
64.0,4,0,1638.4,25.8,70238,27.7,10.2,9,104.5,0,False,False,False,True,False,False
64.0,2,0,2324.5,16.1,83796,41.1,13.4,8,65.5,1,False,False,True,False,False,False
20.0,1,0,1638.4,25.8,70238,27.7,10.2,3,188.2,0,False,False,False,True,False,False
65.0,4,0,2155.0,15.3,70863,28.8,15.8,7,102.6,0,False,False,False,False,False,True
107.0,4,1,1529.5,36.2,105462,32.7,11.3,3,359.3,0,False,False,False,False,True,False
109.0,5,0,1956.6,18.3,66372,26.5,15.3,3,60.8,0,True,False,False,False,False,False
24.0,1,0,1529.5,36.2,105462,32.7,11.3,2,148.0,0,False,False,False,False,True,False
76.0,4,0,1638.4,25.8,70238,27.7,10.2,11,98.4,0,False,False,False,True,False,False
51.0,2,0,2155.0,15.3,70863,28.8,15.8,3,102.8,0,False,False,False,False,False,True
77.0,4,1,1956.6,18.3,66372,26.5,15.3,4,81.4,0,True,False,False,False,False,False
47.0,2,0,1935.5,19.1,96734,32.2,13.0,9,67.8,0,False,True,False,False,False,False
52.0,3,0,1935.5,19.1,96734,32.2,13.0,5,169.6,0,False,True,False,False,False,False
75.0,4,1,1638.4,25.8,70238,27.7,10.2,11,54.6,0,False,False,False,True,False,False
80.0,5,1,1638.4,25.8,70238,27.7,10.2,3,120.5,0,False,False,False,True,False,False
96.0,5,1,1956.6,18.3,66372,26.5,15.3,6,53.3,0,True,False,False,False,False,False
73.0,3,0,1529.5,36.2,105462,32.7,11.3,11,137.0,0,False,False,False,False,True,False
62.0,3,0,1935.5,19.1,96734,32.2,13.0,8,179.7,0,False,True,False,False,False,False
82.0,5,1,1638.4,25.8,70238,27.7,10.2,2,154.8,0,False,False,False,True,False,False
24.0,1,0,1935.5,19.1,96734,32.2,13.0,9,111.3,0,False,True,False,False,False,False
50.0,2,0,2324.5,16.1,83796,41.1,13.4,12,36.9,0,False,False,True,False,False,False
62.0,3,0,2155.0,15.3,70863,28.8,15.8,11,61.1,0,False,False,False,False,False,True
70.0,2,1,2324.5,16.1,83796,41.1,13.4,3,130.3,0,False,False,True,False,False,False
68.0,2,0,2155.0,15.3,70863,28.8,15.8,6,258.5,0,False,False,False,False,False,True
57.0,3,0,1935.5,19.1,96734,32.2,13.0,3,87.5,0,False,True,False,False,False,False
31.0,1,0,1638.4,25.8,70238,27.7,10.2,7,162.1,0,False,False,False,True,False,False
84.0,4,0,2155.0,15.3,70863,28.8,15.8,3,132.4,0,False,False,False,False,False,True
15.0,1,0,2324.5,16.1,83796,41.1,13.4,9,75.2,0,False,False,True,False,False,False
26.0,1,0,1935.5,19.1,96734,32.2,13.0,8,121.9,0,False,True,False,False,False,False
25.0,1,0,2324.5,16.1,83796,41.1,13.4,3,81.3,0,False,False,True,False,False,False
48.0,2,0,1935.5,19.1,96734,32.2,13.0,12,169.1,0,False,True,False,False,False,False
57.0,3,0,1935.5,19.1,96734,32.2,13.0,8,63.3,0,False,True,False,False,False,False
79.0,4,0,1935.5,19.1,96734,32.2,13.0,3,108.4,0,False,True,False,False,False,False
29.0,1,0,2324.5,16.1,83796,41.1,13.4,10,32.3,0,False,False,True,False,False,False
41.0,2,0,1529.5,36.2,105462,32.7,11.3,3,67.9,0,False,False,False,False,True,False
101.0,5,0,1529.5,36.2,105462,32.7,11.3,9,114.6,0,False,False,False,False,True,False
64.0,3,0,2324.5,16.1,83796,41.1,13.4,11,97.9,0,False,False,True,False,False,False
108.0,5,1,1638.4,25.8,70238,27.7,10.2,4,39.4,0,False,False,False,True,False,False
63.0,3,0,1529.5,36.2,105462,32.7,11.3,12,173.8,0,False,False,False,False,True,False
45.0,2,0,1935.5,19.1,96734,32.2,13.0,9,116.4,0,False,True,False,False,False,False
22.0,1,0,2324.5,16.1,83796,41.1,13.4,11,89.7,0,False,False,True,False,False,False
150.0,6,1,1638.4,25.8,70238,27.7,10.2,6,166.7,0,False,False,False,True,False,False
25.0,1,0,2324.5,16.1,83796,41.1,13.4,2,164.5,0,False,False,True,False,False,False
131.0,5,0,1935.5,19.1,96734,32.2,13.0,7,233.7,0,False,True,False,False,False,False
42.0,2,0,1935.5,19.1,96734,32.2,13.0,7,215.9,0,False,True,False,False,False,False
80.0,3,0,2155.0,15.3,70863,28.8,15.8,10,25.3,0,False,False,False,False,False,True
84.0,4,0,2155.0,15.3,70863,28.8,15.8,9,116.0,0,False,False,False,False,False,True
164.0,4,0,2155.0,15.3,70863,28.8,15.8,4,41.6,0,False,False,False,False,False,True
88.0,4,0,1956.6,18.3,66372,26.5,15.3,12,159.4,0,True,False,False,False,False,False
40.0,2,0,2324.5,16.1,83796,41.1,13.4,1,96.8,0,False,False,True,False,False,False
23.0,1,0,1529.5,36.2,105462,32.7,11.3,12,40.8,0,False,False,False,False,True,False
74.0,4,0,1638.4,25.8,70238,27.7,10.2,3,91.3,0,False,False,False,True,False,False
55.0,4,0,1638.4,25.8,70238,27.7,10.2,12,117.3,0,False,False,False,True,False,False
84.0,2,0,2324.5,16.1,83796,41.1,13.4,10,126.2,0,False,False,True,False,False,False
53.0,3,0,1638.4,25.8,70238,27.7,10.2,4,22.2,0,False,False,False,True,False,False
44.0,2,0,2324.5,16.1,83796,41.1,13.4,12,84.1,0,False,False,True,False,False,False
20.0,1,0,2324.5,16.1,83796,41.1,13.4,5,102.8,0,False,False,True,False,False,False
35.0,1,0,2324.5,16.1,83796,41.1,13.4,9,171.7,0,False,False,True,False,False,False
68.0,3,0,1935.5,19.1,96734,32.2,13.0,11,70.8,0,False,True,False,False,False,False
47.0,2,0,1935.5,19.1,96734,32.2,13.0,1,185.4,0,False,True,False,False,False,False
46.0,2,0,1935.5,19.1,96734,32.2,13.0,11,100.8,0,False,True,False,False,False,False
100.0,4,1,1956.6,18.3,66372,26.5,15.3,7,141.2,0,True,False,False,False,False,False
70.0,4,0,1935.5,19.1,96734,32.2,13.0,8,107.8,0,False,True,False,False,False,False
135.0,5,1,1956.6,18.3,66372,26.5,15.3,12,145.3,0,True,False,False,False,False,False
122.0,4,0,1529.5,36.2,105462,32.7,11.3,8,225.6,0,False,False,False,False,True,False
100.0,3,0,2324.5,16.1,83796,41.1,13.4,8,239.2,0,False,False,True,False,False,False
30.0,1,0,2324.5,16.1,83796,41.1,13.4,9,348.4,0,False,False,True,False,False,False
78.0,4,0,1638.4,25.8,70238,27.7,10.2,9,139.2,0,False,False,False,True,False,False
34.0,1,0,2324.5,16.1,83796,41.1,13.4,3,106.1,0,False,False,True,False,False,False
30.0,2,0,1956.6,18.3,66372,26.5,15.3,2,140.1,0,True,False,False,False,False,False
40.0,2,0,1935.5,19.1,96734,32.2,13.0,7,83.2,1,False,True,False,False,False,False
94.0,4,0,2324.5,16.1,83796,41.1,13.4,5,105.5,0,False,False,True,False,False,False
38.0,2,0,1935.5,19.1,96734,32.2,13.0,11,127.7,0,False,True,False,False,False,False
21.0,1,0,1529.5,36.2,105462,32.7,11.3,12,225.6,0,False,False,False,False,True,False
89.0,4,0,1638.4,25.8,70238,27.7,10.2,4,202.2,0,False,False,False,True,False,False
67.0,3,0,1529.5,36.2,105462,32.7,11.3,9,61.1,0,False,False,False,False,True,False
40.0,2,0,1935.5,19.1,96734,32.2,13.0,3,223.3,0,False,True,False,False,False,False
27.0,2,0,1529.5,36.2,105462,32.7,11.3,6,104.8,0,False,False,False,False,True,False
80.0,4,1,1935.5,19.1,96734,32.2,13.0,7,159.6,0,False,True,False,False,False,False
49.0,2,0,2155.0,15.3,70863,28.8,15.8,6,46.1,0,False,False,False,False,False,True
25.0,2,0,1529.5,36.2,105462,32.7,11.3,1,158.6,0,False,False,False,False,True,False
47.0,2,0,1638.4,25.8,70238,27.7,10.2,9,138.9,0,False,False,False,True,False,False
94.0,4,0,2155.0,15.3,70863,28.8,15.8,6,310.6,0,False,False,False,False,False,True
29.0,1,0,2155.0,15.3,70863,28.8,15.8,8,76.6,0,False,False,False,False,False,True
110.0,6,0,2324.5,16.1,83796,41.1,13.4,3,42.6,1,False,False,True,False,False,False
59.0,3,0,2155.0,15.3,70863,28.8,15.8,8,70.5,0,False,False,False,False,False,True
32.0,1,0,2324.5,16.1,83796,41.1,13.4,2,298.9,0,False,False,True,False,False,False
28.0,1,0,2324.5,16.1,83796,41.1,13.4,3,138.2,0,False,False,True,False,False,False
65.0,3,0,1638.4,25.8,70238,27.7,10.2,3,60.2,0,False,False,False,True,False,False
97.0,4,0,1956.6,18.3,66372,26.5,15.3,1,412.2,0,True,False,False,False,False,False
36.0,2,0,2324.5,16.1,83796,41.1,13.4,9,116.2,0,False,False,True,False,False,False
73.0,4,0,2155.0,15.3,70863,28.8,15.8,6,68.0,0,False,False,False,False,False,True
25.0,1,0,1529.5,36.2,105462,32.7,11.3,1,167.1,0,False,False,False,False,True,False
30.0,1,0,2324.5,16.1,83796,41.1,13.4,3,180.7,0,False,False,True,False,False,False
152.0,4,1,1529.5,36.2,105462,32.7,11.3,2,86.7,0,False,False,False,False,True,False
73.0,3,0,1638.4,25.8,70238,27.7,10.2,7,114.6,0,False,False,False,True,False,False
89.0,4,0,1529.5,36.2,105462,32.7,11.3,9,110.3,0,False,False,False,False,True,False
120.0,4,1,1529.5,36.2,105462,32.7,11.3,5,118.5,0,False,False,False,False,True,False
130.0,4,0,1638.4,25.8,70238,27.7,10.2,4,167.1,0,False,False,False,True,False,False
120.0,5,0,1956.6,18.3,66372,26.5,15.3,1,136.7,0,True,False,False,False,False,False
91.0,4,0,2155.0,15.3,70863,28.8,15.8,8,56.3,0,False,False,False,False,False,True
46.0,2,0,2324.5,16.1,83796,41.1,13.4,7,100.5,0,False,False,True,False,False,False
36.0,2,0,2155.0,15.3,70863,28.8,15.8,3,141.1,0,False,False,False,False,False,True
69.0,3,0,1638.4,25.8,70238,27.7,10.2,6,223.0,1,False,False,False,True,False,False
64.0,3,0,1638.4,25.8,70238,27.7,10.2,9,244.4,0,False,False,False,True,False,False
76.0,4,0,2155.0,15.3,70863,28.8,15.8,9,82.8,0,False,False,False,False,False,True
45.0,2,0,1956.6,18.3,66372,26.5,15.3,12,67.3,0,True,False,False,False,False,False
89.0,3,1,1956.6,18.3,66372,26.5,15.3,5,175.1,1,True,False,False,False,False,False
43.0,2,0,1935.5,19.1,96734,32.2,13.0,6,232.1,0,False,True,False,False,False,False
39.0,2,0,2155.0,15.3,70863,28.8,15.8,8,105.1,0,False,False,False,False,False,True
26.0,1,0,1529.5,36.2,105462,32.7,11.3,9,145.1,0,False,False,False,False,True,False
78.0,3,0,1935.5,19.1,96734,32.2,13.0,7,36.9,1,False,True,False,False,False,False
39.0,2,0,2324.5,16.1,83796,41.1,13.4,1,118.8,0,False,False,True,False,False,False
56.0,3,0,1529.5,36.2,105462,32.7,11.3,9,166.6,0,False,False,False,False,True,False
92.0,5,0,1638.4,25.8,70238,27.7,10.2,7,127.5,0,False,False,False,True,False,False
18.0,1,0,1529.5,36.2,105462,32.7,11.3,10,134.8,0,False,False,False,False,True,False
64.0,3,0,1529.5,36.2,105462,32.7,11.3,3,112.6,0,False,False,False,False,True,False
96.0,3,0,2324.5,16.1,83796,41.1,13.4,3,59.6,1,False,False,True,False,False,False
60.0,3,0,1529.5,36.2,105462,32.7,11.3,9,29.8,0,False,False,False,False,True,False
52.0,2,1,1956.6,18.3,66372,26.5,15.3,11,54.2,0,True,False,False,False,False,False
71.0,3,0,2155.0,15.3,70863,28.8,15.8,12,344.7,0,False,False,False,False,False,True
82.0,4,1,1956.6,18.3,66372,26.5,15.3,4,151.9,0,True,False,False,False,False,False
86.0,4,0,1529.5,36.2,105462,32.7,11.3,12,23.9,0,False,False,False,False,True,False
190.0,5,1,1956.6,18.3,66372,26.5,15.3,1,224.0,0,True,False,False,False,False,False
36.0,2,0,1935.5,19.1,96734,32.2,13.0,9,85.5,0,False,True,False,False,False,False
126.0,4,1,1638.4,25.8,70238,27.7,10.2,7,188.7,0,False,False,False,True,False,False
32.0,2,0,2324.5,16.1,83796,41.1,13.4,11,51.6,0,False,False,True,False,False,False
83.0,3,0,2324.5,16.1,83796,41.1,13.4,9,61.5,0,False,False,True,False,False,False
94.0,4,1,1956.6,18.3,66372,26.5,15.3,6,72.2,0,True,False,False,False,False,False
59.0,3,0,1935.5,19.1,96734,32.2,13.0,7,259.3,0,False,True,False,False,False,False
40.0,2,0,1935.5,19.1,96734,32.2,13.0,9,57.3,0,False,True,False,False,False,False
61.0,2,0,1935.5,19.1,96734,32.2,13.0,3,98.6,0,False,True,False,False,False,False
84.0,4,0,1935.5,19.1,96734,32.2,13.0,7,139.7,0,False,True,False,False,False,False
70.0,4,0,2324.5,16.1,83796,41.1,13.4,4,45.3,0,False,False,True,False,False,False
23.0,1,0,1529.5,36.2,105462,32.7,11.3,2,239.8,0,False,False,False,False,True,False
65.0,4,0,2324.5,16.1,83796,41.1,13.4,9,154.6,0,False,False,True,False,False,False
23.0,1,0,2324.5,16.1,83796,41.1,13.4,2,30.8,0,False,False,True,False,False,False
76.0,4,0,1638.4,25.8,70238,27.7,10.2,5,135.3,0,False,False,False,True,False,False
48.0,2,0,2324.5,16.1,83796,41.1,13.4,10,171.8,0,False,False,True,False,False,False
85.0,4,0,1529.5,36.2,105462,32.7,11.3,1,19.0,0,False,False,False,False,True,False
122.0,6,1,1638.4,25.8,70238,27.7,10.2,4,85.5,0,False,False,False,True,False,False
37.0,2,0,1638.4,25.8,70238,27.7,10.2,6,113.9,0,False,False,False,True,False,False
24.0,1,0,1529.5,36.2,105462,32.7,11.3,9,92.7,0,False,False,False,False,True,False
61.0,3,0,1935.5,19.1,96734,32.2,13.0,10,106.3,0,False,True,False,False,False,False
138.0,4,1,1935.5,19.1,96734,32.2,13.0,6,241.2,0,False,True,False,False,False,False
48.0,2,0,2324.5,16.1,83796,41.1,13.4,6,105.0,0,False,False,True,False,False,False
46.0,2,0,2155.0,15.3,70863,28.8,15.8,8,87.4,0,False,False,False,False,False,True
63.0,3,0,1529.5,36.2,105462,32.7,11.3,7,138.6,0,False,False,False,False,True,False
41.0,2,0,2155.0,15.3,70863,28.8,15.8,7,115.8,0,False,False,False,False,False,True
50.0,2,0,1935.5,19.1,96734,32.2,13.0,9,470.6,0,False,True,False,False,False,False
107.0,6,1,1638.4,25.8,70238,27.7,10.2,2,159.9,0,False,False,False,True,False,False
74.0,4,1,1956.6,18.3,66372,26.5,15.3,3,137.5,0,True,False,False,False,False,False
60.0,3,0,1956.6,18.3,66372,26.5,15.3,9,379.2,0,True,False,False,False,False,False
77.0,4,1,1935.5,19.1,96734,32.2,13.0,7,268.6,0,False,True,False,False,False,False
73.0,4,0,1956.6,18.3,66372,26.5,15.3,3,176.0,0,True,False,False,False,False,False
88.0,4,0,2155.0,15.3,70863,28.8,15.8,1,34.1,0,False,False,False,False,False,True
41.0,2,0,1529.5,36.2,105462,32.7,11.3,7,169.3,0,False,False,False,False,True,False
66.0,3,0,1935.5,19.1,96734,32.2,13.0,10,125.7,0,False,True,False,False,False,False
40.0,2,0,1529.5,36.2,105462,32.7,11.3,7,148.7,0,False,False,False,False,True,False
106.0,4,0,2324.5,16.1,83796,41.1,13.4,3,112.1,1,False,False,True,False,False,False
62.0,3,0,1935.5,19.1,96734,32.2,13.0,12,94.5,0,False,True,False,False,False,False
104.0,4,1,1529.5,36.2,105462,32.7,11.3,6,191.6,0,False,False,False,False,True,False
74.0,4,0,1638.4,25.8,70238,27.7,10.2,10,43.1,0,False,False,False,True,False,False
83.0,4,0,1935.5,19.1,96734,32.2,13.0,2,124.6,0,False,True,False,False,False,False
54.0,2,0,1935.5,19.1,96734,32.2,13.0,6,94.4,0,False,True,False,False,False,False
90.0,5,1,1935.5,19.1,96734,32.2,13.0,3,153.9,0,False,True,False,False,False,False
168.0,5,1,1956.6,18.3,66372,26.5,15.3,7,265.8,0,True,False,False,False,False,False
66.0,3,0,2155.0,15.3,70863,28.8,15.8,8,135.0,0,False,False,False,False,False,True
124.0,6,1,1638.4,25.8,70238,27.7,10.2,11,156.4,0,False,False,False,True,False,False
44.0,2,0,1935.5,19.1,96734,32.2,13.0,12,89.7,0,False,True,False,False,False,False
42.0,2,0,1935.5,19.1,96734,32.2,13.0,8,71.7,0,False,True,False,False,False,False
67.0,4,0,1529.5,36.2,105462,32.7,11.3,10,120.5,0,False,False,False,False,True,False
61.0,3,0,1956.6,18.3,66372,26.5,15.3,12,66.7,0,True,False,False,False,False,False
83.0,4,1,1638.4,25.8,70238,27.7,10.2,5,184.9,0,False,False,False,True,False,False
24.0,1,0,2155.0,15.3,70863,28.8,15.8,11,111.3,0,False,False,False,False,False,True
19.0,1,0,1529.5,36.2,105462,32.7,11.3,8,235.7,0,False,False,False,False,True,False
65.0,3,1,1935.5,19.1,96734,32.2,13.0,11,205.0,0,False,True,False,False,False,False
37.0,2,0,1529.5,36.2,105462,32.7,11.3,12,105.4,0,False,False,False,False,True,False
44.0,2,0,1638.4,25.8,70238,27.7,10.2,10,12.7,0,False,False,False,True,False,False
40.0,2,0,1935.5,19.1,96734,32.2,13.0,9,105.9,0,False,True,False,False,False,False
85.0,4,0,1935.5,19.1,96734,32.2,13.0,6,164.6,0,False,True,False,False,False,False
149.0,6,0,2155.0,15.3,70863,28.8,15.8,3,99.5,0,False,False,False,False,False,True
66.0,3,1,1956.6,18.3,66372,26.5,15.3,11,138.2,0,True,False,False,False,False,False
48.0,2,0,2324.5,16.1,83796,41.1,13.4,7,272.9,0,False,False,True,False,False,False
103.0,4,0,1935.5,19.1,96734,32.2,13.0,5,274.4,0,False,True,False,False,False,False
64.0,3,0,1638.4,25.8,70238,27.7,10.2,10,223.3,0,False,False,False,True,False,False
24.0,1,0,1638.4,25.8,70238,27.7,10.2,7,290.4,1,False,False,False,True,False,False
69.0,3,0,2155.0,15.3,70863,28.8,15.8,4,109.9,0,False,False,False,False,False,True
68.0,3,0,1935.5,19.1,96734,32.2,13.0,8,131.7,0,False,True,False,False,False,False
65.0,3,0,1956.6,18.3,66372,26.5,15.3,2,173.1,0,True,False,False,False,False,False
50.0,2,1,1956.6,18.3,66372,26.5,15.3,2,29.1,0,True,False,False,False,False,False
62.0,3,0,2155.0,15.3,70863,28.8,15.8,6,251.2,0,False,False,False,False,False,True
28.0,2,0,2155.0,15.3,70863,28.8,15.8,11,161.2,0,False,False,False,False,False,True
62.0,4,0,1529.5,36.2,105462,32.7,11.3,9,186.0,0,False,False,False,False,True,False
77.0,3,0,1935.5,19.1,96734,32.2,13.0,11,142.4,0,False,True,False,False,False,False
45.0,2,0,1638.4,25.8,70238,27.7,10.2,7,109.5,0,False,False,False,True,False,False
99.0,4,0,1638.4,25.8,70238,27.7,10.2,10,267.4,1,False,False,False,True,False,False
63.0,3,0,2155.0,15.3,70863,28.8,15.8,3,154.6,0,False,False,False,False,False,True
73.0,4,0,1956.6,18.3,66372,26.5,15.3,10,316.7,0,True,False,False,False,False,False
55.0,4,0,1638.4,25.8,70238,27.7,10.2,9,275.5,0,False,False,False,True,False,False
80.0,4,0,1956.6,18.3,66372,26.5,15.3,2,41.2,0,True,False,False,False,False,False
56.0,3,0,2155.0,15.3,70863,28.8,15.8,12,276.8,0,False,False,False,False,False,True
65.0,3,0,1935.5,19.1,96734,32.2,13.0,3,111.0,0,False,True,False,False,False,False
37.0,1,0,2324.5,16.1,83796,41.1,13.4,11,118.4,0,False,False,True,False,False,False
46.0,2,0,2324.5,16.1,83796,41.1,13.4,7,299.1,0,False,False,True,False,False,False
64.0,3,0,1529.5,36.2,105462,32.7,11.3,1,241.5,0,False,False,False,False,True,False
34.0,1,1,1529.5,36.2,105462,32.7,11.3,11,91.4,0,False,False,False,False,True,False
62.0,3,0,1935.5,19.1,96734,32.2,13.0,3,65.5,0,False,True,False,False,False,False
61.0,3,0,2155.0,15.3,70863,28.8,15.8,5,181.0,0,False,False,False,False,False,True
20.0,1,0,2155.0,15.3,70863,28.8,15.8,5,120.1,0,False,False,False,False,False,True
48.0,2,0,1935.5,19.1,96734,32.2,13.0,5,63.4,0,False,True,False,False,False,False
83.0,4,0,1638.4,25.8,70238,27.7,10.2,12,205.5,0,False,False,False,True,False,False
46.0,2,0,1935.5,19.1,96734,32.2,13.0,4,240.0,0,False,True,False,False,False,False
62.0,3,0,1529.5,36.2,105462,32.7,11.3,7,100.2,0,False,False,False,False,True,False
102.0,4,0,2324.5,16.1,83796,41.1,13.4,1,123.3,0,False,False,True,False,False,False
95.0,4,0,2324.5,16.1,83796,41.1,13.4,5,301.9,0,False,False,True,False,False,False
63.0,3,0,2155.0,15.3,70863,28.8,15.8,5,28.9,0,False,False,False,False,False,True
51.0,4,1,1529.5,36.2,105462,32.7,11.3,12,123.0,0,False,False,False,False,True,False
109.0,5,0,1529.5,36.2,105462,32.7,11.3,11,69.5,0,False,False,False,False,True,False
85.0,4,0,1935.5,19.1,96734,32.2,13.0,9,40.8,0,False,True,False,False,False,False
61.0,3,0,1935.5,19.1,96734,32.2,13.0,12,278.9,0,False,True,False,False,False,False
66.0,4,0,1935.5,19.1,96734,32.2,13.0,3,75.7,0,False,True,False,False,False,False
32.0,2,0,1529.5,36.2,105462,32.7,11.3,5,135.3,0,False,False,False,False,True,False
120.0,5,0,2324.5,16.1,83796,41.1,13.4,10,142.2,0,False,False,True,False,False,False
40.0,1,0,1956.6,18.3,66372,26.5,15.3,12,159.4,0,True,False,False,False,False,False
66.0,3,1,2324.5,16.1,83796,41.1,13.4,12,357.3,0,False,False,True,False,False,False
56.0,2,0,2324.5,16.1,83796,41.1,13.4,9,264.3,0,False,False,True,False,False,False
78.0,4,1,1529.5,36.2,105462,32.7,11.3,2,269.6,0,False,False,False,False,True,False
33.0,1,0,1638.4,25.8,70238,27.7,10.2,10,8.4,0,False,False,False,True,False,False
47.0,2,0,2324.5,16.1,83796,41.1,13.4,10,100.5,0,False,False,True,False,False,False
35.0,2,0,1529.5,36.2,105462,32.7,11.3,2,73.7,0,False,False,False,False,True,False
56.0,2,0,1956.6,18.3,66372,26.5,15.3,4,297.6,0,True,False,False,False,False,False
49.0,2,0,1956.6,18.3,66372,26.5,15.3,3,137.9,0,True,False,False,False,False,False
68.0,3,1,1529.5,36.2,105462,32.7,11.3,3,113.0,0,False,False,False,False,True,False
129.0,4,1,2155.0,15.3,70863,28.8,15.8,9,52.3,0,False,False,False,False,False,True
85.0,4,0,2155.0,15.3,70863,28.8,15.8,3,33.0,0,False,False,False,False,False,True
55.0,2,0,1935.5,19.1,96734,32.2,13.0,6,277.4,0,False,True,False,False,False,False
30.0,3,0,2155.0,15.3,70863,28.8,15.8,2,171.0,0,False,False,False,False,False,True
21.0,1,0,1638.4,25.8,70238,27.7,10.2,10,155.8,0,False,False,False,True,False,False
83.0,4,1,1529.5,36.2,105462,32.7,11.3,12,164.4,0,False,False,False,False,True,False
36.0,2,0,1956.6,18.3,66372,26.5,15.3,12,102.1,0,True,False,False,False,False,False
61.0,3,0,1638.4,25.8,70238,27.7,10.2,1,369.8,0,False,False,False,True,False,False
180.0,6,0,2324.5,16.1,83796,41.1,13.4,7,210.3,0,False,False,True,False,False,False
51.0,2,0,1638.4,25.8,70238,27.7,10.2,1,45.4,0,False,False,False,True,False,False
95.0,3,1,1638.4,25.8,70238,27.7,10.2,7,82.5,0,False,False,False,True,False,False
41.0,2,0,1529.5,36.2,105462,32.7,11.3,8,169.3,0,False,False,False,False,True,False
34.0,2,0,2324.5,16.1,83796,41.1,13.4,7,46.9,0,False,False,True,False,False,False
20.0,1,0,1529.5,36.2,105462,32.7,11.3,11,89.3,0,False,False,False,False,True,False
41.0,2,0,2155.0,15.3,70863,28.8,15.8,9,34.5,0,False,False,False,False,False,True
40.0,2,0,1638.4,25.8,70238,27.7,10.2,10,212.6,0,False,False,False,True,False,False
27.0,2,0,1529.5,36.2,105462,32.7,11.3,10,47.0,0,False,False,False,False,True,False
44.0,2,0,1935.5,19.1,96734,32.2,13.0,6,56.5,0,False,True,False,False,False,False
39.0,1,0,2324.5,16.1,83796,41.1,13.4,2,106.3,0,False,False,True,False,False,False
79.0,4,0,2324.5,16.1,83796,41.1,13.4,2,274.8,0,False,False,True,False,False,False
30.0,2,0,1935.5,19.1,96734,32.2,13.0,1,88.1,0,False,True,False,False,False,False
59.0,3,0,1638.4,25.8,70238,27.7,10.2,3,87.0,0,False,False,False,True,False,False
31.0,1,0,1935.5,19.1,96734,32.2,13.0,8,241.7,0,False,True,False,False,False,False
75.0,3,0,1529.5,36.2,105462,32.7,11.3,2,87.1,0,False,False,False,False,True,False
86.0,4,0,1935.5,19.1,96734,32.2,13.0,8,182.1,0,False,True,False,False,False,False
86.0,4,0,1638.4,25.8,70238,27.7,10.2,9,190.2,0,False,False,False,True,False,False
57.0,3,0,1935.5,19.1,96734,32.2,13.0,9,113.5,0,False,True,False,False,False,False
66.0,3,0,1529.5,36.2,105462,32.7,11.3,2,29.5,0,False,False,False,False,True,False
66.0,3,0,1935.5,19.1,96734,32.2,13.0,7,223.2,0,False,True,False,False,False,False
47.0,2,0,1935.5,19.1,96734,32.2,13.0,8,110.7,0,False,True,False,False,False,False
67.0,4,0,1935.5,19.1,96734,32.2,13.0,1,416.1,0,False,True,False,False,False,False
47.0,2,0,2155.0,15.3,70863,28.8,15.8,11,166.4,0,False,False,False,False,False,True
71.0,3,1,1638.4,25.8,70238,27.7,10.2,11,110.2,0,False,False,False,True,False,False
40.0,2,0,2324.5,16.1,83796,41.1,13.4,6,91.9,0,False,False,True,False,False,False
88.0,4,0,1956.6,18.3,66372,26.5,15.3,2,155.5,0,True,False,False,False,False,False
23.0,1,0,1529.5,36.2,105462,32.7,11.3,1,148.0,0,False,False,False,False,True,False
73.0,3,0,1529.5,36.2,105462,32.7,11.3,6,121.9,0,False,False,False,False,True,False
68.0,4,0,1529.5,36.2,105462,32.7,11.3,8,88.1,0,False,False,False,False,True,False
78.0,3,0,2324.5,16.1,83796,41.1,13.4,9,26.3,0,False,False,True,False,False,False
63.0,3,0,1956.6,18.3,66372,26.5,15.3,4,185.0,0,True,False,False,False,False,False
57.0,3,0,1638.4,25.8,70238,27.7,10.2,2,226.5,0,False,False,False,True,False,False
57.0,3,0,1638.4,25.8,70238,27.7,10.2,9,76.6,0,False,False,False,True,False,False
100.0,5,1,1956.6,18.3,66372,26.5,15.3,6,329.9,0,True,False,False,False,False,False
49.0,2,0,1956.6,18.3,66372,26.5,15.3,10,43.3,1,True,False,False,False,False,False
77.0,4,0,1529.5,36.2,105462,32.7,11.3,11,64.8,1,False,False,False,False,True,False
66.0,3,0,1529.5,36.2,105462,32.7,11.3,10,66.3,0,False,False,False,False,True,False
14.0,1,0,2155.0,15.3,70863,28.8,15.8,4,105.5,0,False,False,False,False,False,True
18.0,1,0,2324.5,16.1,83796,41.1,13.4,7,104.4,0,False,False,True,False,False,False
60.0,2,0,1935.5,19.1,96734,32.2,13.0,12,29.2,0,False,True,False,False,False,False
95.0,5,1,1935.5,19.1,96734,32.2,13.0,2,226.4,0,False,True,False,False,False,False
105.0,2,0,2324.5,16.1,83796,41.1,13.4,5,78.4,0,False,False,True,False,False,False
56.0,3,0,1529.5,36.2,105462,32.7,11.3,8,195.7,0,False,False,False,False,True,False
27.0,1,0,2155.0,15.3,70863,28.8,15.8,11,99.2,0,False,False,False,False,False,True
60.0,3,1,2324.5,16.1,83796,41.1,13.4,4,14.8,0,False,False,True,False,False,False
53.0,3,0,2155.0,15.3,70863,28.8,15.8,1,170.8,0,False,False,False,False,False,True
30.0,2,0,1638.4,25.8,70238,27.7,10.2,1,89.2,0,False,False,False,True,False,False
84.0,3,1,1529.5,36.2,105462,32.7,11.3,7,163.6,0,False,False,False,False,True,False
92.0,4,0,1638.4,25.8,70238,27.7,10.2,1,65.6,0,False,False,False,True,False,False
42.0,2,0,2155.0,15.3,70863,28.8,15.8,12,181.0,0,False,False,False,False,False,True
45.0,2,0,1638.4,25.8,70238,27.7,10.2,3,125.2,0,False,False,False,True,False,False
38.0,1,0,2324.5,16.1,83796,41.1,13.4,3,164.7,0,False,False,True,False,False,False
20.0,1,0,1956.6,18.3,66372,26.5,15.3,9,94.1,0,True,False,False,False,False,False
28.0,1,0,1638.4,25.8,70238,27.7,10.2,4,51.4,0,False,False,False,True,False,False
40.0,2,0,1956.6,18.3,66372,26.5,15.3,4,214.6,0,True,False,False,False,False,False
87.0,4,0,2155.0,15.3,70863,28.8,15.8,9,190.6,0,False,False,False,False,False,True
85.0,3,0,2155.0,15.3,70863,28.8,15.8,2,97.7,0,False,False,False,False,False,True
93.0,5,0,1956.6,18.3,66372,26.5,15.3,10,102.7,0,True,False,False,False,False,False
57.0,3,0,1935.5,19.1,96734,32.2,13.0,4,136.6,0,False,True,False,False,False,False
90.0,4,1,1956.6,18.3,66372,26.5,15.3,8,210.2,0,True,False,False,False,False,False
68.0,2,0,1529.5,36.2,105462,32.7,11.3,1,225.6,0,False,False,False,False,True,False
74.0,4,1,1956.6,18.3,66372,26.5,15.3,4,146.0,0,True,False,False,False,False,False
78.0,4,1,2155.0,15.3,70863,28.8,15.8,7,189.6,0,False,False,False,False,False,True
131.0,3,0,2324.5,16.1,83796,41.1,13.4,4,43.1,1,False,False,True,False,False,False
79.0,5,0,2324.5,16.1,83796,41.1,13.4,9,49.0,0,False,False,True,False,False,False
124.0,3,1,1956.6,18.3,66372,26.5,15.3,9,196.3,0,True,False,False,False,False,False
63.0,3,0,2324.5,16.1,83796,41.1,13.4,3,128.8,0,False,False,True,False,False,False
16.0,1,0,2324.5,16.1,83796,41.1,13.4,10,56.7,0,False,False,True,False,False,False
60.0,4,0,1638.4,25.8,70238,27.7,10.2,9,231.8,0,False,False,False,True,False,False
127.0,3,0,2324.5,16.1,83796,41.1,13.4,7,209.0,0,False,False,True,False,False,False
62.0,3,0,1638.4,25.8,70238,27.7,10.2,4,91.4,0,False,False,False,True,False,False
63.0,3,0,1529.5,36.2,105462,32.7,11.3,12,57.4,0,False,False,False,False,True,False
40.0,2,0,2155.0,15.3,70863,28.8,15.8,2,3.8,0,False,False,False,False,False,True
48.0,2,0,2155.0,15.3,70863,28.8,15.8,3,277.8,0,False,False,False,False,False,True
118.0,5,0,1935.5,19.1,96734,32.2,13.0,1,139.7,0,False,True,False,False,False,False
19.0,1,0,1638.4,25.8,70238,27.7,10.2,5,200.1,0,False,False,False,True,False,False
105.0,4,0,1529.5,36.2,105462,32.7,11.3,7,197.6,0,False,False,False,False,True,False
50.0,2,0,1638.4,25.8,70238,27.7,10.2,4,56.5,0,False,False,False,True,False,False
108.0,3,0,2324.5,16.1,83796,41.1,13.4,8,84.5,0,False,False,True,False,False,False
65.0,3,0,1529.5,36.2,105462,32.7,11.3,8,111.2,0,False,False,False,False,True,False
68.0,4,0,1956.6,18.3,66372,26.5,15.3,11,137.1,0,True,False,False,False,False,False
62.0,3,0,2155.0,15.3,70863,28.8,15.8,1,187.3,0,False,False,False,False,False,True
77.0,4,0,2155.0,15.3,70863,28.8,15.8,7,145.4,0,False,False,False,False,False,True
38.0,1,0,2324.5,16.1,83796,41.1,13.4,3,146.4,0,False,False,True,False,False,False
50.0,2,0,1935.5,19.1,96734,32.2,13.0,8,56.1,0,False,True,False,False,False,False
65.0,4,1,1935.5,19.1,96734,32.2,13.0,1,26.0,0,False,True,False,False,False,False
94.0,3,0,1956.6,18.3,66372,26.5,15.3,6,232.9,0,True,False,False,False,False,False
160.0,5,1,1638.4,25.8,70238,27.7,10.2,11,110.6,0,False,False,False,True,False,False
50.0,2,0,1638.4,25.8,70238,27.7,10.2,2,242.2,0,False,False,False,True,False,False
108.0,5,0,1956.6,18.3,66372,26.5,15.3,12,159.4,0,True,False,False,False,False,False
73.0,3,0,2324.5,16.1,83796,41.1,13.4,2,171.1,0,False,False,True,False,False,False
132.0,4,0,2155.0,15.3,70863,28.8,15.8,10,97.8,0,False,False,False,False,False,True
56.0,3,0,1935.5,19.1,96734,32.2,13.0,1,32.0,0,False,True,False,False,False,False
51.0,3,0,1935.5,19.1,96734,32.2,13.0,7,424.1,0,False,True,False,False,False,False
132.0,5,1,1638.4,25.8,70238,27.7,10.2,12,33.1,0,False,False,False,True,False,False
68.0,3,0,1638.4,25.8,70238,27.7,10.2,3,159.6,0,False,False,False,True,False,False
41.0,2,0,1935.5,19.1,96734,32.2,13.0,12,123.9,0,False,True,False,False,False,False
98.0,4,1,1638.4,25.8,70238,27.7,10.2,7,279.0,0,False,False,False,True,False,False
50.0,3,0,1935.5,19.1,96734,32.2,13.0,8,290.5,0,False,True,False,False,False,False
30.0,1,0,2155.0,15.3,70863,28.8,15.8,3,97.7,0,False,False,False,False,False,True
57.0,3,0,1529.5,36.2,105462,32.7,11.3,8,199.2,0,False,False,False,False,True,False
36.0,2,0,1935.5,19.1,96734,32.2,13.0,5,20.4,0,False,True,False,False,False,False
55.0,3,0,1956.6,18.3,66372,26.5,15.3,6,126.6,0,True,False,False,False,False,False
110.0,4,0,2155.0,15.3,70863,28.8,15.8,3,79.1,0,False,False,False,False,False,True
27.0,1,0,2324.5,16.1,83796,41.1,13.4,4,87.3,0,False,False,True,False,False,False
41.0,2,0,1529.5,36.2,105462,32.7,11.3,4,156.5,0,False,False,False,False,True,False
48.0,2,0,1638.4,25.8,70238,27.7,10.2,8,132.2,0,False,False,False,True,False,False
21.0,1,0,2324.5,16.1,83796,41.1,13.4,11,87.4,0,False,False,True,False,False,False
32.0,1,0,1529.5,36.2,105462,32.7,11.3,10,112.3,0,False,False,False,False,True,False
174.0,8,1,1529.5,36.2,105462,32.7,11.3,3,256.6,0,False,False,False,False,True,False
32.0,1,0,1935.5,19.1,96734,32.2,13.0,11,108.0,0,False,True,False,False,False,False
61.0,3,0,2324.5,16.1,83796,41.1,13.4,5,129.7,0,False,False,True,False,False,False
62.0,2,0,1935.5,19.1,96734,32.2,13.0,4,148.1,0,False,True,False,False,False,False
53.0,3,0,1638.4,25.8,70238,27.7,10.2,8,61.3,0,False,False,False,True,False,False
50.0,2,0,2324.5,16.1,83796,41.1,13.4,10,113.0,0,False,False,True,False,False,False
140.0,5,1,1935.5,19.1,96734,32.2,13.0,12,129.6,0,False,True,False,False,False,False
109.0,5,0,1638.4,25.8,70238,27.7,10.2,6,259.8,1,False,False,False,True,False,False
63.0,4,0,1638.4,25.8,70238,27.7,10.2,2,47.7,0,False,False,False,True,False,False
24.0,1,0,2155.0,15.3,70863,28.8,15.8,11,142.1,1,False,False,False,False,False,True
69.0,3,1,1935.5,19.1,96734,32.2,13.0,1,191.9,0,False,True,False,False,False,False
48.0,2,0,1935.5,19.1,96734,32.2,13.0,8,117.8,0,False,True,False,False,False,False
62.0,3,0,1529.5,36.2,105462,32.7,11.3,1,55.2,0,False,False,False,False,True,False
66.0,4,0,1935.5,19.1,96734,32.2,13.0,7,84.8,0,False,True,False,False,False,False
93.0,3,0,1529.5,36.2,105462,32.7,11.3,5,52.5,0,False,False,False,False,True,False
85.0,4,1,1935.5,19.1,96734,32.2,13.0,8,390.7,0,False,True,False,False,False,False
20.0,1,0,1638.4,25.8,70238,27.7,10.2,4,97.2,0,False,False,False,True,False,False
55.0,2,0,1956.6,18.3,66372,26.5,15.3,3,243.7,0,True,False,False,False,False,False
131.0,4,0,1935.5,19.1,96734,32.2,13.0,2,27.7,0,False,True,False,False,False,False
16.0,1,0,2324.5,16.1,83796,41.1,13.4,8,68.3,0,False,False,True,False,False,False
73.0,4,0,1956.6,18.3,66372,26.5,15.3,10,294.5,0,True,False,False,False,False,False
66.0,4,0,1935.5,19.1,96734,32.2,13.0,4,84.8,0,False,True,False,False,False,False
212.0,5,0,2324.5,16.1,83796,41.1,13.4,5,191.7,0,False,False,True,False,False,False
66.0,4,1,1529.5,36.2,105462,32.7,11.3,8,248.5,0,False,False,False,False,True,False
54.0,4,0,2155.0,15.3,70863,28.8,15.8,8,82.8,0,False,False,False,False,False,True
14.0,1,0,1935.5,19.1,96734,32.2,13.0,9,157.5,0,False,True,False,False,False,False
31.0,1,0,1638.4,25.8,70238,27.7,10.2,10,111.2,0,False,False,False,True,False,False
90.0,3,0,2324.5,16.1,83796,41.1,13.4,10,149.8,0,False,False,True,False,False,False
29.0,2,0,1638.4,25.8,70238,27.7,10.2,4,90.2,0,False,False,False,True,False,False
35.0,2,0,2324.5,16.1,83796,41.1,13.4,11,44.5,0,False,False,True,False,False,False
82.0,4,0,1935.5,19.1,96734,32.2,13.0,11,236.7,0,False,True,False,False,False,False
88.0,3,1,1638.4,25.8,70238,27.7,10.2,1,134.9,0,False,False,False,True,False,False
23.0,1,0,1935.5,19.1,96734,32.2,13.0,6,138.8,0,False,True,False,False,False,False
94.0,4,0,1935.5,19.1,96734,32.2,13.0,9,219.5,0,False,True,False,False,False,False
117.0,4,0,1638.4,25.8,70238,27.7,10.2,11,100.5,0,False,False,False,True,False,False
80.0,4,0,1638.4,25.8,70238,27.7,10.2,6,321.9,0,False,False,False,True,False,False
66.0,4,1,1638.4,25.8,70238,27.7,10.2,10,166.3,0,False,False,False,True,False,False
68.0,4,0,1956.6,18.3,66372,26.5,15.3,3,32.4,0,True,False,False,False,False,False
20.0,1,0,2324.5,16.1,83796,41.1,13.4,1,166.5,0,False,False,True,False,False,False
55.0,3,0,1638.4,25.8,70238,27.7,10.2,5,120.7,0,False,False,False,True,False,False
53.0,3,0,1638.4,25.8,70238,27.7,10.2,9,61.3,0,False,False,False,True,False,False
59.0,3,0,1956.6,18.3,66372,26.5,15.3,12,519.7,0,True,False,False,False,False,False
87.0,4,0,1529.5,36.2,105462,32.7,11.3,3,165.4,0,False,False,False,False,True,False
54.0,3,0,1638.4,25.8,70238,27.7,10.2,10,268.6,0,False,False,False,True,False,False
67.0,3,0,1638.4,25.8,70238,27.7,10.2,9,207.0,0,False,False,False,True,False,False
62.0,3,0,1638.4,25.8,70238,27.7,10.2,7,50.2,1,False,False,False,True,False,False
71.0,2,0,2324.5,16.1,83796,41.1,13.4,9,124.7,0,False,False,True,False,False,False
43.0,2,0,1529.5,36.2,105462,32.7,11.3,10,66.4,0,False,False,False,False,True,False
70.0,4,0,1529.5,36.2,105462,32.7,11.3,11,213.8,0,False,False,False,False,True,False
68.0,3,1,1935.5,19.1,96734,32.2,13.0,12,300.9,0,False,True,False,False,False,False
120.0,5,1,1638.4,25.8,70238,27.7,10.2,6,154.1,0,False,False,False,True,False,False
75.0,3,0,1638.4,25.8,70238,27.7,10.2,12,36.0,0,False,False,False,True,False,False
38.0,2,0,1638.4,25.8,70238,27.7,10.2,6,105.5,0,False,False,False,True,False,False
45.0,2,0,2324.5,16.1,83796,41.1,13.4,1,146.1,0,False,False,True,False,False,False
79.0,4,0,1529.5,36.2,105462,32.7,11.3,12,148.7,0,False,False,False,False,True,False
57.0,3,0,2155.0,15.3,70863,28.8,15.8,7,86.8,0,False,False,False,False,False,True
53.0,3,0,2324.5,16.1,83796,41.1,13.4,9,49.8,0,False,False,True,False,False,False
31.0,2,0,1956.6,18.3,66372,26.5,15.3,5,70.3,0,True,False,False,False,False,False
109.0,4,0,2155.0,15.3,70863,28.8,15.8,9,186.6,0,False,False,False,False,False,True
56.0,3,0,1956.6,18.3,66372,26.5,15.3,9,47.8,0,True,False,False,False,False,False
115.0,4,0,2324.5,16.1,83796,41.1,13.4,7,128.2,0,False,False,True,False,False,False
113.0,4,0,1638.4,25.8,70238,27.7,10.2,12,218.5,0,False,False,False,True,False,False
42.0,2,0,1935.5,19.1,96734,32.2,13.0,4,121.4,0,False,True,False,False,False,False
52.0,2,0,1935.5,19.1,96734,32.2,13.0,10,31.0,0,False,True,False,False,False,False
52.0,2,0,2155.0,15.3,70863,28.8,15.8,10,154.2,0,False,False,False,False,False,True
32.0,1,0,2324.5,16.1,83796,41.1,13.4,9,28.4,0,False,False,True,False,False,False
84.0,4,1,1638.4,25.8,70238,27.7,10.2,7,142.8,0,False,False,False,True,False,False
80.0,3,0,1638.4,25.8,70238,27.7,10.2,8,146.3,0,False,False,False,True,False,False
83.0,4,0,2324.5,16.1,83796,41.1,13.4,1,39.4,0,False,False,True,False,False,False
57.0,3,0,2155.0,15.3,70863,28.8,15.8,2,75.2,0,False,False,False,False,False,True
112.0,5,0,2155.0,15.3,70863,28.8,15.8,10,94.4,0,False,False,False,False,False,True
85.0,4,0,1638.4,25.8,70238,27.7,10.2,3,54.3,0,False,False,False,True,False,False
54.0,3,0,1638.4,25.8,70238,27.7,10.2,6,12.4,0,False,False,False,True,False,False
38.0,2,0,1638.4,25.8,70238,27.7,10.2,7,62.4,0,False,False,False,True,False,False
56.0,3,0,1529.5,36.2,105462,32.7,11.3,7,97.3,0,False,False,False,False,True,False
62.0,4,0,2155.0,15.3,70863,28.8,15.8,3,179.0,0,False,False,False,False,False,True
59.0,3,0,1529.5,36.2,105462,32.7,11.3,7,144.5,0,False,False,False,False,True,False
106.0,3,0,2324.5,16.1,83796,41.1,13.4,3,100.3,1,False,False,True,False,False,False
79.0,4,0,1529.5,36.2,105462,32.7,11.3,10,145.2,0,False,False,False,False,True,False
65.0,3,0,1529.5,36.2,105462,32.7,11.3,12,109.7,0,False,False,False,False,True,False
90.0,4,0,1956.6,18.3,66372,26.5,15.3,7,59.1,0,True,False,False,False,False,False
60.0,3,1,1935.5,19.1,96734,32.2,13.0,10,106.2,0,False,True,False,False,False,False
48.0,2,0,1638.4,25.8,70238,27.7,10.2,9,127.1,1,False,False,False,True,False,False
16.0,1,0,1529.5,36.2,105462,32.7,11.3,11,152.8,0,False,False,False,False,True,False
94.0,4,1,1529.5,36.2,105462,32.7,11.3,6,186.8,0,False,False,False,False,True,False
25.0,1,0,1638.4,25.8,70238,27.7,10.2,10,111.7,1,False,False,False,True,False,False
71.0,4,0,1935.5,19.1,96734,32.2,13.0,9,228.1,0,False,True,False,False,False,False
51.0,2,0,2155.0,15.3,70863,28.8,15.8,5,76.9,0,False,False,False,False,False,True
85.0,3,1,1529.5,36.2,105462,32.7,11.3,6,176.7,0,False,False,False,False,True,False
78.0,3,0,1935.5,19.1,96734,32.2,13.0,12,187.2,0,False,True,False,False,False,False
60.0,3,0,1935.5,19.1,96734,32.2,13.0,12,37.5,0,False,True,False,False,False,False
72.0,2,1,1956.6,18.3,66372,26.5,15.3,1,127.2,0,True,False,False,False,False,False
72.0,4,0,1638.4,25.8,70238,27.7,10.2,12,71.9,0,False,False,False,True,False,False
83.0,4,0,2324.5,16.1,83796,41.1,13.4,8,61.4,0,False,False,True,False,False,False
72.0,3,0,2324.5,16.1,83796,41.1,13.4,9,139.3,0,False,False,True,False,False,False
62.0,3,0,1935.5,19.1,96734,32.2,13.0,12,272.8,0,False,True,False,False,False,False
15.0,1,0,1956.6,18.3,66372,26.5,15.3,12,132.0,0,True,False,False,False,False,False
99.0,5,0,1956.6,18.3,66372,26.5,15.3,2,323.7,0,True,False,False,False,False,False
32.0,2,0,2324.5,16.1,83796,41.1,13.4,4,152.0,0,False,False,True,False,False,False
83.0,4,0,1935.5,19.1,96734,32.2,13.0,4,122.3,0,False,True,False,False,False,False
28.0,1,0,1638.4,25.8,70238,27.7,10.2,5,181.4,0,False,False,False,True,False,False
22.0,1,0,2324.5,16.1,83796,41.1,13.4,10,27.6,1,False,False,True,False,False,False
34.0,2,0,2324.5,16.1,83796,41.1,13.4,6,218.3,0,False,False,True,False,False,False
50.0,2,0,1638.4,25.8,70238,27.7,10.2,7,352.9,0,False,False,False,True,False,False
64.0,3,0,1935.5,19.1,96734,32.2,13.0,3,99.9,0,False,True,False,False,False,False
42.0,2,0,2155.0,15.3,70863,28.8,15.8,1,163.1,0,False,False,False,False,False,True
23.0,1,0,1529.5,36.2,105462,32.7,11.3,5,110.3,0,False,False,False,False,True,False
30.0,1,0,1638.4,25.8,70238,27.7,10.2,7,249.3,0,False,False,False,True,False,False
25.0,2,0,1529.5,36.2,105462,32.7,11.3,5,217.5,0,False,False,False,False,True,False
109.0,6,0,1529.5,36.2,105462,32.7,11.3,4,129.2,0,False,False,False,False,True,False
80.0,3,0,1638.4,25.8,70238,27.7,10.2,4,92.6,0,False,False,False,True,False,False
60.0,3,1,1638.4,25.8,70238,27.7,10.2,7,40.4,0,False,False,False,True,False,False
39.0,2,0,1638.4,25.8,70238,27.7,10.2,9,12.7,0,False,False,False,True,False,False
65.0,4,0,1935.5,19.1,96734,32.2,13.0,5,74.6,0,False,True,False,False,False,False
32.0,1,0,1529.5,36.2,105462,32.7,11.3,12,171.8,0,False,False,False,False,True,False
73.0,4,0,1638.4,25.8,70238,27.7,10.2,5,178.1,0,False,False,False,True,False,False
150.0,5,0,2324.5,16.1,83796,41.1,13.4,7,61.4,0,False,False,True,False,False,False
49.0,3,0,1529.5,36.2,105462,32.7,11.3,2,104.8,0,False,False,False,False,True,False
85.0,5,0,1638.4,25.8,70238,27.7,10.2,12,107.8,0,False,False,False,True,False,False
80.0,4,0,2324.5,16.1,83796,41.1,13.4,3,119.5,0,False,False,True,False,False,False
56.0,2,0,1529.5,36.2,105462,32.7,11.3,7,20.1,0,False,False,False,False,True,False
22.0,1,0,1529.5,36.2,105462,32.7,11.3,2,32.9,0,False,False,False,False,True,False
42.0,2,0,1935.5,19.1,96734,32.2,13.0,7,260.5,0,False,True,False,False,False,False
23.0,1,0,2155.0,15.3,70863,28.8,15.8,6,164.3,0,False,False,False,False,False,True
32.0,1,0,1529.5,36.2,105462,32.7,11.3,9,179.7,0,False,False,False,False,True,False
90.0,4,0,1935.5,19.1,96734,32.2,13.0,10,198.8,0,False,True,False,False,False,False
54.0,3,0,2324.5,16.1,83796,41.1,13.4,6,188.4,0,False,False,True,False,False,False
66.0,4,0,1529.5,36.2,105462,32.7,11.3,9,85.7,0,False,False,False,False,True,False
40.0,2,0,1935.5,19.1,96734,32.2,13.0,5,281.7,0,False,True,False,False,False,False
114.0,5,1,1956.6,18.3,66372,26.5,15.3,2,388.2,0,True,False,False,False,False,False
49.0,2,0,2324.5,16.1,83796,41.1,13.4,9,130.4,0,False,False,True,False,False,False
24.0,2,1,1529.5,36.2,105462,32.7,11.3,5,74.6,0,False,False,False,False,True,False
82.0,3,1,1956.6,18.3,66372,26.5,15.3,3,322.2,0,True,False,False,False,False,False
40.0,2,0,1935.5,19.1,96734,32.2,13.0,1,269.5,0,False,True,False,False,False,False
39.0,2,0,1935.5,19.1,96734,32.2,13.0,4,141.8,0,False,True,False,False,False,False
56.0,3,0,1935.5,19.1,96734,32.2,13.0,7,152.5,0,False,True,False,False,False,False
54.0,3,0,1956.6,18.3,66372,26.5,15.3,4,70.3,0,True,False,False,False,False,False
53.0,2,0,1638.4,25.8,70238,27.7,10.2,6,79.6,0,False,False,False,True,False,False
50.0,3,0,1935.5,19.1,96734,32.2,13.0,10,10.2,0,False,True,False,False,False,False
49.0,2,0,1638.4,25.8,70238,27.7,10.2,5,91.3,0,False,False,False,True,False,False
88.0,4,0,1529.5,36.2,105462,32.7,11.3,10,173.9,0,False,False,False,False,True,False
51.0,2,0,1935.5,19.1,96734,32.2,13.0,9,76.2,0,False,True,False,False,False,False
21.0,1,0,2324.5,16.1,83796,41.1,13.4,9,126.6,0,False,False,True,False,False,False
140.0,5,0,2324.5,16.1,83796,41.1,13.4,1,52.5,0,False,False,True,False,False,False
65.0,3,0,2324.5,16.1,83796,41.1,13.4,8,37.7,0,False,False,True,False,False,False
30.0,1,0,1935.5,19.1,96734,32.2,13.0,11,130.2,0,False,True,False,False,False,False
54.0,3,0,1935.5,19.1,96734,32.2,13.0,12,102.6,0,False,True,False,False,False,False
73.0,3,0,2155.0,15.3,70863,28.8,15.8,6,37.1,0,False,False,False,False,False,True
84.0,4,0,1935.5,19.1,96734,32.2,13.0,1,128.0,0,False,True,False,False,False,False
68.0,4,0,2155.0,15.3,70863,28.8,15.8,8,115.7,0,False,False,False,False,False,True
110.0,5,1,1956.6,18.3,66372,26.5,15.3,4,223.4,0,True,False,False,False,False,False
40.0,2,0,1956.6,18.3,66372,26.5,15.3,11,169.1,0,True,False,False,False,False,False
51.0,2,0,1935.5,19.1,96734,32.2,13.0,12,76.2,0,False,True,False,False,False,False
90.0,3,0,2324.5,16.1,83796,41.1,13.4,12,121.7,0,False,False,True,False,False,False
92.0,4,0,1935.5,19.1,96734,32.2,13.0,9,354.6,0,False,True,False,False,False,False
30.0,2,0,1956.6,18.3,66372,26.5,15.3,2,125.2,0,True,False,False,False,False,False
120.0,4,1,1956.6,18.3,66372,26.5,15.3,12,138.9,0,True,False,False,False,False,False
45.0,2,0,1529.5,36.2,105462,32.7,11.3,1,178.8,0,False,False,False,False,True,False
52.0,3,0,1935.5,19.1,96734,32.2,13.0,4,271.9,0,False,True,False,False,False,False
43.0,2,0,2324.5,16.1,83796,41.1,13.4,3,165.7,0,False,False,True,False,False,False
58.0,3,0,1935.5,19.1,96734,32.2,13.0,12,41.7,0,False,True,False,False,False,False
93.0,4,0,1935.5,19.1,96734,32.2,13.0,11,106.3,0,False,True,False,False,False,False
74.0,4,0,1638.4,25.8,70238,27.7,10.2,10,139.6,0,False,False,False,True,False,False
20.0,2,0,1956.6,18.3,66372,26.5,15.3,7,99.1,1,True,False,False,False,False,False
28.0,1,0,1529.5,36.2,105462,32.7,11.3,2,69.4,0,False,False,False,False,True,False
20.0,1,0,2155.0,15.3,70863,28.8,15.8,9,120.1,0,False,False,False,False,False,True
29.0,1,0,1638.4,25.8,70238,27.7,10.2,8,212.3,0,False,False,False,True,False,False
85.0,4,1,1956.6,18.3,66372,26.5,15.3,8,85.2,0,True,False,False,False,False,False
56.0,3,0,2324.5,16.1,83796,41.1,13.4,5,149.0,1,False,False,True,False,False,False
61.0,3,0,1529.5,36.2,105462,32.7,11.3,3,55.2,0,False,False,False,False,True,False
58.0,2,0,1935.5,19.1,96734,32.2,13.0,3,180.0,0,False,True,False,False,False,False
67.0,4,0,1638.4,25.8,70238,27.7,10.2,9,59.0,0,False,False,False,True,False,False
21.0,1,0,1935.5,19.1,96734,32.2,13.0,8,208.9,0,False,True,False,False,False,False
21.0,1,0,2324.5,16.1,83796,41.1,13.4,3,194.5,0,False,False,True,False,False,False
64.0,3,0,2324.5,16.1,83796,41.1,13.4,10,275.8,0,False,False,True,False,False,False
55.0,3,0,2155.0,15.3,70863,28.8,15.8,2,15.2,0,False,False,False,False,False,True
37.0,2,0,2324.5,16.1,83796,41.1,13.4,12,61.4,0,False,False,True,False,False,False
38.0,1,0,2324.5,16.1,83796,41.1,13.4,5,242.7,1,False,False,True,False,False,False
60.0,3,0,1935.5,19.1,96734,32.2,13.0,12,162.6,0,False,True,False,False,False,False
66.0,3,0,1935.5,19.1,96734,32.2,13.0,9,157.8,1,False,True,False,False,False,False
28.0,1,0,2324.5,16.1,83796,41.1,13.4,8,294.0,0,False,False,True,False,False,False
41.0,2,0,1935.5,19.1,96734,32.2,13.0,4,72.8,0,False,True,False,False,False,False
101.0,4,1,1956.6,18.3,66372,26.5,15.3,12,80.6,0,True,False,False,False,False,False
62.0,3,0,2155.0,15.3,70863,28.8,15.8,10,23.3,0,False,False,False,False,False,True
93.0,5,0,1956.6,18.3,66372,26.5,15.3,9,276.8,0,True,False,False,False,False,False
34.0,2,0,2155.0,15.3,70863,28.8,15.8,4,155.9,0,False,False,False,False,False,True
44.0,2,0,1935.5,19.1,96734,32.2,13.0,5,80.5,0,False,True,False,False,False,False
25.0,1,0,2324.5,16.1,83796,41.1,13.4,2,95.9,0,False,False,True,False,False,False
114.0,6,1,1935.5,19.1,96734,32.2,13.0,10,323.5,0,False,True,False,False,False,False
60.0,2,0,1638.4,25.8,70238,27.7,10.2,11,213.1,0,False,False,False,True,False,False
107.0,4,0,2155.0,15.3,70863,28.8,15.8,9,195.9,0,False,False,False,False,False,True
50.0,2,0,1935.5,19.1,96734,32.2,13.0,9,43.7,0,False,True,False,False,False,False
42.0,2,0,1638.4,25.8,70238,27.7,10.2,11,137.5,0,False,False,False,True,False,False
65.0,3,0,1529.5,36.2,105462,32.7,11.3,12,207.9,0,False,False,False,False,True,False
30.0,1,0,2155.0,15.3,70863,28.8,15.8,11,83.0,0,False,False,False,False,False,True
158.0,6,1,1935.5,19.1,96734,32.2,13.0,6,99.1,0,False,True,False,False,False,False
24.0,1,0,1956.6,18.3,66372,26.5,15.3,3,58.5,0,True,False,False,False,False,False
55.0,2,0,1956.6,18.3,66372,26.5,15.3,6,196.7,0,True,False,False,False,False,False
18.0,1,0,1956.6,18.3,66372,26.5,15.3,1,47.2,1,True,False,False,False,False,False
74.0,5,1,1956.6,18.3,66372,26.5,15.3,11,146.6,0,True,False,False,False,False,False
40.0,2,1,1638.4,25.8,70238,27.7,10.2,8,143.5,0,False,False,False,True,False,False
95.0,4,0,1529.5,36.2,105462,32.7,11.3,3,104.7,0,False,False,False,False,True,False
46.0,2,0,2324.5,16.1,83796,41.1,13.4,10,165.0,0,False,False,True,False,False,False
94.0,5,1,1956.6,18.3,66372,26.5,15.3,4,199.4,0,True,False,False,False,False,False
45.0,1,0,2324.5,16.1,83796,41.1,13.4,12,259.7,0,False,False,True,False,False,False
68.0,3,0,2324.5,16.1,83796,41.1,13.4,11,146.4,0,False,False,True,False,False,False
117.0,4,0,2324.5,16.1,83796,41.1,13.4,3,246.5,0,False,False,True,False,False,False
60.0,3,0,1935.5,19.1,96734,32.2,13.0,7,69.0,0,False,True,False,False,False,False
31.0,2,0,2155.0,15.3,70863,28.8,15.8,8,92.6,0,False,False,False,False,False,True
92.0,4,0,2155.0,15.3,70863,28.8,15.8,12,184.4,0,False,False,False,False,False,True
63.0,3,0,2155.0,15.3,70863,28.8,15.8,7,193.1,0,False,False,False,False,False,True
73.0,3,0,2324.5,16.1,83796,41.1,13.4,6,90.2,0,False,False,True,False,False,False
42.0,2,0,1638.4,25.8,70238,27.7,10.2,4,244.9,0,False,False,False,True,False,False
57.0,3,0,1638.4,25.8,70238,27.7,10.2,12,5.9,0,False,False,False,True,False,False
60.0,4,0,1638.4,25.8,70238,27.7,10.2,12,260.2,0,False,False,False,True,False,False
66.0,3,0,1638.4,25.8,70238,27.7,10.2,12,87.6,0,False,False,False,True,False,False
66.0,3,0,1529.5,36.2,105462,32.7,11.3,8,176.6,0,False,False,False,False,True,False
72.0,4,1,1638.4,25.8,70238,27.7,10.2,11,283.1,0,False,False,False,True,False,False
60.0,3,0,1935.5,19.1,96734,32.2,13.0,10,123.8,0,False,True,False,False,False,False
62.0,3,0,1935.5,19.1,96734,32.2,13.0,10,96.0,0,False,True,False,False,False,False
71.0,2,0,2324.5,16.1,83796,41.1,13.4,7,25.1,0,False,False,True,False,False,False
91.0,4,0,1638.4,25.8,70238,27.7,10.2,8,188.7,0,False,False,False,True,False,False
112.0,5,1,1638.4,25.8,70238,27.7,10.2,6,170.7,0,False,False,False,True,False,False
110.0,5,1,1529.5,36.2,105462,32.7,11.3,8,103.4,0,False,False,False,False,True,False
51.0,2,0,2324.5,16.1,83796,41.1,13.4,7,78.9,0,False,False,True,False,False,False
120.0,4,0,2324.5,16.1,83796,41.1,13.4,1,83.1,0,False,False,True,False,False,False
70.0,3,0,1935.5,19.1,96734,32.2,13.0,7,48.0,0,False,True,False,False,False,False
39.0,1,0,1529.5,36.2,105462,32.7,11.3,9,153.4,0,False,False,False,False,True,False
21.0,2,0,2324.5,16.1,83796,41.1,13.4,7,159.7,0,False,False,True,False,False,False
61.0,3,0,1956.6,18.3,66372,26.5,15.3,11,109.4,0,True,False,False,False,False,False
57.0,3,0,2324.5,16.1,83796,41.1,13.4,1,20.3,0,False,False,True,False,False,False
96.0,3,1,1935.5,19.1,96734,32.2,13.0,3,221.7,0,False,True,False,False,False,False
59.0,3,0,1935.5,19.1,96734,32.2,13.0,10,87.5,0,False,True,False,False,False,False
55.0,2,0,2324.5,16.1,83796,41.1,13.4,6,146.4,0,False,False,True,False,False,False
55.0,2,0,2324.5,16.1,83796,41.1,13.4,5,146.2,1,False,False,True,False,False,False
63.0,3,0,1638.4,25.8,70238,27.7,10.2,3,180.2,0,False,False,False,True,False,False
101.0,5,0,1638.4,25.8,70238,27.7,10.2,2,80.1,0,False,False,False,True,False,False
160.0,6,1,2324.5,16.1,83796,41.1,13.4,3,87.4,0,False,False,True,False,False,False
21.0,1,0,2324.5,16.1,83796,41.1,13.4,5,118.6,0,False,False,True,False,False,False
45.0,2,0,1935.5,19.1,96734,32.2,13.0,1,173.8,0,False,True,False,False,False,False
64.0,4,0,1529.5,36.2,105462,32.7,11.3,10,216.2,0,False,False,False,False,True,False
118.0,5,1,1529.5,36.2,105462,32.7,11.3,12,96.0,0,False,False,False,False,True,False
42.0,2,0,1935.5,19.1,96734,32.2,13.0,5,166.2,0,False,True,False,False,False,False
86.0,4,0,1638.4,25.8,70238,27.7,10.2,3,66.8,0,False,False,False,True,False,False
58.0,3,0,1529.5,36.2,105462,32.7,11.3,6,120.0,0,False,False,False,False,True,False
40.0,2,0,1935.5,19.1,96734,32.2,13.0,3,27.7,0,False,True,False,False,False,False
34.0,1,0,2155.0,15.3,70863,28.8,15.8,4,130.1,0,False,False,False,False,False,True
93.0,4,0,1638.4,25.8,70238,27.7,10.2,4,218.3,1,False,False,False,True,False,False
185.0,7,1,1529.5,36.2,105462,32.7,11.3,3,131.0,0,False,False,False,False,True,False
20.0,1,0,2155.0,15.3,70863,28.8,15.8,3,120.1,0,False,False,False,False,False,True
63.0,3,0,2155.0,15.3,70863,28.8,15.8,1,151.1,0,False,False,False,False,False,True
60.0,3,0,1935.5,19.1,96734,32.2,13.0,12,223.3,0,False,True,False,False,False,False
129.0,5,1,1638.4,25.8,70238,27.7,10.2,1,353.3,0,False,False,False,True,False,False
33.0,2,0,2155.0,15.3,70863,28.8,15.8,10,423.0,0,False,False,False,False,False,True
140.0,4,0,1935.5,19.1,96734,32.2,13.0,2,56.3,0,False,True,False,False,False,False
28.0,2,0,1529.5,36.2,105462,32.7,11.3,6,254.1,0,False,False,False,False,True,False
28.0,1,0,2155.0,15.3,70863,28.8,15.8,10,52.4,0,False,False,False,False,False,True
91.0,4,0,1529.5,36.2,105462,32.7,11.3,2,37.2,0,False,False,False,False,True,False
69.0,3,0,2324.5,16.1,83796,41.1,13.4,2,139.1,1,False,False,True,False,False,False
81.0,4,1,2155.0,15.3,70863,28.8,15.8,3,221.7,0,False,False,False,False,False,True
45.0,2,0,1935.5,19.1,96734,32.2,13.0,3,45.1,0,False,True,False,False,False,False
32.0,2,0,2324.5,16.1,83796,41.1,13.4,8,162.9,0,False,False,True,False,False,False
127.0,5,0,1529.5,36.2,105462,32.7,11.3,8,60.7,0,False,False,False,False,True,False
33.0,2,0,2324.5,16.1,83796,41.1,13.4,11,123.3,0,False,False,True,False,False,False
63.0,4,0,1935.5,19.1,96734,32.2,13.0,4,422.0,0,False,True,False,False,False,False
61.0,3,0,2155.0,15.3,70863,28.8,15.8,11,100.0,0,False,False,False,False,False,True
61.0,3,0,1935.5,19.1,96734,32.2,13.0,6,112.4,0,False,True,False,False,False,False
37.0,2,0,1956.6,18.3,66372,26.5,15.3,4,236.5,0,True,False,False,False,False,False
80.0,4,0,2155.0,15.3,70863,28.8,15.8,8,82.5,0,False,False,False,False,False,True
78.0,3,0,1956.6,18.3,66372,26.5,15.3,12,30.0,0,True,False,False,False,False,False
34.0,1,0,2324.5,16.1,83796,41.1,13.4,6,158.4,0,False,False,True,False,False,False
55.0,3,0,2155.0,15.3,70863,28.8,15.8,12,178.8,0,False,False,False,False,False,True
81.0,4,0,1529.5,36.2,105462,32.7,11.3,6,156.5,0,False,False,False,False,True,False
55.0,3,0,2324.5,16.1,83796,41.1,13.4,12,147.0,0,False,False,True,False,False,False
91.0,4,0,1956.6,18.3,66372,26.5,15.3,9,157.8,0,True,False,False,False,False,False
71.0,3,0,2155.0,15.3,70863,28.8,15.8,6,212.8,0,False,False,False,False,False,True
54.0,3,0,1638.4,25.8,70238,27.7,10.2,10,247.5,0,False,False,False,True,False,False
56.0,3,0,1529.5,36.2,105462,32.7,11.3,3,289.7,0,False,False,False,False,True,False
47.0,2,0,2155.0,15.3,70863,28.8,15.8,7,192.4,0,False,False,False,False,False,True
104.0,6,1,1935.5,19.1,96734,32.2,13.0,11,183.3,1,False,True,False,False,False,False
73.0,3,0,2155.0,15.3,70863,28.8,15.8,12,28.9,0,False,False,False,False,False,True
34.0,2,0,2324.5,16.1,83796,41.1,13.4,4,89.5,0,False,False,True,False,False,False
74.0,4,0,1529.5,36.2,105462,32.7,11.3,1,158.2,0,False,False,False,False,True,False
36.0,1,0,1935.5,19.1,96734,32.2,13.0,7,170.8,0,False,True,False,False,False,False
78.0,3,0,1935.5,19.1,96734,32.2,13.0,2,126.0,0,False,True,False,False,False,False
59.0,3,0,1935.5,19.1,96734,32.2,13.0,7,243.1,0,False,True,False,False,False,False
100.0,3,1,2155.0,15.3,70863,28.8,15.8,8,195.5,0,False,False,False,False,False,True
63.0,3,0,1529.5,36.2,105462,32.7,11.3,1,115.4,0,False,False,False,False,True,False
31.0,2,0,1935.5,19.1,96734,32.2,13.0,7,167.2,0,False,True,False,False,False,False
70.0,4,1,1638.4,25.8,70238,27.7,10.2,10,276.4,0,False,False,False,True,False,False
36.0,2,0,2324.5,16.1,83796,41.1,13.4,12,84.1,0,False,False,True,False,False,False
51.0,1,0,1529.5,36.2,105462,32.7,11.3,2,170.4,0,False,False,False,False,True,False
75.0,3,0,1935.5,19.1,96734,32.2,13.0,2,49.0,0,False,True,False,False,False,False
68.0,3,0,2155.0,15.3,70863,28.8,15.8,12,104.1,0,False,False,False,False,False,True
74.0,5,1,1935.5,19.1,96734,32.2,13.0,12,269.5,0,False,True,False,False,False,False
88.0,4,1,1638.4,25.8,70238,27.7,10.2,7,248.4,0,False,False,False,True,False,False
39.0,2,0,2324.5,16.1,83796,41.1,13.4,6,226.0,0,False,False,True,False,False,False
90.0,5,1,1638.4,25.8,70238,27.7,10.2,5,216.2,0,False,False,False,True,False,False
55.0,3,0,1935.5,19.1,96734,32.2,13.0,11,107.8,0,False,True,False,False,False,False
53.0,3,0,1956.6,18.3,66372,26.5,15.3,12,359.7,0,True,False,False,False,False,False
93.0,4,0,2324.5,16.1,83796,41.1,13.4,6,170.5,0,False,False,True,False,False,False
62.0,3,0,1529.5,36.2,105462,32.7,11.3,4,38.5,0,False,False,False,False,True,False
95.0,5,1,1956.6,18.3,66372,26.5,15.3,1,142.6,0,True,False,False,False,False,False
68.0,3,0,2155.0,15.3,70863,28.8,15.8,9,120.5,0,False,False,False,False,False,True
46.0,2,0,1638.4,25.8,70238,27.7,10.2,6,60.5,0,False,False,False,True,False,False
17.0,1,0,2324.5,16.1,83796,41.1,13.4,12,136.9,0,False,False,True,False,False,False
50.0,2,1,1638.4,25.8,70238,27.7,10.2,3,63.8,0,False,False,False,True,False,False
72.0,3,1,1529.5,36.2,105462,32.7,11.3,6,137.1,0,False,False,False,False,True,False
66.0,3,0,1529.5,36.2,105462,32.7,11.3,4,84.5,0,False,False,False,False,True,False
63.0,3,0,1529.5,36.2,105462,32.7,11.3,2,31.2,0,False,False,False,False,True,False
28.0,1,0,1935.5,19.1,96734,32.2,13.0,10,66.3,0,False,True,False,False,False,False
70.0,3,0,1935.5,19.1,96734,32.2,13.0,12,281.8,0,False,True,False,False,False,False
64.0,3,0,2155.0,15.3,70863,28.8,15.8,9,77.5,0,False,False,False,False,False,True
41.0,1,0,2324.5,16.1,83796,41.1,13.4,11,142.2,0,False,False,True,False,False,False
23.0,3,0,2324.5,16.1,83796,41.1,13.4,5,223.8,0,False,False,True,False,False,False
72.0,3,0,2155.0,15.3,70863,28.8,15.8,3,3.8,0,False,False,False,False,False,True
41.0,2,0,1935.5,19.1,96734,32.2,13.0,5,123.9,0,False,True,False,False,False,False
68.0,3,0,2155.0,15.3,70863,28.8,15.8,4,70.4,0,False,False,False,False,False,True
65.0,2,1,1935.5,19.1,96734,32.2,13.0,2,36.3,1,False,True,False,False,False,False
10.0,1,0,1638.4,25.8,70238,27.7,10.2,4,56.3,0,False,False,False,True,False,False
31.0,1,0,2324.5,16.1,83796,41.1,13.4,2,68.6,0,False,False,True,False,False,False
27.0,1,0,1935.5,19.1,96734,32.2,13.0,4,139.7,0,False,True,False,False,False,False
110.0,5,1,1956.6,18.3,66372,26.5,15.3,3,292.1,0,True,False,False,False,False,False
76.0,3,0,1529.5,36.2,105462,32.7,11.3,6,61.2,0,False,False,False,False,True,False
64.0,3,0,2155.0,15.3,70863,28.8,15.8,9,133.8,0,False,False,False,False,False,True
39.0,2,0,1638.4,25.8,70238,27.7,10.2,3,27.8,0,False,False,False,True,False,False
83.0,4,1,1935.5,19.1,96734,32.2,13.0,10,213.4,0,False,True,False,False,False,False
26.0,2,0,1638.4,25.8,70238,27.7,10.2,9,242.6,0,False,False,False,True,False,False
51.0,3,0,1638.4,25.8,70238,27.7,10.2,11,191.2,0,False,False,False,True,False,False
67.0,3,0,2155.0,15.3,70863,28.8,15.8,3,184.0,1,False,False,False,False,False,True
15.0,1,0,2324.5,16.1,83796,41.1,13.4,7,134.4,0,False,False,True,False,False,False
51.0,3,0,1529.5,36.2,105462,32.7,11.3,10,62.2,0,False,False,False,False,True,False
98.0,4,0,1935.5,19.1,96734,32.2,13.0,1,131.7,0,False,True,False,False,False,False
64.0,3,0,1935.5,19.1,96734,32.2,13.0,1,211.5,0,False,True,False,False,False,False
124.0,6,1,2155.0,15.3,70863,28.8,15.8,2,146.8,0,False,False,False,False,False,True
18.0,1,0,2155.0,15.3,70863,28.8,15.8,11,161.2,0,False,False,False,False,False,True
60.0,3,0,1638.4,25.8,70238,27.7,10.2,7,51.3,0,False,False,False,True,False,False
17.0,1,0,2155.0,15.3,70863,28.8,15.8,4,105.5,0,False,False,False,False,False,True
36.0,1,0,2324.5,16.1,83796,41.1,13.4,9,128.8,0,False,False,True,False,False,False
40.0,1,0,1638.4,25.8,70238,27.7,10.2,11,264.2,0,False,False,False,True,False,False
32.0,2,0,2155.0,15.3,70863,28.8,15.8,7,170.3,0,False,False,False,False,False,True
109.0,4,1,1956.6,18.3,66372,26.5,15.3,9,179.3,0,True,False,False,False,False,False
30.0,1,0,2324.5,16.1,83796,41.1,13.4,3,246.9,0,False,False,True,False,False,False
51.0,2,0,1529.5,36.2,105462,32.7,11.3,7,173.9,0,False,False,False,False,True,False
33.0,1,0,1956.6,18.3,66372,26.5,15.3,3,437.3,0,True,False,False,False,False,False
58.0,3,0,2324.5,16.1,83796,41.1,13.4,9,71.1,0,False,False,True,False,False,False
25.0,1,0,2324.5,16.1,83796,41.1,13.4,4,134.8,0,False,False,True,False,False,False
36.0,1,0,1956.6,18.3,66372,26.5,15.3,7,137.9,0,True,False,False,False,False,False
109.0,4,1,1529.5,36.2,105462,32.7,11.3,7,205.0,0,False,False,False,False,True,False
68.0,4,0,1638.4,25.8,70238,27.7,10.2,11,145.7,0,False,False,False,True,False,False
43.0,2,0,1638.4,25.8,70238,27.7,10.2,4,123.4,0,False,False,False,True,False,False
277.0,6,0,2324.5,16.1,83796,41.1,13.4,9,63.7,0,False,False,True,False,False,False
50.0,2,0,2324.5,16.1,83796,41.1,13.4,2,200.2,0,False,False,True,False,False,False
32.0,2,0,1956.6,18.3,66372,26.5,15.3,7,99.1,1,True,False,False,False,False,False
132.0,6,0,1935.5,19.1,96734,32.2,13.0,6,26.9,0,False,True,False,False,False,False
26.0,1,0,1529.5,36.2,105462,32.7,11.3,3,129.8,0,False,False,False,False,True,False
54.0,3,0,1935.5,19.1,96734,32.2,13.0,12,289.5,0,False,True,False,False,False,False
62.0,2,0,2324.5,16.1,83796,41.1,13.4,1,47.0,0,False,False,True,False,False,False
69.0,4,0,2155.0,15.3,70863,28.8,15.8,6,132.0,0,False,False,False,False,False,True
83.0,3,0,1935.5,19.1,96734,32.2,13.0,3,35.6,0,False,True,False,False,False,False
36.0,2,0,2324.5,16.1,83796,41.1,13.4,6,27.8,0,False,False,True,False,False,False
71.0,3,0,2155.0,15.3,70863,28.8,15.8,3,216.8,0,False,False,False,False,False,True
73.0,4,0,1935.5,19.1,96734,32.2,13.0,8,301.4,0,False,True,False,False,False,False
19.0,1,0,1529.5,36.2,105462,32.7,11.3,7,83.1,0,False,False,False,False,True,False
92.0,4,0,1638.4,25.8,70238,27.7,10.2,4,83.6,0,False,False,False,True,False,False
30.0,1,0,2155.0,15.3,70863,28.8,15.8,7,104.6,0,False,False,False,False,False,True
66.0,4,0,1956.6,18.3,66372,26.5,15.3,8,74.8,0,True,False,False,False,False,False
150.0,5,1,1638.4,25.8,70238,27.7,10.2,5,183.0,0,False,False,False,True,False,False
32.0,2,0,1935.5,19.1,96734,32.2,13.0,7,151.4,0,False,True,False,False,False,False
102.0,5,1,1638.4,25.8,70238,27.7,10.2,12,90.2,0,False,False,False,True,False,False
49.0,2,0,1935.5,19.1,96734,32.2,13.0,12,85.9,0,False,True,False,False,False,False
67.0,4,0,2155.0,15.3,70863,28.8,15.8,8,82.8,0,False,False,False,False,False,True
20.0,1,0,1935.5,19.1,96734,32.2,13.0,12,31.1,0,False,True,False,False,False,False
56.0,3,0,1529.5,36.2,105462,32.7,11.3,6,56.6,0,False,False,False,False,True,False
59.0,3,0,1935.5,19.1,96734,32.2,13.0,9,32.4,0,False,True,False,False,False,False
37.0,1,0,1956.6,18.3,66372,26.5,15.3,8,259.1,0,True,False,False,False,False,False
68.0,4,0,1935.5,19.1,96734,32.2,13.0,9,157.5,0,False,True,False,False,False,False
96.0,4,0,1638.4,25.8,70238,27.7,10.2,4,111.8,0,False,False,False,True,False,False
82.0,3,0,1529.5,36.2,105462,32.7,11.3,3,111.8,0,False,False,False,False,True,False
27.0,2,0,1529.5,36.2,105462,32.7,11.3,4,99.7,0,False,False,False,False,True,False
123.0,5,0,1956.6,18.3,66372,26.5,15.3,4,130.3,1,True,False,False,False,False,False
129.0,6,1,2155.0,15.3,70863,28.8,15.8,10,129.2,0,False,False,False,False,False,True
93.0,4,0,2324.5,16.1,83796,41.1,13.4,7,78.4,0,False,False,True,False,False,False
69.0,2,0,2324.5,16.1,83796,41.1,13.4,7,197.6,0,False,False,True,False,False,False
72.0,3,0,2155.0,15.3,70863,28.8,15.8,1,233.7,0,False,False,False,False,False,True
44.0,2,0,1529.5,36.2,105462,32.7,11.3,6,81.8,0,False,False,False,False,True,False
26.0,1,0,2155.0,15.3,70863,28.8,15.8,6,35.7,0,False,False,False,False,False,True
63.0,4,0,1638.4,25.8,70238,27.7,10.2,7,23.3,0,False,False,False,True,False,False
62.0,3,0,1956.6,18.3,66372,26.5,15.3,5,280.2,0,True,False,False,False,False,False
91.0,4,1,1956.6,18.3,66372,26.5,15.3,3,126.8,0,True,False,False,False,False,False
94.0,4,1,1638.4,25.8,70238,27.7,10.2,6,205.2,0,False,False,False,True,False,False
45.0,2,0,2155.0,15.3,70863,28.8,15.8,6,447.4,0,False,False,False,False,False,True
86.0,4,0,1935.5,19.1,96734,32.2,13.0,5,142.7,0,False,True,False,False,False,False
96.0,5,1,1956.6,18.3,66372,26.5,15.3,8,136.8,0,True,False,False,False,False,False
67.0,3,0,1935.5,19.1,96734,32.2,13.0,11,110.2,0,False,True,False,False,False,False
73.0,3,0,2324.5,16.1,83796,41.1,13.4,2,47.0,0,False,False,True,False,False,False
89.0,4,1,1935.5,19.1,96734,32.2,13.0,9,163.2,0,False,True,False,False,False,False
34.0,1,0,2324.5,16.1,83796,41.1,13.4,7,66.7,0,False,False,True,False,False,False
55.0,1,0,1529.5,36.2,105462,32.7,11.3,10,97.5,0,False,False,False,False,True,False
65.0,3,0,1935.5,19.1,96734,32.2,13.0,4,140.6,0,False,True,False,False,False,False
62.0,3,0,2324.5,16.1,83796,41.1,13.4,2,40.5,0,False,False,True,False,False,False
122.0,5,0,1529.5,36.2,105462,32.7,11.3,11,71.0,0,False,False,False,False,True,False
46.0,2,0,2324.5,16.1,83796,41.1,13.4,12,205.5,0,False,False,True,False,False,False
25.0,1,0,2324.5,16.1,83796,41.1,13.4,6,108.8,0,False,False,True,False,False,False
100.0,4,0,2155.0,15.3,70863,28.8,15.8,2,46.3,0,False,False,False,False,False,True
87.0,4,0,1935.5,19.1,96734,32.2,13.0,11,121.7,0,False,True,False,False,False,False
41.0,2,0,1956.6,18.3,66372,26.5,15.3,7,57.5,0,True,False,False,False,False,False
48.0,1,0,1638.4,25.8,70238,27.7,10.2,2,89.2,0,False,False,False,True,False,False
78.0,1,0,1529.5,36.2,105462,32.7,11.3,5,11.2,0,False,False,False,False,True,False
36.0,2,0,2324.5,16.1,83796,41.1,13.4,4,183.2,0,False,False,True,False,False,False
47.0,2,0,1529.5,36.2,105462,32.7,11.3,8,306.7,1,False,False,False,False,True,False
20.0,1,0,1529.5,36.2,105462,32.7,11.3,8,120.8,0,False,False,False,False,True,False
25.0,1,0,2155.0,15.3,70863,28.8,15.8,9,101.6,1,False,False,False,False,False,True
133.0,6,1,1935.5,19.1,96734,32.2,13.0,12,148.4,0,False,True,False,False,False,False
48.0,2,0,1638.4,25.8,70238,27.7,10.2,12,242.2,0,False,False,False,True,False,False
16.0,1,0,2324.5,16.1,83796,41.1,13.4,10,208.3,0,False,False,True,False,False,False
43.0,2,0,1956.6,18.3,66372,26.5,15.3,12,177.6,0,True,False,False,False,False,False
68.0,3,0,2155.0,15.3,70863,28.8,15.8,2,84.0,0,False,False,False,False,False,True
40.0,2,0,1529.5,36.2,105462,32.7,11.3,1,199.2,0,False,False,False,False,True,False
42.0,2,0,2324.5,16.1,83796,41.1,13.4,1,53.7,0,False,False,True,False,False,False
89.0,4,0,1956.6,18.3,66372,26.5,15.3,8,155.5,0,True,False,False,False,False,False
30.0,2,0,2324.5,16.1,83796,41.1,13.4,9,91.9,0,False,False,True,False,False,False
70.0,4,1,1638.4,25.8,70238,27.7,10.2,12,257.6,0,False,False,False,True,False,False
62.0,3,0,1529.5,36.2,105462,32.7,11.3,10,138.4,0,False,False,False,False,True,False
54.0,3,0,2155.0,15.3,70863,28.8,15.8,12,131.3,0,False,False,False,False,False,True
80.0,4,0,1935.5,19.1,96734,32.2,13.0,2,283.6,0,False,True,False,False,False,False
36.0,2,0,2324.5,16.1,83796,41.1,13.4,3,351.7,0,False,False,True,False,False,False
